{
    "date": "2024/04/01",
    "name": "麻溝台入口",
    "position": "-",
    "system": "大59",
    "destinations": [
        "さがみ緑風園前",
        "麻溝台中学校入口",
        "麻溝台",
        "水道路(相模原市南区)",
        "双葉入口",
        "御園五丁目",
        "みゆき台団地",
        "御園二丁目",
        "上原団地",
        "谷口台小学校前",
        "相模女子大前",
        "相模大野駅北口"
    ],
    "weekday": [
        "5:32",
        "5:44",
        "5:56",
        "6:03",
        "6:10",
        "6:17",
        "6:25",
        "6:31",
        "6:37",
        "6:43",
        "6:51",
        "6:57",
        "7:01",
        "7:06",
        "7:12",
        "7:17",
        "7:25",
        "7:31",
        "7:36",
        "7:42",
        "7:50",
        "8:10",
        "8:21",
        "8:36",
        "9:00",
        "9:20",
        "9:50",
        "10:24",
        "10:39",
        "11:14",
        "11:44",
        "12:19",
        "12:44",
        "13:19",
        "13:49",
        "14:19",
        "14:49",
        "15:19",
        "15:49",
        "16:16",
        "16:28",
        "16:46",
        "17:11",
        "17:34",
        "17:46",
        "18:09",
        "18:44",
        "19:12",
        "19:37",
        "20:19",
        "20:39",
        "21:09",
        "21:34",
        "22:24"
    ],
    "saturday": [
        "5:54",
        "6:19",
        "6:39",
        "6:54",
        "7:09",
        "7:24",
        "7:39",
        "8:03",
        "8:15",
        "8:27",
        "8:54",
        "9:19",
        "9:29",
        "9:49",
        "10:19",
        "10:49",
        "11:19",
        "11:42",
        "11:54",
        "12:19",
        "12:34",
        "13:39",
        "14:47",
        "15:34",
        "16:35",
        "17:35",
        "18:20",
        "19:19",
        "20:54",
        "21:54"
    ],
    "holiday": [
        "6:14",
        "6:44",
        "7:04",
        "7:26",
        "7:44",
        "8:57",
        "9:39",
        "10:39",
        "11:34",
        "12:34",
        "13:34",
        "14:34",
        "15:39",
        "16:39",
        "17:44",
        "20:24",
        "21:09"
    ],
    "url": "https://www.kanachu.co.jp/dia/diagram/timetable01_js/course:0000803518-3/node:00129121/kt:0/lname:/"
}
