{
    "date": "2024/04/01",
    "name": "双葉入口",
    "position": "-",
    "system": "大59",
    "destinations": [
        "御園五丁目",
        "みゆき台団地",
        "御園二丁目",
        "上原団地",
        "谷口台小学校前",
        "相模女子大前",
        "相模大野駅北口"
    ],
    "weekday": [
        "5:39",
        "5:51",
        "6:03",
        "6:10",
        "6:17",
        "6:24",
        "6:32",
        "6:38",
        "6:44",
        "6:50",
        "6:58",
        "7:05",
        "7:09",
        "7:14",
        "7:20",
        "7:25",
        "7:33",
        "7:39",
        "7:44",
        "7:50",
        "7:58",
        "8:18",
        "8:29",
        "8:44",
        "9:08",
        "9:28",
        "9:58",
        "10:31",
        "10:46",
        "11:21",
        "11:51",
        "12:26",
        "12:51",
        "13:26",
        "13:56",
        "14:26",
        "14:56",
        "15:26",
        "15:56",
        "16:24",
        "16:36",
        "16:54",
        "17:20",
        "17:43",
        "17:55",
        "18:17",
        "18:52",
        "19:20",
        "19:45",
        "20:26",
        "20:46",
        "21:16",
        "21:41",
        "22:31"
    ],
    "saturday": [
        "6:01",
        "6:26",
        "6:46",
        "7:01",
        "7:16",
        "7:31",
        "7:46",
        "8:10",
        "8:22",
        "8:34",
        "9:01",
        "9:26",
        "9:36",
        "9:56",
        "10:26",
        "10:56",
        "11:26",
        "11:49",
        "12:01",
        "12:26",
        "12:41",
        "13:46",
        "14:54",
        "15:41",
        "16:43",
        "17:43",
        "18:27",
        "19:26",
        "21:01",
        "22:01"
    ],
    "holiday": [
        "6:21",
        "6:51",
        "7:11",
        "7:33",
        "7:51",
        "9:04",
        "9:46",
        "10:46",
        "11:41",
        "12:41",
        "13:41",
        "14:41",
        "15:46",
        "16:46",
        "17:51",
        "20:31",
        "21:16"
    ],
    "url": "https://www.kanachu.co.jp/dia/diagram/timetable01_js/course:0000803518-8/node:00129242/kt:0/lname:/"
}
