{
    "date": "2025/01/14",
    "name": "相沢",
    "position": "-",
    "system": "瀬31",
    "destinations": [
        "瀬谷駅"
    ],
    "weekday": [
        "6:10",
        "6:32",
        "6:45",
        "7:07",
        "7:20",
        "7:38",
        "7:55",
        "8:10",
        "8:35",
        "9:06",
        "9:20",
        "9:35",
        "9:52",
        "10:33",
        "10:54",
        "11:04",
        "11:34",
        "11:49",
        "12:22",
        "12:52",
        "13:07",
        "13:35",
        "14:22",
        "14:52",
        "15:17",
        "15:52",
        "16:17",
        "16:37",
        "16:57",
        "17:17",
        "17:37",
        "17:57",
        "18:17",
        "18:32",
        "18:47",
        "19:17",
        "19:47",
        "20:15",
        "20:45",
        "21:15",
        "21:45",
        "22:15",
        "22:45"
    ],
    "saturday": [
        "6:08",
        "6:40",
        "7:12",
        "7:44",
        "8:16",
        "8:48",
        "9:10",
        "9:30",
        "9:50",
        "10:10",
        "10:30",
        "10:50",
        "11:09",
        "11:41",
        "12:13",
        "12:45",
        "13:17",
        "13:49",
        "14:21",
        "14:53",
        "15:25",
        "15:57",
        "16:29",
        "17:01",
        "17:33",
        "18:05",
        "18:37",
        "19:09",
        "19:41",
        "20:11",
        "20:43",
        "21:15",
        "21:47"
    ],
    "holiday": [
        "6:08",
        "6:40",
        "7:12",
        "7:44",
        "8:16",
        "8:48",
        "9:10",
        "9:30",
        "9:50",
        "10:10",
        "10:30",
        "10:50",
        "11:09",
        "11:41",
        "12:13",
        "12:45",
        "13:17",
        "13:49",
        "14:21",
        "14:53",
        "15:25",
        "15:57",
        "16:29",
        "17:01",
        "17:33",
        "18:05",
        "18:37",
        "19:09",
        "19:41",
        "20:11",
        "20:43",
        "21:15",
        "21:47"
    ],
    "url": "https://www.kanachu.co.jp/dia/diagram/timetable01_js/course:0000800230-8/node:00126689/kt:0/lname:/"
}
