{
    "system": "瀬31",
    "busstops": [
        {
            "index": "1",
            "id": "00129791",
            "name": "細谷戸第5",
            "lat": "35.481622",
            "lng": "139.486756"
        },
        {
            "index": "2",
            "id": "00129790",
            "name": "細谷戸第4",
            "lat": "35.482885",
            "lng": "139.486286"
        },
        {
            "index": "3",
            "id": "00129789",
            "name": "細谷戸第3",
            "lat": "35.482822",
            "lng": "139.489033"
        },
        {
            "index": "4",
            "id": "00129788",
            "name": "細谷戸第2",
            "lat": "35.481536",
            "lng": "139.489022"
        },
        {
            "index": "5",
            "id": "00129787",
            "name": "細谷戸第1",
            "lat": "35.479693",
            "lng": "139.489646"
        },
        {
            "index": "6",
            "id": "00129786",
            "name": "東台(横浜市瀬谷区)",
            "lat": "35.476603",
            "lng": "139.488493"
        },
        {
            "index": "7",
            "id": "00129785",
            "name": "幼稚園前(横浜市瀬谷区)",
            "lat": "35.475142",
            "lng": "139.488217"
        },
        {
            "index": "8",
            "id": "00126689",
            "name": "相沢",
            "lat": "35.473185",
            "lng": "139.488507"
        },
        {
            "index": "9",
            "id": "00129660",
            "name": "瀬谷駅",
            "lat": "35.471615",
            "lng": "139.482937"
        }
    ],
    "route_url": "https://www.kanachu.co.jp/dia/route/index/cid:0000800230/"
}
