{
    "date": "2024/09/02",
    "name": "蔵坪",
    "position": "-",
    "system": "戸99",
    "destinations": [
        "柳作東",
        "来迎寺(横浜市戸塚区)",
        "谷矢部中央",
        "道祖神前(横浜市戸塚区)",
        "鳥が丘中央",
        "鳥が丘第一公園",
        "領家中学校前",
        "領家三丁目(横浜市泉区)",
        "領家一丁目(横浜市泉区)",
        "諏訪久保",
        "第二工業団地",
        "第二工業団地中央",
        "ラムーナ横浜戸塚",
        "第二工業団地中央",
        "第二工業団地",
        "上矢部地区センター前",
        "戸塚工業団地",
        "上矢部高校"
    ],
    "weekday": [
        "19:45",
        "20:43",
        "23:17"
    ],
    "saturday": [
        "18:37",
        "22:11",
        "22:37"
    ],
    "holiday": [
        "21:50",
        "22:20"
    ],
    "url": "https://www.kanachu.co.jp/dia/diagram/timetable01_js/course:0000803636-2/node:00126899/kt:0/lname:/"
}
