{
    "date": "2024/09/02",
    "name": "鳥が丘第一公園",
    "position": "-",
    "system": "戸99",
    "destinations": [
        "領家中学校前",
        "領家三丁目(横浜市泉区)",
        "領家一丁目(横浜市泉区)",
        "諏訪久保",
        "第二工業団地",
        "第二工業団地中央",
        "ラムーナ横浜戸塚",
        "第二工業団地中央",
        "第二工業団地",
        "上矢部地区センター前",
        "戸塚工業団地",
        "上矢部高校"
    ],
    "weekday": [
        "19:51",
        "20:49",
        "23:23"
    ],
    "saturday": [
        "18:43",
        "22:17",
        "22:43"
    ],
    "holiday": [
        "21:56",
        "22:26"
    ],
    "url": "https://www.kanachu.co.jp/dia/diagram/timetable01_js/course:0000803636-8/node:00126860/kt:0/lname:/"
}
