{
    "date": "2024/09/02",
    "name": "領家一丁目(横浜市泉区)",
    "position": "-",
    "system": "戸99",
    "destinations": [
        "諏訪久保",
        "第二工業団地",
        "第二工業団地中央",
        "ラムーナ横浜戸塚",
        "第二工業団地中央",
        "第二工業団地",
        "上矢部地区センター前",
        "戸塚工業団地",
        "上矢部高校"
    ],
    "weekday": [
        "19:56",
        "20:54",
        "23:28"
    ],
    "saturday": [
        "18:48",
        "22:22",
        "22:48"
    ],
    "holiday": [
        "22:01",
        "22:31"
    ],
    "url": "https://www.kanachu.co.jp/dia/diagram/timetable01_js/course:0000803636-11/node:00126712/kt:0/lname:/"
}
