{
    "date": "2024/09/02",
    "name": "諏訪久保",
    "position": "-",
    "system": "戸99",
    "destinations": [
        "第二工業団地",
        "第二工業団地中央",
        "ラムーナ横浜戸塚",
        "第二工業団地中央",
        "第二工業団地",
        "上矢部地区センター前",
        "戸塚工業団地",
        "上矢部高校"
    ],
    "weekday": [
        "19:58",
        "20:56",
        "23:30"
    ],
    "saturday": [
        "18:50",
        "22:24",
        "22:50"
    ],
    "holiday": [
        "22:03",
        "22:33"
    ],
    "url": "https://www.kanachu.co.jp/dia/diagram/timetable01_js/course:0000803636-12/node:00126903/kt:0/lname:/"
}
