{
    "date": "2024/09/02",
    "name": "ラムーナ横浜戸塚",
    "position": "-",
    "system": "戸99",
    "destinations": [
        "第二工業団地中央",
        "第二工業団地",
        "上矢部地区センター前",
        "戸塚工業団地",
        "上矢部高校"
    ],
    "weekday": [
        "20:01",
        "20:59",
        "23:33"
    ],
    "saturday": [
        "18:53",
        "22:27",
        "22:53"
    ],
    "holiday": [
        "22:06",
        "22:36"
    ],
    "url": "https://www.kanachu.co.jp/dia/diagram/timetable01_js/course:0000803636-15/node:00126915/kt:0/lname:/"
}
