{
    "system": "戸99",
    "busstops": [
        {
            "index": "1",
            "id": "00126869",
            "name": "戸塚駅",
            "lat": "35.403305",
            "lng": "139.53345"
        },
        {
            "index": "2",
            "id": "00126899",
            "name": "蔵坪",
            "lat": "35.406969",
            "lng": "139.533402"
        },
        {
            "index": "3",
            "id": "00126967",
            "name": "柳作東",
            "lat": "35.408196",
            "lng": "139.531908"
        },
        {
            "index": "4",
            "id": "00126900",
            "name": "来迎寺(横浜市戸塚区)",
            "lat": "35.409389",
            "lng": "139.52952"
        },
        {
            "index": "5",
            "id": "00126901",
            "name": "谷矢部中央",
            "lat": "35.408838",
            "lng": "139.527957"
        },
        {
            "index": "6",
            "id": "00126902",
            "name": "道祖神前(横浜市戸塚区)",
            "lat": "35.408871",
            "lng": "139.526243"
        },
        {
            "index": "7",
            "id": "00126859",
            "name": "鳥が丘中央",
            "lat": "35.41156",
            "lng": "139.52506"
        },
        {
            "index": "8",
            "id": "00126860",
            "name": "鳥が丘第一公園",
            "lat": "35.413952",
            "lng": "139.524218"
        },
        {
            "index": "9",
            "id": "00126710",
            "name": "領家中学校前",
            "lat": "35.416374",
            "lng": "139.522611"
        },
        {
            "index": "10",
            "id": "00126713",
            "name": "領家三丁目(横浜市泉区)",
            "lat": "35.418306",
            "lng": "139.523051"
        },
        {
            "index": "11",
            "id": "00126712",
            "name": "領家一丁目(横浜市泉区)",
            "lat": "35.420848",
            "lng": "139.524824"
        },
        {
            "index": "12",
            "id": "00126903",
            "name": "諏訪久保",
            "lat": "35.420648",
            "lng": "139.527244"
        },
        {
            "index": "13",
            "id": "00126913",
            "name": "第二工業団地",
            "lat": "35.41922",
            "lng": "139.529909"
        },
        {
            "index": "14",
            "id": "00126914",
            "name": "第二工業団地中央",
            "lat": "35.416994",
            "lng": "139.53191"
        },
        {
            "index": "15",
            "id": "00126915",
            "name": "ラムーナ横浜戸塚",
            "lat": "35.415047",
            "lng": "139.533942"
        },
        {
            "index": "16",
            "id": "00126914",
            "name": "第二工業団地中央",
            "lat": "35.417115",
            "lng": "139.531599"
        },
        {
            "index": "17",
            "id": "00126913",
            "name": "第二工業団地",
            "lat": "35.41911",
            "lng": "139.529789"
        },
        {
            "index": "18",
            "id": "00126708",
            "name": "上矢部地区センター前",
            "lat": "35.418829",
            "lng": "139.528308"
        },
        {
            "index": "19",
            "id": "00126886",
            "name": "戸塚工業団地",
            "lat": "35.417232",
            "lng": "139.527923"
        },
        {
            "index": "20",
            "id": "00126709",
            "name": "上矢部高校",
            "lat": "35.414927",
            "lng": "139.527517"
        }
    ],
    "route_url": "https://www.kanachu.co.jp/dia/route/index/cid:0000803636/"
}
