{
    "date": "2025/10/20",
    "name": "センター前(横浜市青葉区)",
    "position": "-",
    "system": "成03",
    "destinations": [
        "市ノ久保",
        "松岳院前",
        "奈良二丁目",
        "熊ヶ谷",
        "しあわせ野",
        "ポプラヶ丘前",
        "成瀬台入口",
        "観性寺前",
        "中村(町田市成瀬)",
        "成瀬高校入口",
        "南成瀬",
        "成瀬駅"
    ],
    "weekday": [
        "6:08",
        "7:00",
        "7:43",
        "8:12",
        "8:30",
        "9:35",
        "10:35",
        "11:35",
        "12:35",
        "13:35",
        "14:35",
        "15:35",
        "16:35",
        "17:35",
        "18:00",
        "18:55",
        "20:01"
    ],
    "saturday": [
        "7:35",
        "8:35",
        "9:35",
        "10:35",
        "11:35",
        "12:35",
        "13:35",
        "14:35",
        "15:35",
        "16:35",
        "17:35",
        "18:35",
        "19:35"
    ],
    "holiday": [
        "7:30",
        "8:35",
        "9:35",
        "10:35",
        "11:35",
        "12:35",
        "13:35",
        "14:35",
        "15:35",
        "16:35",
        "17:35",
        "18:35",
        "19:35"
    ],
    "url": "https://www.kanachu.co.jp/dia/diagram/timetable01_js/course:0000801139-2/node:00129745/kt:0/lname:/"
}
