{
    "date": "2025/10/20",
    "name": "奈良二丁目",
    "position": "-",
    "system": "成03",
    "destinations": [
        "熊ヶ谷",
        "しあわせ野",
        "ポプラヶ丘前",
        "成瀬台入口",
        "観性寺前",
        "中村(町田市成瀬)",
        "成瀬高校入口",
        "南成瀬",
        "成瀬駅"
    ],
    "weekday": [
        "6:11",
        "7:03",
        "7:46",
        "8:15",
        "8:33",
        "9:38",
        "10:38",
        "11:38",
        "12:38",
        "13:38",
        "14:38",
        "15:38",
        "16:38",
        "17:38",
        "18:03",
        "18:58",
        "20:04"
    ],
    "saturday": [
        "7:38",
        "8:38",
        "9:38",
        "10:38",
        "11:38",
        "12:38",
        "13:38",
        "14:38",
        "15:38",
        "16:38",
        "17:38",
        "18:38",
        "19:38"
    ],
    "holiday": [
        "7:33",
        "8:38",
        "9:38",
        "10:38",
        "11:38",
        "12:38",
        "13:38",
        "14:38",
        "15:38",
        "16:38",
        "17:38",
        "18:38",
        "19:38"
    ],
    "url": "https://www.kanachu.co.jp/dia/diagram/timetable01_js/course:0000801139-5/node:00129748/kt:0/lname:/"
}
