{
    "date": "2025/10/20",
    "name": "熊ヶ谷",
    "position": "-",
    "system": "成03",
    "destinations": [
        "しあわせ野",
        "ポプラヶ丘前",
        "成瀬台入口",
        "観性寺前",
        "中村(町田市成瀬)",
        "成瀬高校入口",
        "南成瀬",
        "成瀬駅"
    ],
    "weekday": [
        "6:12",
        "7:04",
        "7:47",
        "8:16",
        "8:34",
        "9:39",
        "10:39",
        "11:39",
        "12:39",
        "13:39",
        "14:39",
        "15:39",
        "16:39",
        "17:39",
        "18:04",
        "18:59",
        "20:05"
    ],
    "saturday": [
        "7:39",
        "8:39",
        "9:39",
        "10:39",
        "11:39",
        "12:39",
        "13:39",
        "14:39",
        "15:39",
        "16:39",
        "17:39",
        "18:39",
        "19:39"
    ],
    "holiday": [
        "7:34",
        "8:39",
        "9:39",
        "10:39",
        "11:39",
        "12:39",
        "13:39",
        "14:39",
        "15:39",
        "16:39",
        "17:39",
        "18:39",
        "19:39"
    ],
    "url": "https://www.kanachu.co.jp/dia/diagram/timetable01_js/course:0000801139-6/node:00129749/kt:0/lname:/"
}
