{
    "date": "2025/10/20",
    "name": "しあわせ野",
    "position": "-",
    "system": "成03",
    "destinations": [
        "ポプラヶ丘前",
        "成瀬台入口",
        "観性寺前",
        "中村(町田市成瀬)",
        "成瀬高校入口",
        "南成瀬",
        "成瀬駅"
    ],
    "weekday": [
        "6:14",
        "7:06",
        "7:49",
        "8:18",
        "8:36",
        "9:41",
        "10:41",
        "11:41",
        "12:41",
        "13:41",
        "14:41",
        "15:41",
        "16:41",
        "17:41",
        "18:06",
        "19:01",
        "20:07"
    ],
    "saturday": [
        "7:41",
        "8:41",
        "9:41",
        "10:41",
        "11:41",
        "12:41",
        "13:41",
        "14:41",
        "15:41",
        "16:41",
        "17:41",
        "18:41",
        "19:41"
    ],
    "holiday": [
        "7:36",
        "8:41",
        "9:41",
        "10:41",
        "11:41",
        "12:41",
        "13:41",
        "14:41",
        "15:41",
        "16:41",
        "17:41",
        "18:41",
        "19:41"
    ],
    "url": "https://www.kanachu.co.jp/dia/diagram/timetable01_js/course:0000801139-7/node:00129750/kt:0/lname:/"
}
