{
    "date": "2025/10/20",
    "name": "南成瀬",
    "position": "-",
    "system": "成03",
    "destinations": [
        "成瀬駅"
    ],
    "weekday": [
        "6:21",
        "7:13",
        "7:56",
        "8:25",
        "8:43",
        "9:48",
        "10:48",
        "11:48",
        "12:48",
        "13:48",
        "14:48",
        "15:48",
        "16:48",
        "17:48",
        "18:13",
        "19:08",
        "20:13"
    ],
    "saturday": [
        "7:48",
        "8:48",
        "9:48",
        "10:48",
        "11:48",
        "12:48",
        "13:48",
        "14:48",
        "15:48",
        "16:48",
        "17:48",
        "18:48",
        "19:48"
    ],
    "holiday": [
        "7:43",
        "8:48",
        "9:48",
        "10:48",
        "11:48",
        "12:48",
        "13:48",
        "14:48",
        "15:48",
        "16:48",
        "17:48",
        "18:48",
        "19:48"
    ],
    "url": "https://www.kanachu.co.jp/dia/diagram/timetable01_js/course:0000801139-13/node:00129562/kt:0/lname:/"
}
