{
    "date": "2024/04/01",
    "name": "海老名駅東口",
    "position": "-",
    "system": "長16",
    "destinations": [
        "市役所前(海老名市)",
        "みずほ団地前",
        "中新田小学校前",
        "社家入口",
        "農業高校前(海老名市)",
        "神社前(海老名市)",
        "今里(海老名市)",
        "南今里",
        "高野(海老名市)",
        "上河内(海老名市)",
        "杉久保",
        "恩馬ヶ原",
        "畜産研究所",
        "根恩馬",
        "用田橋",
        "西用田",
        "用田辻",
        "用田(藤沢市)",
        "御所見市民センター前",
        "御所見中学校前",
        "西葛原",
        "葛野",
        "宮の腰(藤沢市)",
        "葛原(藤沢市)",
        "東山田(藤沢市)",
        "山谷(藤沢市)",
        "大持",
        "いすゞ前",
        "下土棚",
        "坂下(藤沢市)",
        "住宅前(藤沢市下土棚)",
        "長後市民センター前",
        "長後駅西口"
    ],
    "weekday": [
        "6:43",
        "7:03",
        "7:25",
        "7:43",
        "7:59",
        "8:50",
        "9:18",
        "9:40",
        "10:10",
        "10:40",
        "11:10",
        "11:40",
        "12:10",
        "12:40",
        "13:10",
        "13:40",
        "14:10",
        "14:40",
        "15:10",
        "15:40",
        "16:13",
        "16:43",
        "17:13",
        "17:43",
        "18:13",
        "18:43",
        "19:13",
        "19:43",
        "20:08",
        "20:48",
        "21:32"
    ],
    "saturday": [
        "6:55",
        "7:40",
        "8:10",
        "8:40",
        "9:20",
        "10:00",
        "10:40",
        "11:20",
        "12:00",
        "12:40",
        "13:20",
        "14:00",
        "14:40",
        "15:20",
        "16:00",
        "16:40",
        "17:20",
        "18:00",
        "18:40",
        "19:20",
        "20:00",
        "21:00"
    ],
    "holiday": [
        "6:55",
        "7:40",
        "8:10",
        "8:40",
        "9:20",
        "10:00",
        "10:40",
        "11:20",
        "12:00",
        "12:40",
        "13:20",
        "14:00",
        "14:40",
        "15:20",
        "16:00",
        "16:40",
        "17:20",
        "18:00",
        "18:40",
        "19:20",
        "20:00",
        "21:00"
    ],
    "url": "https://www.kanachu.co.jp/dia/diagram/timetable01_js/course:0000801556-1/node:00128604/kt:0/lname:/"
}
