{
    "date": "2024/04/01",
    "name": "神社前(海老名市)",
    "position": "-",
    "system": "長16",
    "destinations": [
        "今里(海老名市)",
        "南今里",
        "高野(海老名市)",
        "上河内(海老名市)",
        "杉久保",
        "恩馬ヶ原",
        "畜産研究所",
        "根恩馬",
        "用田橋",
        "西用田",
        "用田辻",
        "用田(藤沢市)",
        "御所見市民センター前",
        "御所見中学校前",
        "西葛原",
        "葛野",
        "宮の腰(藤沢市)",
        "葛原(藤沢市)",
        "東山田(藤沢市)",
        "山谷(藤沢市)",
        "大持",
        "いすゞ前",
        "下土棚",
        "坂下(藤沢市)",
        "住宅前(藤沢市下土棚)",
        "長後市民センター前",
        "長後駅西口"
    ],
    "weekday": [
        "6:51",
        "7:11",
        "7:33",
        "7:51",
        "8:07",
        "8:58",
        "9:26",
        "9:48",
        "10:18",
        "10:48",
        "11:18",
        "11:48",
        "12:18",
        "12:48",
        "13:18",
        "13:48",
        "14:18",
        "14:48",
        "15:18",
        "15:48",
        "16:21",
        "16:51",
        "17:21",
        "17:51",
        "18:21",
        "18:51",
        "19:21",
        "19:51",
        "20:16",
        "20:56",
        "21:40"
    ],
    "saturday": [
        "7:03",
        "7:48",
        "8:18",
        "8:48",
        "9:28",
        "10:08",
        "10:48",
        "11:28",
        "12:08",
        "12:48",
        "13:28",
        "14:08",
        "14:48",
        "15:28",
        "16:08",
        "16:48",
        "17:28",
        "18:08",
        "18:48",
        "19:28",
        "20:08",
        "21:08"
    ],
    "holiday": [
        "7:03",
        "7:48",
        "8:18",
        "8:48",
        "9:28",
        "10:08",
        "10:48",
        "11:28",
        "12:08",
        "12:48",
        "13:28",
        "14:08",
        "14:48",
        "15:28",
        "16:08",
        "16:48",
        "17:28",
        "18:08",
        "18:48",
        "19:28",
        "20:08",
        "21:08"
    ],
    "url": "https://www.kanachu.co.jp/dia/diagram/timetable01_js/course:0000801556-7/node:00129838/kt:0/lname:/"
}
