{
    "date": "2024/04/01",
    "name": "上河内(海老名市)",
    "position": "-",
    "system": "長16",
    "destinations": [
        "杉久保",
        "恩馬ヶ原",
        "畜産研究所",
        "根恩馬",
        "用田橋",
        "西用田",
        "用田辻",
        "用田(藤沢市)",
        "御所見市民センター前",
        "御所見中学校前",
        "西葛原",
        "葛野",
        "宮の腰(藤沢市)",
        "葛原(藤沢市)",
        "東山田(藤沢市)",
        "山谷(藤沢市)",
        "大持",
        "いすゞ前",
        "下土棚",
        "坂下(藤沢市)",
        "住宅前(藤沢市下土棚)",
        "長後市民センター前",
        "長後駅西口"
    ],
    "weekday": [
        "6:56",
        "7:16",
        "7:38",
        "7:56",
        "8:12",
        "9:03",
        "9:31",
        "9:53",
        "10:23",
        "10:53",
        "11:23",
        "11:53",
        "12:23",
        "12:53",
        "13:23",
        "13:53",
        "14:23",
        "14:53",
        "15:23",
        "15:53",
        "16:26",
        "16:56",
        "17:26",
        "17:56",
        "18:26",
        "18:56",
        "19:26",
        "19:56",
        "20:21",
        "21:01",
        "21:45"
    ],
    "saturday": [
        "7:07",
        "7:52",
        "8:22",
        "8:52",
        "9:33",
        "10:13",
        "10:53",
        "11:33",
        "12:13",
        "12:53",
        "13:33",
        "14:13",
        "14:53",
        "15:33",
        "16:13",
        "16:53",
        "17:33",
        "18:13",
        "18:53",
        "19:33",
        "20:13",
        "21:13"
    ],
    "holiday": [
        "7:07",
        "7:52",
        "8:22",
        "8:52",
        "9:33",
        "10:13",
        "10:53",
        "11:33",
        "12:13",
        "12:53",
        "13:33",
        "14:13",
        "14:53",
        "15:33",
        "16:13",
        "16:53",
        "17:33",
        "18:13",
        "18:53",
        "19:33",
        "20:13",
        "21:13"
    ],
    "url": "https://www.kanachu.co.jp/dia/diagram/timetable01_js/course:0000801556-11/node:00129834/kt:0/lname:/"
}
