{
    "date": "2024/04/01",
    "name": "用田橋",
    "position": "-",
    "system": "長16",
    "destinations": [
        "西用田",
        "用田辻",
        "用田(藤沢市)",
        "御所見市民センター前",
        "御所見中学校前",
        "西葛原",
        "葛野",
        "宮の腰(藤沢市)",
        "葛原(藤沢市)",
        "東山田(藤沢市)",
        "山谷(藤沢市)",
        "大持",
        "いすゞ前",
        "下土棚",
        "坂下(藤沢市)",
        "住宅前(藤沢市下土棚)",
        "長後市民センター前",
        "長後駅西口"
    ],
    "weekday": [
        "7:02",
        "7:22",
        "7:44",
        "8:02",
        "8:18",
        "9:08",
        "9:36",
        "9:58",
        "10:28",
        "10:58",
        "11:28",
        "11:58",
        "12:28",
        "12:58",
        "13:28",
        "13:58",
        "14:28",
        "14:58",
        "15:28",
        "15:58",
        "16:31",
        "17:01",
        "17:31",
        "18:01",
        "18:31",
        "19:01",
        "19:31",
        "20:01",
        "20:26",
        "21:06",
        "21:50"
    ],
    "saturday": [
        "7:12",
        "7:57",
        "8:27",
        "8:57",
        "9:38",
        "10:18",
        "10:58",
        "11:38",
        "12:18",
        "12:58",
        "13:38",
        "14:18",
        "14:58",
        "15:38",
        "16:18",
        "16:58",
        "17:38",
        "18:18",
        "18:58",
        "19:38",
        "20:18",
        "21:18"
    ],
    "holiday": [
        "7:12",
        "7:57",
        "8:27",
        "8:57",
        "9:38",
        "10:18",
        "10:58",
        "11:38",
        "12:18",
        "12:58",
        "13:38",
        "14:18",
        "14:58",
        "15:38",
        "16:18",
        "16:58",
        "17:38",
        "18:18",
        "18:58",
        "19:38",
        "20:18",
        "21:18"
    ],
    "url": "https://www.kanachu.co.jp/dia/diagram/timetable01_js/course:0000801556-16/node:00129829/kt:0/lname:/"
}
