{
    "date": "2024/04/01",
    "name": "西用田",
    "position": "-",
    "system": "長16",
    "destinations": [
        "用田辻",
        "用田(藤沢市)",
        "御所見市民センター前",
        "御所見中学校前",
        "西葛原",
        "葛野",
        "宮の腰(藤沢市)",
        "葛原(藤沢市)",
        "東山田(藤沢市)",
        "山谷(藤沢市)",
        "大持",
        "いすゞ前",
        "下土棚",
        "坂下(藤沢市)",
        "住宅前(藤沢市下土棚)",
        "長後市民センター前",
        "長後駅西口"
    ],
    "weekday": [
        "7:03",
        "7:23",
        "7:45",
        "8:03",
        "8:19",
        "9:09",
        "9:37",
        "9:59",
        "10:29",
        "10:59",
        "11:29",
        "11:59",
        "12:29",
        "12:59",
        "13:29",
        "13:59",
        "14:29",
        "14:59",
        "15:29",
        "15:59",
        "16:32",
        "17:02",
        "17:32",
        "18:02",
        "18:32",
        "19:02",
        "19:32",
        "20:02",
        "20:27",
        "21:07",
        "21:51"
    ],
    "saturday": [
        "7:13",
        "7:58",
        "8:28",
        "8:58",
        "9:39",
        "10:19",
        "10:59",
        "11:39",
        "12:19",
        "12:59",
        "13:39",
        "14:19",
        "14:59",
        "15:39",
        "16:19",
        "16:59",
        "17:39",
        "18:19",
        "18:59",
        "19:39",
        "20:19",
        "21:19"
    ],
    "holiday": [
        "7:13",
        "7:58",
        "8:28",
        "8:58",
        "9:39",
        "10:19",
        "10:59",
        "11:39",
        "12:19",
        "12:59",
        "13:39",
        "14:19",
        "14:59",
        "15:39",
        "16:19",
        "16:59",
        "17:39",
        "18:19",
        "18:59",
        "19:39",
        "20:19",
        "21:19"
    ],
    "url": "https://www.kanachu.co.jp/dia/diagram/timetable01_js/course:0000801556-17/node:00129828/kt:0/lname:/"
}
