{
    "date": "2024/04/01",
    "name": "葛原(藤沢市)",
    "position": "-",
    "system": "長16",
    "destinations": [
        "東山田(藤沢市)",
        "山谷(藤沢市)",
        "大持",
        "いすゞ前",
        "下土棚",
        "坂下(藤沢市)",
        "住宅前(藤沢市下土棚)",
        "長後市民センター前",
        "長後駅西口"
    ],
    "weekday": [
        "7:15",
        "7:35",
        "7:57",
        "8:15",
        "8:31",
        "9:18",
        "9:46",
        "10:08",
        "10:38",
        "11:08",
        "11:38",
        "12:08",
        "12:38",
        "13:08",
        "13:38",
        "14:08",
        "14:38",
        "15:08",
        "15:38",
        "16:08",
        "16:42",
        "17:12",
        "17:42",
        "18:12",
        "18:42",
        "19:12",
        "19:42",
        "20:12",
        "20:37",
        "21:17",
        "22:01"
    ],
    "saturday": [
        "7:22",
        "8:07",
        "8:37",
        "9:07",
        "9:48",
        "10:28",
        "11:08",
        "11:48",
        "12:28",
        "13:08",
        "13:48",
        "14:28",
        "15:08",
        "15:48",
        "16:28",
        "17:08",
        "17:48",
        "18:28",
        "19:08",
        "19:48",
        "20:28",
        "21:28"
    ],
    "holiday": [
        "7:22",
        "8:07",
        "8:37",
        "9:07",
        "9:48",
        "10:28",
        "11:08",
        "11:48",
        "12:28",
        "13:08",
        "13:48",
        "14:28",
        "15:08",
        "15:48",
        "16:28",
        "17:08",
        "17:48",
        "18:28",
        "19:08",
        "19:48",
        "20:28",
        "21:28"
    ],
    "url": "https://www.kanachu.co.jp/dia/diagram/timetable01_js/course:0000801556-25/node:00129820/kt:0/lname:/"
}
