{
    "date": "2024/04/01",
    "name": "東山田(藤沢市)",
    "position": "-",
    "system": "長16",
    "destinations": [
        "山谷(藤沢市)",
        "大持",
        "いすゞ前",
        "下土棚",
        "坂下(藤沢市)",
        "住宅前(藤沢市下土棚)",
        "長後市民センター前",
        "長後駅西口"
    ],
    "weekday": [
        "7:16",
        "7:36",
        "7:58",
        "8:16",
        "8:32",
        "9:19",
        "9:47",
        "10:09",
        "10:39",
        "11:09",
        "11:39",
        "12:09",
        "12:39",
        "13:09",
        "13:39",
        "14:09",
        "14:39",
        "15:09",
        "15:39",
        "16:09",
        "16:43",
        "17:13",
        "17:43",
        "18:13",
        "18:43",
        "19:13",
        "19:43",
        "20:13",
        "20:38",
        "21:18",
        "22:02"
    ],
    "saturday": [
        "7:23",
        "8:08",
        "8:38",
        "9:08",
        "9:49",
        "10:29",
        "11:09",
        "11:49",
        "12:29",
        "13:09",
        "13:49",
        "14:29",
        "15:09",
        "15:49",
        "16:29",
        "17:09",
        "17:49",
        "18:29",
        "19:09",
        "19:49",
        "20:29",
        "21:29"
    ],
    "holiday": [
        "7:23",
        "8:08",
        "8:38",
        "9:08",
        "9:49",
        "10:29",
        "11:09",
        "11:49",
        "12:29",
        "13:09",
        "13:49",
        "14:29",
        "15:09",
        "15:49",
        "16:29",
        "17:09",
        "17:49",
        "18:29",
        "19:09",
        "19:49",
        "20:29",
        "21:29"
    ],
    "url": "https://www.kanachu.co.jp/dia/diagram/timetable01_js/course:0000801556-26/node:00129819/kt:0/lname:/"
}
