{
    "date": "2024/04/01",
    "name": "いすゞ前",
    "position": "-",
    "system": "長16",
    "destinations": [
        "下土棚",
        "坂下(藤沢市)",
        "住宅前(藤沢市下土棚)",
        "長後市民センター前",
        "長後駅西口"
    ],
    "weekday": [
        "7:18",
        "7:38",
        "8:00",
        "8:18",
        "8:34",
        "9:21",
        "9:49",
        "10:11",
        "10:41",
        "11:11",
        "11:41",
        "12:11",
        "12:41",
        "13:11",
        "13:41",
        "14:11",
        "14:41",
        "15:11",
        "15:41",
        "16:11",
        "16:45",
        "17:15",
        "17:45",
        "18:15",
        "18:45",
        "19:15",
        "19:45",
        "20:15",
        "20:40",
        "21:20",
        "22:04"
    ],
    "saturday": [
        "7:25",
        "8:10",
        "8:40",
        "9:10",
        "9:51",
        "10:31",
        "11:11",
        "11:51",
        "12:31",
        "13:11",
        "13:51",
        "14:31",
        "15:11",
        "15:51",
        "16:31",
        "17:11",
        "17:51",
        "18:31",
        "19:11",
        "19:51",
        "20:31",
        "21:31"
    ],
    "holiday": [
        "7:25",
        "8:10",
        "8:40",
        "9:10",
        "9:51",
        "10:31",
        "11:11",
        "11:51",
        "12:31",
        "13:11",
        "13:51",
        "14:31",
        "15:11",
        "15:51",
        "16:31",
        "17:11",
        "17:51",
        "18:31",
        "19:11",
        "19:51",
        "20:31",
        "21:31"
    ],
    "url": "https://www.kanachu.co.jp/dia/diagram/timetable01_js/course:0000801556-29/node:00129816/kt:0/lname:/"
}
