{
    "date": "2024/03/16",
    "name": "藤の台団地",
    "position": "-",
    "system": "古03",
    "destinations": [
        "今井谷戸",
        "給水塔前(山崎団地/町田市)",
        "山崎団地センター",
        "山崎団地入口",
        "木曽入口",
        "上横町",
        "境川団地",
        "境川団地中央",
        "鹿島神社入口",
        "古淵駅"
    ],
    "weekday": [
        "5:50",
        "6:30",
        "7:15",
        "8:05",
        "8:55",
        "9:35",
        "10:35",
        "11:35",
        "12:35",
        "13:35",
        "14:35",
        "15:35",
        "16:35",
        "17:35",
        "18:25",
        "19:15",
        "20:15"
    ],
    "saturday": [
        "6:00",
        "7:20",
        "8:00",
        "9:00",
        "9:55",
        "16:15",
        "17:15",
        "18:15",
        "19:15",
        "20:10"
    ],
    "holiday": [
        "7:20",
        "8:40",
        "10:00",
        "11:30",
        "13:10",
        "15:45",
        "16:40",
        "17:35",
        "18:35",
        "19:35"
    ],
    "url": "https://www.kanachu.co.jp/dia/diagram/timetable01_js/course:0000803351-1/node:00129451/kt:0/lname:/"
}
