{
    "date": "2024/03/16",
    "name": "給水塔前(山崎団地/町田市)",
    "position": "-",
    "system": "古03",
    "destinations": [
        "山崎団地センター",
        "山崎団地入口",
        "木曽入口",
        "上横町",
        "境川団地",
        "境川団地中央",
        "鹿島神社入口",
        "古淵駅"
    ],
    "weekday": [
        "5:52",
        "6:32",
        "7:18",
        "8:08",
        "8:58",
        "9:38",
        "10:38",
        "11:38",
        "12:38",
        "13:38",
        "14:38",
        "15:38",
        "16:38",
        "17:38",
        "18:27",
        "19:17",
        "20:17"
    ],
    "saturday": [
        "6:02",
        "7:22",
        "8:02",
        "9:02",
        "9:57",
        "16:17",
        "17:17",
        "18:17",
        "19:17",
        "20:12"
    ],
    "holiday": [
        "7:22",
        "8:42",
        "10:02",
        "11:32",
        "13:12",
        "15:47",
        "16:42",
        "17:37",
        "18:37",
        "19:37"
    ],
    "url": "https://www.kanachu.co.jp/dia/diagram/timetable01_js/course:0000803351-3/node:00129389/kt:0/lname:/"
}
