{
    "date": "2024/03/16",
    "name": "山崎団地入口",
    "position": "-",
    "system": "古03",
    "destinations": [
        "木曽入口",
        "上横町",
        "境川団地",
        "境川団地中央",
        "鹿島神社入口",
        "古淵駅"
    ],
    "weekday": [
        "5:56",
        "6:36",
        "7:22",
        "8:12",
        "9:02",
        "9:42",
        "10:42",
        "11:42",
        "12:42",
        "13:42",
        "14:42",
        "15:42",
        "16:42",
        "17:42",
        "18:31",
        "19:21",
        "20:21"
    ],
    "saturday": [
        "6:06",
        "7:26",
        "8:06",
        "9:06",
        "10:01",
        "16:21",
        "17:21",
        "18:21",
        "19:21",
        "20:16"
    ],
    "holiday": [
        "7:26",
        "8:46",
        "10:06",
        "11:36",
        "13:16",
        "15:51",
        "16:46",
        "17:41",
        "18:41",
        "19:41"
    ],
    "url": "https://www.kanachu.co.jp/dia/diagram/timetable01_js/course:0000803351-5/node:00129387/kt:0/lname:/"
}
