{
    "date": "2024/03/16",
    "name": "境川団地",
    "position": "-",
    "system": "古03",
    "destinations": [
        "境川団地中央",
        "鹿島神社入口",
        "古淵駅"
    ],
    "weekday": [
        "5:59",
        "6:39",
        "7:25",
        "8:15",
        "9:06",
        "9:46",
        "10:46",
        "11:46",
        "12:46",
        "13:46",
        "14:46",
        "15:45",
        "16:45",
        "17:45",
        "18:34",
        "19:24",
        "20:24"
    ],
    "saturday": [
        "6:09",
        "7:29",
        "8:09",
        "9:09",
        "10:04",
        "16:24",
        "17:24",
        "18:24",
        "19:24",
        "20:19"
    ],
    "holiday": [
        "7:29",
        "8:49",
        "10:09",
        "11:39",
        "13:19",
        "15:54",
        "16:49",
        "17:44",
        "18:44",
        "19:44"
    ],
    "url": "https://www.kanachu.co.jp/dia/diagram/timetable01_js/course:0000803351-8/node:00129382/kt:0/lname:/"
}
