{
    "system": "古03",
    "busstops": [
        {
            "index": "1",
            "id": "00129451",
            "name": "藤の台団地",
            "lat": "35.571279",
            "lng": "139.448947"
        },
        {
            "index": "2",
            "id": "00129426",
            "name": "今井谷戸",
            "lat": "35.572259",
            "lng": "139.442131"
        },
        {
            "index": "3",
            "id": "00129389",
            "name": "給水塔前(山崎団地/町田市)",
            "lat": "35.570887",
            "lng": "139.43882"
        },
        {
            "index": "4",
            "id": "00129388",
            "name": "山崎団地センター",
            "lat": "35.567577",
            "lng": "139.436018"
        },
        {
            "index": "5",
            "id": "00129387",
            "name": "山崎団地入口",
            "lat": "35.567876",
            "lng": "139.430116"
        },
        {
            "index": "6",
            "id": "00129386",
            "name": "木曽入口",
            "lat": "35.566829",
            "lng": "139.424741"
        },
        {
            "index": "7",
            "id": "00129385",
            "name": "上横町",
            "lat": "35.564743",
            "lng": "139.422233"
        },
        {
            "index": "8",
            "id": "00129382",
            "name": "境川団地",
            "lat": "35.561382",
            "lng": "139.422428"
        },
        {
            "index": "9",
            "id": "00129381",
            "name": "境川団地中央",
            "lat": "35.559427",
            "lng": "139.424017"
        },
        {
            "index": "10",
            "id": "00129493",
            "name": "鹿島神社入口",
            "lat": "35.557302",
            "lng": "139.422597"
        },
        {
            "index": "11",
            "id": "00129313",
            "name": "古淵駅",
            "lat": "35.555809",
            "lng": "139.419386"
        }
    ],
    "route_url": "https://www.kanachu.co.jp/dia/route/index/cid:0000803351/"
}
