{
    "date": "2024/09/02",
    "name": "ブリヂストン前",
    "position": "-",
    "system": "戸12",
    "destinations": [
        "不動坂(横浜市戸塚区)",
        "富士橋",
        "上矢部インター",
        "上矢部",
        "日の森",
        "下岡津",
        "岡津",
        "岡津橋",
        "まほろば",
        "西田橋",
        "中川地区センター入口",
        "親善病院前",
        "弥生台駅"
    ],
    "weekday": [
        "7:34",
        "8:04",
        "8:21",
        "8:41",
        "9:09",
        "9:50",
        "10:50",
        "11:50",
        "12:50",
        "13:50",
        "14:50",
        "15:50",
        "16:50",
        "17:26",
        "17:46",
        "18:16",
        "18:46",
        "19:22",
        "19:52",
        "20:21",
        "21:17"
    ],
    "saturday": [
        "8:28",
        "9:14",
        "10:16",
        "11:16",
        "11:50",
        "12:50",
        "13:50",
        "14:50",
        "15:50",
        "16:36",
        "17:16",
        "18:16",
        "19:16",
        "20:42"
    ],
    "holiday": [
        "8:35",
        "9:36",
        "10:16",
        "11:16",
        "11:50",
        "12:41",
        "13:41",
        "14:41",
        "15:50",
        "16:38",
        "17:14",
        "18:14",
        "19:14",
        "20:38"
    ],
    "url": "https://www.kanachu.co.jp/dia/diagram/timetable01_js/course:0000803577-3/node:00126612/kt:0/lname:/"
}
