{
    "date": "2024/09/02",
    "name": "日の森",
    "position": "-",
    "system": "戸12",
    "destinations": [
        "下岡津",
        "岡津",
        "岡津橋",
        "まほろば",
        "西田橋",
        "中川地区センター入口",
        "親善病院前",
        "弥生台駅"
    ],
    "weekday": [
        "7:43",
        "8:13",
        "8:30",
        "8:50",
        "9:17",
        "9:58",
        "10:58",
        "11:58",
        "12:58",
        "13:58",
        "14:58",
        "15:58",
        "16:58",
        "17:35",
        "17:55",
        "18:25",
        "18:55",
        "19:28",
        "19:58",
        "20:27",
        "21:23"
    ],
    "saturday": [
        "8:34",
        "9:20",
        "10:22",
        "11:22",
        "11:56",
        "12:56",
        "13:56",
        "14:58",
        "15:58",
        "16:44",
        "17:24",
        "18:23",
        "19:23",
        "20:48"
    ],
    "holiday": [
        "8:41",
        "9:42",
        "10:22",
        "11:22",
        "11:56",
        "12:47",
        "13:47",
        "14:49",
        "15:58",
        "16:46",
        "17:22",
        "18:21",
        "19:21",
        "20:44"
    ],
    "url": "https://www.kanachu.co.jp/dia/diagram/timetable01_js/course:0000803577-8/node:00126671/kt:0/lname:/"
}
