{
    "date": "2024/09/02",
    "name": "中川地区センター入口",
    "position": "-",
    "system": "戸12",
    "destinations": [
        "親善病院前",
        "弥生台駅"
    ],
    "weekday": [
        "7:49",
        "8:19",
        "8:36",
        "8:56",
        "9:22",
        "10:03",
        "11:03",
        "12:03",
        "13:03",
        "14:03",
        "15:03",
        "16:03",
        "17:04",
        "17:41",
        "18:01",
        "18:31",
        "19:01",
        "19:33",
        "20:03",
        "20:32",
        "21:28"
    ],
    "saturday": [
        "8:39",
        "9:25",
        "10:27",
        "11:27",
        "12:01",
        "13:01",
        "14:01",
        "15:03",
        "16:03",
        "16:49",
        "17:29",
        "18:28",
        "19:28",
        "20:53"
    ],
    "holiday": [
        "8:46",
        "9:47",
        "10:27",
        "11:27",
        "12:01",
        "12:52",
        "13:52",
        "14:54",
        "16:03",
        "16:51",
        "17:27",
        "18:26",
        "19:26",
        "20:49"
    ],
    "url": "https://www.kanachu.co.jp/dia/diagram/timetable01_js/course:0000803577-14/node:00126715/kt:0/lname:/"
}
