{
    "date": "2025/11/16",
    "name": "宮田町(横浜市保土ケ谷区)",
    "position": "-",
    "system": "05",
    "destinations": [
        "洪福寺",
        "浅間町車庫前",
        "浅岡橋",
        "浅間下(横浜市西区)",
        "楠町",
        "鶴屋町三丁目",
        "横浜駅西口"
    ],
    "weekday": [
        "6:02"
    ],
    "saturday": [],
    "holiday": [],
    "url": "https://www.kanachu.co.jp/dia/diagram/timetable01_js/course:0000803931-17/node:00103140/kt:0/lname:/"
}
