{
    "system": "",
    "busstops": [
        {
            "index": "1",
            "id": "00102756",
            "name": "鶴ヶ峰駅",
            "lat": "35.476136",
            "lng": "139.547634"
        },
        {
            "index": "2",
            "id": "00102606",
            "name": "白根町",
            "lat": "35.478531",
            "lng": "139.549129"
        },
        {
            "index": "3",
            "id": "00102605",
            "name": "白根不動入口",
            "lat": "35.47904",
            "lng": "139.552392"
        },
        {
            "index": "4",
            "id": "00102591",
            "name": "下白根橋",
            "lat": "35.479571",
            "lng": "139.558742"
        },
        {
            "index": "5",
            "id": "00102884",
            "name": "西谷(横浜市旭区)",
            "lat": "35.478884",
            "lng": "139.560667"
        },
        {
            "index": "6",
            "id": "00102883",
            "name": "西谷駅前",
            "lat": "35.478516",
            "lng": "139.566253"
        },
        {
            "index": "7",
            "id": "00102279",
            "name": "梅の木(横浜市保土ケ谷区)",
            "lat": "35.477671",
            "lng": "139.570441"
        },
        {
            "index": "8",
            "id": "00102885",
            "name": "西谷妙福寺前",
            "lat": "35.475526",
            "lng": "139.572377"
        },
        {
            "index": "9",
            "id": "00102379",
            "name": "川島町(横浜市保土ケ谷区)",
            "lat": "35.473507",
            "lng": "139.574182"
        },
        {
            "index": "10",
            "id": "00102655",
            "name": "杉山神社前(横浜市保土ケ谷区)",
            "lat": "35.470773",
            "lng": "139.576789"
        },
        {
            "index": "11",
            "id": "00102369",
            "name": "上星川",
            "lat": "35.468222",
            "lng": "139.580329"
        },
        {
            "index": "12",
            "id": "00103040",
            "name": "保土ヶ谷中学校前",
            "lat": "35.4663",
            "lng": "139.582837"
        },
        {
            "index": "13",
            "id": "00103260",
            "name": "和田町(横浜市保土ケ谷区)",
            "lat": "35.464494",
            "lng": "139.590437"
        },
        {
            "index": "14",
            "id": "00102799",
            "name": "常盤園下",
            "lat": "35.463191",
            "lng": "139.592899"
        },
        {
            "index": "15",
            "id": "00103136",
            "name": "峰岡町",
            "lat": "35.461694",
            "lng": "139.595774"
        },
        {
            "index": "16",
            "id": "00103135",
            "name": "峯小学校前",
            "lat": "35.460104",
            "lng": "139.598768"
        },
        {
            "index": "17",
            "id": "00103140",
            "name": "宮田町(横浜市保土ケ谷区)",
            "lat": "35.45801",
            "lng": "139.603289"
        },
        {
            "index": "18",
            "id": "00102504",
            "name": "洪福寺",
            "lat": "35.457723",
            "lng": "139.606831"
        },
        {
            "index": "19",
            "id": "00102672",
            "name": "浅間町車庫前",
            "lat": "35.459571",
            "lng": "139.607689"
        },
        {
            "index": "20",
            "id": "00102205",
            "name": "浅岡橋",
            "lat": "35.462153",
            "lng": "139.609169"
        },
        {
            "index": "21",
            "id": "00102673",
            "name": "浅間下(横浜市西区)",
            "lat": "35.466044",
            "lng": "139.612577"
        },
        {
            "index": "22",
            "id": "00102459",
            "name": "楠町",
            "lat": "35.467671",
            "lng": "139.613714"
        },
        {
            "index": "23",
            "id": "00019685",
            "name": "鶴屋町三丁目",
            "lat": "35.468603",
            "lng": "139.619064"
        },
        {
            "index": "24",
            "id": "00042735",
            "name": "横浜駅西口",
            "lat": "35.46722",
            "lng": "139.621282"
        }
    ],
    "route_url": "https://www.kanachu.co.jp/dia/route/index/cid:0000803931/"
}
