{
    "date": "2024/05/20",
    "name": "馬渡(伊勢原市)",
    "position": "-",
    "system": "平92",
    "destinations": [
        "岡崎福祉館前",
        "御岳",
        "竹園小学校前",
        "竹園小学校入口",
        "ふじみ野",
        "宮上(平塚市)",
        "あいの坂",
        "丸島",
        "町谷(平塚市)",
        "大畑平岡幼稚園前",
        "稲荷坂(平塚市)",
        "岡崎農協前",
        "矢崎大橋",
        "矢崎(平塚市)",
        "東橋(平塚市)",
        "豊田本郷駅",
        "新大縄橋",
        "遺跡公園前(平塚市)",
        "中原公園前",
        "中原一丁目(平塚市)",
        "共済病院前総合公園西",
        "追分(平塚市)",
        "立野町(平塚市)",
        "横浜ゴム前",
        "市役所前(ゴム前/平塚市)",
        "四ツ角(平塚市)",
        "平塚駅北口"
    ],
    "weekday": [
        "7:00",
        "7:31",
        "8:25",
        "9:12",
        "10:12",
        "11:12",
        "12:12",
        "13:12",
        "14:12",
        "15:12",
        "16:12",
        "17:12",
        "18:12",
        "19:12",
        "20:14",
        "21:19"
    ],
    "saturday": [
        "7:16",
        "8:22",
        "9:22",
        "10:22",
        "11:22",
        "12:22",
        "13:22",
        "14:22",
        "15:22",
        "16:22",
        "17:39",
        "18:39",
        "19:39",
        "20:39"
    ],
    "holiday": [
        "7:16",
        "8:22",
        "9:22",
        "10:22",
        "11:22",
        "12:22",
        "13:22",
        "14:22",
        "15:22",
        "16:22",
        "17:39",
        "18:39",
        "19:39",
        "20:39"
    ],
    "url": "https://www.kanachu.co.jp/dia/diagram/timetable01_js/course:0000800962-5/node:00128060/kt:0/lname:/"
}
