{
    "date": "2024/05/20",
    "name": "町谷(平塚市)",
    "position": "-",
    "system": "平92",
    "destinations": [
        "大畑平岡幼稚園前",
        "稲荷坂(平塚市)",
        "岡崎農協前",
        "矢崎大橋",
        "矢崎(平塚市)",
        "東橋(平塚市)",
        "豊田本郷駅",
        "新大縄橋",
        "遺跡公園前(平塚市)",
        "中原公園前",
        "中原一丁目(平塚市)",
        "共済病院前総合公園西",
        "追分(平塚市)",
        "立野町(平塚市)",
        "横浜ゴム前",
        "市役所前(ゴム前/平塚市)",
        "四ツ角(平塚市)",
        "平塚駅北口"
    ],
    "weekday": [
        "7:09",
        "7:40",
        "8:34",
        "9:21",
        "10:21",
        "11:21",
        "12:21",
        "13:21",
        "14:21",
        "15:21",
        "16:21",
        "17:21",
        "18:21",
        "19:21",
        "20:23",
        "21:28"
    ],
    "saturday": [
        "7:25",
        "8:30",
        "9:30",
        "10:30",
        "11:30",
        "12:30",
        "13:30",
        "14:30",
        "15:30",
        "16:30",
        "17:47",
        "18:47",
        "19:47",
        "20:47"
    ],
    "holiday": [
        "7:25",
        "8:30",
        "9:30",
        "10:30",
        "11:30",
        "12:30",
        "13:30",
        "14:30",
        "15:30",
        "16:30",
        "17:47",
        "18:47",
        "19:47",
        "20:47"
    ],
    "url": "https://www.kanachu.co.jp/dia/diagram/timetable01_js/course:0000800962-14/node:00128083/kt:0/lname:/"
}
