{
    "date": "2024/05/20",
    "name": "東橋(平塚市)",
    "position": "-",
    "system": "平92",
    "destinations": [
        "豊田本郷駅",
        "新大縄橋",
        "遺跡公園前(平塚市)",
        "中原公園前",
        "中原一丁目(平塚市)",
        "共済病院前総合公園西",
        "追分(平塚市)",
        "立野町(平塚市)",
        "横浜ゴム前",
        "市役所前(ゴム前/平塚市)",
        "四ツ角(平塚市)",
        "平塚駅北口"
    ],
    "weekday": [
        "7:18",
        "7:49",
        "8:43",
        "9:29",
        "10:29",
        "11:29",
        "12:29",
        "13:29",
        "14:29",
        "15:29",
        "16:30",
        "17:30",
        "18:30",
        "19:30",
        "20:31",
        "21:36"
    ],
    "saturday": [
        "7:32",
        "8:38",
        "9:38",
        "10:38",
        "11:38",
        "12:38",
        "13:38",
        "14:38",
        "15:38",
        "16:38",
        "17:55",
        "18:55",
        "19:54",
        "20:54"
    ],
    "holiday": [
        "7:32",
        "8:38",
        "9:38",
        "10:38",
        "11:38",
        "12:38",
        "13:38",
        "14:38",
        "15:38",
        "16:38",
        "17:55",
        "18:55",
        "19:54",
        "20:54"
    ],
    "url": "https://www.kanachu.co.jp/dia/diagram/timetable01_js/course:0000800962-20/node:00128064/kt:0/lname:/"
}
