{
    "date": "2024/05/20",
    "name": "豊田本郷駅",
    "position": "-",
    "system": "平92",
    "destinations": [
        "新大縄橋",
        "遺跡公園前(平塚市)",
        "中原公園前",
        "中原一丁目(平塚市)",
        "共済病院前総合公園西",
        "追分(平塚市)",
        "立野町(平塚市)",
        "横浜ゴム前",
        "市役所前(ゴム前/平塚市)",
        "四ツ角(平塚市)",
        "平塚駅北口"
    ],
    "weekday": [
        "7:21",
        "7:52",
        "8:46",
        "9:32",
        "10:32",
        "11:32",
        "12:32",
        "13:32",
        "14:32",
        "15:32",
        "16:33",
        "17:33",
        "18:33",
        "19:33",
        "20:34",
        "21:39"
    ],
    "saturday": [
        "7:33",
        "8:39",
        "9:39",
        "10:39",
        "11:39",
        "12:39",
        "13:39",
        "14:39",
        "15:39",
        "16:39",
        "17:56",
        "18:56",
        "19:55",
        "20:55"
    ],
    "holiday": [
        "7:33",
        "8:39",
        "9:39",
        "10:39",
        "11:39",
        "12:39",
        "13:39",
        "14:39",
        "15:39",
        "16:39",
        "17:56",
        "18:56",
        "19:55",
        "20:55"
    ],
    "url": "https://www.kanachu.co.jp/dia/diagram/timetable01_js/course:0000800962-21/node:00128065/kt:0/lname:/"
}
