{
    "date": "2024/05/20",
    "name": "中原公園前",
    "position": "-",
    "system": "平92",
    "destinations": [
        "中原一丁目(平塚市)",
        "共済病院前総合公園西",
        "追分(平塚市)",
        "立野町(平塚市)",
        "横浜ゴム前",
        "市役所前(ゴム前/平塚市)",
        "四ツ角(平塚市)",
        "平塚駅北口"
    ],
    "weekday": [
        "7:25",
        "7:56",
        "8:50",
        "9:36",
        "10:36",
        "11:36",
        "12:36",
        "13:36",
        "14:36",
        "15:36",
        "16:37",
        "17:37",
        "18:37",
        "19:37",
        "20:38",
        "21:43"
    ],
    "saturday": [
        "7:37",
        "8:43",
        "9:43",
        "10:43",
        "11:43",
        "12:43",
        "13:43",
        "14:43",
        "15:43",
        "16:43",
        "18:00",
        "19:00",
        "19:59",
        "20:59"
    ],
    "holiday": [
        "7:37",
        "8:43",
        "9:43",
        "10:43",
        "11:43",
        "12:43",
        "13:43",
        "14:43",
        "15:43",
        "16:43",
        "18:00",
        "19:00",
        "19:59",
        "20:59"
    ],
    "url": "https://www.kanachu.co.jp/dia/diagram/timetable01_js/course:0000800962-24/node:00128111/kt:0/lname:/"
}
