{
    "date": "2024/05/20",
    "name": "追分(平塚市)",
    "position": "-",
    "system": "平92",
    "destinations": [
        "立野町(平塚市)",
        "横浜ゴム前",
        "市役所前(ゴム前/平塚市)",
        "四ツ角(平塚市)",
        "平塚駅北口"
    ],
    "weekday": [
        "7:29",
        "8:00",
        "8:54",
        "9:40",
        "10:40",
        "11:40",
        "12:40",
        "13:40",
        "14:40",
        "15:40",
        "16:41",
        "17:41",
        "18:41",
        "19:41",
        "20:42",
        "21:47"
    ],
    "saturday": [
        "7:41",
        "8:47",
        "9:47",
        "10:47",
        "11:47",
        "12:47",
        "13:47",
        "14:47",
        "15:47",
        "16:47",
        "18:04",
        "19:04",
        "20:03",
        "21:03"
    ],
    "holiday": [
        "7:41",
        "8:47",
        "9:47",
        "10:47",
        "11:47",
        "12:47",
        "13:47",
        "14:47",
        "15:47",
        "16:47",
        "18:04",
        "19:04",
        "20:03",
        "21:03"
    ],
    "url": "https://www.kanachu.co.jp/dia/diagram/timetable01_js/course:0000800962-27/node:00127556/kt:0/lname:/"
}
