{
    "date": "2025/04/01",
    "name": "平塚駅南口",
    "position": "-",
    "system": "平15",
    "destinations": [
        "商工会議所前",
        "教会前(平塚市)",
        "松風公園入口",
        "松風町(平塚市)",
        "花水小学校前",
        "すみれ平",
        "八間通り入口",
        "袖ヶ浜",
        "湘南海岸公園前",
        "なぎさプロムナード",
        "教会前(平塚市)",
        "商工会議所前",
        "平塚駅南口"
    ],
    "weekday": [
        "13:10",
        "13:30",
        "13:50",
        "14:10",
        "14:30",
        "14:50",
        "15:10",
        "15:30",
        "15:50",
        "16:10",
        "16:30",
        "16:50",
        "17:10",
        "17:30",
        "17:50",
        "18:10",
        "18:30",
        "18:45",
        "19:03",
        "19:24",
        "19:42",
        "20:00",
        "20:21",
        "20:41",
        "21:06",
        "21:31",
        "21:50",
        "22:16"
    ],
    "saturday": [
        "13:00",
        "13:20",
        "13:40",
        "14:00",
        "14:20",
        "14:40",
        "15:00",
        "15:20",
        "15:40",
        "16:00",
        "16:20",
        "16:40",
        "17:00",
        "17:20",
        "17:40",
        "18:00",
        "18:20",
        "18:40",
        "19:00",
        "19:20",
        "19:40",
        "20:00",
        "20:28",
        "20:51",
        "21:17",
        "21:36",
        "21:56",
        "22:16"
    ],
    "holiday": [
        "13:00",
        "13:20",
        "13:40",
        "14:00",
        "14:20",
        "14:40",
        "15:00",
        "15:20",
        "15:40",
        "16:00",
        "16:20",
        "16:40",
        "17:00",
        "17:20",
        "17:40",
        "18:00",
        "18:20",
        "18:40",
        "19:00",
        "19:20",
        "19:40",
        "20:00",
        "20:28",
        "20:51",
        "21:17",
        "21:36",
        "21:56",
        "22:16"
    ],
    "url": "https://www.kanachu.co.jp/dia/diagram/timetable01_js/course:0000803803-1/node:00127422/kt:0/lname:/"
}
