{
    "date": "2025/04/01",
    "name": "商工会議所前",
    "position": "-",
    "system": "平15",
    "destinations": [
        "教会前(平塚市)",
        "松風公園入口",
        "松風町(平塚市)",
        "花水小学校前",
        "すみれ平",
        "八間通り入口",
        "袖ヶ浜",
        "湘南海岸公園前",
        "なぎさプロムナード",
        "教会前(平塚市)",
        "商工会議所前",
        "平塚駅南口"
    ],
    "weekday": [
        "13:11",
        "13:31",
        "13:51",
        "14:11",
        "14:31",
        "14:51",
        "15:11",
        "15:31",
        "15:51",
        "16:11",
        "16:31",
        "16:51",
        "17:11",
        "17:31",
        "17:51",
        "18:11",
        "18:31",
        "18:46",
        "19:04",
        "19:25",
        "19:43",
        "20:01",
        "20:22",
        "20:42",
        "21:07",
        "21:32",
        "21:51",
        "22:17"
    ],
    "saturday": [
        "13:01",
        "13:21",
        "13:41",
        "14:01",
        "14:21",
        "14:41",
        "15:01",
        "15:21",
        "15:41",
        "16:01",
        "16:21",
        "16:41",
        "17:01",
        "17:21",
        "17:41",
        "18:01",
        "18:21",
        "18:41",
        "19:01",
        "19:21",
        "19:41",
        "20:01",
        "20:29",
        "20:52",
        "21:18",
        "21:37",
        "21:57",
        "22:17"
    ],
    "holiday": [
        "13:01",
        "13:21",
        "13:41",
        "14:01",
        "14:21",
        "14:41",
        "15:01",
        "15:21",
        "15:41",
        "16:01",
        "16:21",
        "16:41",
        "17:01",
        "17:21",
        "17:41",
        "18:01",
        "18:21",
        "18:41",
        "19:01",
        "19:21",
        "19:41",
        "20:01",
        "20:29",
        "20:52",
        "21:18",
        "21:37",
        "21:57",
        "22:17"
    ],
    "url": "https://www.kanachu.co.jp/dia/diagram/timetable01_js/course:0000803803-2/node:00127423/kt:0/lname:/"
}
