{
    "date": "2025/04/01",
    "name": "松風町(平塚市)",
    "position": "-",
    "system": "平15",
    "destinations": [
        "花水小学校前",
        "すみれ平",
        "八間通り入口",
        "袖ヶ浜",
        "湘南海岸公園前",
        "なぎさプロムナード",
        "教会前(平塚市)",
        "商工会議所前",
        "平塚駅南口"
    ],
    "weekday": [
        "13:13",
        "13:33",
        "13:53",
        "14:13",
        "14:33",
        "14:53",
        "15:13",
        "15:33",
        "15:53",
        "16:13",
        "16:33",
        "16:53",
        "17:13",
        "17:33",
        "17:53",
        "18:13",
        "18:33",
        "18:48",
        "19:06",
        "19:27",
        "19:45",
        "20:03",
        "20:24",
        "20:44",
        "21:09",
        "21:34",
        "21:53",
        "22:19"
    ],
    "saturday": [
        "13:03",
        "13:23",
        "13:43",
        "14:03",
        "14:23",
        "14:43",
        "15:03",
        "15:23",
        "15:43",
        "16:03",
        "16:23",
        "16:43",
        "17:03",
        "17:23",
        "17:43",
        "18:03",
        "18:23",
        "18:43",
        "19:03",
        "19:23",
        "19:43",
        "20:03",
        "20:31",
        "20:54",
        "21:20",
        "21:39",
        "21:59",
        "22:19"
    ],
    "holiday": [
        "13:03",
        "13:23",
        "13:43",
        "14:03",
        "14:23",
        "14:43",
        "15:03",
        "15:23",
        "15:43",
        "16:03",
        "16:23",
        "16:43",
        "17:03",
        "17:23",
        "17:43",
        "18:03",
        "18:23",
        "18:43",
        "19:03",
        "19:23",
        "19:43",
        "20:03",
        "20:31",
        "20:54",
        "21:20",
        "21:39",
        "21:59",
        "22:19"
    ],
    "url": "https://www.kanachu.co.jp/dia/diagram/timetable01_js/course:0000803803-5/node:00127453/kt:0/lname:/"
}
