{
    "date": "2025/04/01",
    "name": "藤野中学校入口",
    "position": "-",
    "system": "湖23",
    "destinations": [
        "藤野駅"
    ],
    "weekday": [
        "12:07",
        "13:22",
        "14:07",
        "16:28"
    ],
    "saturday": [
        "12:06",
        "12:56",
        "13:57"
    ],
    "holiday": [
        "12:06",
        "12:56",
        "13:57"
    ],
    "url": "https://www.kanachu.co.jp/dia/diagram/timetable01_js/course:0000803743-8/node:00128787/kt:0/lname:/"
}
