{
    "date": "2026/01/16",
    "name": "春日台団地",
    "position": "-",
    "system": "ー",
    "destinations": [
        "春日台三丁目(愛甲郡愛川町)",
        "春日台一丁目",
        "春日台入口",
        "菅原小学校前(愛甲郡愛川町)",
        "レディースプラザ前",
        "中津商店街",
        "中津老人福祉センター前",
        "いこいの森入口",
        "下谷(愛甲郡愛川町)",
        "北下谷",
        "上熊坂公園前",
        "山十邸前",
        "中津小学校前",
        "二井坂",
        "半縄",
        "神明前(愛甲郡愛川町)",
        "坂本(愛甲郡愛川町)",
        "坂本入口",
        "県営住宅前(愛甲郡愛川町)",
        "陸運支局前",
        "中津商店街",
        "レディースプラザ前",
        "菅原小学校前(愛甲郡愛川町)",
        "春日台入口",
        "春日台一丁目",
        "春日台三丁目(愛甲郡愛川町)",
        "春日台団地",
        "郵便局前(愛甲郡愛川町)",
        "箕輪(愛甲郡愛川町)",
        "愛川町役場",
        "愛川北部病院前",
        "愛川バスセンター"
    ],
    "weekday": [
        "7:00",
        "9:00",
        "12:25",
        "14:30",
        "17:55"
    ],
    "saturday": [],
    "holiday": [],
    "url": "https://www.kanachu.co.jp/dia/diagram/timetable01_js/course:0000803988-6/node:00128375/kt:0/lname:/"
}
