{
    "date": "2026/01/16",
    "name": "二井坂",
    "position": "-",
    "system": "ー",
    "destinations": [
        "半縄",
        "神明前(愛甲郡愛川町)",
        "坂本(愛甲郡愛川町)",
        "坂本入口",
        "県営住宅前(愛甲郡愛川町)",
        "陸運支局前",
        "中津商店街",
        "レディースプラザ前",
        "菅原小学校前(愛甲郡愛川町)",
        "春日台入口",
        "春日台一丁目",
        "春日台三丁目(愛甲郡愛川町)",
        "春日台団地",
        "郵便局前(愛甲郡愛川町)",
        "箕輪(愛甲郡愛川町)",
        "愛川町役場",
        "愛川北部病院前",
        "愛川バスセンター"
    ],
    "weekday": [
        "7:21",
        "9:21",
        "12:46",
        "14:51",
        "18:16"
    ],
    "saturday": [],
    "holiday": [],
    "url": "https://www.kanachu.co.jp/dia/diagram/timetable01_js/course:0000803988-20/node:00128728/kt:0/lname:/"
}
