{
    "date": "2026/01/16",
    "name": "陸運支局前",
    "position": "-",
    "system": "ー",
    "destinations": [
        "中津商店街",
        "レディースプラザ前",
        "菅原小学校前(愛甲郡愛川町)",
        "春日台入口",
        "春日台一丁目",
        "春日台三丁目(愛甲郡愛川町)",
        "春日台団地",
        "郵便局前(愛甲郡愛川町)",
        "箕輪(愛甲郡愛川町)",
        "愛川町役場",
        "愛川北部病院前",
        "愛川バスセンター"
    ],
    "weekday": [
        "7:32",
        "9:32",
        "12:57",
        "15:02",
        "18:27"
    ],
    "saturday": [],
    "holiday": [],
    "url": "https://www.kanachu.co.jp/dia/diagram/timetable01_js/course:0000803988-26/node:00128748/kt:0/lname:/"
}
