{
    "date": "2025/07/12",
    "name": "玉縄行政センター入口",
    "position": "-",
    "system": "船31",
    "destinations": [
        "岡本(鎌倉市)",
        "公会堂前(鎌倉市)",
        "植木(鎌倉市)",
        "久成寺前",
        "渡内第三会館前",
        "渡内",
        "藤ヶ岡中学校前",
        "隆昌院前",
        "柄沢",
        "柄沢十字路",
        "並木台",
        "慈眼寺"
    ],
    "weekday": [
        "17:42",
        "18:32",
        "19:27",
        "20:32"
    ],
    "saturday": [],
    "holiday": [],
    "url": "https://www.kanachu.co.jp/dia/diagram/timetable01_js/course:0000802101-3/node:00127116/kt:0/lname:/"
}
