{
    "date": "2019/04/01",
    "name": "中町一丁目(町田市)",
    "position": "-",
    "system": "町28",
    "destinations": [
        "図書館前(町田市)",
        "五間道路",
        "旭町(町田市)",
        "町田市民病院",
        "忠生公園前",
        "忠生三丁目",
        "市立室内プール",
        "桜橋(町田市)",
        "常盤(町田市)",
        "小山小学校前(町田市)",
        "片所",
        "田端(町田市)",
        "久保ヶ谷戸",
        "相原境",
        "坂下(町田街道側/町田市)",
        "堺農協前",
        "堺中学校前",
        "堺市民センター前",
        "相原(町田市)",
        "諏訪神社前(町田市)",
        "相原小学校前",
        "開都",
        "相原十字路",
        "根岸(相原町/町田市)",
        "境橋(町田市)",
        "円林寺前",
        "水の口(町田市)",
        "公会堂前(町田市)",
        "大戸橋",
        "上大戸",
        "ネイチャーファクトリー東京町田"
    ],
    "weekday": [
        "10:30",
        "14:35",
        "17:35"
    ],
    "saturday": [],
    "holiday": [],
    "url": "https://www.kanachu.co.jp/dia/diagram/timetable01_js/course:0000802845-4/node:00129484/kt:0/lname:/"
}
