{
    "date": "2019/04/01",
    "name": "常盤(町田市)",
    "position": "-",
    "system": "町28",
    "destinations": [
        "小山小学校前(町田市)",
        "片所",
        "田端(町田市)",
        "久保ヶ谷戸",
        "相原境",
        "坂下(町田街道側/町田市)",
        "堺農協前",
        "堺中学校前",
        "堺市民センター前",
        "相原(町田市)",
        "諏訪神社前(町田市)",
        "相原小学校前",
        "開都",
        "相原十字路",
        "根岸(相原町/町田市)",
        "境橋(町田市)",
        "円林寺前",
        "水の口(町田市)",
        "公会堂前(町田市)",
        "大戸橋",
        "上大戸",
        "ネイチャーファクトリー東京町田"
    ],
    "weekday": [
        "11:04",
        "15:11",
        "18:11"
    ],
    "saturday": [],
    "holiday": [],
    "url": "https://www.kanachu.co.jp/dia/diagram/timetable01_js/course:0000802845-13/node:00129202/kt:0/lname:/"
}
