{
    "date": "2019/04/01",
    "name": "堺中学校前",
    "position": "-",
    "system": "町28",
    "destinations": [
        "堺市民センター前",
        "相原(町田市)",
        "諏訪神社前(町田市)",
        "相原小学校前",
        "開都",
        "相原十字路",
        "根岸(相原町/町田市)",
        "境橋(町田市)",
        "円林寺前",
        "水の口(町田市)",
        "公会堂前(町田市)",
        "大戸橋",
        "上大戸",
        "ネイチャーファクトリー東京町田"
    ],
    "weekday": [
        "11:21",
        "15:28",
        "18:28"
    ],
    "saturday": [],
    "holiday": [],
    "url": "https://www.kanachu.co.jp/dia/diagram/timetable01_js/course:0000802845-21/node:00128883/kt:0/lname:/"
}
