{
    "date": "2026/01/16",
    "name": "南町(相模原市緑区)",
    "position": "-",
    "system": "橋58",
    "destinations": [
        "塚場坂上",
        "宮の上(相模原市)",
        "あじさい通り中央",
        "日電寮前",
        "下九沢団地"
    ],
    "weekday": [
        "6:41",
        "7:12",
        "7:42",
        "8:12",
        "9:11",
        "10:11",
        "11:11",
        "12:11",
        "13:11",
        "14:11",
        "15:11",
        "16:11",
        "17:12",
        "18:12",
        "19:12",
        "20:11",
        "21:01"
    ],
    "saturday": [
        "8:06",
        "9:01",
        "10:01",
        "11:01",
        "12:01",
        "13:01",
        "14:01",
        "15:01",
        "16:01",
        "17:01",
        "18:01",
        "19:01",
        "20:01"
    ],
    "holiday": [
        "8:06",
        "9:01",
        "10:01",
        "11:01",
        "12:01",
        "13:01",
        "14:01",
        "15:01",
        "16:01",
        "17:01",
        "18:01",
        "19:01",
        "20:01"
    ],
    "url": "https://www.kanachu.co.jp/dia/diagram/timetable01_js/course:0000804295-4/node:00129266/kt:0/lname:/"
}
