{
    "date": "2026/01/16",
    "name": "塚場坂上",
    "position": "-",
    "system": "橋58",
    "destinations": [
        "宮の上(相模原市)",
        "あじさい通り中央",
        "日電寮前",
        "下九沢団地"
    ],
    "weekday": [
        "6:42",
        "7:13",
        "7:43",
        "8:13",
        "9:12",
        "10:12",
        "11:12",
        "12:12",
        "13:12",
        "14:12",
        "15:12",
        "16:12",
        "17:13",
        "18:13",
        "19:13",
        "20:12",
        "21:02"
    ],
    "saturday": [
        "8:07",
        "9:02",
        "10:02",
        "11:02",
        "12:02",
        "13:02",
        "14:02",
        "15:02",
        "16:02",
        "17:02",
        "18:02",
        "19:02",
        "20:02"
    ],
    "holiday": [
        "8:07",
        "9:02",
        "10:02",
        "11:02",
        "12:02",
        "13:02",
        "14:02",
        "15:02",
        "16:02",
        "17:02",
        "18:02",
        "19:02",
        "20:02"
    ],
    "url": "https://www.kanachu.co.jp/dia/diagram/timetable01_js/course:0000804295-5/node:00129199/kt:0/lname:/"
}
