{
    "date": "2025/11/16",
    "name": "道了尊入口",
    "position": "-",
    "system": "伊74",
    "destinations": [
        "高森団地入口",
        "成瀬中学校入口",
        "高森(伊勢原市)",
        "前高森",
        "粟窪入口",
        "東海大学病院",
        "望星薬局前",
        "伊勢原市役所北口",
        "田中(伊勢原市)",
        "警察署前(伊勢原市)",
        "大神宮前",
        "本町(伊勢原市)",
        "伊勢原駅北口"
    ],
    "weekday": [
        "6:31",
        "7:11",
        "7:51",
        "8:31",
        "9:11",
        "9:51",
        "10:41",
        "11:21",
        "12:01",
        "13:01",
        "14:01",
        "15:01",
        "15:56",
        "16:41",
        "17:21",
        "17:56",
        "18:31",
        "19:31",
        "20:31",
        "21:31"
    ],
    "saturday": [
        "7:11",
        "7:51",
        "8:31",
        "9:21",
        "10:21",
        "11:21",
        "12:21",
        "13:21",
        "14:21",
        "15:21",
        "16:21",
        "17:21",
        "18:21",
        "19:21",
        "20:21"
    ],
    "holiday": [
        "8:16",
        "9:21",
        "10:21",
        "11:21",
        "12:21",
        "13:21",
        "14:21",
        "15:21",
        "16:21",
        "17:21",
        "18:21",
        "19:21"
    ],
    "url": "https://www.kanachu.co.jp/dia/diagram/timetable01_js/course:0000800646-2/node:00128202/kt:0/lname:/"
}
