{
    "date": "2025/11/16",
    "name": "成瀬中学校入口",
    "position": "-",
    "system": "伊74",
    "destinations": [
        "高森(伊勢原市)",
        "前高森",
        "粟窪入口",
        "東海大学病院",
        "望星薬局前",
        "伊勢原市役所北口",
        "田中(伊勢原市)",
        "警察署前(伊勢原市)",
        "大神宮前",
        "本町(伊勢原市)",
        "伊勢原駅北口"
    ],
    "weekday": [
        "6:34",
        "7:14",
        "7:54",
        "8:34",
        "9:14",
        "9:54",
        "10:44",
        "11:24",
        "12:04",
        "13:04",
        "14:04",
        "15:04",
        "15:59",
        "16:44",
        "17:24",
        "17:59",
        "18:34",
        "19:34",
        "20:34",
        "21:34"
    ],
    "saturday": [
        "7:14",
        "7:54",
        "8:34",
        "9:24",
        "10:24",
        "11:24",
        "12:24",
        "13:24",
        "14:24",
        "15:24",
        "16:24",
        "17:24",
        "18:24",
        "19:23",
        "20:23"
    ],
    "holiday": [
        "8:19",
        "9:24",
        "10:24",
        "11:24",
        "12:24",
        "13:24",
        "14:24",
        "15:24",
        "16:24",
        "17:24",
        "18:24",
        "19:23"
    ],
    "url": "https://www.kanachu.co.jp/dia/diagram/timetable01_js/course:0000800646-4/node:00128200/kt:0/lname:/"
}
