{
    "date": "2025/11/16",
    "name": "望星薬局前",
    "position": "-",
    "system": "伊74",
    "destinations": [
        "伊勢原市役所北口",
        "田中(伊勢原市)",
        "警察署前(伊勢原市)",
        "大神宮前",
        "本町(伊勢原市)",
        "伊勢原駅北口"
    ],
    "weekday": [
        "6:40",
        "7:22",
        "8:02",
        "8:42",
        "9:22",
        "10:02",
        "10:52",
        "11:32",
        "12:12",
        "13:12",
        "14:12",
        "15:12",
        "16:07",
        "16:52",
        "17:32",
        "18:07",
        "18:42",
        "19:42",
        "20:42",
        "21:42"
    ],
    "saturday": [
        "7:20",
        "8:01",
        "8:41",
        "9:31",
        "10:31",
        "11:31",
        "12:31",
        "13:31",
        "14:31",
        "15:31",
        "16:31",
        "17:31",
        "18:31",
        "19:30",
        "20:30"
    ],
    "holiday": [
        "8:26",
        "9:31",
        "10:31",
        "11:31",
        "12:31",
        "13:31",
        "14:31",
        "15:31",
        "16:31",
        "17:31",
        "18:31",
        "19:30"
    ],
    "url": "https://www.kanachu.co.jp/dia/diagram/timetable01_js/course:0000800646-9/node:00128251/kt:0/lname:/"
}
