{
    "date": "2025/11/16",
    "name": "田中(伊勢原市)",
    "position": "-",
    "system": "伊74",
    "destinations": [
        "警察署前(伊勢原市)",
        "大神宮前",
        "本町(伊勢原市)",
        "伊勢原駅北口"
    ],
    "weekday": [
        "6:42",
        "7:24",
        "8:04",
        "8:44",
        "9:24",
        "10:04",
        "10:54",
        "11:34",
        "12:14",
        "13:14",
        "14:14",
        "15:14",
        "16:09",
        "16:54",
        "17:34",
        "18:09",
        "18:44",
        "19:44",
        "20:44",
        "21:44"
    ],
    "saturday": [
        "7:22",
        "8:03",
        "8:43",
        "9:33",
        "10:33",
        "11:33",
        "12:33",
        "13:33",
        "14:33",
        "15:33",
        "16:33",
        "17:33",
        "18:33",
        "19:32",
        "20:32"
    ],
    "holiday": [
        "8:28",
        "9:33",
        "10:33",
        "11:33",
        "12:33",
        "13:33",
        "14:33",
        "15:33",
        "16:33",
        "17:33",
        "18:33",
        "19:32"
    ],
    "url": "https://www.kanachu.co.jp/dia/diagram/timetable01_js/course:0000800646-11/node:00128195/kt:0/lname:/"
}
