{
    "date": "2025/11/16",
    "name": "警察署前(伊勢原市)",
    "position": "-",
    "system": "伊74",
    "destinations": [
        "大神宮前",
        "本町(伊勢原市)",
        "伊勢原駅北口"
    ],
    "weekday": [
        "6:43",
        "7:25",
        "8:05",
        "8:45",
        "9:25",
        "10:05",
        "10:55",
        "11:35",
        "12:15",
        "13:15",
        "14:15",
        "15:15",
        "16:10",
        "16:55",
        "17:35",
        "18:10",
        "18:45",
        "19:45",
        "20:45",
        "21:45"
    ],
    "saturday": [
        "7:23",
        "8:04",
        "8:44",
        "9:34",
        "10:34",
        "11:34",
        "12:34",
        "13:34",
        "14:34",
        "15:34",
        "16:34",
        "17:34",
        "18:34",
        "19:33",
        "20:33"
    ],
    "holiday": [
        "8:29",
        "9:34",
        "10:34",
        "11:34",
        "12:34",
        "13:34",
        "14:34",
        "15:34",
        "16:34",
        "17:34",
        "18:34",
        "19:33"
    ],
    "url": "https://www.kanachu.co.jp/dia/diagram/timetable01_js/course:0000800646-12/node:00128194/kt:0/lname:/"
}
