{
    "date": "2025/11/16",
    "name": "本町(伊勢原市)",
    "position": "-",
    "system": "伊74",
    "destinations": [
        "伊勢原駅北口"
    ],
    "weekday": [
        "6:47",
        "7:29",
        "8:09",
        "8:49",
        "9:29",
        "10:09",
        "10:59",
        "11:39",
        "12:19",
        "13:19",
        "14:19",
        "15:19",
        "16:14",
        "16:59",
        "17:39",
        "18:14",
        "18:49",
        "19:49",
        "20:49",
        "21:49"
    ],
    "saturday": [
        "7:27",
        "8:08",
        "8:48",
        "9:38",
        "10:38",
        "11:38",
        "12:38",
        "13:38",
        "14:38",
        "15:38",
        "16:38",
        "17:38",
        "18:38",
        "19:37",
        "20:37"
    ],
    "holiday": [
        "8:33",
        "9:38",
        "10:38",
        "11:38",
        "12:38",
        "13:38",
        "14:38",
        "15:38",
        "16:38",
        "17:38",
        "18:38",
        "19:37"
    ],
    "url": "https://www.kanachu.co.jp/dia/diagram/timetable01_js/course:0000800646-14/node:00128128/kt:0/lname:/"
}
