{
    "date": "2025/04/01",
    "name": "町田市役所市民ホール前",
    "position": "-",
    "system": "町27",
    "destinations": [
        "第四小学校前(町田市)",
        "森野三丁目",
        "市民病院前(町田市)",
        "浄水場前(町田市)",
        "滝の沢(町田市)",
        "木曽住宅",
        "三家(町田市)",
        "木曽(町田市)",
        "忠生公園入口",
        "上宿(町田市)",
        "下根岸(町田市)",
        "根岸(根岸町/町田市)",
        "馬駈",
        "図師大橋",
        "日影橋",
        "日大三高入口",
        "桜橋(町田市)",
        "大泉寺",
        "山の端",
        "小山田小学校前",
        "押越",
        "小山田(町田市)"
    ],
    "weekday": [
        "9:45",
        "10:34",
        "11:25",
        "12:15",
        "13:02",
        "13:56",
        "14:45",
        "15:35",
        "16:05",
        "16:35",
        "17:15",
        "17:45",
        "18:20",
        "18:53",
        "19:25",
        "20:00",
        "20:33",
        "21:02"
    ],
    "saturday": [
        "9:45",
        "10:35",
        "11:25",
        "12:16",
        "13:05",
        "14:45",
        "15:35",
        "16:23",
        "16:50",
        "17:13",
        "18:05",
        "18:55",
        "19:43",
        "20:37"
    ],
    "holiday": [
        "9:45",
        "10:35",
        "11:25",
        "12:15",
        "13:05",
        "14:45",
        "15:35",
        "16:25",
        "17:15",
        "18:05",
        "19:45",
        "20:37"
    ],
    "url": "https://www.kanachu.co.jp/dia/diagram/timetable01_js/course:0000802478-3/node:00129356/kt:0/lname:/"
}
