{
    "date": "2025/04/01",
    "name": "市民病院前(町田市)",
    "position": "-",
    "system": "町27",
    "destinations": [
        "浄水場前(町田市)",
        "滝の沢(町田市)",
        "木曽住宅",
        "三家(町田市)",
        "木曽(町田市)",
        "忠生公園入口",
        "上宿(町田市)",
        "下根岸(町田市)",
        "根岸(根岸町/町田市)",
        "馬駈",
        "図師大橋",
        "日影橋",
        "日大三高入口",
        "桜橋(町田市)",
        "大泉寺",
        "山の端",
        "小山田小学校前",
        "押越",
        "小山田(町田市)"
    ],
    "weekday": [
        "9:49",
        "10:38",
        "11:29",
        "12:19",
        "13:06",
        "14:00",
        "14:49",
        "15:39",
        "16:09",
        "16:39",
        "17:20",
        "17:50",
        "18:25",
        "18:57",
        "19:29",
        "20:04",
        "20:37",
        "21:05"
    ],
    "saturday": [
        "9:49",
        "10:39",
        "11:29",
        "12:20",
        "13:09",
        "14:49",
        "15:39",
        "16:27",
        "16:54",
        "17:17",
        "18:09",
        "18:59",
        "19:47",
        "20:40"
    ],
    "holiday": [
        "9:49",
        "10:39",
        "11:29",
        "12:19",
        "13:09",
        "14:49",
        "15:39",
        "16:29",
        "17:19",
        "18:09",
        "19:49",
        "20:40"
    ],
    "url": "https://www.kanachu.co.jp/dia/diagram/timetable01_js/course:0000802478-6/node:00129359/kt:0/lname:/"
}
