{
    "date": "2025/04/01",
    "name": "日影橋",
    "position": "-",
    "system": "町27",
    "destinations": [
        "日大三高入口",
        "桜橋(町田市)",
        "大泉寺",
        "山の端",
        "小山田小学校前",
        "押越",
        "小山田(町田市)"
    ],
    "weekday": [
        "10:04",
        "10:53",
        "11:44",
        "12:34",
        "13:22",
        "14:15",
        "15:04",
        "15:55",
        "16:24",
        "16:54",
        "17:36",
        "18:06",
        "18:41",
        "19:14",
        "19:42",
        "20:17",
        "20:53",
        "21:20"
    ],
    "saturday": [
        "10:02",
        "10:52",
        "11:42",
        "12:33",
        "13:22",
        "15:04",
        "15:54",
        "16:44",
        "17:09",
        "17:35",
        "18:24",
        "19:17",
        "20:03",
        "20:54"
    ],
    "holiday": [
        "10:02",
        "10:52",
        "11:42",
        "12:32",
        "13:26",
        "15:06",
        "15:54",
        "16:44",
        "17:34",
        "18:24",
        "20:02",
        "20:54"
    ],
    "url": "https://www.kanachu.co.jp/dia/diagram/timetable01_js/course:0000802478-18/node:00129407/kt:0/lname:/"
}
