{
    "date": "2025/04/01",
    "name": "桜橋(町田市)",
    "position": "-",
    "system": "町27",
    "destinations": [
        "大泉寺",
        "山の端",
        "小山田小学校前",
        "押越",
        "小山田(町田市)"
    ],
    "weekday": [
        "10:06",
        "10:55",
        "11:46",
        "12:36",
        "13:24",
        "14:17",
        "15:06",
        "15:57",
        "16:26",
        "16:56",
        "17:38",
        "18:08",
        "18:43",
        "19:16",
        "19:44",
        "20:19",
        "20:55",
        "21:22"
    ],
    "saturday": [
        "10:04",
        "10:54",
        "11:44",
        "12:35",
        "13:24",
        "15:06",
        "15:56",
        "16:46",
        "17:11",
        "17:37",
        "18:26",
        "19:19",
        "20:05",
        "20:56"
    ],
    "holiday": [
        "10:04",
        "10:54",
        "11:44",
        "12:34",
        "13:28",
        "15:08",
        "15:56",
        "16:46",
        "17:36",
        "18:26",
        "20:04",
        "20:56"
    ],
    "url": "https://www.kanachu.co.jp/dia/diagram/timetable01_js/course:0000802478-20/node:00129409/kt:0/lname:/"
}
