{
    "date": "2025/04/01",
    "name": "山の端",
    "position": "-",
    "system": "町27",
    "destinations": [
        "小山田小学校前",
        "押越",
        "小山田(町田市)"
    ],
    "weekday": [
        "10:08",
        "10:57",
        "11:48",
        "12:38",
        "13:26",
        "14:19",
        "15:08",
        "15:59",
        "16:28",
        "16:58",
        "17:40",
        "18:10",
        "18:45",
        "19:18",
        "19:46",
        "20:21",
        "20:57",
        "21:24"
    ],
    "saturday": [
        "10:06",
        "10:56",
        "11:46",
        "12:37",
        "13:26",
        "15:08",
        "15:58",
        "16:48",
        "17:13",
        "17:39",
        "18:28",
        "19:21",
        "20:07",
        "20:58"
    ],
    "holiday": [
        "10:06",
        "10:56",
        "11:46",
        "12:36",
        "13:30",
        "15:10",
        "15:58",
        "16:48",
        "17:38",
        "18:28",
        "20:06",
        "20:58"
    ],
    "url": "https://www.kanachu.co.jp/dia/diagram/timetable01_js/course:0000802478-22/node:00129411/kt:0/lname:/"
}
