{
    "date": "2025/04/01",
    "name": "小山田小学校前",
    "position": "-",
    "system": "町27",
    "destinations": [
        "押越",
        "小山田(町田市)"
    ],
    "weekday": [
        "10:09",
        "10:58",
        "11:49",
        "12:39",
        "13:27",
        "14:20",
        "15:09",
        "16:00",
        "16:29",
        "16:59",
        "17:41",
        "18:11",
        "18:46",
        "19:19",
        "19:47",
        "20:22",
        "20:58",
        "21:25"
    ],
    "saturday": [
        "10:07",
        "10:57",
        "11:47",
        "12:38",
        "13:27",
        "15:09",
        "15:59",
        "16:49",
        "17:14",
        "17:40",
        "18:29",
        "19:22",
        "20:08",
        "20:59"
    ],
    "holiday": [
        "10:07",
        "10:57",
        "11:47",
        "12:37",
        "13:31",
        "15:11",
        "15:59",
        "16:49",
        "17:39",
        "18:29",
        "20:07",
        "20:59"
    ],
    "url": "https://www.kanachu.co.jp/dia/diagram/timetable01_js/course:0000802478-23/node:00129412/kt:0/lname:/"
}
