{
    "date": "2025/03/15",
    "name": "円行上庭",
    "position": "-",
    "system": "湘19",
    "destinations": [
        "北警察署前(藤沢市)",
        "工業団地入口(藤沢市)",
        "南大山",
        "遠藤(藤沢市)",
        "藤沢ジャンボゴルフ前(藤沢市)",
        "慶応大学",
        "遠藤打越",
        "遠藤西の谷",
        "宇都母知神社入口",
        "打戻大仲",
        "榎戸(藤沢市)",
        "荒井(藤沢市)",
        "堂の前(藤沢市)",
        "光友会入口",
        "獺郷公民館前",
        "獺郷",
        "宮原南",
        "宮原中央",
        "宮原(藤沢市)",
        "中原(藤沢市)",
        "用田辻",
        "用田神社入口",
        "松葉(藤沢市)",
        "女坂",
        "山根(綾瀬市)",
        "吉岡芝原",
        "綾瀬車庫(綾瀬市)"
    ],
    "weekday": [
        "7:36",
        "8:41",
        "9:11",
        "10:01",
        "10:51",
        "11:41",
        "12:40",
        "13:41",
        "14:41",
        "15:41",
        "16:41",
        "17:46",
        "18:11",
        "18:41",
        "19:41",
        "20:41",
        "21:46"
    ],
    "saturday": [
        "7:46",
        "8:41",
        "9:11",
        "10:01",
        "10:51",
        "11:41",
        "12:40",
        "13:41",
        "14:41",
        "15:41",
        "16:41",
        "17:41",
        "18:41",
        "19:41",
        "20:41"
    ],
    "holiday": [
        "7:46",
        "8:41",
        "9:11",
        "10:01",
        "10:51",
        "11:41",
        "12:40",
        "13:41",
        "14:41",
        "15:41",
        "16:41",
        "17:41",
        "18:41",
        "19:41",
        "20:41"
    ],
    "url": "https://www.kanachu.co.jp/dia/diagram/timetable01_js/course:0000801968-2/node:00129896/kt:0/lname:/"
}
