{
    "date": "2025/03/15",
    "name": "北警察署前(藤沢市)",
    "position": "-",
    "system": "湘19",
    "destinations": [
        "工業団地入口(藤沢市)",
        "南大山",
        "遠藤(藤沢市)",
        "藤沢ジャンボゴルフ前(藤沢市)",
        "慶応大学",
        "遠藤打越",
        "遠藤西の谷",
        "宇都母知神社入口",
        "打戻大仲",
        "榎戸(藤沢市)",
        "荒井(藤沢市)",
        "堂の前(藤沢市)",
        "光友会入口",
        "獺郷公民館前",
        "獺郷",
        "宮原南",
        "宮原中央",
        "宮原(藤沢市)",
        "中原(藤沢市)",
        "用田辻",
        "用田神社入口",
        "松葉(藤沢市)",
        "女坂",
        "山根(綾瀬市)",
        "吉岡芝原",
        "綾瀬車庫(綾瀬市)"
    ],
    "weekday": [
        "7:37",
        "8:42",
        "9:12",
        "10:02",
        "10:52",
        "11:42",
        "12:41",
        "13:42",
        "14:42",
        "15:42",
        "16:42",
        "17:47",
        "18:12",
        "18:42",
        "19:42",
        "20:42",
        "21:47"
    ],
    "saturday": [
        "7:47",
        "8:42",
        "9:12",
        "10:02",
        "10:52",
        "11:42",
        "12:41",
        "13:42",
        "14:42",
        "15:42",
        "16:42",
        "17:42",
        "18:42",
        "19:42",
        "20:42"
    ],
    "holiday": [
        "7:47",
        "8:42",
        "9:12",
        "10:02",
        "10:52",
        "11:42",
        "12:41",
        "13:42",
        "14:42",
        "15:42",
        "16:42",
        "17:42",
        "18:42",
        "19:42",
        "20:42"
    ],
    "url": "https://www.kanachu.co.jp/dia/diagram/timetable01_js/course:0000801968-3/node:00129895/kt:0/lname:/"
}
