{
    "date": "2025/03/15",
    "name": "工業団地入口(藤沢市)",
    "position": "-",
    "system": "湘19",
    "destinations": [
        "南大山",
        "遠藤(藤沢市)",
        "藤沢ジャンボゴルフ前(藤沢市)",
        "慶応大学",
        "遠藤打越",
        "遠藤西の谷",
        "宇都母知神社入口",
        "打戻大仲",
        "榎戸(藤沢市)",
        "荒井(藤沢市)",
        "堂の前(藤沢市)",
        "光友会入口",
        "獺郷公民館前",
        "獺郷",
        "宮原南",
        "宮原中央",
        "宮原(藤沢市)",
        "中原(藤沢市)",
        "用田辻",
        "用田神社入口",
        "松葉(藤沢市)",
        "女坂",
        "山根(綾瀬市)",
        "吉岡芝原",
        "綾瀬車庫(綾瀬市)"
    ],
    "weekday": [
        "7:39",
        "8:44",
        "9:14",
        "10:04",
        "10:54",
        "11:44",
        "12:43",
        "13:44",
        "14:44",
        "15:44",
        "16:44",
        "17:49",
        "18:14",
        "18:44",
        "19:44",
        "20:44",
        "21:49"
    ],
    "saturday": [
        "7:49",
        "8:44",
        "9:14",
        "10:04",
        "10:54",
        "11:44",
        "12:43",
        "13:44",
        "14:44",
        "15:44",
        "16:44",
        "17:44",
        "18:44",
        "19:44",
        "20:44"
    ],
    "holiday": [
        "7:49",
        "8:44",
        "9:14",
        "10:04",
        "10:54",
        "11:44",
        "12:43",
        "13:44",
        "14:44",
        "15:44",
        "16:44",
        "17:44",
        "18:44",
        "19:44",
        "20:44"
    ],
    "url": "https://www.kanachu.co.jp/dia/diagram/timetable01_js/course:0000801968-4/node:00129909/kt:0/lname:/"
}
