{
    "date": "2025/03/15",
    "name": "遠藤西の谷",
    "position": "-",
    "system": "湘19",
    "destinations": [
        "宇都母知神社入口",
        "打戻大仲",
        "榎戸(藤沢市)",
        "荒井(藤沢市)",
        "堂の前(藤沢市)",
        "光友会入口",
        "獺郷公民館前",
        "獺郷",
        "宮原南",
        "宮原中央",
        "宮原(藤沢市)",
        "中原(藤沢市)",
        "用田辻",
        "用田神社入口",
        "松葉(藤沢市)",
        "女坂",
        "山根(綾瀬市)",
        "吉岡芝原",
        "綾瀬車庫(綾瀬市)"
    ],
    "weekday": [
        "7:47",
        "8:52",
        "9:22",
        "10:12",
        "11:02",
        "11:52",
        "12:51",
        "13:52",
        "14:52",
        "15:52",
        "16:52",
        "17:57",
        "18:22",
        "18:52",
        "19:52",
        "20:52",
        "21:57"
    ],
    "saturday": [
        "7:57",
        "8:52",
        "9:22",
        "10:12",
        "11:02",
        "11:52",
        "12:51",
        "13:52",
        "14:52",
        "15:52",
        "16:52",
        "17:52",
        "18:52",
        "19:52",
        "20:52"
    ],
    "holiday": [
        "7:57",
        "8:52",
        "9:22",
        "10:12",
        "11:02",
        "11:52",
        "12:51",
        "13:52",
        "14:52",
        "15:52",
        "16:52",
        "17:52",
        "18:52",
        "19:52",
        "20:52"
    ],
    "url": "https://www.kanachu.co.jp/dia/diagram/timetable01_js/course:0000801968-10/node:00130026/kt:0/lname:/"
}
