{
    "date": "2025/03/15",
    "name": "宇都母知神社入口",
    "position": "-",
    "system": "湘19",
    "destinations": [
        "打戻大仲",
        "榎戸(藤沢市)",
        "荒井(藤沢市)",
        "堂の前(藤沢市)",
        "光友会入口",
        "獺郷公民館前",
        "獺郷",
        "宮原南",
        "宮原中央",
        "宮原(藤沢市)",
        "中原(藤沢市)",
        "用田辻",
        "用田神社入口",
        "松葉(藤沢市)",
        "女坂",
        "山根(綾瀬市)",
        "吉岡芝原",
        "綾瀬車庫(綾瀬市)"
    ],
    "weekday": [
        "7:48",
        "8:53",
        "9:23",
        "10:13",
        "11:03",
        "11:53",
        "12:52",
        "13:53",
        "14:53",
        "15:53",
        "16:53",
        "17:58",
        "18:23",
        "18:53",
        "19:53",
        "20:53",
        "21:58"
    ],
    "saturday": [
        "7:58",
        "8:53",
        "9:23",
        "10:13",
        "11:03",
        "11:53",
        "12:52",
        "13:53",
        "14:53",
        "15:53",
        "16:53",
        "17:53",
        "18:53",
        "19:53",
        "20:53"
    ],
    "holiday": [
        "7:58",
        "8:53",
        "9:23",
        "10:13",
        "11:03",
        "11:53",
        "12:52",
        "13:53",
        "14:53",
        "15:53",
        "16:53",
        "17:53",
        "18:53",
        "19:53",
        "20:53"
    ],
    "url": "https://www.kanachu.co.jp/dia/diagram/timetable01_js/course:0000801968-11/node:00130027/kt:0/lname:/"
}
