{
    "date": "2025/03/15",
    "name": "獺郷公民館前",
    "position": "-",
    "system": "湘19",
    "destinations": [
        "獺郷",
        "宮原南",
        "宮原中央",
        "宮原(藤沢市)",
        "中原(藤沢市)",
        "用田辻",
        "用田神社入口",
        "松葉(藤沢市)",
        "女坂",
        "山根(綾瀬市)",
        "吉岡芝原",
        "綾瀬車庫(綾瀬市)"
    ],
    "weekday": [
        "7:53",
        "8:58",
        "9:28",
        "10:18",
        "11:08",
        "11:58",
        "12:57",
        "13:58",
        "14:58",
        "15:58",
        "16:58",
        "18:03",
        "18:28",
        "18:58",
        "19:58",
        "20:58",
        "22:03"
    ],
    "saturday": [
        "8:03",
        "8:58",
        "9:28",
        "10:18",
        "11:08",
        "11:58",
        "12:57",
        "13:58",
        "14:58",
        "15:58",
        "16:58",
        "17:58",
        "18:58",
        "19:58",
        "20:58"
    ],
    "holiday": [
        "8:03",
        "8:58",
        "9:28",
        "10:18",
        "11:08",
        "11:58",
        "12:57",
        "13:58",
        "14:58",
        "15:58",
        "16:58",
        "17:58",
        "18:58",
        "19:58",
        "20:58"
    ],
    "url": "https://www.kanachu.co.jp/dia/diagram/timetable01_js/course:0000801968-17/node:00130033/kt:0/lname:/"
}
