{
    "date": "2025/03/15",
    "name": "用田神社入口",
    "position": "-",
    "system": "湘19",
    "destinations": [
        "松葉(藤沢市)",
        "女坂",
        "山根(綾瀬市)",
        "吉岡芝原",
        "綾瀬車庫(綾瀬市)"
    ],
    "weekday": [
        "8:01",
        "9:06",
        "9:36",
        "10:26",
        "11:16",
        "12:06",
        "13:05",
        "14:06",
        "15:06",
        "16:06",
        "17:06",
        "18:11",
        "18:36",
        "19:06",
        "20:06",
        "21:06",
        "22:11"
    ],
    "saturday": [
        "8:11",
        "9:06",
        "9:36",
        "10:26",
        "11:16",
        "12:06",
        "13:05",
        "14:06",
        "15:06",
        "16:06",
        "17:06",
        "18:06",
        "19:06",
        "20:06",
        "21:06"
    ],
    "holiday": [
        "8:11",
        "9:06",
        "9:36",
        "10:26",
        "11:16",
        "12:06",
        "13:05",
        "14:06",
        "15:06",
        "16:06",
        "17:06",
        "18:06",
        "19:06",
        "20:06",
        "21:06"
    ],
    "url": "https://www.kanachu.co.jp/dia/diagram/timetable01_js/course:0000801968-24/node:00129840/kt:0/lname:/"
}
