{
    "date": "2025/03/15",
    "name": "女坂",
    "position": "-",
    "system": "湘19",
    "destinations": [
        "山根(綾瀬市)",
        "吉岡芝原",
        "綾瀬車庫(綾瀬市)"
    ],
    "weekday": [
        "8:03",
        "9:08",
        "9:38",
        "10:28",
        "11:18",
        "12:08",
        "13:07",
        "14:08",
        "15:08",
        "16:08",
        "17:08",
        "18:13",
        "18:38",
        "19:08",
        "20:08",
        "21:08",
        "22:13"
    ],
    "saturday": [
        "8:13",
        "9:08",
        "9:38",
        "10:28",
        "11:18",
        "12:08",
        "13:07",
        "14:08",
        "15:08",
        "16:08",
        "17:08",
        "18:08",
        "19:08",
        "20:08",
        "21:08"
    ],
    "holiday": [
        "8:13",
        "9:08",
        "9:38",
        "10:28",
        "11:18",
        "12:08",
        "13:07",
        "14:08",
        "15:08",
        "16:08",
        "17:08",
        "18:08",
        "19:08",
        "20:08",
        "21:08"
    ],
    "url": "https://www.kanachu.co.jp/dia/diagram/timetable01_js/course:0000801968-26/node:00129842/kt:0/lname:/"
}
