{
    "date": "2025/04/01",
    "name": "平塚駅南口",
    "position": "-",
    "system": "平39",
    "destinations": [
        "八重咲町",
        "羽衣公園入口",
        "桃浜町",
        "花水公民館前",
        "浜岳中学校前",
        "すみれ平局前",
        "浜岳",
        "花水台",
        "花水公園前",
        "なでしこ公民館前",
        "下花水橋",
        "東町三丁目(中郡大磯町)",
        "長者町芦添",
        "長者町(中郡大磯町)",
        "山王町(中郡大磯町)",
        "図書館前(中郡大磯町)",
        "大磯駅"
    ],
    "weekday": [
        "5:53",
        "6:20",
        "6:40",
        "7:00",
        "7:20",
        "7:40",
        "8:00",
        "8:30",
        "9:00",
        "10:00",
        "11:00",
        "12:00",
        "13:00",
        "14:00",
        "15:00",
        "16:00",
        "17:00",
        "17:36",
        "18:00",
        "18:36",
        "19:00",
        "19:36",
        "20:00",
        "20:36"
    ],
    "saturday": [
        "6:30",
        "7:00",
        "8:00",
        "9:00",
        "10:00",
        "11:00",
        "12:00",
        "13:00",
        "14:00",
        "15:00",
        "16:00",
        "17:00",
        "18:00",
        "19:00",
        "20:00"
    ],
    "holiday": [
        "6:30",
        "7:00",
        "8:00",
        "9:00",
        "10:00",
        "11:00",
        "12:00",
        "13:00",
        "14:00",
        "15:00",
        "16:00",
        "17:00",
        "18:00",
        "19:00",
        "20:00"
    ],
    "url": "https://www.kanachu.co.jp/dia/diagram/timetable01_js/course:0000803815-1/node:00127422/kt:0/lname:/"
}
