{
    "date": "2022/02/05",
    "name": "十間坂",
    "position": "-",
    "system": "茅35",
    "destinations": [
        "茅ヶ崎四ツ角",
        "茅ヶ崎駅"
    ],
    "weekday": [
        "5:41",
        "6:00",
        "6:15",
        "6:35",
        "6:52",
        "6:59",
        "7:12",
        "7:19",
        "7:33",
        "7:49",
        "8:17",
        "9:25",
        "9:45",
        "10:25",
        "10:45",
        "11:25",
        "11:45",
        "12:25",
        "12:45",
        "13:25",
        "13:50",
        "14:25",
        "14:50",
        "15:25",
        "15:50",
        "16:28",
        "16:48",
        "17:30",
        "17:55",
        "18:30",
        "18:55",
        "19:25",
        "19:55"
    ],
    "saturday": [
        "5:46",
        "6:15",
        "6:37",
        "6:58",
        "7:17",
        "7:37",
        "8:17",
        "8:37",
        "9:17",
        "9:37",
        "10:17",
        "10:37",
        "11:17",
        "11:37",
        "12:17",
        "12:37",
        "13:17",
        "13:37",
        "14:17",
        "14:37",
        "15:17",
        "15:37",
        "16:17",
        "16:37",
        "17:20",
        "17:40",
        "18:00",
        "18:20",
        "18:40",
        "19:00",
        "19:20",
        "19:40",
        "20:25",
        "21:25",
        "22:25"
    ],
    "holiday": [
        "5:46",
        "6:15",
        "6:37",
        "6:58",
        "7:17",
        "7:37",
        "8:17",
        "8:37",
        "9:17",
        "9:37",
        "10:17",
        "10:37",
        "11:17",
        "11:37",
        "12:17",
        "12:37",
        "13:17",
        "13:37",
        "14:17",
        "14:37",
        "15:17",
        "15:37",
        "16:17",
        "16:37",
        "17:20",
        "17:40",
        "18:00",
        "18:20",
        "18:40",
        "19:00",
        "19:20",
        "19:40",
        "20:25",
        "21:25",
        "22:25"
    ],
    "url": "https://www.kanachu.co.jp/dia/diagram/timetable01_js/course:0000802113-6/node:00127181/kt:0/lname:/"
}
