{
    "date": "2025/08/30",
    "name": "桜岡小学校前",
    "position": "-",
    "system": "",
    "destinations": [
        "最戸町",
        "南が丘中学校前",
        "別所宮下",
        "普門院前",
        "水道橋下",
        "芹が谷山谷",
        "芹が谷",
        "せりぎんタウン",
        "芹が谷団地前",
        "永谷地区センター前",
        "平戸(横浜市港南区)",
        "下永谷(横浜市港南区)",
        "般若寺橋",
        "中永谷",
        "水田(横浜市港南区)",
        "日限地蔵入口",
        "永野小学校前",
        "上永谷駅",
        "馬洗橋",
        "北永作",
        "永作",
        "下車ヶ谷",
        "吉原小学校前(横浜市港南区)",
        "新吉原橋",
        "吉原(横浜市港南区)",
        "港南区総合庁舎前",
        "笹下港南中央通り",
        "関の下",
        "上大岡駅"
    ],
    "weekday": [
        "7:48",
        "8:30",
        "9:30",
        "9:51",
        "10:30",
        "11:30",
        "11:58",
        "12:30",
        "12:58",
        "13:30",
        "13:58",
        "14:30",
        "14:58",
        "15:30",
        "15:58",
        "16:58",
        "17:57",
        "18:55",
        "19:57",
        "20:54"
    ],
    "saturday": [
        "7:00",
        "7:59",
        "8:58",
        "9:30",
        "9:58",
        "10:30",
        "10:58",
        "11:30",
        "11:58",
        "12:30",
        "12:55",
        "13:30",
        "13:55",
        "14:30",
        "14:55",
        "15:30",
        "15:55",
        "16:55",
        "17:55",
        "18:53",
        "19:53",
        "21:05"
    ],
    "holiday": [
        "7:59",
        "8:30",
        "8:58",
        "9:30",
        "9:58",
        "10:30",
        "10:58",
        "11:30",
        "11:58",
        "12:30",
        "12:58",
        "13:30",
        "13:55",
        "14:30",
        "14:55",
        "15:30",
        "15:55",
        "16:55",
        "17:30",
        "17:55",
        "18:53",
        "19:55",
        "21:07"
    ],
    "url": "https://www.kanachu.co.jp/dia/diagram/timetable01_js/course:0000803868-3/node:00126560/kt:0/lname:/"
}
