{
    "date": "2025/08/30",
    "name": "最戸町",
    "position": "-",
    "system": "",
    "destinations": [
        "南が丘中学校前",
        "別所宮下",
        "普門院前",
        "水道橋下",
        "芹が谷山谷",
        "芹が谷",
        "せりぎんタウン",
        "芹が谷団地前",
        "永谷地区センター前",
        "平戸(横浜市港南区)",
        "下永谷(横浜市港南区)",
        "般若寺橋",
        "中永谷",
        "水田(横浜市港南区)",
        "日限地蔵入口",
        "永野小学校前",
        "上永谷駅",
        "馬洗橋",
        "北永作",
        "永作",
        "下車ヶ谷",
        "吉原小学校前(横浜市港南区)",
        "新吉原橋",
        "吉原(横浜市港南区)",
        "港南区総合庁舎前",
        "笹下港南中央通り",
        "関の下",
        "上大岡駅"
    ],
    "weekday": [
        "7:50",
        "8:32",
        "9:32",
        "9:53",
        "10:32",
        "11:32",
        "12:00",
        "12:32",
        "13:00",
        "13:32",
        "14:00",
        "14:32",
        "15:00",
        "15:32",
        "16:00",
        "17:00",
        "17:59",
        "18:57",
        "19:59",
        "20:56"
    ],
    "saturday": [
        "7:02",
        "8:01",
        "9:00",
        "9:32",
        "10:00",
        "10:32",
        "11:00",
        "11:32",
        "12:00",
        "12:32",
        "12:57",
        "13:32",
        "13:57",
        "14:32",
        "14:57",
        "15:32",
        "15:57",
        "16:57",
        "17:57",
        "18:55",
        "19:55",
        "21:07"
    ],
    "holiday": [
        "8:01",
        "8:32",
        "9:00",
        "9:32",
        "10:00",
        "10:32",
        "11:00",
        "11:32",
        "12:00",
        "12:32",
        "13:00",
        "13:32",
        "13:57",
        "14:32",
        "14:57",
        "15:32",
        "15:57",
        "16:57",
        "17:32",
        "17:57",
        "18:55",
        "19:57",
        "21:09"
    ],
    "url": "https://www.kanachu.co.jp/dia/diagram/timetable01_js/course:0000803868-4/node:00126561/kt:0/lname:/"
}
