{
    "date": "2025/08/30",
    "name": "南が丘中学校前",
    "position": "-",
    "system": "30",
    "destinations": [
        "別所宮下",
        "普門院前",
        "水道橋下",
        "芹が谷山谷",
        "芹が谷",
        "せりぎんタウン",
        "芹が谷団地前",
        "永谷地区センター前",
        "平戸(横浜市港南区)",
        "下永谷(横浜市港南区)",
        "般若寺橋",
        "中永谷",
        "水田(横浜市港南区)",
        "日限地蔵入口",
        "永野小学校前",
        "上永谷駅",
        "馬洗橋",
        "北永作",
        "永作",
        "下車ヶ谷",
        "吉原小学校前(横浜市港南区)",
        "新吉原橋",
        "吉原(横浜市港南区)",
        "港南区総合庁舎前",
        "笹下港南中央通り",
        "関の下",
        "上大岡駅"
    ],
    "weekday": [
        "7:52",
        "8:34",
        "9:34",
        "9:55",
        "10:34",
        "11:34",
        "12:02",
        "12:34",
        "13:02",
        "13:34",
        "14:02",
        "14:34",
        "15:02",
        "15:34",
        "16:02",
        "17:02",
        "18:01",
        "18:59",
        "20:01",
        "20:57"
    ],
    "saturday": [
        "7:03",
        "8:03",
        "9:02",
        "9:34",
        "10:02",
        "10:34",
        "11:02",
        "11:34",
        "12:02",
        "12:34",
        "12:59",
        "13:34",
        "13:59",
        "14:34",
        "14:59",
        "15:34",
        "15:59",
        "16:59",
        "17:59",
        "18:57",
        "19:57",
        "21:08"
    ],
    "holiday": [
        "8:03",
        "8:34",
        "9:02",
        "9:34",
        "10:02",
        "10:34",
        "11:02",
        "11:34",
        "12:02",
        "12:34",
        "13:02",
        "13:34",
        "13:59",
        "14:34",
        "14:59",
        "15:34",
        "15:59",
        "16:59",
        "17:34",
        "17:59",
        "18:57",
        "19:58",
        "21:10"
    ],
    "url": "https://www.kanachu.co.jp/dia/diagram/timetable01_js/course:0000803868-5/node:00126562/kt:0/lname:/"
}
