{
    "date": "2025/08/30",
    "name": "別所宮下",
    "position": "-",
    "system": "",
    "destinations": [
        "普門院前",
        "水道橋下",
        "芹が谷山谷",
        "芹が谷",
        "せりぎんタウン",
        "芹が谷団地前",
        "永谷地区センター前",
        "平戸(横浜市港南区)",
        "下永谷(横浜市港南区)",
        "般若寺橋",
        "中永谷",
        "水田(横浜市港南区)",
        "日限地蔵入口",
        "永野小学校前",
        "上永谷駅",
        "馬洗橋",
        "北永作",
        "永作",
        "下車ヶ谷",
        "吉原小学校前(横浜市港南区)",
        "新吉原橋",
        "吉原(横浜市港南区)",
        "港南区総合庁舎前",
        "笹下港南中央通り",
        "関の下",
        "上大岡駅"
    ],
    "weekday": [
        "7:53",
        "8:35",
        "9:35",
        "9:56",
        "10:35",
        "11:35",
        "12:03",
        "12:35",
        "13:03",
        "13:35",
        "14:03",
        "14:35",
        "15:03",
        "15:35",
        "16:03",
        "17:03",
        "18:02",
        "19:00",
        "20:02",
        "20:58"
    ],
    "saturday": [
        "7:04",
        "8:04",
        "9:03",
        "9:35",
        "10:03",
        "10:35",
        "11:03",
        "11:35",
        "12:03",
        "12:35",
        "13:00",
        "13:35",
        "14:00",
        "14:35",
        "15:00",
        "15:35",
        "16:00",
        "17:00",
        "18:00",
        "18:58",
        "19:58",
        "21:09"
    ],
    "holiday": [
        "8:04",
        "8:35",
        "9:03",
        "9:35",
        "10:03",
        "10:35",
        "11:03",
        "11:35",
        "12:03",
        "12:35",
        "13:03",
        "13:35",
        "14:00",
        "14:35",
        "15:00",
        "15:35",
        "16:00",
        "17:00",
        "17:35",
        "18:00",
        "18:58",
        "19:59",
        "21:11"
    ],
    "url": "https://www.kanachu.co.jp/dia/diagram/timetable01_js/course:0000803868-6/node:00126563/kt:0/lname:/"
}
