{
    "date": "2025/08/30",
    "name": "普門院前",
    "position": "-",
    "system": "30",
    "destinations": [
        "水道橋下",
        "芹が谷山谷",
        "芹が谷",
        "せりぎんタウン",
        "芹が谷団地前",
        "永谷地区センター前",
        "平戸(横浜市港南区)",
        "下永谷(横浜市港南区)",
        "般若寺橋",
        "中永谷",
        "水田(横浜市港南区)",
        "日限地蔵入口",
        "永野小学校前",
        "上永谷駅",
        "馬洗橋",
        "北永作",
        "永作",
        "下車ヶ谷",
        "吉原小学校前(横浜市港南区)",
        "新吉原橋",
        "吉原(横浜市港南区)",
        "港南区総合庁舎前",
        "笹下港南中央通り",
        "関の下",
        "上大岡駅"
    ],
    "weekday": [
        "7:54",
        "8:36",
        "9:36",
        "9:57",
        "10:36",
        "11:36",
        "12:04",
        "12:36",
        "13:04",
        "13:36",
        "14:04",
        "14:36",
        "15:04",
        "15:36",
        "16:04",
        "17:04",
        "18:03",
        "19:01",
        "20:03",
        "20:59"
    ],
    "saturday": [
        "7:05",
        "8:05",
        "9:04",
        "9:36",
        "10:04",
        "10:36",
        "11:04",
        "11:36",
        "12:04",
        "12:36",
        "13:01",
        "13:36",
        "14:01",
        "14:36",
        "15:01",
        "15:36",
        "16:01",
        "17:01",
        "18:01",
        "18:59",
        "19:59",
        "21:10"
    ],
    "holiday": [
        "8:05",
        "8:36",
        "9:04",
        "9:36",
        "10:04",
        "10:36",
        "11:04",
        "11:36",
        "12:04",
        "12:36",
        "13:04",
        "13:36",
        "14:01",
        "14:36",
        "15:01",
        "15:36",
        "16:01",
        "17:01",
        "17:36",
        "18:01",
        "18:59",
        "20:00",
        "21:12"
    ],
    "url": "https://www.kanachu.co.jp/dia/diagram/timetable01_js/course:0000803868-7/node:00126564/kt:0/lname:/"
}
