{
    "date": "2025/08/30",
    "name": "せりぎんタウン",
    "position": "-",
    "system": "",
    "destinations": [
        "芹が谷団地前",
        "永谷地区センター前",
        "平戸(横浜市港南区)",
        "下永谷(横浜市港南区)",
        "般若寺橋",
        "中永谷",
        "水田(横浜市港南区)",
        "日限地蔵入口",
        "永野小学校前",
        "上永谷駅",
        "馬洗橋",
        "北永作",
        "永作",
        "下車ヶ谷",
        "吉原小学校前(横浜市港南区)",
        "新吉原橋",
        "吉原(横浜市港南区)",
        "港南区総合庁舎前",
        "笹下港南中央通り",
        "関の下",
        "上大岡駅"
    ],
    "weekday": [
        "8:01",
        "8:43",
        "9:43",
        "10:04",
        "10:43",
        "11:43",
        "12:11",
        "12:43",
        "13:11",
        "13:43",
        "14:11",
        "14:43",
        "15:11",
        "15:43",
        "16:11",
        "17:11",
        "18:10",
        "19:08",
        "20:09",
        "21:05"
    ],
    "saturday": [
        "7:11",
        "8:12",
        "9:11",
        "9:43",
        "10:11",
        "10:43",
        "11:11",
        "11:43",
        "12:11",
        "12:43",
        "13:08",
        "13:43",
        "14:08",
        "14:43",
        "15:08",
        "15:43",
        "16:08",
        "17:08",
        "18:08",
        "19:06",
        "20:06",
        "21:16"
    ],
    "holiday": [
        "8:12",
        "8:43",
        "9:11",
        "9:43",
        "10:11",
        "10:43",
        "11:11",
        "11:43",
        "12:11",
        "12:43",
        "13:11",
        "13:43",
        "14:08",
        "14:43",
        "15:08",
        "15:43",
        "16:08",
        "17:08",
        "17:43",
        "18:08",
        "19:06",
        "20:06",
        "21:18"
    ],
    "url": "https://www.kanachu.co.jp/dia/diagram/timetable01_js/course:0000803868-11/node:00126568/kt:0/lname:/"
}
