{
    "date": "2025/08/30",
    "name": "平戸(横浜市港南区)",
    "position": "-",
    "system": "30",
    "destinations": [
        "下永谷(横浜市港南区)",
        "般若寺橋",
        "中永谷",
        "水田(横浜市港南区)",
        "日限地蔵入口",
        "永野小学校前",
        "上永谷駅",
        "馬洗橋",
        "北永作",
        "永作",
        "下車ヶ谷",
        "吉原小学校前(横浜市港南区)",
        "新吉原橋",
        "吉原(横浜市港南区)",
        "港南区総合庁舎前",
        "笹下港南中央通り",
        "関の下",
        "上大岡駅"
    ],
    "weekday": [
        "8:04",
        "8:46",
        "9:46",
        "10:07",
        "10:46",
        "11:46",
        "12:14",
        "12:46",
        "13:14",
        "13:46",
        "14:14",
        "14:46",
        "15:14",
        "15:46",
        "16:14",
        "17:14",
        "18:13",
        "19:11",
        "20:12",
        "21:08"
    ],
    "saturday": [
        "7:14",
        "8:15",
        "9:14",
        "9:46",
        "10:14",
        "10:46",
        "11:14",
        "11:46",
        "12:14",
        "12:46",
        "13:11",
        "13:46",
        "14:11",
        "14:46",
        "15:11",
        "15:46",
        "16:11",
        "17:11",
        "18:11",
        "19:09",
        "20:09",
        "21:19"
    ],
    "holiday": [
        "8:15",
        "8:46",
        "9:14",
        "9:46",
        "10:14",
        "10:46",
        "11:14",
        "11:46",
        "12:14",
        "12:46",
        "13:14",
        "13:46",
        "14:11",
        "14:46",
        "15:11",
        "15:46",
        "16:11",
        "17:11",
        "17:46",
        "18:11",
        "19:09",
        "20:09",
        "21:21"
    ],
    "url": "https://www.kanachu.co.jp/dia/diagram/timetable01_js/course:0000803868-14/node:00102977/kt:0/lname:/"
}
