{
    "date": "2025/08/30",
    "name": "中永谷",
    "position": "-",
    "system": "",
    "destinations": [
        "水田(横浜市港南区)",
        "日限地蔵入口",
        "永野小学校前",
        "上永谷駅",
        "馬洗橋",
        "北永作",
        "永作",
        "下車ヶ谷",
        "吉原小学校前(横浜市港南区)",
        "新吉原橋",
        "吉原(横浜市港南区)",
        "港南区総合庁舎前",
        "笹下港南中央通り",
        "関の下",
        "上大岡駅"
    ],
    "weekday": [
        "8:08",
        "8:50",
        "9:50",
        "10:11",
        "10:50",
        "11:50",
        "12:18",
        "12:50",
        "13:18",
        "13:50",
        "14:18",
        "14:50",
        "15:18",
        "15:50",
        "16:18",
        "17:18",
        "18:17",
        "19:15",
        "20:15",
        "21:11"
    ],
    "saturday": [
        "7:17",
        "8:19",
        "9:18",
        "9:50",
        "10:18",
        "10:50",
        "11:18",
        "11:50",
        "12:18",
        "12:50",
        "13:15",
        "13:50",
        "14:15",
        "14:50",
        "15:15",
        "15:50",
        "16:15",
        "17:15",
        "18:15",
        "19:13",
        "20:12",
        "21:22"
    ],
    "holiday": [
        "8:19",
        "8:50",
        "9:18",
        "9:50",
        "10:18",
        "10:50",
        "11:18",
        "11:50",
        "12:18",
        "12:50",
        "13:18",
        "13:50",
        "14:15",
        "14:50",
        "15:15",
        "15:50",
        "16:15",
        "17:15",
        "17:50",
        "18:15",
        "19:13",
        "20:12",
        "21:24"
    ],
    "url": "https://www.kanachu.co.jp/dia/diagram/timetable01_js/course:0000803868-17/node:00102823/kt:0/lname:/"
}
