{
    "date": "2025/08/30",
    "name": "水田(横浜市港南区)",
    "position": "-",
    "system": "",
    "destinations": [
        "日限地蔵入口",
        "永野小学校前",
        "上永谷駅",
        "馬洗橋",
        "北永作",
        "永作",
        "下車ヶ谷",
        "吉原小学校前(横浜市港南区)",
        "新吉原橋",
        "吉原(横浜市港南区)",
        "港南区総合庁舎前",
        "笹下港南中央通り",
        "関の下",
        "上大岡駅"
    ],
    "weekday": [
        "8:10",
        "8:52",
        "9:52",
        "10:13",
        "10:52",
        "11:52",
        "12:20",
        "12:52",
        "13:20",
        "13:52",
        "14:20",
        "14:52",
        "15:20",
        "15:52",
        "16:20",
        "17:20",
        "18:19",
        "19:17",
        "20:16",
        "21:12"
    ],
    "saturday": [
        "7:18",
        "8:21",
        "9:20",
        "9:52",
        "10:20",
        "10:52",
        "11:20",
        "11:52",
        "12:20",
        "12:52",
        "13:17",
        "13:52",
        "14:17",
        "14:52",
        "15:17",
        "15:52",
        "16:17",
        "17:17",
        "18:17",
        "19:15",
        "20:13",
        "21:23"
    ],
    "holiday": [
        "8:21",
        "8:52",
        "9:20",
        "9:52",
        "10:20",
        "10:52",
        "11:20",
        "11:52",
        "12:20",
        "12:52",
        "13:20",
        "13:52",
        "14:17",
        "14:52",
        "15:17",
        "15:52",
        "16:17",
        "17:17",
        "17:52",
        "18:17",
        "19:15",
        "20:13",
        "21:25"
    ],
    "url": "https://www.kanachu.co.jp/dia/diagram/timetable01_js/course:0000803868-18/node:00102646/kt:0/lname:/"
}
