{
    "date": "2025/08/30",
    "name": "日限地蔵入口",
    "position": "-",
    "system": "30",
    "destinations": [
        "永野小学校前",
        "上永谷駅",
        "馬洗橋",
        "北永作",
        "永作",
        "下車ヶ谷",
        "吉原小学校前(横浜市港南区)",
        "新吉原橋",
        "吉原(横浜市港南区)",
        "港南区総合庁舎前",
        "笹下港南中央通り",
        "関の下",
        "上大岡駅"
    ],
    "weekday": [
        "8:11",
        "8:53",
        "9:53",
        "10:14",
        "10:53",
        "11:53",
        "12:21",
        "12:53",
        "13:21",
        "13:53",
        "14:21",
        "14:53",
        "15:21",
        "15:53",
        "16:21",
        "17:21",
        "18:20",
        "19:18",
        "20:17",
        "21:13"
    ],
    "saturday": [
        "7:19",
        "8:22",
        "9:21",
        "9:53",
        "10:21",
        "10:53",
        "11:21",
        "11:53",
        "12:21",
        "12:53",
        "13:18",
        "13:53",
        "14:18",
        "14:53",
        "15:18",
        "15:53",
        "16:18",
        "17:18",
        "18:18",
        "19:16",
        "20:14",
        "21:24"
    ],
    "holiday": [
        "8:22",
        "8:53",
        "9:21",
        "9:53",
        "10:21",
        "10:53",
        "11:21",
        "11:53",
        "12:21",
        "12:53",
        "13:21",
        "13:53",
        "14:18",
        "14:53",
        "15:18",
        "15:53",
        "16:18",
        "17:18",
        "17:53",
        "18:18",
        "19:16",
        "20:14",
        "21:26"
    ],
    "url": "https://www.kanachu.co.jp/dia/diagram/timetable01_js/course:0000803868-19/node:00102960/kt:0/lname:/"
}
