{
    "date": "2025/08/30",
    "name": "永野小学校前",
    "position": "-",
    "system": "",
    "destinations": [
        "上永谷駅",
        "馬洗橋",
        "北永作",
        "永作",
        "下車ヶ谷",
        "吉原小学校前(横浜市港南区)",
        "新吉原橋",
        "吉原(横浜市港南区)",
        "港南区総合庁舎前",
        "笹下港南中央通り",
        "関の下",
        "上大岡駅"
    ],
    "weekday": [
        "8:13",
        "8:55",
        "9:55",
        "10:16",
        "10:55",
        "11:55",
        "12:23",
        "12:55",
        "13:23",
        "13:55",
        "14:23",
        "14:55",
        "15:23",
        "15:55",
        "16:23",
        "17:23",
        "18:22",
        "19:20",
        "20:19",
        "21:15"
    ],
    "saturday": [
        "7:21",
        "8:24",
        "9:23",
        "9:55",
        "10:23",
        "10:55",
        "11:23",
        "11:55",
        "12:23",
        "12:55",
        "13:20",
        "13:55",
        "14:20",
        "14:55",
        "15:20",
        "15:55",
        "16:20",
        "17:20",
        "18:20",
        "19:18",
        "20:16",
        "21:26"
    ],
    "holiday": [
        "8:24",
        "8:55",
        "9:23",
        "9:55",
        "10:23",
        "10:55",
        "11:23",
        "11:55",
        "12:23",
        "12:55",
        "13:23",
        "13:55",
        "14:20",
        "14:55",
        "15:20",
        "15:55",
        "16:20",
        "17:20",
        "17:55",
        "18:20",
        "19:18",
        "20:16",
        "21:28"
    ],
    "url": "https://www.kanachu.co.jp/dia/diagram/timetable01_js/course:0000803868-20/node:00102835/kt:0/lname:/"
}
