{
    "date": "2025/08/30",
    "name": "上永谷駅",
    "position": "-",
    "system": "",
    "destinations": [
        "馬洗橋",
        "北永作",
        "永作",
        "下車ヶ谷",
        "吉原小学校前(横浜市港南区)",
        "新吉原橋",
        "吉原(横浜市港南区)",
        "港南区総合庁舎前",
        "笹下港南中央通り",
        "関の下",
        "上大岡駅"
    ],
    "weekday": [
        "8:18",
        "9:00",
        "10:00",
        "10:21",
        "11:00",
        "12:00",
        "12:28",
        "13:00",
        "13:28",
        "14:00",
        "14:28",
        "15:00",
        "15:28",
        "16:00",
        "16:28",
        "17:28",
        "18:27",
        "19:25",
        "20:21",
        "21:17"
    ],
    "saturday": [
        "7:25",
        "8:29",
        "9:28",
        "10:00",
        "10:28",
        "11:00",
        "11:28",
        "12:00",
        "12:28",
        "13:00",
        "13:25",
        "14:00",
        "14:25",
        "15:00",
        "15:25",
        "16:00",
        "16:25",
        "17:25",
        "18:25",
        "19:23",
        "20:18",
        "21:28"
    ],
    "holiday": [
        "8:29",
        "9:00",
        "9:28",
        "10:00",
        "10:28",
        "11:00",
        "11:28",
        "12:00",
        "12:28",
        "13:00",
        "13:28",
        "14:00",
        "14:25",
        "15:00",
        "15:25",
        "16:00",
        "16:25",
        "17:25",
        "18:00",
        "18:25",
        "19:23",
        "20:18",
        "21:30"
    ],
    "url": "https://www.kanachu.co.jp/dia/diagram/timetable01_js/course:0000803868-21/node:00102365/kt:0/lname:/"
}
