{
    "date": "2025/08/30",
    "name": "馬洗橋",
    "position": "-",
    "system": "",
    "destinations": [
        "北永作",
        "永作",
        "下車ヶ谷",
        "吉原小学校前(横浜市港南区)",
        "新吉原橋",
        "吉原(横浜市港南区)",
        "港南区総合庁舎前",
        "笹下港南中央通り",
        "関の下",
        "上大岡駅"
    ],
    "weekday": [
        "8:19",
        "9:01",
        "10:01",
        "10:22",
        "11:01",
        "12:01",
        "12:29",
        "13:01",
        "13:29",
        "14:01",
        "14:29",
        "15:01",
        "15:29",
        "16:01",
        "16:29",
        "17:29",
        "18:28",
        "19:26",
        "20:22",
        "21:18"
    ],
    "saturday": [
        "7:26",
        "8:30",
        "9:29",
        "10:01",
        "10:29",
        "11:01",
        "11:29",
        "12:01",
        "12:29",
        "13:01",
        "13:26",
        "14:01",
        "14:26",
        "15:01",
        "15:26",
        "16:01",
        "16:26",
        "17:26",
        "18:26",
        "19:24",
        "20:19",
        "21:29"
    ],
    "holiday": [
        "8:30",
        "9:01",
        "9:29",
        "10:01",
        "10:29",
        "11:01",
        "11:29",
        "12:01",
        "12:29",
        "13:01",
        "13:29",
        "14:01",
        "14:26",
        "15:01",
        "15:26",
        "16:01",
        "16:26",
        "17:26",
        "18:01",
        "18:26",
        "19:24",
        "20:19",
        "21:31"
    ],
    "url": "https://www.kanachu.co.jp/dia/diagram/timetable01_js/course:0000803868-22/node:00126576/kt:0/lname:/"
}
