{
    "date": "2025/08/30",
    "name": "吉原小学校前(横浜市港南区)",
    "position": "-",
    "system": "",
    "destinations": [
        "新吉原橋",
        "吉原(横浜市港南区)",
        "港南区総合庁舎前",
        "笹下港南中央通り",
        "関の下",
        "上大岡駅"
    ],
    "weekday": [
        "8:23",
        "9:05",
        "10:05",
        "10:26",
        "11:05",
        "12:05",
        "12:33",
        "13:05",
        "13:33",
        "14:05",
        "14:33",
        "15:05",
        "15:33",
        "16:05",
        "16:33",
        "17:33",
        "18:32",
        "19:30",
        "20:26",
        "21:22"
    ],
    "saturday": [
        "7:30",
        "8:34",
        "9:33",
        "10:05",
        "10:33",
        "11:05",
        "11:33",
        "12:05",
        "12:33",
        "13:05",
        "13:30",
        "14:05",
        "14:30",
        "15:05",
        "15:30",
        "16:05",
        "16:30",
        "17:30",
        "18:30",
        "19:28",
        "20:23",
        "21:33"
    ],
    "holiday": [
        "8:34",
        "9:05",
        "9:33",
        "10:05",
        "10:33",
        "11:05",
        "11:33",
        "12:05",
        "12:33",
        "13:05",
        "13:33",
        "14:05",
        "14:30",
        "15:05",
        "15:30",
        "16:05",
        "16:30",
        "17:30",
        "18:05",
        "18:30",
        "19:28",
        "20:23",
        "21:35"
    ],
    "url": "https://www.kanachu.co.jp/dia/diagram/timetable01_js/course:0000803868-26/node:00126580/kt:0/lname:/"
}
