{
    "date": "2025/08/30",
    "name": "新吉原橋",
    "position": "-",
    "system": "30",
    "destinations": [
        "吉原(横浜市港南区)",
        "港南区総合庁舎前",
        "笹下港南中央通り",
        "関の下",
        "上大岡駅"
    ],
    "weekday": [
        "8:25",
        "9:07",
        "10:07",
        "10:28",
        "11:07",
        "12:07",
        "12:35",
        "13:07",
        "13:35",
        "14:07",
        "14:35",
        "15:07",
        "15:35",
        "16:07",
        "16:35",
        "17:35",
        "18:34",
        "19:32",
        "20:28",
        "21:24"
    ],
    "saturday": [
        "7:32",
        "8:36",
        "9:35",
        "10:07",
        "10:35",
        "11:07",
        "11:35",
        "12:07",
        "12:35",
        "13:07",
        "13:32",
        "14:07",
        "14:32",
        "15:07",
        "15:32",
        "16:07",
        "16:32",
        "17:32",
        "18:32",
        "19:30",
        "20:25",
        "21:35"
    ],
    "holiday": [
        "8:36",
        "9:07",
        "9:35",
        "10:07",
        "10:35",
        "11:07",
        "11:35",
        "12:07",
        "12:35",
        "13:07",
        "13:35",
        "14:07",
        "14:32",
        "15:07",
        "15:32",
        "16:07",
        "16:32",
        "17:32",
        "18:07",
        "18:32",
        "19:30",
        "20:25",
        "21:37"
    ],
    "url": "https://www.kanachu.co.jp/dia/diagram/timetable01_js/course:0000803868-27/node:00102633/kt:0/lname:/"
}
