{
    "date": "2025/08/30",
    "name": "吉原(横浜市港南区)",
    "position": "-",
    "system": "",
    "destinations": [
        "港南区総合庁舎前",
        "笹下港南中央通り",
        "関の下",
        "上大岡駅"
    ],
    "weekday": [
        "8:26",
        "9:08",
        "10:08",
        "10:29",
        "11:08",
        "12:08",
        "12:36",
        "13:08",
        "13:36",
        "14:08",
        "14:36",
        "15:08",
        "15:36",
        "16:08",
        "16:36",
        "17:36",
        "18:35",
        "19:33",
        "20:29",
        "21:25"
    ],
    "saturday": [
        "7:33",
        "8:37",
        "9:36",
        "10:08",
        "10:36",
        "11:08",
        "11:36",
        "12:08",
        "12:36",
        "13:08",
        "13:33",
        "14:08",
        "14:33",
        "15:08",
        "15:33",
        "16:08",
        "16:33",
        "17:33",
        "18:33",
        "19:31",
        "20:26",
        "21:36"
    ],
    "holiday": [
        "8:37",
        "9:08",
        "9:36",
        "10:08",
        "10:36",
        "11:08",
        "11:36",
        "12:08",
        "12:36",
        "13:08",
        "13:36",
        "14:08",
        "14:33",
        "15:08",
        "15:33",
        "16:08",
        "16:33",
        "17:33",
        "18:08",
        "18:33",
        "19:31",
        "20:26",
        "21:38"
    ],
    "url": "https://www.kanachu.co.jp/dia/diagram/timetable01_js/course:0000803868-28/node:00103230/kt:0/lname:/"
}
