{
    "date": "2025/08/30",
    "name": "笹下港南中央通り",
    "position": "-",
    "system": "30",
    "destinations": [
        "関の下",
        "上大岡駅"
    ],
    "weekday": [
        "8:29",
        "9:11",
        "10:11",
        "10:32",
        "11:11",
        "12:11",
        "12:39",
        "13:11",
        "13:39",
        "14:11",
        "14:39",
        "15:11",
        "15:39",
        "16:11",
        "16:39",
        "17:39",
        "18:38",
        "19:36",
        "20:32",
        "21:28"
    ],
    "saturday": [
        "7:36",
        "8:40",
        "9:39",
        "10:11",
        "10:39",
        "11:11",
        "11:39",
        "12:11",
        "12:39",
        "13:11",
        "13:36",
        "14:11",
        "14:36",
        "15:11",
        "15:36",
        "16:11",
        "16:36",
        "17:36",
        "18:36",
        "19:34",
        "20:29",
        "21:39"
    ],
    "holiday": [
        "8:40",
        "9:11",
        "9:39",
        "10:11",
        "10:39",
        "11:11",
        "11:39",
        "12:11",
        "12:39",
        "13:11",
        "13:39",
        "14:11",
        "14:36",
        "15:11",
        "15:36",
        "16:11",
        "16:36",
        "17:36",
        "18:11",
        "18:36",
        "19:34",
        "20:29",
        "21:41"
    ],
    "url": "https://www.kanachu.co.jp/dia/diagram/timetable01_js/course:0000803868-30/node:00126558/kt:0/lname:/"
}
