{
    "date": "2025/08/30",
    "name": "関の下",
    "position": "-",
    "system": "30",
    "destinations": [
        "上大岡駅"
    ],
    "weekday": [
        "8:30",
        "9:12",
        "10:12",
        "10:33",
        "11:12",
        "12:12",
        "12:40",
        "13:12",
        "13:40",
        "14:12",
        "14:40",
        "15:12",
        "15:40",
        "16:12",
        "16:40",
        "17:40",
        "18:39",
        "19:37",
        "20:33",
        "21:29"
    ],
    "saturday": [
        "7:37",
        "8:41",
        "9:40",
        "10:12",
        "10:40",
        "11:12",
        "11:40",
        "12:12",
        "12:40",
        "13:12",
        "13:37",
        "14:12",
        "14:37",
        "15:12",
        "15:37",
        "16:12",
        "16:37",
        "17:37",
        "18:37",
        "19:35",
        "20:30",
        "21:40"
    ],
    "holiday": [
        "8:41",
        "9:12",
        "9:40",
        "10:12",
        "10:40",
        "11:12",
        "11:40",
        "12:12",
        "12:40",
        "13:12",
        "13:40",
        "14:12",
        "14:37",
        "15:12",
        "15:37",
        "16:12",
        "16:37",
        "17:37",
        "18:12",
        "18:37",
        "19:35",
        "20:30",
        "21:42"
    ],
    "url": "https://www.kanachu.co.jp/dia/diagram/timetable01_js/course:0000803868-31/node:00102671/kt:0/lname:/"
}
