{
    "date": "2017/03/26",
    "name": "芹が谷山谷",
    "position": "-",
    "system": "港95",
    "destinations": [
        "水道橋下",
        "普門院前",
        "別所宮下",
        "南が丘中学校前",
        "最戸町",
        "最戸橋",
        "上大岡駅"
    ],
    "weekday": [
        "8:34"
    ],
    "saturday": [],
    "holiday": [],
    "url": "https://www.kanachu.co.jp/dia/diagram/timetable01_js/course:0000800835-25/node:00126566/kt:0/lname:/"
}
