{
    "date": "2024/03/16",
    "name": "下常盤",
    "position": "-",
    "system": "淵65",
    "destinations": [
        "中常盤",
        "常盤(町田市)",
        "下馬場",
        "馬場十字路",
        "上馬場(町田市)",
        "見晴らしの丘",
        "小山ヶ丘一丁目",
        "上中村(町田市)",
        "多摩境通り北",
        "神奈中多摩車庫"
    ],
    "weekday": [
        "9:05",
        "10:03",
        "10:32",
        "11:27",
        "12:29",
        "13:19",
        "14:39",
        "15:39",
        "16:20",
        "16:51",
        "19:15",
        "20:02",
        "20:22",
        "20:47"
    ],
    "saturday": [
        "9:07",
        "11:28",
        "13:20",
        "13:50",
        "14:15",
        "15:23",
        "16:40",
        "18:07",
        "19:25",
        "19:55"
    ],
    "holiday": [
        "9:22",
        "10:32",
        "11:20",
        "12:26",
        "13:28",
        "15:33",
        "16:08",
        "17:30",
        "19:09"
    ],
    "url": "https://www.kanachu.co.jp/dia/diagram/timetable01_js/course:0000800717-10/node:00130099/kt:0/lname:/"
}
