{
    "date": "2024/03/16",
    "name": "小山ヶ丘一丁目",
    "position": "-",
    "system": "淵65",
    "destinations": [
        "上中村(町田市)",
        "多摩境通り北",
        "神奈中多摩車庫"
    ],
    "weekday": [
        "9:13",
        "10:11",
        "10:40",
        "11:35",
        "12:37",
        "13:27",
        "14:47",
        "15:47",
        "16:28",
        "16:59",
        "19:23",
        "20:08",
        "20:28",
        "20:53"
    ],
    "saturday": [
        "9:13",
        "11:36",
        "13:28",
        "13:58",
        "14:23",
        "15:31",
        "16:49",
        "18:13",
        "19:31",
        "20:01"
    ],
    "holiday": [
        "9:28",
        "10:40",
        "11:28",
        "12:34",
        "13:36",
        "15:41",
        "16:17",
        "17:39",
        "19:15"
    ],
    "url": "https://www.kanachu.co.jp/dia/diagram/timetable01_js/course:0000800717-17/node:00130128/kt:0/lname:/"
}
