{
    "date": "2024/05/20",
    "name": "日向新田",
    "position": "-",
    "system": "伊36",
    "destinations": [
        "薬師入口",
        "はつみ坂",
        "日向川",
        "馬場リハビリ入口",
        "神奈川リハビリ",
        "馬場リハビリ入口",
        "七沢温泉入口",
        "七沢病院入口",
        "広沢寺温泉入口",
        "七沢"
    ],
    "weekday": [
        "11:14",
        "15:34"
    ],
    "saturday": [],
    "holiday": [],
    "url": "https://www.kanachu.co.jp/dia/diagram/timetable01_js/course:0000801952-11/node:00128189/kt:0/lname:/"
}
