{
    "date": "2025/11/25",
    "name": "飯山温泉入口",
    "position": "-",
    "system": "厚19",
    "destinations": [
        "上飯山(厚木市)",
        "華厳橋",
        "舟沢",
        "上舟沢",
        "御門橋",
        "尾崎(愛甲郡清川村)",
        "別所温泉入口",
        "郵便局前(愛甲郡清川村)",
        "中里(愛甲郡清川村)",
        "公民館前(愛甲郡清川村)",
        "小学校前(愛甲郡清川村)",
        "清川村役場前",
        "煤ヶ谷",
        "古在家",
        "坂尻(愛甲郡清川村)",
        "柿ノ木平",
        "上煤ヶ谷"
    ],
    "weekday": [
        "7:10",
        "17:40",
        "18:35",
        "19:36",
        "20:41"
    ],
    "saturday": [
        "21:00",
        "22:00"
    ],
    "holiday": [
        "21:00",
        "22:00"
    ],
    "url": "https://www.kanachu.co.jp/dia/diagram/timetable01_js/course:0000803950-20/node:00128411/kt:0/lname:/"
}
