{
    "date": "2025/11/25",
    "name": "上飯山(厚木市)",
    "position": "-",
    "system": "厚19",
    "destinations": [
        "華厳橋",
        "舟沢",
        "上舟沢",
        "御門橋",
        "尾崎(愛甲郡清川村)",
        "別所温泉入口",
        "郵便局前(愛甲郡清川村)",
        "中里(愛甲郡清川村)",
        "公民館前(愛甲郡清川村)",
        "小学校前(愛甲郡清川村)",
        "清川村役場前",
        "煤ヶ谷",
        "古在家",
        "坂尻(愛甲郡清川村)",
        "柿ノ木平",
        "上煤ヶ谷"
    ],
    "weekday": [
        "7:11",
        "17:41",
        "18:36",
        "19:37",
        "20:42"
    ],
    "saturday": [
        "21:01",
        "22:01"
    ],
    "holiday": [
        "21:01",
        "22:01"
    ],
    "url": "https://www.kanachu.co.jp/dia/diagram/timetable01_js/course:0000803950-21/node:00128412/kt:0/lname:/"
}
