{
    "date": "2025/11/25",
    "name": "中里(愛甲郡清川村)",
    "position": "-",
    "system": "厚19",
    "destinations": [
        "公民館前(愛甲郡清川村)",
        "小学校前(愛甲郡清川村)",
        "清川村役場前",
        "煤ヶ谷",
        "古在家",
        "坂尻(愛甲郡清川村)",
        "柿ノ木平",
        "上煤ヶ谷"
    ],
    "weekday": [
        "7:17",
        "17:47",
        "18:42",
        "19:43",
        "20:48"
    ],
    "saturday": [
        "21:07",
        "22:07"
    ],
    "holiday": [
        "21:07",
        "22:07"
    ],
    "url": "https://www.kanachu.co.jp/dia/diagram/timetable01_js/course:0000803950-29/node:00128420/kt:0/lname:/"
}
