{
    "date": "2025/11/25",
    "name": "公民館前(愛甲郡清川村)",
    "position": "-",
    "system": "厚19",
    "destinations": [
        "小学校前(愛甲郡清川村)",
        "清川村役場前",
        "煤ヶ谷",
        "古在家",
        "坂尻(愛甲郡清川村)",
        "柿ノ木平",
        "上煤ヶ谷"
    ],
    "weekday": [
        "7:18",
        "17:48",
        "18:43",
        "19:44",
        "20:49"
    ],
    "saturday": [
        "21:08",
        "22:08"
    ],
    "holiday": [
        "21:08",
        "22:08"
    ],
    "url": "https://www.kanachu.co.jp/dia/diagram/timetable01_js/course:0000803950-30/node:00128421/kt:0/lname:/"
}
