{
    "date": "2025/04/01",
    "name": "八幡入口",
    "position": "-",
    "system": "平67",
    "destinations": [
        "八幡(平塚市)",
        "八幡公民館入口",
        "古河電工入口",
        "西八幡(平塚市)",
        "神明中学校入口",
        "南真土",
        "大野農協前",
        "市場前(平塚市)",
        "坂口(平塚市)",
        "今里(平塚市)",
        "横内団地前",
        "横内下",
        "横内公民館入口",
        "横内四ツ角",
        "田村車庫"
    ],
    "weekday": [
        "7:17",
        "7:46",
        "8:17",
        "8:37",
        "8:58",
        "9:07",
        "9:27",
        "9:36",
        "9:56",
        "10:16",
        "10:36",
        "10:57",
        "11:16",
        "11:36",
        "11:57",
        "12:17",
        "12:36",
        "12:56",
        "13:17",
        "13:37",
        "13:57",
        "14:17",
        "14:37",
        "14:57",
        "15:16",
        "15:36",
        "15:57",
        "16:16",
        "16:36",
        "16:57",
        "17:16",
        "17:36",
        "17:56",
        "18:16",
        "18:36",
        "18:57",
        "19:16",
        "19:36",
        "19:57",
        "20:16",
        "20:36",
        "20:57",
        "21:16",
        "21:46",
        "22:17",
        "22:48"
    ],
    "saturday": [
        "7:50",
        "8:22",
        "8:57",
        "9:26",
        "9:56",
        "10:26",
        "10:56",
        "11:11",
        "11:26",
        "11:56",
        "12:26",
        "12:36",
        "12:56",
        "13:06",
        "13:26",
        "13:56",
        "14:26",
        "14:56",
        "15:17",
        "15:36",
        "15:56",
        "16:17",
        "16:36",
        "16:56",
        "17:17",
        "17:36",
        "17:56",
        "18:17",
        "18:36",
        "18:56",
        "19:17",
        "19:36",
        "19:57",
        "20:16",
        "20:46",
        "21:16",
        "21:46",
        "22:17"
    ],
    "holiday": [
        "7:50",
        "8:22",
        "8:57",
        "9:26",
        "9:56",
        "10:26",
        "10:56",
        "11:11",
        "11:26",
        "11:56",
        "12:26",
        "12:36",
        "12:56",
        "13:06",
        "13:26",
        "13:56",
        "14:26",
        "14:56",
        "15:17",
        "15:36",
        "15:56",
        "16:17",
        "16:36",
        "16:56",
        "17:17",
        "17:36",
        "17:56",
        "18:17",
        "18:36",
        "18:56",
        "19:17",
        "19:36",
        "19:57",
        "20:16",
        "20:46",
        "21:16",
        "21:46",
        "22:17"
    ],
    "url": "https://www.kanachu.co.jp/dia/diagram/timetable01_js/course:0000803716-5/node:00127645/kt:0/lname:/"
}
