{
    "date": "2025/04/01",
    "name": "横内下",
    "position": "-",
    "system": "平67",
    "destinations": [
        "横内公民館入口",
        "横内四ツ角",
        "田村車庫"
    ],
    "weekday": [
        "7:29",
        "7:58",
        "8:29",
        "8:49",
        "9:10",
        "9:19",
        "9:39",
        "9:48",
        "10:08",
        "10:28",
        "10:48",
        "11:09",
        "11:28",
        "11:48",
        "12:09",
        "12:29",
        "12:48",
        "13:08",
        "13:29",
        "13:49",
        "14:09",
        "14:29",
        "14:49",
        "15:09",
        "15:28",
        "15:48",
        "16:09",
        "16:28",
        "16:48",
        "17:09",
        "17:28",
        "17:48",
        "18:08",
        "18:28",
        "18:48",
        "19:09",
        "19:28",
        "19:48",
        "20:09",
        "20:28",
        "20:48",
        "21:09",
        "21:28",
        "21:58",
        "22:29",
        "23:00"
    ],
    "saturday": [
        "8:02",
        "8:34",
        "9:09",
        "9:38",
        "10:08",
        "10:38",
        "11:08",
        "11:23",
        "11:38",
        "12:08",
        "12:38",
        "12:48",
        "13:08",
        "13:18",
        "13:38",
        "14:08",
        "14:38",
        "15:08",
        "15:29",
        "15:48",
        "16:08",
        "16:29",
        "16:48",
        "17:08",
        "17:29",
        "17:48",
        "18:08",
        "18:29",
        "18:48",
        "19:08",
        "19:29",
        "19:48",
        "20:09",
        "20:28",
        "20:58",
        "21:28",
        "21:58",
        "22:29"
    ],
    "holiday": [
        "8:02",
        "8:34",
        "9:09",
        "9:38",
        "10:08",
        "10:38",
        "11:08",
        "11:23",
        "11:38",
        "12:08",
        "12:38",
        "12:48",
        "13:08",
        "13:18",
        "13:38",
        "14:08",
        "14:38",
        "15:08",
        "15:29",
        "15:48",
        "16:08",
        "16:29",
        "16:48",
        "17:08",
        "17:29",
        "17:48",
        "18:08",
        "18:29",
        "18:48",
        "19:08",
        "19:29",
        "19:48",
        "20:09",
        "20:28",
        "20:58",
        "21:28",
        "21:58",
        "22:29"
    ],
    "url": "https://www.kanachu.co.jp/dia/diagram/timetable01_js/course:0000803716-17/node:00127614/kt:0/lname:/"
}
