{
    "date": "2024/09/02",
    "name": "道祖神前(横浜市戸塚区)",
    "position": "-",
    "system": "戸98",
    "destinations": [
        "鳥が丘中央",
        "鳥が丘第一公園",
        "上矢部高校",
        "戸塚工業団地",
        "上矢部地区センター前",
        "第二工業団地",
        "第二工業団地中央",
        "ラムーナ横浜戸塚",
        "第二工業団地中央",
        "第二工業団地",
        "諏訪久保",
        "領家一丁目(横浜市泉区)",
        "領家三丁目(横浜市泉区)",
        "領家中学校前",
        "鳥が丘第一公園",
        "鳥が丘中央",
        "道祖神前(横浜市戸塚区)",
        "谷矢部中央",
        "来迎寺(横浜市戸塚区)",
        "柳作東",
        "蔵坪",
        "戸塚駅"
    ],
    "weekday": [
        "8:20",
        "8:39",
        "9:15",
        "9:39",
        "10:03",
        "10:27",
        "10:51",
        "11:15",
        "11:39",
        "12:03",
        "12:27",
        "12:51",
        "13:15",
        "13:39"
    ],
    "saturday": [
        "7:08",
        "7:59",
        "8:23",
        "8:59",
        "9:23",
        "9:59",
        "10:23",
        "11:17",
        "12:05",
        "13:05",
        "13:50"
    ],
    "holiday": [
        "7:11",
        "7:58",
        "9:00",
        "9:47",
        "10:32",
        "11:17",
        "12:05",
        "13:05",
        "13:50"
    ],
    "url": "https://www.kanachu.co.jp/dia/diagram/timetable01_js/course:0000800979-6/node:00126902/kt:0/lname:/"
}
