{
    "date": "2024/09/02",
    "name": "上矢部高校",
    "position": "-",
    "system": "戸98",
    "destinations": [
        "戸塚工業団地",
        "上矢部地区センター前",
        "第二工業団地",
        "第二工業団地中央",
        "ラムーナ横浜戸塚",
        "第二工業団地中央",
        "第二工業団地",
        "諏訪久保",
        "領家一丁目(横浜市泉区)",
        "領家三丁目(横浜市泉区)",
        "領家中学校前",
        "鳥が丘第一公園",
        "鳥が丘中央",
        "道祖神前(横浜市戸塚区)",
        "谷矢部中央",
        "来迎寺(横浜市戸塚区)",
        "柳作東",
        "蔵坪",
        "戸塚駅"
    ],
    "weekday": [
        "8:24",
        "8:43",
        "9:19",
        "9:43",
        "10:07",
        "10:31",
        "10:55",
        "11:19",
        "11:43",
        "12:07",
        "12:31",
        "12:55",
        "13:19",
        "13:43"
    ],
    "saturday": [
        "7:12",
        "8:03",
        "8:27",
        "9:03",
        "9:27",
        "10:03",
        "10:27",
        "11:21",
        "12:09",
        "13:09",
        "13:54"
    ],
    "holiday": [
        "7:15",
        "8:02",
        "9:04",
        "9:51",
        "10:36",
        "11:21",
        "12:09",
        "13:09",
        "13:54"
    ],
    "url": "https://www.kanachu.co.jp/dia/diagram/timetable01_js/course:0000800979-9/node:00126709/kt:0/lname:/"
}
