{
    "date": "2024/09/02",
    "name": "第二工業団地中央",
    "position": "-",
    "system": "戸98",
    "destinations": [
        "ラムーナ横浜戸塚",
        "第二工業団地中央",
        "第二工業団地",
        "諏訪久保",
        "領家一丁目(横浜市泉区)",
        "領家三丁目(横浜市泉区)",
        "領家中学校前",
        "鳥が丘第一公園",
        "鳥が丘中央",
        "道祖神前(横浜市戸塚区)",
        "谷矢部中央",
        "来迎寺(横浜市戸塚区)",
        "柳作東",
        "蔵坪",
        "戸塚駅"
    ],
    "weekday": [
        "8:28",
        "8:47",
        "9:23",
        "9:47",
        "10:11",
        "10:35",
        "10:59",
        "11:23",
        "11:47",
        "12:11",
        "12:35",
        "12:59",
        "13:23",
        "13:47"
    ],
    "saturday": [
        "7:16",
        "8:07",
        "8:31",
        "9:07",
        "9:31",
        "10:07",
        "10:31",
        "11:25",
        "12:13",
        "13:13",
        "13:58"
    ],
    "holiday": [
        "7:19",
        "8:06",
        "9:08",
        "9:55",
        "10:40",
        "11:25",
        "12:13",
        "13:13",
        "13:58"
    ],
    "url": "https://www.kanachu.co.jp/dia/diagram/timetable01_js/course:0000800979-13/node:00126914/kt:0/lname:/"
}
