{
    "date": "2024/09/02",
    "name": "道祖神前(横浜市戸塚区)",
    "position": "-",
    "system": "戸98",
    "destinations": [
        "谷矢部中央",
        "来迎寺(横浜市戸塚区)",
        "柳作東",
        "蔵坪",
        "戸塚駅"
    ],
    "weekday": [
        "8:43",
        "9:02",
        "9:38",
        "10:02",
        "10:26",
        "10:50",
        "11:14",
        "11:38",
        "12:02",
        "12:26",
        "12:50",
        "13:14",
        "13:38",
        "14:02"
    ],
    "saturday": [
        "7:31",
        "8:22",
        "8:46",
        "9:22",
        "9:46",
        "10:22",
        "10:46",
        "11:40",
        "12:28",
        "13:28",
        "14:13"
    ],
    "holiday": [
        "7:34",
        "8:21",
        "9:23",
        "10:10",
        "10:55",
        "11:40",
        "12:28",
        "13:28",
        "14:13"
    ],
    "url": "https://www.kanachu.co.jp/dia/diagram/timetable01_js/course:0000800979-23/node:00126902/kt:0/lname:/"
}
