{
    "date": "2025/01/14",
    "name": "追分(厚木市)",
    "position": "-",
    "system": "厚74",
    "destinations": [
        "蓮生寺(厚木市)",
        "関口(厚木市)",
        "依知小学校前",
        "中平(厚木市)",
        "山際",
        "藤塚(厚木市)",
        "上依知",
        "上依知中央",
        "長坂下",
        "東四丁目(愛甲郡愛川町)",
        "長坂(厚木市)"
    ],
    "weekday": [
        "18:08",
        "19:33"
    ],
    "saturday": [],
    "holiday": [],
    "url": "https://www.kanachu.co.jp/dia/diagram/timetable01_js/course:0000800971-10/node:00128350/kt:0/lname:/"
}
