{
    "date": "2025/04/19",
    "name": "橋本駅北口",
    "position": "-",
    "system": "橋55",
    "destinations": [
        "小山新町",
        "小山(相模原市緑区)",
        "旭住宅前",
        "東橋本一丁目",
        "宮下一丁目〔旧:協栄産業前〕",
        "三菱電機前",
        "日本酸素前",
        "向陽小学校前",
        "氷川神社前(相模原市中央区)",
        "清新本町",
        "相模原駅前郵便局",
        "相模原駅南口"
    ],
    "weekday": [
        "6:50",
        "7:20",
        "7:50",
        "8:15",
        "8:40",
        "9:30",
        "10:20",
        "11:10",
        "12:00",
        "12:50",
        "13:40",
        "14:30",
        "15:20",
        "16:10",
        "17:00",
        "17:50",
        "18:15",
        "19:05",
        "19:55"
    ],
    "saturday": [
        "7:15",
        "8:15",
        "9:15",
        "10:15",
        "11:15",
        "12:15",
        "13:15",
        "14:15",
        "15:15",
        "16:15",
        "17:15",
        "18:15"
    ],
    "holiday": [
        "7:15",
        "8:15",
        "9:15",
        "10:15",
        "11:15",
        "12:15",
        "13:15",
        "14:15",
        "15:15",
        "16:15",
        "17:15",
        "18:15"
    ],
    "url": "https://www.kanachu.co.jp/dia/diagram/timetable01_js/course:0000802357-1/node:00128969/kt:0/lname:/"
}
