{
    "date": "2025/04/19",
    "name": "小山新町",
    "position": "-",
    "system": "橋55",
    "destinations": [
        "小山(相模原市緑区)",
        "旭住宅前",
        "東橋本一丁目",
        "協栄産業前",
        "三菱電機前",
        "日本酸素前",
        "向陽小学校前",
        "氷川神社前(相模原市中央区)",
        "清新本町",
        "相模原駅前郵便局",
        "相模原駅南口"
    ],
    "weekday": [
        "6:51",
        "7:21",
        "7:51",
        "8:16",
        "8:41",
        "9:31",
        "10:21",
        "11:11",
        "12:01",
        "12:51",
        "13:41",
        "14:31",
        "15:21",
        "16:11",
        "17:01",
        "17:51",
        "18:16",
        "19:06",
        "19:56"
    ],
    "saturday": [
        "7:16",
        "8:16",
        "9:16",
        "10:16",
        "11:16",
        "12:16",
        "13:16",
        "14:16",
        "15:16",
        "16:16",
        "17:16",
        "18:16"
    ],
    "holiday": [
        "7:16",
        "8:16",
        "9:16",
        "10:16",
        "11:16",
        "12:16",
        "13:16",
        "14:16",
        "15:16",
        "16:16",
        "17:16",
        "18:16"
    ],
    "url": "https://www.kanachu.co.jp/dia/diagram/timetable01_js/course:0000802357-2/node:00129082/kt:0/lname:/"
}
