{
    "date": "2025/04/19",
    "name": "小山(相模原市緑区)",
    "position": "-",
    "system": "橋55",
    "destinations": [
        "旭住宅前",
        "東橋本一丁目",
        "協栄産業前",
        "三菱電機前",
        "日本酸素前",
        "向陽小学校前",
        "氷川神社前(相模原市中央区)",
        "清新本町",
        "相模原駅前郵便局",
        "相模原駅南口"
    ],
    "weekday": [
        "6:52",
        "7:22",
        "7:52",
        "8:17",
        "8:42",
        "9:32",
        "10:22",
        "11:12",
        "12:02",
        "12:52",
        "13:42",
        "14:32",
        "15:22",
        "16:12",
        "17:02",
        "17:52",
        "18:17",
        "19:07",
        "19:57"
    ],
    "saturday": [
        "7:17",
        "8:17",
        "9:17",
        "10:17",
        "11:17",
        "12:17",
        "13:17",
        "14:17",
        "15:17",
        "16:17",
        "17:17",
        "18:17"
    ],
    "holiday": [
        "7:17",
        "8:17",
        "9:17",
        "10:17",
        "11:17",
        "12:17",
        "13:17",
        "14:17",
        "15:17",
        "16:17",
        "17:17",
        "18:17"
    ],
    "url": "https://www.kanachu.co.jp/dia/diagram/timetable01_js/course:0000802357-3/node:00129081/kt:0/lname:/"
}
