{
    "date": "2025/04/19",
    "name": "旭住宅前",
    "position": "-",
    "system": "橋55",
    "destinations": [
        "東橋本一丁目",
        "宮下一丁目〔旧:協栄産業前〕",
        "三菱電機前",
        "日本酸素前",
        "向陽小学校前",
        "氷川神社前(相模原市中央区)",
        "清新本町",
        "相模原駅前郵便局",
        "相模原駅南口"
    ],
    "weekday": [
        "6:53",
        "7:23",
        "7:53",
        "8:18",
        "8:43",
        "9:33",
        "10:23",
        "11:13",
        "12:03",
        "12:53",
        "13:43",
        "14:33",
        "15:23",
        "16:13",
        "17:03",
        "17:53",
        "18:18",
        "19:08",
        "19:58"
    ],
    "saturday": [
        "7:18",
        "8:18",
        "9:18",
        "10:18",
        "11:18",
        "12:18",
        "13:18",
        "14:18",
        "15:18",
        "16:18",
        "17:18",
        "18:18"
    ],
    "holiday": [
        "7:18",
        "8:18",
        "9:18",
        "10:18",
        "11:18",
        "12:18",
        "13:18",
        "14:18",
        "15:18",
        "16:18",
        "17:18",
        "18:18"
    ],
    "url": "https://www.kanachu.co.jp/dia/diagram/timetable01_js/course:0000802357-4/node:00129067/kt:0/lname:/"
}
