{
    "date": "2025/04/19",
    "name": "三菱電機前",
    "position": "-",
    "system": "橋55",
    "destinations": [
        "日本酸素前",
        "向陽小学校前",
        "氷川神社前(相模原市中央区)",
        "清新本町",
        "相模原駅前郵便局",
        "相模原駅南口"
    ],
    "weekday": [
        "6:56",
        "7:26",
        "7:57",
        "8:22",
        "8:46",
        "9:36",
        "10:26",
        "11:16",
        "12:06",
        "12:56",
        "13:46",
        "14:36",
        "15:26",
        "16:16",
        "17:07",
        "17:57",
        "18:22",
        "19:11",
        "20:01"
    ],
    "saturday": [
        "7:20",
        "8:20",
        "9:20",
        "10:20",
        "11:21",
        "12:21",
        "13:21",
        "14:21",
        "15:21",
        "16:21",
        "17:21",
        "18:20"
    ],
    "holiday": [
        "7:20",
        "8:20",
        "9:20",
        "10:20",
        "11:20",
        "12:20",
        "13:20",
        "14:20",
        "15:20",
        "16:20",
        "17:20",
        "18:20"
    ],
    "url": "https://www.kanachu.co.jp/dia/diagram/timetable01_js/course:0000802357-7/node:00129259/kt:0/lname:/"
}
