{
    "date": "2025/04/19",
    "name": "日本酸素前",
    "position": "-",
    "system": "橋55",
    "destinations": [
        "向陽小学校前",
        "氷川神社前(相模原市中央区)",
        "清新本町",
        "相模原駅前郵便局",
        "相模原駅南口"
    ],
    "weekday": [
        "6:57",
        "7:27",
        "7:58",
        "8:23",
        "8:47",
        "9:37",
        "10:27",
        "11:17",
        "12:07",
        "12:57",
        "13:47",
        "14:37",
        "15:27",
        "16:17",
        "17:08",
        "17:58",
        "18:23",
        "19:12",
        "20:02"
    ],
    "saturday": [
        "7:21",
        "8:21",
        "9:21",
        "10:21",
        "11:22",
        "12:22",
        "13:22",
        "14:22",
        "15:22",
        "16:22",
        "17:22",
        "18:21"
    ],
    "holiday": [
        "7:21",
        "8:21",
        "9:21",
        "10:21",
        "11:21",
        "12:21",
        "13:21",
        "14:21",
        "15:21",
        "16:21",
        "17:21",
        "18:21"
    ],
    "url": "https://www.kanachu.co.jp/dia/diagram/timetable01_js/course:0000802357-8/node:00129214/kt:0/lname:/"
}
