{
    "date": "2025/03/15",
    "name": "中川橋",
    "position": "-",
    "system": "長24",
    "destinations": [
        "落合(綾瀬市)",
        "上落合(綾瀬市)",
        "大法寺(綾瀬市)",
        "大邸",
        "綾瀬農協前",
        "綾瀬小学校前",
        "上深谷",
        "観音入口",
        "寺尾(綾瀬市)",
        "綾北小学校前",
        "子ノ神(綾瀬市)",
        "寺尾峰",
        "共ヶ丘",
        "大塚本町",
        "大塚上町",
        "さがみ野駅"
    ],
    "weekday": [
        "5:51",
        "6:14",
        "6:36",
        "6:51",
        "7:06",
        "7:21",
        "7:36",
        "7:51",
        "8:06",
        "8:21",
        "8:41",
        "9:01",
        "9:31",
        "10:01",
        "10:31",
        "11:01",
        "11:31",
        "12:01",
        "12:31",
        "13:01",
        "13:31",
        "14:01",
        "14:31",
        "15:01",
        "15:31",
        "16:01",
        "16:21",
        "16:41",
        "17:01",
        "17:21",
        "17:44",
        "18:14",
        "18:44",
        "19:14",
        "19:44",
        "20:14",
        "20:45",
        "21:14",
        "21:44"
    ],
    "saturday": [
        "5:52",
        "6:21",
        "6:51",
        "7:16",
        "7:46",
        "8:16",
        "8:46",
        "9:16",
        "9:46",
        "10:16",
        "10:46",
        "11:16",
        "11:46",
        "12:16",
        "12:46",
        "13:16",
        "13:46",
        "14:16",
        "14:46",
        "15:16",
        "15:46",
        "16:16",
        "16:46",
        "17:16",
        "17:46",
        "18:16",
        "18:46",
        "19:16",
        "19:46",
        "20:16",
        "20:46",
        "21:23"
    ],
    "holiday": [
        "6:21",
        "6:51",
        "7:16",
        "7:46",
        "8:16",
        "8:46",
        "9:16",
        "9:46",
        "10:16",
        "10:46",
        "11:16",
        "11:46",
        "12:16",
        "12:46",
        "13:16",
        "13:46",
        "14:16",
        "14:46",
        "15:16",
        "15:46",
        "16:16",
        "16:46",
        "17:16",
        "17:46",
        "18:16",
        "18:46",
        "19:16",
        "19:46",
        "20:16",
        "20:46",
        "21:23"
    ],
    "url": "https://www.kanachu.co.jp/dia/diagram/timetable01_js/course:0000800162-5/node:00129849/kt:0/lname:/"
}
