{
    "date": "2025/03/15",
    "name": "落合(綾瀬市)",
    "position": "-",
    "system": "長24",
    "destinations": [
        "上落合(綾瀬市)",
        "大法寺(綾瀬市)",
        "大邸",
        "綾瀬農協前",
        "綾瀬小学校前",
        "上深谷",
        "観音入口",
        "寺尾(綾瀬市)",
        "綾北小学校前",
        "子ノ神(綾瀬市)",
        "寺尾峰",
        "共ヶ丘",
        "大塚本町",
        "大塚上町",
        "さがみ野駅"
    ],
    "weekday": [
        "5:52",
        "6:15",
        "6:37",
        "6:52",
        "7:07",
        "7:22",
        "7:37",
        "7:52",
        "8:07",
        "8:22",
        "8:42",
        "9:02",
        "9:32",
        "10:02",
        "10:32",
        "11:02",
        "11:32",
        "12:02",
        "12:32",
        "13:02",
        "13:32",
        "14:02",
        "14:32",
        "15:02",
        "15:32",
        "16:02",
        "16:22",
        "16:42",
        "17:02",
        "17:22",
        "17:45",
        "18:15",
        "18:45",
        "19:15",
        "19:45",
        "20:15",
        "20:46",
        "21:15",
        "21:45"
    ],
    "saturday": [
        "5:53",
        "6:22",
        "6:52",
        "7:17",
        "7:47",
        "8:17",
        "8:47",
        "9:17",
        "9:47",
        "10:17",
        "10:47",
        "11:17",
        "11:47",
        "12:17",
        "12:47",
        "13:17",
        "13:47",
        "14:17",
        "14:47",
        "15:17",
        "15:47",
        "16:17",
        "16:47",
        "17:17",
        "17:47",
        "18:17",
        "18:47",
        "19:17",
        "19:47",
        "20:17",
        "20:47",
        "21:24"
    ],
    "holiday": [
        "6:22",
        "6:52",
        "7:17",
        "7:47",
        "8:17",
        "8:47",
        "9:17",
        "9:47",
        "10:17",
        "10:47",
        "11:17",
        "11:47",
        "12:17",
        "12:47",
        "13:17",
        "13:47",
        "14:17",
        "14:47",
        "15:17",
        "15:47",
        "16:17",
        "16:47",
        "17:17",
        "17:47",
        "18:17",
        "18:47",
        "19:17",
        "19:47",
        "20:17",
        "20:47",
        "21:24"
    ],
    "url": "https://www.kanachu.co.jp/dia/diagram/timetable01_js/course:0000800162-6/node:00129850/kt:0/lname:/"
}
