{
    "date": "2025/03/15",
    "name": "綾瀬小学校前",
    "position": "-",
    "system": "長24",
    "destinations": [
        "上深谷",
        "観音入口",
        "寺尾(綾瀬市)",
        "綾北小学校前",
        "子ノ神(綾瀬市)",
        "寺尾峰",
        "共ヶ丘",
        "大塚本町",
        "大塚上町",
        "さがみ野駅"
    ],
    "weekday": [
        "5:58",
        "6:21",
        "6:43",
        "6:58",
        "7:13",
        "7:28",
        "7:43",
        "7:58",
        "8:13",
        "8:28",
        "8:48",
        "9:08",
        "9:38",
        "10:08",
        "10:38",
        "11:08",
        "11:38",
        "12:08",
        "12:38",
        "13:08",
        "13:38",
        "14:08",
        "14:38",
        "15:08",
        "15:38",
        "16:08",
        "16:28",
        "16:48",
        "17:08",
        "17:28",
        "17:51",
        "18:21",
        "18:51",
        "19:21",
        "19:51",
        "20:21",
        "20:52",
        "21:21",
        "21:51"
    ],
    "saturday": [
        "5:58",
        "6:28",
        "6:58",
        "7:23",
        "7:53",
        "8:23",
        "8:53",
        "9:23",
        "9:53",
        "10:23",
        "10:53",
        "11:23",
        "11:53",
        "12:23",
        "12:53",
        "13:23",
        "13:53",
        "14:23",
        "14:53",
        "15:23",
        "15:53",
        "16:23",
        "16:53",
        "17:23",
        "17:53",
        "18:23",
        "18:53",
        "19:23",
        "19:53",
        "20:23",
        "20:53",
        "21:30"
    ],
    "holiday": [
        "6:28",
        "6:58",
        "7:23",
        "7:53",
        "8:23",
        "8:53",
        "9:23",
        "9:53",
        "10:23",
        "10:53",
        "11:23",
        "11:53",
        "12:23",
        "12:53",
        "13:23",
        "13:53",
        "14:23",
        "14:53",
        "15:23",
        "15:53",
        "16:23",
        "16:53",
        "17:23",
        "17:53",
        "18:23",
        "18:53",
        "19:23",
        "19:53",
        "20:23",
        "20:53",
        "21:30"
    ],
    "url": "https://www.kanachu.co.jp/dia/diagram/timetable01_js/course:0000800162-11/node:00129858/kt:0/lname:/"
}
