{
    "date": "2025/03/15",
    "name": "上深谷",
    "position": "-",
    "system": "長24",
    "destinations": [
        "観音入口",
        "寺尾(綾瀬市)",
        "綾北小学校前",
        "子ノ神(綾瀬市)",
        "寺尾峰",
        "共ヶ丘",
        "大塚本町",
        "大塚上町",
        "さがみ野駅"
    ],
    "weekday": [
        "6:01",
        "6:25",
        "6:47",
        "7:02",
        "7:17",
        "7:32",
        "7:46",
        "8:01",
        "8:16",
        "8:31",
        "8:51",
        "9:11",
        "9:41",
        "10:11",
        "10:41",
        "11:11",
        "11:41",
        "12:11",
        "12:41",
        "13:11",
        "13:41",
        "14:11",
        "14:41",
        "15:11",
        "15:41",
        "16:11",
        "16:31",
        "16:51",
        "17:11",
        "17:31",
        "17:54",
        "18:24",
        "18:54",
        "19:24",
        "19:54",
        "20:24",
        "20:55",
        "21:24",
        "21:54"
    ],
    "saturday": [
        "6:00",
        "6:30",
        "7:00",
        "7:25",
        "7:55",
        "8:25",
        "8:55",
        "9:25",
        "9:55",
        "10:25",
        "10:55",
        "11:25",
        "11:55",
        "12:25",
        "12:55",
        "13:25",
        "13:55",
        "14:25",
        "14:55",
        "15:25",
        "15:55",
        "16:25",
        "16:55",
        "17:25",
        "17:55",
        "18:25",
        "18:55",
        "19:25",
        "19:55",
        "20:25",
        "20:55",
        "21:32"
    ],
    "holiday": [
        "6:30",
        "7:00",
        "7:25",
        "7:55",
        "8:25",
        "8:55",
        "9:25",
        "9:55",
        "10:25",
        "10:55",
        "11:25",
        "11:55",
        "12:25",
        "12:55",
        "13:25",
        "13:55",
        "14:25",
        "14:55",
        "15:25",
        "15:55",
        "16:25",
        "16:55",
        "17:25",
        "17:55",
        "18:25",
        "18:55",
        "19:25",
        "19:55",
        "20:25",
        "20:55",
        "21:32"
    ],
    "url": "https://www.kanachu.co.jp/dia/diagram/timetable01_js/course:0000800162-12/node:00129863/kt:0/lname:/"
}
