{
    "date": "2025/03/15",
    "name": "子ノ神(綾瀬市)",
    "position": "-",
    "system": "長24",
    "destinations": [
        "寺尾峰",
        "共ヶ丘",
        "大塚本町",
        "大塚上町",
        "さがみ野駅"
    ],
    "weekday": [
        "6:06",
        "6:30",
        "6:52",
        "7:07",
        "7:22",
        "7:41",
        "7:55",
        "8:10",
        "8:25",
        "8:40",
        "9:00",
        "9:17",
        "9:47",
        "10:17",
        "10:47",
        "11:17",
        "11:47",
        "12:17",
        "12:47",
        "13:17",
        "13:47",
        "14:17",
        "14:47",
        "15:17",
        "15:47",
        "16:17",
        "16:40",
        "17:00",
        "17:20",
        "17:40",
        "18:03",
        "18:33",
        "19:03",
        "19:33",
        "20:00",
        "20:30",
        "21:01",
        "21:30",
        "22:00"
    ],
    "saturday": [
        "6:05",
        "6:35",
        "7:05",
        "7:30",
        "8:00",
        "8:30",
        "9:00",
        "9:30",
        "10:00",
        "10:30",
        "11:00",
        "11:30",
        "12:00",
        "12:30",
        "13:00",
        "13:30",
        "14:00",
        "14:30",
        "15:00",
        "15:30",
        "16:00",
        "16:30",
        "17:00",
        "17:30",
        "18:00",
        "18:30",
        "19:00",
        "19:30",
        "20:00",
        "20:30",
        "21:00",
        "21:37"
    ],
    "holiday": [
        "6:35",
        "7:05",
        "7:30",
        "8:00",
        "8:30",
        "9:00",
        "9:30",
        "10:00",
        "10:30",
        "11:00",
        "11:30",
        "12:00",
        "12:30",
        "13:00",
        "13:30",
        "14:00",
        "14:30",
        "15:00",
        "15:30",
        "16:00",
        "16:30",
        "17:00",
        "17:30",
        "18:00",
        "18:30",
        "19:00",
        "19:30",
        "20:00",
        "20:30",
        "21:00",
        "21:37"
    ],
    "url": "https://www.kanachu.co.jp/dia/diagram/timetable01_js/course:0000800162-16/node:00129867/kt:0/lname:/"
}
