{
    "date": "2025/11/16",
    "name": "一之郷",
    "position": "-",
    "system": "伊23",
    "destinations": [
        "温泉入口(伊勢原市)",
        "長竹(伊勢原市)",
        "専修大学入口(伊勢原市)",
        "川上(伊勢原市)",
        "りんどう寮前",
        "共済会館入口",
        "片町(伊勢原市)",
        "片町十字路",
        "大神宮前",
        "本町(伊勢原市)",
        "伊勢原駅北口"
    ],
    "weekday": [
        "6:22",
        "12:42",
        "17:01",
        "18:37"
    ],
    "saturday": [
        "9:02",
        "11:02",
        "12:57",
        "15:02",
        "16:57"
    ],
    "holiday": [
        "9:02",
        "11:02",
        "12:57",
        "15:02",
        "16:57"
    ],
    "url": "https://www.kanachu.co.jp/dia/diagram/timetable01_js/course:0000803336-4/node:00128219/kt:0/lname:/"
}
