{
    "date": "2025/11/16",
    "name": "温泉入口(伊勢原市)",
    "position": "-",
    "system": "伊23",
    "destinations": [
        "長竹(伊勢原市)",
        "専修大学入口(伊勢原市)",
        "川上(伊勢原市)",
        "りんどう寮前",
        "共済会館入口",
        "片町(伊勢原市)",
        "片町十字路",
        "大神宮前",
        "本町(伊勢原市)",
        "伊勢原駅北口"
    ],
    "weekday": [
        "6:23",
        "12:43",
        "17:02",
        "18:38"
    ],
    "saturday": [
        "9:03",
        "11:03",
        "12:58",
        "15:03",
        "16:58"
    ],
    "holiday": [
        "9:03",
        "11:03",
        "12:58",
        "15:03",
        "16:58"
    ],
    "url": "https://www.kanachu.co.jp/dia/diagram/timetable01_js/course:0000803336-5/node:00128177/kt:0/lname:/"
}
