{
    "date": "2025/11/16",
    "name": "片町十字路",
    "position": "-",
    "system": "伊23",
    "destinations": [
        "大神宮前",
        "本町(伊勢原市)",
        "伊勢原駅北口"
    ],
    "weekday": [
        "6:30",
        "12:50",
        "17:09",
        "18:45"
    ],
    "saturday": [
        "9:10",
        "11:10",
        "13:05",
        "15:10",
        "17:05"
    ],
    "holiday": [
        "9:10",
        "11:10",
        "13:05",
        "15:10",
        "17:05"
    ],
    "url": "https://www.kanachu.co.jp/dia/diagram/timetable01_js/course:0000803336-12/node:00128143/kt:0/lname:/"
}
