{
    "date": "2024/03/16",
    "name": "妻田薬師",
    "position": "-",
    "system": "厚12",
    "destinations": [
        "松蓮寺",
        "糀屋前(厚木市)",
        "宿原入口",
        "荻野新宿",
        "子合",
        "桝割",
        "公所(厚木市)",
        "稲荷木",
        "鳶尾山前",
        "鳶尾四丁目",
        "鳶尾団地",
        "鳶尾四丁目",
        "荻野神社入口",
        "東谷戸入口",
        "みはる野",
        "みはる野一丁目",
        "みはる野中央",
        "みはる野二丁目",
        "まつかげ台"
    ],
    "weekday": [
        "10:28",
        "10:58",
        "11:28",
        "11:58",
        "12:28",
        "12:58",
        "13:28",
        "13:58",
        "14:28",
        "14:58",
        "15:28",
        "15:53",
        "16:03",
        "16:24",
        "16:44",
        "17:04",
        "17:22",
        "17:37",
        "17:52",
        "18:07",
        "18:22",
        "18:37",
        "18:52",
        "19:07",
        "19:25",
        "19:42",
        "19:58",
        "20:22",
        "20:42",
        "21:07",
        "21:37",
        "22:07",
        "22:37",
        "23:08",
        "23:37"
    ],
    "saturday": [
        "10:13",
        "10:43",
        "11:13",
        "11:43",
        "12:13",
        "12:43",
        "13:13",
        "13:43",
        "14:13",
        "14:43",
        "15:14",
        "15:44",
        "16:14",
        "16:44",
        "17:14",
        "17:44",
        "18:14",
        "18:44",
        "19:14",
        "19:49",
        "20:14",
        "20:49",
        "21:14",
        "22:25",
        "23:12"
    ],
    "holiday": [
        "10:12",
        "10:43",
        "11:13",
        "11:43",
        "12:13",
        "12:43",
        "13:13",
        "13:43",
        "14:13",
        "14:43",
        "15:13",
        "15:43",
        "16:13",
        "16:43",
        "17:13",
        "17:43",
        "18:13",
        "18:43",
        "19:14",
        "19:44",
        "20:14",
        "20:44",
        "21:14",
        "22:14",
        "22:45"
    ],
    "url": "https://www.kanachu.co.jp/dia/diagram/timetable01_js/course:0000800941-11/node:00128264/kt:0/lname:/"
}
