{
    "date": "2024/03/16",
    "name": "鳶尾山前",
    "position": "-",
    "system": "厚12",
    "destinations": [
        "鳶尾四丁目",
        "鳶尾団地",
        "鳶尾四丁目",
        "荻野神社入口",
        "東谷戸入口",
        "みはる野",
        "みはる野一丁目",
        "みはる野中央",
        "みはる野二丁目",
        "まつかげ台"
    ],
    "weekday": [
        "10:39",
        "11:09",
        "11:39",
        "12:09",
        "12:39",
        "13:09",
        "13:39",
        "14:09",
        "14:39",
        "15:09",
        "15:39",
        "16:04",
        "16:14",
        "16:35",
        "16:55",
        "17:15",
        "17:33",
        "17:48",
        "18:03",
        "18:18",
        "18:33",
        "18:48",
        "19:03",
        "19:17",
        "19:35",
        "19:52",
        "20:08",
        "20:32",
        "20:52",
        "21:17",
        "21:47",
        "22:17",
        "22:47",
        "23:18",
        "23:47"
    ],
    "saturday": [
        "10:24",
        "10:54",
        "11:24",
        "11:54",
        "12:24",
        "12:54",
        "13:24",
        "13:54",
        "14:24",
        "14:54",
        "15:25",
        "15:55",
        "16:25",
        "16:55",
        "17:25",
        "17:55",
        "18:25",
        "18:55",
        "19:23",
        "19:58",
        "20:23",
        "20:58",
        "21:23",
        "22:34",
        "23:21"
    ],
    "holiday": [
        "10:23",
        "10:54",
        "11:24",
        "11:54",
        "12:24",
        "12:54",
        "13:24",
        "13:54",
        "14:24",
        "14:54",
        "15:24",
        "15:54",
        "16:24",
        "16:54",
        "17:24",
        "17:54",
        "18:24",
        "18:54",
        "19:23",
        "19:53",
        "20:23",
        "20:53",
        "21:23",
        "22:23",
        "22:54"
    ],
    "url": "https://www.kanachu.co.jp/dia/diagram/timetable01_js/course:0000800941-20/node:00128273/kt:0/lname:/"
}
