{
    "date": "2025/08/30",
    "name": "南センター(横浜市南区)",
    "position": "-",
    "system": "戸47",
    "destinations": [
        "Y校前",
        "南太田駅前",
        "前里町",
        "吉野町駅前",
        "吉野町一丁目",
        "阪東橋",
        "横浜橋",
        "曙町(横浜市中区)",
        "長者町五丁目",
        "羽衣町(横浜市中区)",
        "尾上町(横浜市中区)",
        "本町四丁目(横浜市中区)",
        "横浜市役所前",
        "桜木町駅前"
    ],
    "weekday": [
        "6:48",
        "7:07",
        "7:28",
        "8:28",
        "9:13",
        "9:37",
        "10:49",
        "12:01",
        "13:13",
        "14:25",
        "14:37",
        "15:37",
        "16:49",
        "18:01",
        "20:09",
        "21:16",
        "21:46",
        "22:16"
    ],
    "saturday": [
        "6:33",
        "7:17",
        "8:18",
        "9:18",
        "10:18",
        "11:18",
        "12:18",
        "13:19",
        "14:19",
        "15:19",
        "16:19",
        "17:19",
        "18:24",
        "19:57",
        "21:07",
        "21:42"
    ],
    "holiday": [
        "6:31",
        "7:11",
        "8:18",
        "9:18",
        "10:18",
        "11:18",
        "12:18",
        "13:19",
        "14:19",
        "15:19",
        "16:19",
        "17:19",
        "18:24",
        "19:57",
        "21:07",
        "21:42"
    ],
    "url": "https://www.kanachu.co.jp/dia/diagram/timetable01_js/course:0000803854-22/node:00126631/kt:0/lname:/"
}
