{
    "date": "2025/08/30",
    "name": "曙町(横浜市中区)",
    "position": "-",
    "system": "戸47",
    "destinations": [
        "長者町五丁目",
        "羽衣町(横浜市中区)",
        "尾上町(横浜市中区)",
        "本町四丁目(横浜市中区)",
        "横浜市役所前",
        "桜木町駅前"
    ],
    "weekday": [
        "6:58",
        "7:20",
        "7:41",
        "8:41",
        "9:25",
        "9:49",
        "11:01",
        "12:13",
        "13:25",
        "14:37",
        "14:49",
        "15:49",
        "17:01",
        "18:13",
        "20:19",
        "21:26",
        "21:56",
        "22:26"
    ],
    "saturday": [
        "6:43",
        "7:27",
        "8:30",
        "9:30",
        "10:30",
        "11:30",
        "12:30",
        "13:32",
        "14:32",
        "15:32",
        "16:32",
        "17:32",
        "18:37",
        "20:07",
        "21:17",
        "21:52"
    ],
    "holiday": [
        "6:41",
        "7:21",
        "8:30",
        "9:30",
        "10:30",
        "11:30",
        "12:30",
        "13:32",
        "14:32",
        "15:32",
        "16:32",
        "17:32",
        "18:37",
        "20:07",
        "21:17",
        "21:52"
    ],
    "url": "https://www.kanachu.co.jp/dia/diagram/timetable01_js/course:0000803854-30/node:00102204/kt:0/lname:/"
}
