{
    "date": "2025/01/14",
    "name": "中村入口(厚木市)",
    "position": "-",
    "system": "厚08",
    "destinations": [
        "妻田薬師",
        "松蓮寺"
    ],
    "weekday": [
        "10:21",
        "10:37",
        "11:17",
        "11:25",
        "11:47",
        "12:16",
        "12:25",
        "12:40",
        "12:47",
        "13:00",
        "13:07",
        "13:18",
        "13:25",
        "13:37",
        "13:50",
        "14:07",
        "14:18",
        "14:25",
        "14:37",
        "14:47",
        "15:07",
        "15:22",
        "15:37",
        "15:50",
        "16:07",
        "16:21",
        "16:28",
        "16:38",
        "16:51",
        "17:08",
        "17:19",
        "17:26",
        "17:33",
        "17:41",
        "17:56",
        "18:03",
        "18:10",
        "18:18",
        "18:26",
        "18:35",
        "18:41",
        "18:46",
        "18:50",
        "18:56",
        "19:16",
        "19:21",
        "19:33",
        "19:55",
        "19:59",
        "20:09",
        "20:16",
        "20:36",
        "20:46",
        "21:02",
        "22:16",
        "22:31",
        "23:24"
    ],
    "saturday": [
        "10:37",
        "11:37",
        "12:07",
        "12:37",
        "13:07",
        "13:22",
        "13:37",
        "13:52",
        "14:07",
        "14:24",
        "14:37",
        "15:07",
        "15:23",
        "15:37",
        "15:53",
        "16:07",
        "16:25",
        "16:37",
        "16:52",
        "17:07",
        "17:24",
        "17:37",
        "17:53",
        "18:07",
        "18:25",
        "18:38",
        "18:53",
        "18:58",
        "19:07",
        "19:22",
        "19:26",
        "19:43",
        "19:55",
        "20:26",
        "21:08",
        "21:38",
        "21:57",
        "22:06",
        "22:19",
        "22:39",
        "22:59",
        "23:09"
    ],
    "holiday": [
        "11:37",
        "14:37",
        "14:52",
        "15:37",
        "16:07",
        "16:24",
        "16:37",
        "17:07",
        "17:22",
        "17:37",
        "17:47",
        "18:07",
        "18:37",
        "18:57",
        "19:06",
        "19:26",
        "19:36",
        "20:38",
        "21:06",
        "21:23",
        "21:36",
        "21:58",
        "22:40",
        "23:06"
    ],
    "url": "https://www.kanachu.co.jp/dia/diagram/timetable01_js/course:0000800990-10/node:00128263/kt:0/lname:/"
}
