{
    "date": "2025/01/14",
    "name": "妻田薬師",
    "position": "-",
    "system": "厚08",
    "destinations": [
        "松蓮寺"
    ],
    "weekday": [
        "10:22",
        "10:38",
        "11:18",
        "11:26",
        "11:48",
        "12:17",
        "12:26",
        "12:41",
        "12:48",
        "13:01",
        "13:08",
        "13:19",
        "13:26",
        "13:38",
        "13:51",
        "14:08",
        "14:19",
        "14:26",
        "14:38",
        "14:48",
        "15:08",
        "15:23",
        "15:38",
        "15:51",
        "16:08",
        "16:22",
        "16:29",
        "16:39",
        "16:52",
        "17:09",
        "17:20",
        "17:27",
        "17:34",
        "17:42",
        "17:57",
        "18:04",
        "18:11",
        "18:19",
        "18:27",
        "18:36",
        "18:42",
        "18:47",
        "18:51",
        "18:57",
        "19:17",
        "19:22",
        "19:34",
        "19:56",
        "20:00",
        "20:10",
        "20:17",
        "20:37",
        "20:47",
        "21:03",
        "22:17",
        "22:32",
        "23:25"
    ],
    "saturday": [
        "10:38",
        "11:38",
        "12:08",
        "12:38",
        "13:08",
        "13:23",
        "13:38",
        "13:53",
        "14:08",
        "14:25",
        "14:38",
        "15:08",
        "15:24",
        "15:38",
        "15:54",
        "16:08",
        "16:26",
        "16:38",
        "16:53",
        "17:08",
        "17:25",
        "17:38",
        "17:54",
        "18:08",
        "18:26",
        "18:39",
        "18:54",
        "18:59",
        "19:08",
        "19:23",
        "19:27",
        "19:44",
        "19:56",
        "20:27",
        "21:09",
        "21:39",
        "21:58",
        "22:07",
        "22:20",
        "22:40",
        "23:00",
        "23:10"
    ],
    "holiday": [
        "11:38",
        "14:38",
        "14:53",
        "15:38",
        "16:08",
        "16:25",
        "16:38",
        "17:08",
        "17:23",
        "17:38",
        "17:48",
        "18:08",
        "18:38",
        "18:58",
        "19:07",
        "19:27",
        "19:37",
        "20:39",
        "21:07",
        "21:24",
        "21:37",
        "21:59",
        "22:41",
        "23:07"
    ],
    "url": "https://www.kanachu.co.jp/dia/diagram/timetable01_js/course:0000800990-11/node:00128264/kt:0/lname:/"
}
