{
    "system": "厚08",
    "busstops": [
        {
            "index": "1",
            "id": "00128256",
            "name": "厚木バスセンター",
            "lat": "35.441367",
            "lng": "139.366369"
        },
        {
            "index": "2",
            "id": "00025684",
            "name": "本厚木駅",
            "lat": "35.440071",
            "lng": "139.364621"
        },
        {
            "index": "3",
            "id": "00128257",
            "name": "あつぎ大通り",
            "lat": "35.441285",
            "lng": "139.362668"
        },
        {
            "index": "4",
            "id": "00128396",
            "name": "市役所入口(厚木市)",
            "lat": "35.442448",
            "lng": "139.361188"
        },
        {
            "index": "5",
            "id": "00128258",
            "name": "税務署入口(厚木市)",
            "lat": "35.445973",
            "lng": "139.360977"
        },
        {
            "index": "6",
            "id": "00128259",
            "name": "市立病院前(厚木市)",
            "lat": "35.447355",
            "lng": "139.361113"
        },
        {
            "index": "7",
            "id": "00128260",
            "name": "木売場",
            "lat": "35.452035",
            "lng": "139.359907"
        },
        {
            "index": "8",
            "id": "00128261",
            "name": "三家入口(厚木市)",
            "lat": "35.454534",
            "lng": "139.359389"
        },
        {
            "index": "9",
            "id": "00128262",
            "name": "妻田",
            "lat": "35.458645",
            "lng": "139.358531"
        },
        {
            "index": "10",
            "id": "00128263",
            "name": "中村入口(厚木市)",
            "lat": "35.462786",
            "lng": "139.356957"
        },
        {
            "index": "11",
            "id": "00128264",
            "name": "妻田薬師",
            "lat": "35.465147",
            "lng": "139.355093"
        },
        {
            "index": "12",
            "id": "00128265",
            "name": "松蓮寺",
            "lat": "35.470132",
            "lng": "139.34929"
        }
    ],
    "route_url": "https://www.kanachu.co.jp/dia/route/index/cid:0000800990/"
}
