{
    "date": "2026/01/16",
    "name": "中里(中郡二宮町)",
    "position": "-",
    "system": "二34",
    "destinations": [
        "二宮高校入口",
        "団地中央(中郡二宮町)",
        "緑が丘・二宮高校前",
        "緑が丘西(中郡二宮町)",
        "中央公園前(中郡二宮町)",
        "緑が丘南(中郡二宮町)",
        "温水プール前(中郡二宮町)",
        "緑が丘三丁目(中郡二宮町)",
        "緑が丘二丁目(中郡二宮町)",
        "緑が丘西(中郡二宮町)",
        "緑が丘・二宮高校前",
        "団地中央(中郡二宮町)",
        "二宮高校入口",
        "中里(中郡二宮町)",
        "中島(中郡二宮町)",
        "堂面(中郡二宮町)",
        "元町(中郡二宮町)",
        "二宮駅北口"
    ],
    "weekday": [
        "9:11",
        "10:11",
        "11:11",
        "12:16",
        "13:11",
        "14:16",
        "15:11",
        "16:11"
    ],
    "saturday": [
        "9:51",
        "10:56",
        "11:51",
        "12:51",
        "13:56",
        "14:56",
        "15:56",
        "16:56"
    ],
    "holiday": [
        "9:51",
        "10:56",
        "11:51",
        "12:51",
        "13:56",
        "14:56",
        "15:56",
        "16:56"
    ],
    "url": "https://www.kanachu.co.jp/dia/diagram/timetable01_js/course:0000804232-5/node:00127788/kt:0/lname:/"
}
