{
    "date": "2026/01/16",
    "name": "緑が丘・二宮高校前",
    "position": "-",
    "system": "二34",
    "destinations": [
        "緑が丘西(中郡二宮町)",
        "中央公園前(中郡二宮町)",
        "緑が丘南(中郡二宮町)",
        "温水プール前(中郡二宮町)",
        "緑が丘三丁目(中郡二宮町)",
        "緑が丘二丁目(中郡二宮町)",
        "緑が丘西(中郡二宮町)",
        "緑が丘・二宮高校前",
        "団地中央(中郡二宮町)",
        "二宮高校入口",
        "中里(中郡二宮町)",
        "中島(中郡二宮町)",
        "堂面(中郡二宮町)",
        "元町(中郡二宮町)",
        "二宮駅北口"
    ],
    "weekday": [
        "9:18",
        "10:18",
        "11:18",
        "12:23",
        "13:18",
        "14:23",
        "15:18",
        "16:18"
    ],
    "saturday": [
        "9:58",
        "11:03",
        "11:58",
        "12:58",
        "14:03",
        "15:03",
        "16:03",
        "17:03"
    ],
    "holiday": [
        "9:58",
        "11:03",
        "11:58",
        "12:58",
        "14:03",
        "15:03",
        "16:03",
        "17:03"
    ],
    "url": "https://www.kanachu.co.jp/dia/diagram/timetable01_js/course:0000804232-8/node:00130142/kt:0/lname:/"
}
