{
    "date": "2026/01/16",
    "name": "温水プール前(中郡二宮町)",
    "position": "-",
    "system": "二34",
    "destinations": [
        "緑が丘三丁目(中郡二宮町)",
        "緑が丘二丁目(中郡二宮町)",
        "緑が丘西(中郡二宮町)",
        "緑が丘・二宮高校前",
        "団地中央(中郡二宮町)",
        "二宮高校入口",
        "中里(中郡二宮町)",
        "中島(中郡二宮町)",
        "堂面(中郡二宮町)",
        "元町(中郡二宮町)",
        "二宮駅北口"
    ],
    "weekday": [
        "9:21",
        "10:21",
        "11:21",
        "12:26",
        "13:21",
        "14:26",
        "15:21",
        "16:21"
    ],
    "saturday": [
        "10:01",
        "11:06",
        "12:01",
        "13:01",
        "14:06",
        "15:06",
        "16:06",
        "17:06"
    ],
    "holiday": [
        "10:01",
        "11:06",
        "12:01",
        "13:01",
        "14:06",
        "15:06",
        "16:06",
        "17:06"
    ],
    "url": "https://www.kanachu.co.jp/dia/diagram/timetable01_js/course:0000804232-12/node:00130146/kt:0/lname:/"
}
