{
    "date": "2026/01/16",
    "name": "二宮高校入口",
    "position": "-",
    "system": "二34",
    "destinations": [
        "中里(中郡二宮町)",
        "中島(中郡二宮町)",
        "堂面(中郡二宮町)",
        "元町(中郡二宮町)",
        "二宮駅北口"
    ],
    "weekday": [
        "9:29",
        "10:29",
        "11:29",
        "12:34",
        "13:29",
        "14:34",
        "15:29",
        "16:29"
    ],
    "saturday": [
        "10:09",
        "11:14",
        "12:09",
        "13:09",
        "14:14",
        "15:14",
        "16:14",
        "17:14"
    ],
    "holiday": [
        "10:09",
        "11:14",
        "12:09",
        "13:09",
        "14:14",
        "15:14",
        "16:14",
        "17:14"
    ],
    "url": "https://www.kanachu.co.jp/dia/diagram/timetable01_js/course:0000804232-18/node:00127787/kt:0/lname:/"
}
