{
    "date": "2025/10/20",
    "name": "学校入口(大和市)",
    "position": "-",
    "system": "和03",
    "destinations": [
        "住宅入口(大和市)",
        "上野原(大和市)",
        "山王塚(大和市)",
        "大和南",
        "天満宮(大和市)",
        "大和駅"
    ],
    "weekday": [
        "5:50",
        "6:27",
        "6:54",
        "7:18",
        "17:45",
        "20:42"
    ],
    "saturday": [
        "6:59",
        "20:00"
    ],
    "holiday": [
        "19:59"
    ],
    "url": "https://www.kanachu.co.jp/dia/diagram/timetable01_js/course:0000800559-6/node:00129638/kt:0/lname:/"
}
