{
    "date": "2025/04/01",
    "name": "小山田小学校前",
    "position": "-",
    "system": "町27",
    "destinations": [
        "山の端",
        "大泉寺",
        "桜橋(町田市)",
        "日大三高入口",
        "日影橋",
        "図師大橋",
        "馬駈",
        "根岸(根岸町/町田市)",
        "下根岸(町田市)",
        "上宿(町田市)",
        "忠生公園入口",
        "木曽(町田市)",
        "三家(町田市)",
        "木曽住宅",
        "滝の沢(町田市)",
        "浄水場前(町田市)",
        "市民病院前(町田市)",
        "森野三丁目",
        "第四小学校前(町田市)",
        "町田市役所市民ホール前",
        "町田バスセンター"
    ],
    "weekday": [
        "6:14",
        "6:44",
        "7:04",
        "7:19",
        "7:39",
        "8:04",
        "21:04",
        "21:54"
    ],
    "saturday": [
        "6:14",
        "7:14",
        "8:04",
        "20:34"
    ],
    "holiday": [
        "6:56",
        "7:14",
        "8:04",
        "20:28"
    ],
    "url": "https://www.kanachu.co.jp/dia/diagram/timetable01_js/course:0000803178-3/node:00129412/kt:0/lname:/"
}
