{
    "date": "2025/04/01",
    "name": "市民病院前(町田市)",
    "position": "-",
    "system": "町27",
    "destinations": [
        "森野三丁目",
        "第四小学校前(町田市)",
        "町田市役所市民ホール前",
        "町田バスセンター"
    ],
    "weekday": [
        "6:32",
        "7:02",
        "7:25",
        "7:42",
        "8:02",
        "8:25",
        "21:23",
        "22:13"
    ],
    "saturday": [
        "6:32",
        "7:32",
        "8:22",
        "20:55"
    ],
    "holiday": [
        "7:18",
        "7:32",
        "8:26",
        "20:47"
    ],
    "url": "https://www.kanachu.co.jp/dia/diagram/timetable01_js/course:0000803178-20/node:00129359/kt:0/lname:/"
}
