{
    "date": "2025/04/01",
    "name": "町田市役所市民ホール前",
    "position": "-",
    "system": "町27",
    "destinations": [
        "町田バスセンター"
    ],
    "weekday": [
        "6:35",
        "7:05",
        "7:28",
        "7:47",
        "8:07",
        "8:28",
        "21:27",
        "22:17"
    ],
    "saturday": [
        "6:35",
        "7:35",
        "8:25",
        "21:00"
    ],
    "holiday": [
        "7:23",
        "7:35",
        "8:31",
        "20:51"
    ],
    "url": "https://www.kanachu.co.jp/dia/diagram/timetable01_js/course:0000803178-23/node:00129356/kt:0/lname:/"
}
