{
    "date": "2024/07/01",
    "name": "横浜薬大南門",
    "position": "-",
    "system": "湘27",
    "destinations": [
        "福泉寺(横浜市戸塚区)",
        "観音堂前(横浜市戸塚区)",
        "西俣野",
        "下屋敷(藤沢市)",
        "亀井野",
        "亀井野三丁目",
        "雲昌寺",
        "六会",
        "今田(藤沢市)",
        "湘南台駅東口"
    ],
    "weekday": [
        "6:29",
        "7:03",
        "7:23",
        "7:43",
        "8:03",
        "8:18",
        "8:43",
        "9:08",
        "9:23",
        "9:43",
        "10:13",
        "10:43",
        "11:18",
        "11:48",
        "12:43",
        "13:43",
        "14:13",
        "14:43",
        "15:23",
        "16:03",
        "17:13",
        "17:33",
        "17:58",
        "18:10",
        "18:39",
        "18:58",
        "19:43",
        "20:10",
        "21:13"
    ],
    "saturday": [
        "6:43",
        "7:13",
        "7:43",
        "8:13",
        "8:43",
        "9:13",
        "9:43",
        "10:13",
        "10:43",
        "11:13",
        "11:43",
        "12:13",
        "12:43",
        "13:43",
        "14:43",
        "15:43",
        "16:18",
        "16:43",
        "17:18",
        "17:43",
        "18:18",
        "18:43",
        "19:18",
        "19:43",
        "20:43"
    ],
    "holiday": [
        "6:43",
        "7:13",
        "7:43",
        "8:13",
        "8:43",
        "9:13",
        "9:43",
        "10:13",
        "10:43",
        "11:13",
        "11:43",
        "12:13",
        "12:43",
        "13:43",
        "14:43",
        "15:43",
        "16:18",
        "16:43",
        "17:18",
        "17:43",
        "18:18",
        "18:43",
        "19:18",
        "19:43",
        "20:43"
    ],
    "url": "https://www.kanachu.co.jp/dia/diagram/timetable01_js/course:0000803543-4/node:00126821/kt:0/lname:/"
}
