{
    "date": "2024/07/01",
    "name": "下屋敷(藤沢市)",
    "position": "-",
    "system": "湘27",
    "destinations": [
        "亀井野",
        "亀井野三丁目",
        "雲昌寺",
        "六会",
        "今田(藤沢市)",
        "湘南台駅東口"
    ],
    "weekday": [
        "6:33",
        "7:07",
        "7:27",
        "7:47",
        "8:07",
        "8:22",
        "8:47",
        "9:12",
        "9:27",
        "9:47",
        "10:17",
        "10:47",
        "11:22",
        "11:52",
        "12:47",
        "13:47",
        "14:17",
        "14:47",
        "15:27",
        "16:07",
        "17:17",
        "17:37",
        "18:02",
        "18:14",
        "18:43",
        "19:02",
        "19:47",
        "20:14",
        "21:17"
    ],
    "saturday": [
        "6:47",
        "7:17",
        "7:47",
        "8:17",
        "8:47",
        "9:17",
        "9:47",
        "10:17",
        "10:47",
        "11:17",
        "11:47",
        "12:17",
        "12:47",
        "13:47",
        "14:47",
        "15:47",
        "16:22",
        "16:47",
        "17:22",
        "17:47",
        "18:22",
        "18:47",
        "19:22",
        "19:47",
        "20:47"
    ],
    "holiday": [
        "6:47",
        "7:17",
        "7:47",
        "8:17",
        "8:47",
        "9:17",
        "9:47",
        "10:17",
        "10:47",
        "11:17",
        "11:47",
        "12:17",
        "12:47",
        "13:47",
        "14:47",
        "15:47",
        "16:22",
        "16:47",
        "17:22",
        "17:47",
        "18:22",
        "18:47",
        "19:22",
        "19:47",
        "20:47"
    ],
    "url": "https://www.kanachu.co.jp/dia/diagram/timetable01_js/course:0000803543-8/node:00129889/kt:0/lname:/"
}
