{
    "date": "2024/04/01",
    "name": "麻溝台中学校入口",
    "position": "-",
    "system": "大60",
    "destinations": [
        "工業団地入口(相模原市)",
        "麻溝台一丁目",
        "麻溝台工業団地",
        "総合体育館前(相模原市南区)",
        "女子美術大学"
    ],
    "weekday": [
        "7:36",
        "8:06",
        "8:16",
        "8:26",
        "8:34",
        "8:41",
        "8:50",
        "8:54",
        "8:58",
        "9:12",
        "9:32",
        "9:52"
    ],
    "saturday": [
        "7:42",
        "8:27",
        "8:42",
        "9:12",
        "9:42"
    ],
    "holiday": [],
    "url": "https://www.kanachu.co.jp/dia/diagram/timetable01_js/course:0000803421-12/node:00129697/kt:0/lname:/"
}
