{
    "date": "2024/03/16",
    "name": "橋本駅北口",
    "position": "-",
    "system": "八77",
    "destinations": [
        "旭農協前",
        "旭小学校前(相模原市緑区)",
        "香福寺前",
        "橋本本町",
        "坂下(16号側/町田市)",
        "鑓水(八王子市)",
        "自然公園前(八王子市)",
        "御殿峠",
        "片倉高校前",
        "車石",
        "片倉台",
        "片倉台小学校前",
        "車石",
        "片倉高校前",
        "片倉高校入口",
        "片倉(八王子市)",
        "片倉駅入口",
        "片倉城址",
        "子安坂上",
        "万町二丁目",
        "万町一丁目",
        "八王子駅南口"
    ],
    "weekday": [
        "6:35",
        "7:20",
        "7:50",
        "8:20",
        "9:05",
        "9:50",
        "10:35",
        "11:20",
        "12:05",
        "12:50",
        "13:35",
        "14:20",
        "15:05",
        "15:50",
        "16:33",
        "17:20",
        "18:05",
        "18:50",
        "19:35"
    ],
    "saturday": [
        "7:10",
        "7:50",
        "8:35",
        "9:20",
        "10:05",
        "10:50",
        "11:35",
        "12:20",
        "13:05",
        "13:50",
        "14:35",
        "15:20",
        "16:05",
        "16:50",
        "17:35",
        "18:20",
        "19:15"
    ],
    "holiday": [
        "7:10",
        "7:50",
        "8:35",
        "9:20",
        "10:05",
        "10:50",
        "11:35",
        "12:20",
        "13:05",
        "13:50",
        "14:35",
        "15:20",
        "16:05",
        "16:50",
        "17:35",
        "18:20",
        "19:15"
    ],
    "url": "https://www.kanachu.co.jp/dia/diagram/timetable01_js/course:0000800642-1/node:00128969/kt:0/lname:/"
}
