{
    "system": "八77",
    "busstops": [
        {
            "index": "1",
            "id": "00128969",
            "name": "橋本駅北口",
            "lat": "35.595438",
            "lng": "139.344502"
        },
        {
            "index": "2",
            "id": "00020098",
            "name": "旭農協前",
            "lat": "35.597185",
            "lng": "139.34619"
        },
        {
            "index": "3",
            "id": "00020095",
            "name": "旭小学校前(相模原市緑区)",
            "lat": "35.599098",
            "lng": "139.343655"
        },
        {
            "index": "4",
            "id": "00020335",
            "name": "香福寺前",
            "lat": "35.600287",
            "lng": "139.341339"
        },
        {
            "index": "5",
            "id": "00020267",
            "name": "橋本本町",
            "lat": "35.603143",
            "lng": "139.341076"
        },
        {
            "index": "6",
            "id": "00130211",
            "name": "坂下(16号側/町田市)",
            "lat": "35.606477",
            "lng": "139.343824"
        },
        {
            "index": "7",
            "id": "00130080",
            "name": "鑓水(八王子市)",
            "lat": "35.614219",
            "lng": "139.342155"
        },
        {
            "index": "8",
            "id": "00130081",
            "name": "自然公園前(八王子市)",
            "lat": "35.620588",
            "lng": "139.340915"
        },
        {
            "index": "9",
            "id": "00130082",
            "name": "御殿峠",
            "lat": "35.625293",
            "lng": "139.338174"
        },
        {
            "index": "10",
            "id": "00021265",
            "name": "片倉高校前",
            "lat": "35.630528",
            "lng": "139.340737"
        },
        {
            "index": "11",
            "id": "00020464",
            "name": "車石",
            "lat": "35.631117",
            "lng": "139.343221"
        },
        {
            "index": "12",
            "id": "00021267",
            "name": "片倉台",
            "lat": "35.631992",
            "lng": "139.347337"
        },
        {
            "index": "13",
            "id": "00021268",
            "name": "片倉台小学校前",
            "lat": "35.631542",
            "lng": "139.345631"
        },
        {
            "index": "14",
            "id": "00020464",
            "name": "車石",
            "lat": "35.630989",
            "lng": "139.343413"
        },
        {
            "index": "15",
            "id": "00021265",
            "name": "片倉高校前",
            "lat": "35.63045",
            "lng": "139.341278"
        },
        {
            "index": "16",
            "id": "00130083",
            "name": "片倉高校入口",
            "lat": "35.6312",
            "lng": "139.338154"
        },
        {
            "index": "17",
            "id": "00130084",
            "name": "片倉(八王子市)",
            "lat": "35.634876",
            "lng": "139.338713"
        },
        {
            "index": "18",
            "id": "00130085",
            "name": "片倉駅入口",
            "lat": "35.639333",
            "lng": "139.339454"
        },
        {
            "index": "19",
            "id": "00021266",
            "name": "片倉城址",
            "lat": "35.642133",
            "lng": "139.338948"
        },
        {
            "index": "20",
            "id": "00020426",
            "name": "子安坂上",
            "lat": "35.647926",
            "lng": "139.335762"
        },
        {
            "index": "21",
            "id": "00130086",
            "name": "万町二丁目",
            "lat": "35.651314",
            "lng": "139.333621"
        },
        {
            "index": "22",
            "id": "00021344",
            "name": "万町一丁目",
            "lat": "35.652867",
            "lng": "139.333015"
        },
        {
            "index": "23",
            "id": "00021142",
            "name": "八王子駅南口",
            "lat": "35.654105",
            "lng": "139.338543"
        }
    ],
    "route_url": "https://www.kanachu.co.jp/dia/route/index/cid:0000800642/"
}
