{
    "system": "鶴32",
    "busstops": [
        {
            "index": "1",
            "id": "00049296",
            "name": "鶴川駅",
            "lat": "35.583469",
            "lng": "139.480262"
        },
        {
            "index": "2",
            "id": "00129439",
            "name": "上能ヶ谷",
            "lat": "35.583536",
            "lng": "139.475986"
        },
        {
            "index": "3",
            "id": "00129438",
            "name": "金井入口",
            "lat": "35.58492",
            "lng": "139.472259"
        },
        {
            "index": "4",
            "id": "00129437",
            "name": "下大蔵",
            "lat": "35.586771",
            "lng": "139.470134"
        },
        {
            "index": "5",
            "id": "00129436",
            "name": "鶴川市民センター入口",
            "lat": "35.588125",
            "lng": "139.46581"
        },
        {
            "index": "6",
            "id": "00129435",
            "name": "大蔵(鶴川郵便局前/町田市)",
            "lat": "35.588407",
            "lng": "139.463364"
        },
        {
            "index": "7",
            "id": "00129473",
            "name": "井の花",
            "lat": "35.591274",
            "lng": "139.458696"
        },
        {
            "index": "8",
            "id": "00129474",
            "name": "岩子山",
            "lat": "35.593992",
            "lng": "139.455532"
        },
        {
            "index": "9",
            "id": "00129475",
            "name": "下堤(町田市)",
            "lat": "35.595196",
            "lng": "139.452691"
        },
        {
            "index": "10",
            "id": "00129476",
            "name": "五反田(町田市)",
            "lat": "35.594218",
            "lng": "139.448359"
        },
        {
            "index": "11",
            "id": "00129514",
            "name": "サンシティ町田",
            "lat": "35.595738",
            "lng": "139.444701"
        },
        {
            "index": "12",
            "id": "00129477",
            "name": "新屋敷(町田市)",
            "lat": "35.596599",
            "lng": "139.442874"
        },
        {
            "index": "13",
            "id": "00129478",
            "name": "小野神社前(町田市)",
            "lat": "35.597981",
            "lng": "139.44017"
        },
        {
            "index": "14",
            "id": "00130078",
            "name": "中宿(町田市)",
            "lat": "35.599356",
            "lng": "139.437581"
        },
        {
            "index": "15",
            "id": "00130077",
            "name": "小野路",
            "lat": "35.601531",
            "lng": "139.435194"
        },
        {
            "index": "16",
            "id": "00130076",
            "name": "浅間下(町田市)",
            "lat": "35.603687",
            "lng": "139.431207"
        },
        {
            "index": "17",
            "id": "00130075",
            "name": "南野二丁目",
            "lat": "35.606205",
            "lng": "139.427314"
        },
        {
            "index": "18",
            "id": "00020113",
            "name": "一本杉公園",
            "lat": "35.609949",
            "lng": "139.429084"
        },
        {
            "index": "19",
            "id": "00021728",
            "name": "東京医療学院大学前",
            "lat": "35.612738",
            "lng": "139.427959"
        },
        {
            "index": "20",
            "id": "00021026",
            "name": "落合中学校前(多摩市)",
            "lat": "35.614599",
            "lng": "139.428078"
        },
        {
            "index": "21",
            "id": "00020696",
            "name": "青木葉公園",
            "lat": "35.617604",
            "lng": "139.427222"
        },
        {
            "index": "22",
            "id": "00021022",
            "name": "東福寺前(多摩市)",
            "lat": "35.621087",
            "lng": "139.42858"
        },
        {
            "index": "23",
            "id": "00021377",
            "name": "落合一丁目",
            "lat": "35.623522",
            "lng": "139.426687"
        },
        {
            "index": "24",
            "id": "00020748",
            "name": "多摩センター駅",
            "lat": "35.624009",
            "lng": "139.423942"
        }
    ],
    "route_url": "https://www.kanachu.co.jp/dia/route/index/cid:0000803449/"
}
