{
    "date": "2022/08/27",
    "name": "辻堂駅南口",
    "position": "-",
    "system": "辻05",
    "destinations": [
        "仲町(藤沢市)",
        "熊の森",
        "西町(藤沢市)",
        "南町(藤沢市)",
        "浜見山",
        "南海岸",
        "高砂小学校前(藤沢市)",
        "辻堂団地",
        "のぞみ学園前",
        "東浜須賀",
        "富士見町(茅ケ崎市)",
        "平和学園前(茅ケ崎市)",
        "浜須賀入口",
        "平和町",
        "松が丘二丁目(茅ケ崎市)",
        "東海岸北五丁目"
    ],
    "weekday": [
        "20:25"
    ],
    "saturday": [],
    "holiday": [],
    "url": "https://www.kanachu.co.jp/dia/diagram/timetable01_js/course:0000802924-1/node:00127111/kt:0/lname:/"
}
