{
    "date": "2022/08/27",
    "name": "富士見町(茅ケ崎市)",
    "position": "-",
    "system": "辻05",
    "destinations": [
        "平和学園前(茅ケ崎市)",
        "浜須賀入口",
        "平和町",
        "松が丘二丁目(茅ケ崎市)",
        "東海岸北五丁目"
    ],
    "weekday": [
        "20:34"
    ],
    "saturday": [],
    "holiday": [],
    "url": "https://www.kanachu.co.jp/dia/diagram/timetable01_js/course:0000802924-12/node:00127228/kt:0/lname:/"
}
