{
    "date": "2025/10/20",
    "name": "椎木地蔵尊入口",
    "position": "-",
    "system": "津03",
    "destinations": [
        "松風台(横浜市青葉区)",
        "桂台遊水池前",
        "苗万坂",
        "中恩田橋",
        "杉山神社前(横浜市青葉区)",
        "堀の内(横浜市青葉区)",
        "長津田三丁目",
        "長津田駅北口"
    ],
    "weekday": [
        "6:26",
        "7:15",
        "8:08",
        "9:05",
        "15:24",
        "16:14",
        "17:05",
        "17:55"
    ],
    "saturday": [
        "9:21"
    ],
    "holiday": [
        "9:21"
    ],
    "url": "https://www.kanachu.co.jp/dia/diagram/timetable01_js/course:0000803149-4/node:00019248/kt:0/lname:/"
}
