{
    "date": "2025/10/20",
    "name": "中恩田橋",
    "position": "-",
    "system": "津03",
    "destinations": [
        "杉山神社前(横浜市青葉区)",
        "堀の内(横浜市青葉区)",
        "長津田三丁目",
        "長津田駅北口"
    ],
    "weekday": [
        "6:31",
        "7:20",
        "8:13",
        "9:10",
        "15:29",
        "16:19",
        "17:10",
        "18:00"
    ],
    "saturday": [
        "9:26"
    ],
    "holiday": [
        "9:26"
    ],
    "url": "https://www.kanachu.co.jp/dia/diagram/timetable01_js/course:0000803149-8/node:00019206/kt:0/lname:/"
}
