{
    "date": "2025/10/20",
    "name": "堀の内(横浜市青葉区)",
    "position": "-",
    "system": "津03",
    "destinations": [
        "長津田三丁目",
        "長津田駅北口"
    ],
    "weekday": [
        "6:33",
        "7:22",
        "8:15",
        "9:12",
        "15:31",
        "16:21",
        "17:12",
        "18:02"
    ],
    "saturday": [
        "9:28"
    ],
    "holiday": [
        "9:28"
    ],
    "url": "https://www.kanachu.co.jp/dia/diagram/timetable01_js/course:0000803149-10/node:00019243/kt:0/lname:/"
}
