{
    "date": "2023/02/20",
    "name": "若葉台南",
    "position": "-",
    "system": "116",
    "destinations": [
        "大貫橋",
        "亀甲山",
        "原分",
        "東根",
        "川井橋",
        "程ヶ谷カントリークラブ前",
        "矢指町入口",
        "西部病院前",
        "水道企業団前(横浜市旭区)",
        "つゆきの森",
        "三ツ境駅北口"
    ],
    "weekday": [
        "6:12",
        "6:38",
        "7:02",
        "7:35",
        "8:06",
        "9:02",
        "10:02",
        "11:02",
        "12:02",
        "13:02",
        "14:02",
        "15:02",
        "16:02",
        "17:02",
        "18:02",
        "19:02",
        "20:02"
    ],
    "saturday": [
        "6:45",
        "7:09",
        "8:07",
        "9:08",
        "10:08",
        "11:08",
        "12:08",
        "13:08",
        "14:08",
        "15:08",
        "16:08",
        "17:08",
        "18:08",
        "19:08",
        "20:08"
    ],
    "holiday": [
        "7:08",
        "8:08",
        "9:08",
        "10:08",
        "11:08",
        "12:08",
        "13:08",
        "14:08",
        "15:08",
        "16:08",
        "17:08",
        "18:08",
        "19:02",
        "20:02"
    ],
    "url": "https://www.kanachu.co.jp/dia/diagram/timetable01_js/course:0000802238-3/node:00103262/kt:0/lname:/"
}
