{
    "date": "2023/02/20",
    "name": "亀甲山",
    "position": "-",
    "system": "",
    "destinations": [
        "原分",
        "東根",
        "川井橋",
        "程ヶ谷カントリークラブ前",
        "矢指町入口",
        "西部病院前",
        "水道企業団前(横浜市旭区)",
        "つゆきの森",
        "三ツ境駅北口"
    ],
    "weekday": [
        "6:14",
        "6:40",
        "7:04",
        "7:37",
        "8:08",
        "9:04",
        "10:04",
        "11:04",
        "12:04",
        "13:04",
        "14:04",
        "15:04",
        "16:04",
        "17:04",
        "18:04",
        "19:04",
        "20:04"
    ],
    "saturday": [
        "6:47",
        "7:11",
        "8:09",
        "9:10",
        "10:10",
        "11:10",
        "12:10",
        "13:10",
        "14:10",
        "15:10",
        "16:10",
        "17:10",
        "18:10",
        "19:10",
        "20:10"
    ],
    "holiday": [
        "7:10",
        "8:10",
        "9:10",
        "10:10",
        "11:10",
        "12:10",
        "13:10",
        "14:10",
        "15:10",
        "16:10",
        "17:10",
        "18:10",
        "19:04",
        "20:04"
    ],
    "url": "https://www.kanachu.co.jp/dia/diagram/timetable01_js/course:0000802238-5/node:00129705/kt:0/lname:/"
}
