{
    "date": "2023/02/20",
    "name": "東根",
    "position": "-",
    "system": "",
    "destinations": [
        "川井橋",
        "程ヶ谷カントリークラブ前",
        "矢指町入口",
        "西部病院前",
        "水道企業団前(横浜市旭区)",
        "つゆきの森",
        "三ツ境駅北口"
    ],
    "weekday": [
        "6:17",
        "6:43",
        "7:07",
        "7:40",
        "8:11",
        "9:07",
        "10:07",
        "11:07",
        "12:07",
        "13:07",
        "14:07",
        "15:07",
        "16:07",
        "17:07",
        "18:07",
        "19:07",
        "20:07"
    ],
    "saturday": [
        "6:50",
        "7:14",
        "8:12",
        "9:13",
        "10:13",
        "11:13",
        "12:13",
        "13:13",
        "14:13",
        "15:13",
        "16:13",
        "17:13",
        "18:13",
        "19:13",
        "20:13"
    ],
    "holiday": [
        "7:13",
        "8:13",
        "9:13",
        "10:13",
        "11:13",
        "12:13",
        "13:13",
        "14:13",
        "15:13",
        "16:13",
        "17:13",
        "18:13",
        "19:07",
        "20:07"
    ],
    "url": "https://www.kanachu.co.jp/dia/diagram/timetable01_js/course:0000802238-7/node:00129728/kt:0/lname:/"
}
