{
    "date": "2023/02/20",
    "name": "川井橋",
    "position": "-",
    "system": "",
    "destinations": [
        "程ヶ谷カントリークラブ前",
        "矢指町入口",
        "西部病院前",
        "水道企業団前(横浜市旭区)",
        "つゆきの森",
        "三ツ境駅北口"
    ],
    "weekday": [
        "6:18",
        "6:44",
        "7:08",
        "7:41",
        "8:12",
        "9:08",
        "10:08",
        "11:08",
        "12:08",
        "13:08",
        "14:08",
        "15:08",
        "16:08",
        "17:08",
        "18:08",
        "19:08",
        "20:08"
    ],
    "saturday": [
        "6:51",
        "7:15",
        "8:13",
        "9:14",
        "10:14",
        "11:14",
        "12:14",
        "13:14",
        "14:14",
        "15:14",
        "16:14",
        "17:14",
        "18:14",
        "19:14",
        "20:14"
    ],
    "holiday": [
        "7:14",
        "8:14",
        "9:14",
        "10:14",
        "11:14",
        "12:14",
        "13:14",
        "14:14",
        "15:14",
        "16:14",
        "17:14",
        "18:14",
        "19:08",
        "20:08"
    ],
    "url": "https://www.kanachu.co.jp/dia/diagram/timetable01_js/course:0000802238-8/node:00129727/kt:0/lname:/"
}
