{
    "date": "2023/02/20",
    "name": "程ヶ谷カントリークラブ前",
    "position": "-",
    "system": "",
    "destinations": [
        "矢指町入口",
        "西部病院前",
        "水道企業団前(横浜市旭区)",
        "つゆきの森",
        "三ツ境駅北口"
    ],
    "weekday": [
        "6:19",
        "6:45",
        "7:09",
        "7:42",
        "8:13",
        "9:09",
        "10:09",
        "11:09",
        "12:09",
        "13:09",
        "14:09",
        "15:09",
        "16:09",
        "17:09",
        "18:09",
        "19:09",
        "20:09"
    ],
    "saturday": [
        "6:52",
        "7:16",
        "8:14",
        "9:15",
        "10:15",
        "11:15",
        "12:15",
        "13:15",
        "14:15",
        "15:15",
        "16:15",
        "17:15",
        "18:15",
        "19:15",
        "20:15"
    ],
    "holiday": [
        "7:15",
        "8:15",
        "9:15",
        "10:15",
        "11:15",
        "12:15",
        "13:15",
        "14:15",
        "15:15",
        "16:15",
        "17:15",
        "18:15",
        "19:09",
        "20:09"
    ],
    "url": "https://www.kanachu.co.jp/dia/diagram/timetable01_js/course:0000802238-9/node:00129726/kt:0/lname:/"
}
