{
    "system": "",
    "busstops": [
        {
            "index": "1",
            "id": "00019296",
            "name": "若葉台中央(横浜市旭区)",
            "lat": "35.506423",
            "lng": "139.498577"
        },
        {
            "index": "2",
            "id": "00102729",
            "name": "地区公園",
            "lat": "35.503598",
            "lng": "139.496419"
        },
        {
            "index": "3",
            "id": "00103262",
            "name": "若葉台南",
            "lat": "35.500043",
            "lng": "139.500083"
        },
        {
            "index": "4",
            "id": "00129706",
            "name": "大貫橋",
            "lat": "35.497739",
            "lng": "139.499632"
        },
        {
            "index": "5",
            "id": "00129705",
            "name": "亀甲山",
            "lat": "35.497449",
            "lng": "139.497208"
        },
        {
            "index": "6",
            "id": "00129729",
            "name": "原分",
            "lat": "35.496047",
            "lng": "139.502556"
        },
        {
            "index": "7",
            "id": "00129728",
            "name": "東根",
            "lat": "35.49357",
            "lng": "139.506779"
        },
        {
            "index": "8",
            "id": "00129727",
            "name": "川井橋",
            "lat": "35.49075",
            "lng": "139.505979"
        },
        {
            "index": "9",
            "id": "00129726",
            "name": "程ヶ谷カントリークラブ前",
            "lat": "35.488974",
            "lng": "139.50445"
        },
        {
            "index": "10",
            "id": "00129725",
            "name": "矢指町入口",
            "lat": "35.484514",
            "lng": "139.504295"
        },
        {
            "index": "11",
            "id": "00129724",
            "name": "西部病院前",
            "lat": "35.477236",
            "lng": "139.501711"
        },
        {
            "index": "12",
            "id": "00129723",
            "name": "水道企業団前(横浜市旭区)",
            "lat": "35.47485",
            "lng": "139.501001"
        },
        {
            "index": "13",
            "id": "00129781",
            "name": "つゆきの森",
            "lat": "35.471439",
            "lng": "139.502012"
        },
        {
            "index": "14",
            "id": "00129664",
            "name": "三ツ境駅北口",
            "lat": "35.468489",
            "lng": "139.502114"
        }
    ],
    "route_url": "https://www.kanachu.co.jp/dia/route/index/cid:0000802238/"
}
