{
    "date": "2025/03/15",
    "name": "上の前(茅ケ崎市)",
    "position": "-",
    "system": "茅52",
    "destinations": [
        "西の谷(茅ケ崎市)",
        "走内",
        "アルバック前",
        "古川(茅ケ崎市)",
        "辻東(茅ケ崎市)",
        "鶴嶺小学校前",
        "登象",
        "肥地力",
        "保健所前(茅ケ崎市)",
        "ジャスコ前(茅ケ崎市)",
        "市民文化会館前(茅ケ崎市)",
        "茅ヶ崎駅"
    ],
    "weekday": [
        "5:49",
        "6:06",
        "6:24",
        "6:48",
        "7:19",
        "22:11"
    ],
    "saturday": [
        "6:05",
        "6:35",
        "22:00"
    ],
    "holiday": [
        "6:50",
        "7:10",
        "7:50",
        "20:52",
        "21:22"
    ],
    "url": "https://www.kanachu.co.jp/dia/diagram/timetable01_js/course:0000800529-6/node:00127206/kt:0/lname:/"
}
