{
    "date": "2025/03/15",
    "name": "アルバック前",
    "position": "-",
    "system": "茅52",
    "destinations": [
        "古川(茅ケ崎市)",
        "辻東(茅ケ崎市)",
        "鶴嶺小学校前",
        "登象",
        "肥地力",
        "保健所前(茅ケ崎市)",
        "ジャスコ前(茅ケ崎市)",
        "市民文化会館前(茅ケ崎市)",
        "茅ヶ崎駅"
    ],
    "weekday": [
        "5:53",
        "6:10",
        "6:28",
        "6:52",
        "7:23",
        "22:14"
    ],
    "saturday": [
        "6:08",
        "6:38",
        "22:03"
    ],
    "holiday": [
        "6:53",
        "7:13",
        "7:53",
        "20:55",
        "21:25"
    ],
    "url": "https://www.kanachu.co.jp/dia/diagram/timetable01_js/course:0000800529-9/node:00127203/kt:0/lname:/"
}
