{
    "date": "2025/03/15",
    "name": "辻東(茅ケ崎市)",
    "position": "-",
    "system": "茅52",
    "destinations": [
        "鶴嶺小学校前",
        "登象",
        "肥地力",
        "保健所前(茅ケ崎市)",
        "ジャスコ前(茅ケ崎市)",
        "市民文化会館前(茅ケ崎市)",
        "茅ヶ崎駅"
    ],
    "weekday": [
        "5:56",
        "6:13",
        "6:31",
        "6:55",
        "7:26",
        "22:17"
    ],
    "saturday": [
        "6:11",
        "6:41",
        "22:06"
    ],
    "holiday": [
        "6:56",
        "7:16",
        "7:56",
        "20:58",
        "21:28"
    ],
    "url": "https://www.kanachu.co.jp/dia/diagram/timetable01_js/course:0000800529-11/node:00127201/kt:0/lname:/"
}
