{
    "date": "2025/03/15",
    "name": "肥地力",
    "position": "-",
    "system": "茅52",
    "destinations": [
        "保健所前(茅ケ崎市)",
        "ジャスコ前(茅ケ崎市)",
        "市民文化会館前(茅ケ崎市)",
        "茅ヶ崎駅"
    ],
    "weekday": [
        "6:01",
        "6:18",
        "6:36",
        "7:00",
        "7:31",
        "22:21"
    ],
    "saturday": [
        "6:15",
        "6:45",
        "22:10"
    ],
    "holiday": [
        "7:00",
        "7:20",
        "8:00",
        "21:02",
        "21:32"
    ],
    "url": "https://www.kanachu.co.jp/dia/diagram/timetable01_js/course:0000800529-14/node:00127160/kt:0/lname:/"
}
