{
    "date": "2025/03/15",
    "name": "保健所前(茅ケ崎市)",
    "position": "-",
    "system": "茅52",
    "destinations": [
        "ジャスコ前(茅ケ崎市)",
        "市民文化会館前(茅ケ崎市)",
        "茅ヶ崎駅"
    ],
    "weekday": [
        "6:02",
        "6:19",
        "6:37",
        "7:01",
        "7:32",
        "22:22"
    ],
    "saturday": [
        "6:16",
        "6:46",
        "22:11"
    ],
    "holiday": [
        "7:01",
        "7:21",
        "8:01",
        "21:03",
        "21:33"
    ],
    "url": "https://www.kanachu.co.jp/dia/diagram/timetable01_js/course:0000800529-15/node:00127271/kt:0/lname:/"
}
