{
    "date": "2021/02/01",
    "name": "今宿北",
    "position": "-",
    "system": "コ16",
    "destinations": [
        "県住入口",
        "宮ノ前(茅ケ崎市)",
        "入ノ田",
        "今宿市営住宅前",
        "鶴嶺小学校前",
        "鶴嶺八幡宮",
        "浜之郷西",
        "TBS",
        "浜之郷",
        "浜之郷入口",
        "ジャスコ前(茅ケ崎市)",
        "市民文化会館前(茅ケ崎市)",
        "茅ヶ崎駅北",
        "中央公園前(茅ケ崎市)",
        "前の田",
        "北茅ヶ崎駅入口",
        "市立病院(茅ケ崎市)"
    ],
    "weekday": [
        "7:18"
    ],
    "saturday": [],
    "holiday": [],
    "url": "https://www.kanachu.co.jp/dia/diagram/timetable01_js/course:0000802096-5/node:00127373/kt:0/lname:/"
}
