{
    "date": "2026/01/16",
    "name": "矢沢(横浜市戸塚区)",
    "position": "-",
    "system": "戸61",
    "destinations": [
        "アザリエ団地入口",
        "日産前(横浜市戸塚区)",
        "踊場",
        "東原(横浜市泉区)",
        "中田(横浜市泉区)",
        "中田小学校入口",
        "中西(横浜市泉区)",
        "立場駅",
        "谷戸入口(横浜市泉区)",
        "和泉(横浜市泉区)",
        "泉区総合庁舎前",
        "和泉坂上",
        "池ノ上(横浜市泉区)",
        "上飯田団地",
        "小学校前(横浜市泉区)",
        "児童公園前(横浜市泉区)",
        "団地入口(横浜市泉区)",
        "飯田神社前",
        "台村",
        "いちょう団地",
        "保育所前(大和市)",
        "渋谷中学校",
        "集会所前(横浜市泉区)",
        "中屋敷(横浜市泉区)",
        "五軒庭",
        "上飯田(横浜市泉区)",
        "上飯田車庫"
    ],
    "weekday": [
        "7:55",
        "12:13",
        "12:43",
        "13:43",
        "14:18",
        "16:23",
        "17:53",
        "18:23",
        "20:23",
        "21:08",
        "22:18"
    ],
    "saturday": [
        "7:55",
        "12:18",
        "13:23",
        "13:53",
        "14:53",
        "15:24",
        "16:24",
        "16:53",
        "20:08",
        "21:08"
    ],
    "holiday": [
        "7:55",
        "12:18",
        "13:24",
        "13:53",
        "14:53",
        "15:24",
        "16:24",
        "16:53",
        "20:08",
        "21:08"
    ],
    "url": "https://www.kanachu.co.jp/dia/diagram/timetable01_js/course:0000804275-2/node:00126776/kt:0/lname:/"
}
