{
    "date": "2026/01/16",
    "name": "踊場",
    "position": "-",
    "system": "戸61",
    "destinations": [
        "東原(横浜市泉区)",
        "中田(横浜市泉区)",
        "中田小学校入口",
        "中西(横浜市泉区)",
        "立場駅",
        "谷戸入口(横浜市泉区)",
        "和泉(横浜市泉区)",
        "泉区総合庁舎前",
        "和泉坂上",
        "池ノ上(横浜市泉区)",
        "上飯田団地",
        "小学校前(横浜市泉区)",
        "児童公園前(横浜市泉区)",
        "団地入口(横浜市泉区)",
        "飯田神社前",
        "台村",
        "いちょう団地",
        "保育所前(大和市)",
        "渋谷中学校",
        "集会所前(横浜市泉区)",
        "中屋敷(横浜市泉区)",
        "五軒庭",
        "上飯田(横浜市泉区)",
        "上飯田車庫"
    ],
    "weekday": [
        "7:58",
        "12:16",
        "12:46",
        "13:46",
        "14:21",
        "16:26",
        "17:56",
        "18:26",
        "20:26",
        "21:11",
        "22:21"
    ],
    "saturday": [
        "7:58",
        "12:21",
        "13:26",
        "13:56",
        "14:56",
        "15:27",
        "16:27",
        "16:56",
        "20:11",
        "21:11"
    ],
    "holiday": [
        "7:58",
        "12:21",
        "13:27",
        "13:56",
        "14:56",
        "15:27",
        "16:27",
        "16:56",
        "20:11",
        "21:11"
    ],
    "url": "https://www.kanachu.co.jp/dia/diagram/timetable01_js/course:0000804275-5/node:00126778/kt:0/lname:/"
}
