{
    "date": "2026/01/16",
    "name": "中西(横浜市泉区)",
    "position": "-",
    "system": "戸61",
    "destinations": [
        "立場駅",
        "谷戸入口(横浜市泉区)",
        "和泉(横浜市泉区)",
        "泉区総合庁舎前",
        "和泉坂上",
        "池ノ上(横浜市泉区)",
        "上飯田団地",
        "小学校前(横浜市泉区)",
        "児童公園前(横浜市泉区)",
        "団地入口(横浜市泉区)",
        "飯田神社前",
        "台村",
        "いちょう団地",
        "保育所前(大和市)",
        "渋谷中学校",
        "集会所前(横浜市泉区)",
        "中屋敷(横浜市泉区)",
        "五軒庭",
        "上飯田(横浜市泉区)",
        "上飯田車庫"
    ],
    "weekday": [
        "8:03",
        "12:22",
        "12:52",
        "13:52",
        "14:27",
        "16:32",
        "18:02",
        "18:32",
        "20:31",
        "21:16",
        "22:26"
    ],
    "saturday": [
        "8:03",
        "12:27",
        "13:32",
        "14:02",
        "15:02",
        "15:33",
        "16:33",
        "17:02",
        "20:17",
        "21:17"
    ],
    "holiday": [
        "8:03",
        "12:27",
        "13:33",
        "14:02",
        "15:02",
        "15:33",
        "16:33",
        "17:02",
        "20:17",
        "21:17"
    ],
    "url": "https://www.kanachu.co.jp/dia/diagram/timetable01_js/course:0000804275-9/node:00126782/kt:0/lname:/"
}
