{
    "date": "2026/01/16",
    "name": "立場駅",
    "position": "-",
    "system": "戸61",
    "destinations": [
        "谷戸入口(横浜市泉区)",
        "和泉(横浜市泉区)",
        "泉区総合庁舎前",
        "和泉坂上",
        "池ノ上(横浜市泉区)",
        "上飯田団地",
        "小学校前(横浜市泉区)",
        "児童公園前(横浜市泉区)",
        "団地入口(横浜市泉区)",
        "飯田神社前",
        "台村",
        "いちょう団地",
        "保育所前(大和市)",
        "渋谷中学校",
        "集会所前(横浜市泉区)",
        "中屋敷(横浜市泉区)",
        "五軒庭",
        "上飯田(横浜市泉区)",
        "上飯田車庫"
    ],
    "weekday": [
        "8:05",
        "12:25",
        "12:55",
        "13:55",
        "14:30",
        "16:35",
        "18:05",
        "18:35",
        "20:33",
        "21:18",
        "22:27"
    ],
    "saturday": [
        "8:05",
        "12:30",
        "13:35",
        "14:05",
        "15:05",
        "15:36",
        "16:36",
        "17:05",
        "20:20",
        "21:20"
    ],
    "holiday": [
        "8:05",
        "12:30",
        "13:36",
        "14:05",
        "15:05",
        "15:36",
        "16:36",
        "17:05",
        "20:20",
        "21:20"
    ],
    "url": "https://www.kanachu.co.jp/dia/diagram/timetable01_js/course:0000804275-10/node:00126908/kt:0/lname:/"
}
