{
    "date": "2026/01/16",
    "name": "和泉坂上",
    "position": "-",
    "system": "戸61",
    "destinations": [
        "池ノ上(横浜市泉区)",
        "上飯田団地",
        "小学校前(横浜市泉区)",
        "児童公園前(横浜市泉区)",
        "団地入口(横浜市泉区)",
        "飯田神社前",
        "台村",
        "いちょう団地",
        "保育所前(大和市)",
        "渋谷中学校",
        "集会所前(横浜市泉区)",
        "中屋敷(横浜市泉区)",
        "五軒庭",
        "上飯田(横浜市泉区)",
        "上飯田車庫"
    ],
    "weekday": [
        "8:11",
        "12:31",
        "13:01",
        "14:01",
        "14:36",
        "16:41",
        "18:11",
        "18:41",
        "20:39",
        "21:24",
        "22:32"
    ],
    "saturday": [
        "8:11",
        "12:36",
        "13:41",
        "14:11",
        "15:11",
        "15:42",
        "16:42",
        "17:11",
        "20:26",
        "21:26"
    ],
    "holiday": [
        "8:11",
        "12:36",
        "13:42",
        "14:11",
        "15:11",
        "15:42",
        "16:42",
        "17:11",
        "20:26",
        "21:26"
    ],
    "url": "https://www.kanachu.co.jp/dia/diagram/timetable01_js/course:0000804275-14/node:00126787/kt:0/lname:/"
}
