{
    "date": "2026/01/16",
    "name": "児童公園前(横浜市泉区)",
    "position": "-",
    "system": "戸61",
    "destinations": [
        "団地入口(横浜市泉区)",
        "飯田神社前",
        "台村",
        "いちょう団地",
        "保育所前(大和市)",
        "渋谷中学校",
        "集会所前(横浜市泉区)",
        "中屋敷(横浜市泉区)",
        "五軒庭",
        "上飯田(横浜市泉区)",
        "上飯田車庫"
    ],
    "weekday": [
        "8:17",
        "12:37",
        "13:07",
        "14:07",
        "14:42",
        "16:47",
        "18:17",
        "18:47",
        "20:45",
        "21:30",
        "22:37"
    ],
    "saturday": [
        "8:17",
        "12:42",
        "13:47",
        "14:17",
        "15:17",
        "15:48",
        "16:48",
        "17:17",
        "20:32",
        "21:32"
    ],
    "holiday": [
        "8:17",
        "12:42",
        "13:48",
        "14:17",
        "15:17",
        "15:48",
        "16:48",
        "17:17",
        "20:32",
        "21:32"
    ],
    "url": "https://www.kanachu.co.jp/dia/diagram/timetable01_js/course:0000804275-18/node:00126805/kt:0/lname:/"
}
