{
    "date": "2026/01/16",
    "name": "台村",
    "position": "-",
    "system": "戸61",
    "destinations": [
        "いちょう団地",
        "保育所前(大和市)",
        "渋谷中学校",
        "集会所前(横浜市泉区)",
        "中屋敷(横浜市泉区)",
        "五軒庭",
        "上飯田(横浜市泉区)",
        "上飯田車庫"
    ],
    "weekday": [
        "8:20",
        "12:40",
        "13:10",
        "14:10",
        "14:45",
        "16:50",
        "18:20",
        "18:50",
        "20:48",
        "21:33",
        "22:40"
    ],
    "saturday": [
        "8:20",
        "12:45",
        "13:50",
        "14:20",
        "15:20",
        "15:51",
        "16:51",
        "17:20",
        "20:35",
        "21:35"
    ],
    "holiday": [
        "8:20",
        "12:45",
        "13:51",
        "14:20",
        "15:20",
        "15:51",
        "16:51",
        "17:20",
        "20:35",
        "21:35"
    ],
    "url": "https://www.kanachu.co.jp/dia/diagram/timetable01_js/course:0000804275-21/node:00126796/kt:0/lname:/"
}
