{
    "date": "2026/01/16",
    "name": "集会所前(横浜市泉区)",
    "position": "-",
    "system": "戸61",
    "destinations": [
        "中屋敷(横浜市泉区)",
        "五軒庭",
        "上飯田(横浜市泉区)",
        "上飯田車庫"
    ],
    "weekday": [
        "8:25",
        "12:45",
        "13:15",
        "14:15",
        "14:50",
        "16:55",
        "18:25",
        "18:55",
        "20:53",
        "21:38",
        "22:45"
    ],
    "saturday": [
        "8:25",
        "12:50",
        "13:55",
        "14:25",
        "15:25",
        "15:56",
        "16:56",
        "17:25",
        "20:40",
        "21:40"
    ],
    "holiday": [
        "8:25",
        "12:50",
        "13:56",
        "14:25",
        "15:25",
        "15:56",
        "16:56",
        "17:25",
        "20:40",
        "21:40"
    ],
    "url": "https://www.kanachu.co.jp/dia/diagram/timetable01_js/course:0000804275-25/node:00126895/kt:0/lname:/"
}
