{
    "date": "2026/01/16",
    "name": "中屋敷(横浜市泉区)",
    "position": "-",
    "system": "戸61",
    "destinations": [
        "五軒庭",
        "上飯田(横浜市泉区)",
        "上飯田車庫"
    ],
    "weekday": [
        "8:26",
        "12:46",
        "13:16",
        "14:16",
        "14:51",
        "16:56",
        "18:26",
        "18:56",
        "20:54",
        "21:39",
        "22:46"
    ],
    "saturday": [
        "8:26",
        "12:51",
        "13:56",
        "14:26",
        "15:26",
        "15:57",
        "16:57",
        "17:26",
        "20:41",
        "21:41"
    ],
    "holiday": [
        "8:26",
        "12:51",
        "13:57",
        "14:26",
        "15:26",
        "15:57",
        "16:57",
        "17:26",
        "20:41",
        "21:41"
    ],
    "url": "https://www.kanachu.co.jp/dia/diagram/timetable01_js/course:0000804275-26/node:00126797/kt:0/lname:/"
}
