{
    "date": "2024/03/16",
    "name": "厚木バスセンター",
    "position": "-",
    "system": "厚63",
    "destinations": [
        "小田急通り",
        "元町(厚木市)",
        "鮎津橋",
        "積水ソフランウイズ前",
        "金田下宿",
        "金田(厚木市)",
        "金田神社前",
        "下依知入口",
        "追分(厚木市)",
        "蓮生寺(厚木市)",
        "関口(厚木市)",
        "依知小学校前",
        "中平(厚木市)",
        "山際",
        "藤塚(厚木市)",
        "団地入口(厚木市)",
        "東一丁目(厚木市)",
        "南中央通り",
        "西一丁目(厚木市)",
        "西二丁目(愛甲郡愛川町)",
        "西三丁目(愛甲郡愛川町)",
        "西四丁目(愛甲郡愛川町)",
        "春日台入口",
        "春日台一丁目",
        "春日台三丁目(愛甲郡愛川町)",
        "春日台団地",
        "文化会館入口(愛甲郡愛川町)",
        "愛川高校入口",
        "箕輪辻",
        "愛川バスセンター"
    ],
    "weekday": [
        "7:40",
        "7:55",
        "8:10",
        "8:30",
        "9:00",
        "9:30",
        "10:00",
        "10:30",
        "11:00",
        "11:30",
        "12:00",
        "12:30",
        "13:00",
        "13:30",
        "14:00",
        "14:30",
        "15:00",
        "15:30",
        "16:00",
        "16:30",
        "19:00",
        "21:00"
    ],
    "saturday": [],
    "holiday": [],
    "url": "https://www.kanachu.co.jp/dia/diagram/timetable01_js/course:0000801866-1/node:00128256/kt:0/lname:/"
}
