{
    "date": "2024/03/16",
    "name": "元町(厚木市)",
    "position": "-",
    "system": "厚63",
    "destinations": [
        "鮎津橋",
        "積水ソフランウイズ前",
        "金田下宿",
        "金田(厚木市)",
        "金田神社前",
        "下依知入口",
        "追分(厚木市)",
        "蓮生寺(厚木市)",
        "関口(厚木市)",
        "依知小学校前",
        "中平(厚木市)",
        "山際",
        "藤塚(厚木市)",
        "団地入口(厚木市)",
        "東一丁目(厚木市)",
        "南中央通り",
        "西一丁目(厚木市)",
        "西二丁目(愛甲郡愛川町)",
        "西三丁目(愛甲郡愛川町)",
        "西四丁目(愛甲郡愛川町)",
        "春日台入口",
        "春日台一丁目",
        "春日台三丁目(愛甲郡愛川町)",
        "春日台団地",
        "文化会館入口(愛甲郡愛川町)",
        "愛川高校入口",
        "箕輪辻",
        "愛川バスセンター"
    ],
    "weekday": [
        "7:46",
        "8:01",
        "8:15",
        "8:35",
        "9:05",
        "9:35",
        "10:05",
        "10:35",
        "11:05",
        "11:35",
        "12:05",
        "12:35",
        "13:05",
        "13:35",
        "14:05",
        "14:35",
        "15:05",
        "15:35",
        "16:05",
        "16:35",
        "19:04",
        "21:04"
    ],
    "saturday": [],
    "holiday": [],
    "url": "https://www.kanachu.co.jp/dia/diagram/timetable01_js/course:0000801866-3/node:00128343/kt:0/lname:/"
}
