{
    "date": "2024/03/16",
    "name": "西二丁目(愛甲郡愛川町)",
    "position": "-",
    "system": "厚63",
    "destinations": [
        "西三丁目(愛甲郡愛川町)",
        "西四丁目(愛甲郡愛川町)",
        "春日台入口",
        "春日台一丁目",
        "春日台三丁目(愛甲郡愛川町)",
        "春日台団地",
        "文化会館入口(愛甲郡愛川町)",
        "愛川高校入口",
        "箕輪辻",
        "愛川バスセンター"
    ],
    "weekday": [
        "8:14",
        "8:28",
        "8:42",
        "9:02",
        "9:32",
        "10:02",
        "10:32",
        "11:02",
        "11:32",
        "12:02",
        "12:32",
        "13:02",
        "13:32",
        "14:02",
        "14:32",
        "15:02",
        "15:32",
        "16:02",
        "16:32",
        "17:02",
        "19:26",
        "21:26"
    ],
    "saturday": [],
    "holiday": [],
    "url": "https://www.kanachu.co.jp/dia/diagram/timetable01_js/course:0000801866-21/node:00128369/kt:0/lname:/"
}
