{
    "date": "2024/03/16",
    "name": "箕輪辻",
    "position": "-",
    "system": "厚63",
    "destinations": [
        "愛川バスセンター"
    ],
    "weekday": [
        "8:24",
        "8:38",
        "8:52",
        "9:12",
        "9:42",
        "10:12",
        "10:42",
        "11:12",
        "11:42",
        "12:12",
        "12:42",
        "13:12",
        "13:42",
        "14:12",
        "14:42",
        "15:12",
        "15:42",
        "16:12",
        "16:42",
        "17:12",
        "19:35",
        "21:35"
    ],
    "saturday": [],
    "holiday": [],
    "url": "https://www.kanachu.co.jp/dia/diagram/timetable01_js/course:0000801866-30/node:00128327/kt:0/lname:/"
}
