{
    "date": "2025/04/19",
    "name": "緑が丘一丁目(相模原市中央区)",
    "position": "-",
    "system": "相28",
    "destinations": [
        "光が丘三丁目(相模原市中央区)",
        "光が丘大通り",
        "光が丘小学校前",
        "光が丘一丁目(相模原市中央区)",
        "千代田五丁目",
        "千代田十字路",
        "千代田一丁目",
        "職業安定所前(相模原市中央区)",
        "ウェルネスさがみはら前",
        "市役所前(相模原市中央区)",
        "グリーンプラザ(相模原市中央区)",
        "西門前(相模原市中央区)",
        "相模原五丁目",
        "相模原駅南口"
    ],
    "weekday": [
        "5:37",
        "5:57",
        "6:07",
        "6:20"
    ],
    "saturday": [
        "5:43",
        "6:04",
        "6:24"
    ],
    "holiday": [
        "6:54"
    ],
    "url": "https://www.kanachu.co.jp/dia/diagram/timetable01_js/course:0000800752-4/node:00129265/kt:0/lname:/"
}
