{
    "date": "2025/04/19",
    "name": "光が丘大通り",
    "position": "-",
    "system": "相28",
    "destinations": [
        "光が丘小学校前",
        "光が丘一丁目(相模原市中央区)",
        "千代田五丁目",
        "千代田十字路",
        "千代田一丁目",
        "職業安定所前(相模原市中央区)",
        "ウェルネスさがみはら前",
        "市役所前(相模原市中央区)",
        "グリーンプラザ(相模原市中央区)",
        "西門前(相模原市中央区)",
        "相模原五丁目",
        "相模原駅南口"
    ],
    "weekday": [
        "5:39",
        "5:59",
        "6:09",
        "6:22"
    ],
    "saturday": [
        "5:45",
        "6:06",
        "6:26"
    ],
    "holiday": [
        "6:56"
    ],
    "url": "https://www.kanachu.co.jp/dia/diagram/timetable01_js/course:0000800752-6/node:00129234/kt:0/lname:/"
}
