{
    "date": "2025/04/19",
    "name": "千代田五丁目",
    "position": "-",
    "system": "相28",
    "destinations": [
        "千代田十字路",
        "千代田一丁目",
        "職業安定所前(相模原市中央区)",
        "ウェルネスさがみはら前",
        "市役所前(相模原市中央区)",
        "グリーンプラザ(相模原市中央区)",
        "西門前(相模原市中央区)",
        "相模原五丁目",
        "相模原駅南口"
    ],
    "weekday": [
        "5:42",
        "6:02",
        "6:12",
        "6:25"
    ],
    "saturday": [
        "5:48",
        "6:09",
        "6:29"
    ],
    "holiday": [
        "6:59"
    ],
    "url": "https://www.kanachu.co.jp/dia/diagram/timetable01_js/course:0000800752-9/node:00129196/kt:0/lname:/"
}
