{
    "date": "2025/04/19",
    "name": "市役所前(相模原市中央区)",
    "position": "-",
    "system": "相28",
    "destinations": [
        "グリーンプラザ(相模原市中央区)",
        "西門前(相模原市中央区)",
        "相模原五丁目",
        "相模原駅南口"
    ],
    "weekday": [
        "5:48",
        "6:08",
        "6:18",
        "6:31"
    ],
    "saturday": [
        "5:53",
        "6:14",
        "6:34"
    ],
    "holiday": [
        "7:05"
    ],
    "url": "https://www.kanachu.co.jp/dia/diagram/timetable01_js/course:0000800752-14/node:00128537/kt:0/lname:/"
}
