{
    "date": "2025/04/19",
    "name": "西門前(相模原市中央区)",
    "position": "-",
    "system": "相28",
    "destinations": [
        "相模原五丁目",
        "相模原駅南口"
    ],
    "weekday": [
        "5:52",
        "6:12",
        "6:22",
        "6:35"
    ],
    "saturday": [
        "5:57",
        "6:18",
        "6:38"
    ],
    "holiday": [
        "7:09"
    ],
    "url": "https://www.kanachu.co.jp/dia/diagram/timetable01_js/course:0000800752-16/node:00128539/kt:0/lname:/"
}
