{
    "date": "2025/08/30",
    "name": "ブリヂストン前",
    "position": "-",
    "system": "戸22",
    "destinations": [
        "元町(横浜市戸塚区)",
        "矢部町",
        "戸塚駅東口"
    ],
    "weekday": [
        "5:29",
        "5:44",
        "5:54",
        "6:04",
        "6:09",
        "6:14",
        "6:19",
        "6:24",
        "6:29",
        "6:34",
        "6:39",
        "6:44",
        "6:49",
        "6:54",
        "6:59",
        "7:05",
        "7:10",
        "7:15",
        "7:20",
        "7:25",
        "7:30",
        "7:35",
        "7:40",
        "7:45",
        "7:50",
        "7:57",
        "8:04",
        "8:11",
        "8:17",
        "8:23",
        "8:29",
        "8:35",
        "8:41",
        "8:47",
        "8:55",
        "9:05",
        "9:15",
        "9:25",
        "9:35",
        "9:45",
        "9:55",
        "10:05",
        "10:15",
        "10:25",
        "10:35",
        "10:45",
        "10:55",
        "11:05",
        "11:15",
        "11:25",
        "11:35",
        "11:45",
        "11:55",
        "12:05",
        "12:15",
        "12:25",
        "12:35",
        "12:45",
        "12:55",
        "13:05",
        "13:15",
        "13:25",
        "13:35",
        "13:45",
        "13:55",
        "14:05",
        "14:15",
        "14:25",
        "14:35",
        "14:45",
        "14:55",
        "15:05",
        "15:15",
        "15:25",
        "15:35",
        "15:45",
        "15:55",
        "16:05",
        "16:15",
        "16:25",
        "16:35",
        "16:45",
        "16:55",
        "17:05",
        "17:15",
        "17:25",
        "17:35",
        "17:45",
        "17:55",
        "18:25",
        "18:55",
        "19:25",
        "19:55",
        "20:24",
        "21:04"
    ],
    "saturday": [
        "5:49",
        "6:19",
        "6:44",
        "7:04",
        "7:24",
        "7:44",
        "8:05",
        "8:15",
        "8:25",
        "8:35",
        "8:45",
        "8:55",
        "9:05",
        "9:15",
        "9:25",
        "9:35",
        "9:45",
        "9:55",
        "10:05",
        "10:15",
        "10:25",
        "10:35",
        "10:45",
        "10:55",
        "11:05",
        "11:15",
        "11:25",
        "11:35",
        "11:45",
        "11:55",
        "12:05",
        "12:15",
        "12:25",
        "12:35",
        "12:45",
        "12:55",
        "13:05",
        "13:15",
        "13:25",
        "13:35",
        "13:45",
        "13:55",
        "14:05",
        "14:15",
        "14:25",
        "14:35",
        "14:45",
        "14:55",
        "15:05",
        "15:15",
        "15:25",
        "15:35",
        "15:45",
        "15:55",
        "16:05",
        "16:15",
        "16:25",
        "16:35",
        "16:45",
        "16:55",
        "17:10",
        "17:25",
        "17:40",
        "17:55",
        "18:25",
        "18:55",
        "19:25",
        "20:04",
        "21:04"
    ],
    "holiday": [
        "5:49",
        "6:19",
        "6:44",
        "7:04",
        "7:24",
        "7:44",
        "8:05",
        "8:15",
        "8:25",
        "8:35",
        "8:45",
        "8:55",
        "9:05",
        "9:15",
        "9:25",
        "9:35",
        "9:45",
        "9:55",
        "10:05",
        "10:15",
        "10:25",
        "10:35",
        "10:45",
        "10:55",
        "11:05",
        "11:15",
        "11:25",
        "11:35",
        "11:45",
        "11:55",
        "12:05",
        "12:15",
        "12:25",
        "12:35",
        "12:45",
        "12:55",
        "13:05",
        "13:15",
        "13:25",
        "13:35",
        "13:45",
        "13:55",
        "14:05",
        "14:15",
        "14:25",
        "14:35",
        "14:45",
        "14:55",
        "15:05",
        "15:15",
        "15:25",
        "15:35",
        "15:45",
        "15:55",
        "16:05",
        "16:15",
        "16:25",
        "16:35",
        "16:45",
        "16:55",
        "17:10",
        "17:25",
        "17:40",
        "17:55",
        "18:25",
        "18:55",
        "19:25",
        "20:04",
        "21:04"
    ],
    "url": "https://www.kanachu.co.jp/dia/diagram/timetable01_js/course:0000800861-5/node:00126612/kt:0/lname:/"
}
