{
    "date": "2025/08/30",
    "name": "元町(横浜市戸塚区)",
    "position": "-",
    "system": "戸22",
    "destinations": [
        "矢部町",
        "戸塚駅東口"
    ],
    "weekday": [
        "5:30",
        "5:45",
        "5:55",
        "6:05",
        "6:10",
        "6:15",
        "6:20",
        "6:25",
        "6:30",
        "6:35",
        "6:40",
        "6:45",
        "6:50",
        "6:55",
        "7:00",
        "7:06",
        "7:11",
        "7:16",
        "7:21",
        "7:26",
        "7:31",
        "7:36",
        "7:41",
        "7:46",
        "7:51",
        "7:58",
        "8:05",
        "8:12",
        "8:18",
        "8:24",
        "8:30",
        "8:36",
        "8:42",
        "8:48",
        "8:56",
        "9:06",
        "9:16",
        "9:26",
        "9:36",
        "9:46",
        "9:56",
        "10:06",
        "10:16",
        "10:26",
        "10:36",
        "10:46",
        "10:56",
        "11:06",
        "11:16",
        "11:26",
        "11:36",
        "11:46",
        "11:56",
        "12:06",
        "12:16",
        "12:26",
        "12:36",
        "12:46",
        "12:56",
        "13:06",
        "13:16",
        "13:26",
        "13:36",
        "13:46",
        "13:56",
        "14:06",
        "14:16",
        "14:26",
        "14:36",
        "14:46",
        "14:56",
        "15:06",
        "15:16",
        "15:26",
        "15:36",
        "15:46",
        "15:56",
        "16:06",
        "16:16",
        "16:26",
        "16:36",
        "16:46",
        "16:56",
        "17:06",
        "17:16",
        "17:26",
        "17:36",
        "17:46",
        "17:56",
        "18:26",
        "18:56",
        "19:26",
        "19:56",
        "20:25",
        "21:05"
    ],
    "saturday": [
        "5:50",
        "6:20",
        "6:45",
        "7:05",
        "7:25",
        "7:45",
        "8:06",
        "8:16",
        "8:26",
        "8:36",
        "8:46",
        "8:56",
        "9:06",
        "9:16",
        "9:26",
        "9:36",
        "9:46",
        "9:56",
        "10:06",
        "10:16",
        "10:26",
        "10:36",
        "10:46",
        "10:56",
        "11:06",
        "11:16",
        "11:26",
        "11:36",
        "11:46",
        "11:56",
        "12:06",
        "12:16",
        "12:26",
        "12:36",
        "12:46",
        "12:56",
        "13:06",
        "13:16",
        "13:26",
        "13:36",
        "13:46",
        "13:56",
        "14:06",
        "14:16",
        "14:26",
        "14:36",
        "14:46",
        "14:56",
        "15:06",
        "15:16",
        "15:26",
        "15:36",
        "15:46",
        "15:56",
        "16:06",
        "16:16",
        "16:26",
        "16:36",
        "16:46",
        "16:56",
        "17:11",
        "17:26",
        "17:41",
        "17:56",
        "18:26",
        "18:56",
        "19:26",
        "20:05",
        "21:05"
    ],
    "holiday": [
        "5:50",
        "6:20",
        "6:45",
        "7:05",
        "7:25",
        "7:45",
        "8:06",
        "8:16",
        "8:26",
        "8:36",
        "8:46",
        "8:56",
        "9:06",
        "9:16",
        "9:26",
        "9:36",
        "9:46",
        "9:56",
        "10:06",
        "10:16",
        "10:26",
        "10:36",
        "10:46",
        "10:56",
        "11:06",
        "11:16",
        "11:26",
        "11:36",
        "11:46",
        "11:56",
        "12:06",
        "12:16",
        "12:26",
        "12:36",
        "12:46",
        "12:56",
        "13:06",
        "13:16",
        "13:26",
        "13:36",
        "13:46",
        "13:56",
        "14:06",
        "14:16",
        "14:26",
        "14:36",
        "14:46",
        "14:56",
        "15:06",
        "15:16",
        "15:26",
        "15:36",
        "15:46",
        "15:56",
        "16:06",
        "16:16",
        "16:26",
        "16:36",
        "16:46",
        "16:56",
        "17:11",
        "17:26",
        "17:41",
        "17:56",
        "18:26",
        "18:56",
        "19:26",
        "20:05",
        "21:05"
    ],
    "url": "https://www.kanachu.co.jp/dia/diagram/timetable01_js/course:0000800861-6/node:00126611/kt:0/lname:/"
}
