{
    "date": "2024/03/16",
    "name": "港南台駅",
    "position": "-",
    "system": "港55",
    "destinations": [
        "横浜女子短期大学前",
        "港南台西公園",
        "元大橋公園前",
        "若竹町(横浜市栄区)",
        "元大橋",
        "中野町",
        "稲荷森",
        "山手学院入口",
        "本郷車庫前(横浜市栄区)",
        "紅葉橋(横浜市栄区)",
        "光明寺(横浜市栄区)",
        "庄戸(横浜市栄区)",
        "庄戸五丁目",
        "庄戸三丁目南",
        "庄戸一丁目",
        "庄戸(横浜市栄区)",
        "光明寺(横浜市栄区)",
        "紅葉橋(横浜市栄区)",
        "本郷車庫前(横浜市栄区)",
        "山手学院入口",
        "稲荷森",
        "中野町",
        "元大橋",
        "若竹町(横浜市栄区)",
        "元大橋公園前",
        "港南台西公園",
        "横浜女子短期大学前",
        "港南台駅"
    ],
    "weekday": [
        "7:52",
        "8:25",
        "8:44",
        "9:12",
        "9:37",
        "10:05",
        "10:37",
        "11:04",
        "11:37",
        "12:04",
        "12:33",
        "13:07",
        "13:37",
        "14:10",
        "14:37",
        "15:10",
        "15:37",
        "16:10",
        "16:27",
        "16:47",
        "17:07",
        "17:27",
        "17:47",
        "18:07",
        "18:27",
        "18:47"
    ],
    "saturday": [
        "7:09",
        "8:12",
        "8:35",
        "8:57",
        "9:32",
        "9:59",
        "10:26",
        "11:05",
        "11:50",
        "12:28",
        "13:10",
        "13:52",
        "14:28",
        "15:10",
        "15:52",
        "16:28",
        "17:10",
        "17:50",
        "18:28",
        "19:50"
    ],
    "holiday": [
        "7:09",
        "8:12",
        "8:35",
        "8:57",
        "9:32",
        "9:59",
        "10:26",
        "11:05",
        "11:50",
        "12:28",
        "13:10",
        "13:52",
        "14:28",
        "15:10",
        "15:52",
        "16:28",
        "17:10",
        "17:50",
        "18:28",
        "19:50"
    ],
    "url": "https://www.kanachu.co.jp/dia/diagram/timetable01_js/course:0000803326-1/node:00025554/kt:0/lname:/"
}
