{
    "date": "2024/03/16",
    "name": "横浜女子短期大学前",
    "position": "-",
    "system": "港55",
    "destinations": [
        "港南台西公園",
        "元大橋公園前",
        "若竹町(横浜市栄区)",
        "元大橋",
        "中野町",
        "稲荷森",
        "山手学院入口",
        "本郷車庫前(横浜市栄区)",
        "紅葉橋(横浜市栄区)",
        "光明寺(横浜市栄区)",
        "庄戸(横浜市栄区)",
        "庄戸五丁目",
        "庄戸三丁目南",
        "庄戸一丁目",
        "庄戸(横浜市栄区)",
        "光明寺(横浜市栄区)",
        "紅葉橋(横浜市栄区)",
        "本郷車庫前(横浜市栄区)",
        "山手学院入口",
        "稲荷森",
        "中野町",
        "元大橋",
        "若竹町(横浜市栄区)",
        "元大橋公園前",
        "港南台西公園",
        "横浜女子短期大学前",
        "港南台駅"
    ],
    "weekday": [
        "7:54",
        "8:27",
        "8:46",
        "9:14",
        "9:39",
        "10:07",
        "10:39",
        "11:06",
        "11:39",
        "12:06",
        "12:35",
        "13:09",
        "13:39",
        "14:12",
        "14:39",
        "15:12",
        "15:39",
        "16:12",
        "16:29",
        "16:49",
        "17:09",
        "17:29",
        "17:49",
        "18:09",
        "18:29",
        "18:49"
    ],
    "saturday": [
        "7:11",
        "8:14",
        "8:37",
        "8:59",
        "9:34",
        "10:01",
        "10:28",
        "11:07",
        "11:52",
        "12:30",
        "13:12",
        "13:54",
        "14:30",
        "15:12",
        "15:54",
        "16:30",
        "17:12",
        "17:52",
        "18:30",
        "19:52"
    ],
    "holiday": [
        "7:11",
        "8:14",
        "8:37",
        "8:59",
        "9:34",
        "10:01",
        "10:28",
        "11:07",
        "11:52",
        "12:30",
        "13:12",
        "13:54",
        "14:30",
        "15:12",
        "15:54",
        "16:30",
        "17:12",
        "17:52",
        "18:30",
        "19:52"
    ],
    "url": "https://www.kanachu.co.jp/dia/diagram/timetable01_js/course:0000803326-2/node:00103234/kt:0/lname:/"
}
