{
    "date": "2024/03/16",
    "name": "港南台西公園",
    "position": "-",
    "system": "港55",
    "destinations": [
        "元大橋公園前",
        "若竹町(横浜市栄区)",
        "元大橋",
        "中野町",
        "稲荷森",
        "山手学院入口",
        "本郷車庫前(横浜市栄区)",
        "紅葉橋(横浜市栄区)",
        "光明寺(横浜市栄区)",
        "庄戸(横浜市栄区)",
        "庄戸五丁目",
        "庄戸三丁目南",
        "庄戸一丁目",
        "庄戸(横浜市栄区)",
        "光明寺(横浜市栄区)",
        "紅葉橋(横浜市栄区)",
        "本郷車庫前(横浜市栄区)",
        "山手学院入口",
        "稲荷森",
        "中野町",
        "元大橋",
        "若竹町(横浜市栄区)",
        "元大橋公園前",
        "港南台西公園",
        "横浜女子短期大学前",
        "港南台駅"
    ],
    "weekday": [
        "7:55",
        "8:28",
        "8:47",
        "9:15",
        "9:40",
        "10:08",
        "10:40",
        "11:07",
        "11:40",
        "12:07",
        "12:36",
        "13:10",
        "13:40",
        "14:13",
        "14:40",
        "15:13",
        "15:40",
        "16:13",
        "16:30",
        "16:50",
        "17:10",
        "17:30",
        "17:50",
        "18:10",
        "18:30",
        "18:50"
    ],
    "saturday": [
        "7:12",
        "8:15",
        "8:38",
        "9:00",
        "9:35",
        "10:02",
        "10:29",
        "11:08",
        "11:53",
        "12:31",
        "13:13",
        "13:55",
        "14:31",
        "15:13",
        "15:55",
        "16:31",
        "17:13",
        "17:53",
        "18:31",
        "19:53"
    ],
    "holiday": [
        "7:12",
        "8:15",
        "8:38",
        "9:00",
        "9:35",
        "10:02",
        "10:29",
        "11:08",
        "11:53",
        "12:31",
        "13:13",
        "13:55",
        "14:31",
        "15:13",
        "15:55",
        "16:31",
        "17:13",
        "17:53",
        "18:31",
        "19:53"
    ],
    "url": "https://www.kanachu.co.jp/dia/diagram/timetable01_js/course:0000803326-3/node:00126549/kt:0/lname:/"
}
