{
    "date": "2024/03/16",
    "name": "元大橋公園前",
    "position": "-",
    "system": "港55",
    "destinations": [
        "若竹町(横浜市栄区)",
        "元大橋",
        "中野町",
        "稲荷森",
        "山手学院入口",
        "本郷車庫前(横浜市栄区)",
        "紅葉橋(横浜市栄区)",
        "光明寺(横浜市栄区)",
        "庄戸(横浜市栄区)",
        "庄戸五丁目",
        "庄戸三丁目南",
        "庄戸一丁目",
        "庄戸(横浜市栄区)",
        "光明寺(横浜市栄区)",
        "紅葉橋(横浜市栄区)",
        "本郷車庫前(横浜市栄区)",
        "山手学院入口",
        "稲荷森",
        "中野町",
        "元大橋",
        "若竹町(横浜市栄区)",
        "元大橋公園前",
        "港南台西公園",
        "横浜女子短期大学前",
        "港南台駅"
    ],
    "weekday": [
        "7:56",
        "8:29",
        "8:48",
        "9:16",
        "9:41",
        "10:09",
        "10:41",
        "11:08",
        "11:41",
        "12:08",
        "12:37",
        "13:11",
        "13:41",
        "14:14",
        "14:41",
        "15:14",
        "15:41",
        "16:14",
        "16:31",
        "16:51",
        "17:11",
        "17:31",
        "17:51",
        "18:11",
        "18:31",
        "18:51"
    ],
    "saturday": [
        "7:13",
        "8:16",
        "8:39",
        "9:01",
        "9:36",
        "10:03",
        "10:30",
        "11:09",
        "11:54",
        "12:32",
        "13:14",
        "13:56",
        "14:32",
        "15:14",
        "15:56",
        "16:32",
        "17:14",
        "17:54",
        "18:32",
        "19:54"
    ],
    "holiday": [
        "7:13",
        "8:16",
        "8:39",
        "9:01",
        "9:36",
        "10:03",
        "10:30",
        "11:09",
        "11:54",
        "12:32",
        "13:14",
        "13:56",
        "14:32",
        "15:14",
        "15:56",
        "16:32",
        "17:14",
        "17:54",
        "18:32",
        "19:54"
    ],
    "url": "https://www.kanachu.co.jp/dia/diagram/timetable01_js/course:0000803326-4/node:00126548/kt:0/lname:/"
}
