{
    "date": "2024/03/16",
    "name": "若竹町(横浜市栄区)",
    "position": "-",
    "system": "港55",
    "destinations": [
        "元大橋",
        "中野町",
        "稲荷森",
        "山手学院入口",
        "本郷車庫前(横浜市栄区)",
        "紅葉橋(横浜市栄区)",
        "光明寺(横浜市栄区)",
        "庄戸(横浜市栄区)",
        "庄戸五丁目",
        "庄戸三丁目南",
        "庄戸一丁目",
        "庄戸(横浜市栄区)",
        "光明寺(横浜市栄区)",
        "紅葉橋(横浜市栄区)",
        "本郷車庫前(横浜市栄区)",
        "山手学院入口",
        "稲荷森",
        "中野町",
        "元大橋",
        "若竹町(横浜市栄区)",
        "元大橋公園前",
        "港南台西公園",
        "横浜女子短期大学前",
        "港南台駅"
    ],
    "weekday": [
        "7:57",
        "8:30",
        "8:49",
        "9:17",
        "9:42",
        "10:10",
        "10:42",
        "11:09",
        "11:42",
        "12:09",
        "12:38",
        "13:12",
        "13:42",
        "14:15",
        "14:42",
        "15:15",
        "15:42",
        "16:15",
        "16:32",
        "16:52",
        "17:12",
        "17:32",
        "17:52",
        "18:12",
        "18:32",
        "18:52"
    ],
    "saturday": [
        "7:14",
        "8:17",
        "8:40",
        "9:02",
        "9:37",
        "10:04",
        "10:31",
        "11:10",
        "11:55",
        "12:33",
        "13:15",
        "13:57",
        "14:33",
        "15:15",
        "15:57",
        "16:33",
        "17:15",
        "17:55",
        "18:33",
        "19:55"
    ],
    "holiday": [
        "7:14",
        "8:17",
        "8:40",
        "9:02",
        "9:37",
        "10:04",
        "10:31",
        "11:10",
        "11:55",
        "12:33",
        "13:15",
        "13:57",
        "14:33",
        "15:15",
        "15:57",
        "16:33",
        "17:15",
        "17:55",
        "18:33",
        "19:55"
    ],
    "url": "https://www.kanachu.co.jp/dia/diagram/timetable01_js/course:0000803326-5/node:00126547/kt:0/lname:/"
}
