{
    "date": "2024/03/16",
    "name": "中野町",
    "position": "-",
    "system": "港55",
    "destinations": [
        "稲荷森",
        "山手学院入口",
        "本郷車庫前(横浜市栄区)",
        "紅葉橋(横浜市栄区)",
        "光明寺(横浜市栄区)",
        "庄戸(横浜市栄区)",
        "庄戸五丁目",
        "庄戸三丁目南",
        "庄戸一丁目",
        "庄戸(横浜市栄区)",
        "光明寺(横浜市栄区)",
        "紅葉橋(横浜市栄区)",
        "本郷車庫前(横浜市栄区)",
        "山手学院入口",
        "稲荷森",
        "中野町",
        "元大橋",
        "若竹町(横浜市栄区)",
        "元大橋公園前",
        "港南台西公園",
        "横浜女子短期大学前",
        "港南台駅"
    ],
    "weekday": [
        "7:59",
        "8:32",
        "8:51",
        "9:19",
        "9:44",
        "10:12",
        "10:44",
        "11:11",
        "11:44",
        "12:11",
        "12:40",
        "13:14",
        "13:44",
        "14:17",
        "14:44",
        "15:17",
        "15:44",
        "16:17",
        "16:34",
        "16:54",
        "17:14",
        "17:34",
        "17:54",
        "18:14",
        "18:34",
        "18:54"
    ],
    "saturday": [
        "7:16",
        "8:19",
        "8:42",
        "9:04",
        "9:39",
        "10:06",
        "10:33",
        "11:12",
        "11:57",
        "12:35",
        "13:17",
        "13:59",
        "14:35",
        "15:17",
        "15:59",
        "16:35",
        "17:17",
        "17:57",
        "18:35",
        "19:57"
    ],
    "holiday": [
        "7:16",
        "8:19",
        "8:42",
        "9:04",
        "9:39",
        "10:06",
        "10:33",
        "11:12",
        "11:57",
        "12:35",
        "13:17",
        "13:59",
        "14:35",
        "15:17",
        "15:59",
        "16:35",
        "17:17",
        "17:57",
        "18:35",
        "19:57"
    ],
    "url": "https://www.kanachu.co.jp/dia/diagram/timetable01_js/course:0000803326-7/node:00126511/kt:0/lname:/"
}
