{
    "date": "2024/03/16",
    "name": "光明寺(横浜市栄区)",
    "position": "-",
    "system": "港55",
    "destinations": [
        "紅葉橋(横浜市栄区)",
        "本郷車庫前(横浜市栄区)",
        "山手学院入口",
        "稲荷森",
        "中野町",
        "元大橋",
        "若竹町(横浜市栄区)",
        "元大橋公園前",
        "港南台西公園",
        "横浜女子短期大学前",
        "港南台駅"
    ],
    "weekday": [
        "8:18",
        "8:51",
        "9:11",
        "9:41",
        "10:06",
        "10:34",
        "11:06",
        "11:33",
        "12:06",
        "12:33",
        "13:02",
        "13:36",
        "14:06",
        "14:36",
        "15:03",
        "15:36",
        "16:03",
        "16:36",
        "16:53",
        "17:13",
        "17:33",
        "17:53",
        "18:13",
        "18:33",
        "18:53",
        "19:13"
    ],
    "saturday": [
        "7:34",
        "8:37",
        "9:00",
        "9:26",
        "10:01",
        "10:29",
        "10:56",
        "11:35",
        "12:20",
        "12:58",
        "13:41",
        "14:23",
        "14:59",
        "15:42",
        "16:24",
        "17:00",
        "17:42",
        "18:18",
        "18:56",
        "20:16"
    ],
    "holiday": [
        "7:34",
        "8:37",
        "9:00",
        "9:26",
        "10:01",
        "10:29",
        "10:56",
        "11:35",
        "12:20",
        "12:58",
        "13:41",
        "14:23",
        "14:59",
        "15:42",
        "16:24",
        "17:00",
        "17:42",
        "18:18",
        "18:56",
        "20:16"
    ],
    "url": "https://www.kanachu.co.jp/dia/diagram/timetable01_js/course:0000803326-18/node:00126515/kt:0/lname:/"
}
