{
    "date": "2024/03/16",
    "name": "山手学院入口",
    "position": "-",
    "system": "港55",
    "destinations": [
        "稲荷森",
        "中野町",
        "元大橋",
        "若竹町(横浜市栄区)",
        "元大橋公園前",
        "港南台西公園",
        "横浜女子短期大学前",
        "港南台駅"
    ],
    "weekday": [
        "8:21",
        "8:54",
        "9:16",
        "9:46",
        "10:11",
        "10:39",
        "11:11",
        "11:38",
        "12:11",
        "12:38",
        "13:07",
        "13:41",
        "14:09",
        "14:39",
        "15:06",
        "15:39",
        "16:06",
        "16:39",
        "16:56",
        "17:16",
        "17:36",
        "17:56",
        "18:16",
        "18:36",
        "18:56",
        "19:16"
    ],
    "saturday": [
        "7:38",
        "8:41",
        "9:05",
        "9:31",
        "10:06",
        "10:34",
        "11:01",
        "11:40",
        "12:25",
        "13:03",
        "13:46",
        "14:28",
        "15:04",
        "15:47",
        "16:29",
        "17:05",
        "17:47",
        "18:22",
        "19:00",
        "20:19"
    ],
    "holiday": [
        "7:38",
        "8:41",
        "9:05",
        "9:31",
        "10:06",
        "10:34",
        "11:01",
        "11:40",
        "12:25",
        "13:03",
        "13:46",
        "14:28",
        "15:04",
        "15:47",
        "16:29",
        "17:05",
        "17:47",
        "18:22",
        "19:00",
        "20:19"
    ],
    "url": "https://www.kanachu.co.jp/dia/diagram/timetable01_js/course:0000803326-21/node:00126513/kt:0/lname:/"
}
