{
    "date": "2024/03/16",
    "name": "中野町",
    "position": "-",
    "system": "港55",
    "destinations": [
        "元大橋",
        "若竹町(横浜市栄区)",
        "元大橋公園前",
        "港南台西公園",
        "横浜女子短期大学前",
        "港南台駅"
    ],
    "weekday": [
        "8:23",
        "8:56",
        "9:18",
        "9:48",
        "10:13",
        "10:41",
        "11:13",
        "11:40",
        "12:13",
        "12:40",
        "13:09",
        "13:43",
        "14:11",
        "14:41",
        "15:08",
        "15:41",
        "16:08",
        "16:41",
        "16:58",
        "17:18",
        "17:38",
        "17:58",
        "18:18",
        "18:38",
        "18:58",
        "19:18"
    ],
    "saturday": [
        "7:40",
        "8:43",
        "9:07",
        "9:33",
        "10:08",
        "10:36",
        "11:03",
        "11:42",
        "12:27",
        "13:05",
        "13:48",
        "14:30",
        "15:06",
        "15:49",
        "16:31",
        "17:07",
        "17:49",
        "18:24",
        "19:02",
        "20:21"
    ],
    "holiday": [
        "7:40",
        "8:43",
        "9:07",
        "9:33",
        "10:08",
        "10:36",
        "11:03",
        "11:42",
        "12:27",
        "13:05",
        "13:48",
        "14:30",
        "15:06",
        "15:49",
        "16:31",
        "17:07",
        "17:49",
        "18:24",
        "19:02",
        "20:21"
    ],
    "url": "https://www.kanachu.co.jp/dia/diagram/timetable01_js/course:0000803326-23/node:00126511/kt:0/lname:/"
}
