{
    "date": "2024/03/16",
    "name": "元大橋",
    "position": "-",
    "system": "港55",
    "destinations": [
        "若竹町(横浜市栄区)",
        "元大橋公園前",
        "港南台西公園",
        "横浜女子短期大学前",
        "港南台駅"
    ],
    "weekday": [
        "8:24",
        "8:57",
        "9:19",
        "9:49",
        "10:14",
        "10:42",
        "11:14",
        "11:41",
        "12:14",
        "12:41",
        "13:10",
        "13:44",
        "14:12",
        "14:42",
        "15:09",
        "15:42",
        "16:09",
        "16:42",
        "16:59",
        "17:19",
        "17:39",
        "17:59",
        "18:19",
        "18:39",
        "18:59",
        "19:19"
    ],
    "saturday": [
        "7:41",
        "8:44",
        "9:08",
        "9:34",
        "10:09",
        "10:37",
        "11:04",
        "11:43",
        "12:28",
        "13:06",
        "13:49",
        "14:31",
        "15:07",
        "15:50",
        "16:32",
        "17:08",
        "17:50",
        "18:25",
        "19:03",
        "20:22"
    ],
    "holiday": [
        "7:41",
        "8:44",
        "9:08",
        "9:34",
        "10:09",
        "10:37",
        "11:04",
        "11:43",
        "12:28",
        "13:06",
        "13:49",
        "14:31",
        "15:07",
        "15:50",
        "16:32",
        "17:08",
        "17:50",
        "18:25",
        "19:03",
        "20:22"
    ],
    "url": "https://www.kanachu.co.jp/dia/diagram/timetable01_js/course:0000803326-24/node:00126546/kt:0/lname:/"
}
