{
    "date": "2024/03/16",
    "name": "横浜女子短期大学前",
    "position": "-",
    "system": "港55",
    "destinations": [
        "港南台駅"
    ],
    "weekday": [
        "8:28",
        "9:01",
        "9:23",
        "9:53",
        "10:18",
        "10:46",
        "11:18",
        "11:45",
        "12:18",
        "12:45",
        "13:14",
        "13:48",
        "14:16",
        "14:46",
        "15:13",
        "15:46",
        "16:13",
        "16:46",
        "17:03",
        "17:23",
        "17:43",
        "18:03",
        "18:23",
        "18:43",
        "19:03",
        "19:23"
    ],
    "saturday": [
        "7:45",
        "8:48",
        "9:12",
        "9:38",
        "10:13",
        "10:41",
        "11:08",
        "11:47",
        "12:32",
        "13:10",
        "13:53",
        "14:35",
        "15:11",
        "15:54",
        "16:36",
        "17:12",
        "17:54",
        "18:29",
        "19:07",
        "20:26"
    ],
    "holiday": [
        "7:45",
        "8:48",
        "9:12",
        "9:38",
        "10:13",
        "10:41",
        "11:08",
        "11:47",
        "12:32",
        "13:10",
        "13:53",
        "14:35",
        "15:11",
        "15:54",
        "16:36",
        "17:12",
        "17:54",
        "18:29",
        "19:07",
        "20:26"
    ],
    "url": "https://www.kanachu.co.jp/dia/diagram/timetable01_js/course:0000803326-28/node:00103234/kt:0/lname:/"
}
