{
    "system": "港55",
    "busstops": [
        {
            "index": "1",
            "id": "00025554",
            "name": "港南台駅",
            "lat": "35.374623",
            "lng": "139.576934"
        },
        {
            "index": "2",
            "id": "00103234",
            "name": "横浜女子短期大学前",
            "lat": "35.370728",
            "lng": "139.577645"
        },
        {
            "index": "3",
            "id": "00126549",
            "name": "港南台西公園",
            "lat": "35.371609",
            "lng": "139.57364"
        },
        {
            "index": "4",
            "id": "00126548",
            "name": "元大橋公園前",
            "lat": "35.370358",
            "lng": "139.571981"
        },
        {
            "index": "5",
            "id": "00126547",
            "name": "若竹町(横浜市栄区)",
            "lat": "35.369065",
            "lng": "139.569549"
        },
        {
            "index": "6",
            "id": "00126546",
            "name": "元大橋",
            "lat": "35.365918",
            "lng": "139.567329"
        },
        {
            "index": "7",
            "id": "00126511",
            "name": "中野町",
            "lat": "35.3647",
            "lng": "139.566819"
        },
        {
            "index": "8",
            "id": "00126512",
            "name": "稲荷森",
            "lat": "35.364368",
            "lng": "139.568984"
        },
        {
            "index": "9",
            "id": "00126513",
            "name": "山手学院入口",
            "lat": "35.363581",
            "lng": "139.57266"
        },
        {
            "index": "10",
            "id": "00025683",
            "name": "本郷車庫前(横浜市栄区)",
            "lat": "35.362702",
            "lng": "139.574926"
        },
        {
            "index": "11",
            "id": "00126514",
            "name": "紅葉橋(横浜市栄区)",
            "lat": "35.360528",
            "lng": "139.577465"
        },
        {
            "index": "12",
            "id": "00126515",
            "name": "光明寺(横浜市栄区)",
            "lat": "35.358203",
            "lng": "139.57931"
        },
        {
            "index": "13",
            "id": "00126527",
            "name": "庄戸(横浜市栄区)",
            "lat": "35.351198",
            "lng": "139.584301"
        },
        {
            "index": "14",
            "id": "00126603",
            "name": "庄戸五丁目",
            "lat": "35.348514",
            "lng": "139.586233"
        },
        {
            "index": "15",
            "id": "00126604",
            "name": "庄戸三丁目南",
            "lat": "35.351052",
            "lng": "139.587744"
        },
        {
            "index": "16",
            "id": "00126606",
            "name": "庄戸一丁目",
            "lat": "35.355821",
            "lng": "139.584661"
        },
        {
            "index": "17",
            "id": "00126527",
            "name": "庄戸(横浜市栄区)",
            "lat": "35.351833",
            "lng": "139.584194"
        },
        {
            "index": "18",
            "id": "00126515",
            "name": "光明寺(横浜市栄区)",
            "lat": "35.357884",
            "lng": "139.57946"
        },
        {
            "index": "19",
            "id": "00126514",
            "name": "紅葉橋(横浜市栄区)",
            "lat": "35.360541",
            "lng": "139.577308"
        },
        {
            "index": "20",
            "id": "00025683",
            "name": "本郷車庫前(横浜市栄区)",
            "lat": "35.362621",
            "lng": "139.574725"
        },
        {
            "index": "21",
            "id": "00126513",
            "name": "山手学院入口",
            "lat": "35.363589",
            "lng": "139.572433"
        },
        {
            "index": "22",
            "id": "00126512",
            "name": "稲荷森",
            "lat": "35.364251",
            "lng": "139.568941"
        },
        {
            "index": "23",
            "id": "00126511",
            "name": "中野町",
            "lat": "35.364372",
            "lng": "139.566712"
        },
        {
            "index": "24",
            "id": "00126546",
            "name": "元大橋",
            "lat": "35.365926",
            "lng": "139.567341"
        },
        {
            "index": "25",
            "id": "00126547",
            "name": "若竹町(横浜市栄区)",
            "lat": "35.369298",
            "lng": "139.569547"
        },
        {
            "index": "26",
            "id": "00126548",
            "name": "元大橋公園前",
            "lat": "35.370144",
            "lng": "139.571428"
        },
        {
            "index": "27",
            "id": "00126549",
            "name": "港南台西公園",
            "lat": "35.371586",
            "lng": "139.574193"
        },
        {
            "index": "28",
            "id": "00103234",
            "name": "横浜女子短期大学前",
            "lat": "35.371048",
            "lng": "139.577525"
        },
        {
            "index": "29",
            "id": "00025554",
            "name": "港南台駅",
            "lat": "35.375136",
            "lng": "139.576877"
        }
    ],
    "route_url": "https://www.kanachu.co.jp/dia/route/index/cid:0000803326/"
}
