{
    "date": "2023/07/01",
    "name": "田村団地入口",
    "position": "-",
    "system": "平15",
    "destinations": [
        "神田小学校前(平塚市)",
        "大神(新道/平塚市)",
        "ツインシティ大神",
        "戸田(新道/厚木市)",
        "酒井(新道/厚木市)",
        "岡田電話局前",
        "岡田一本杉(新道/厚木市)",
        "本厚木駅南口"
    ],
    "weekday": [
        "9:43",
        "10:43",
        "11:43",
        "12:43",
        "13:43",
        "14:43",
        "15:43",
        "16:43",
        "17:43",
        "18:43",
        "19:44"
    ],
    "saturday": [
        "9:43",
        "10:13",
        "10:43",
        "11:15",
        "11:43",
        "12:15",
        "12:43",
        "13:14",
        "13:43",
        "14:13",
        "14:43",
        "15:13",
        "15:43",
        "16:13",
        "16:43",
        "17:13",
        "17:43",
        "18:13",
        "18:43",
        "19:44"
    ],
    "holiday": [
        "9:43",
        "10:13",
        "10:43",
        "11:15",
        "11:43",
        "12:15",
        "12:43",
        "13:14",
        "13:43",
        "14:13",
        "14:43",
        "15:13",
        "15:43",
        "16:13",
        "16:43",
        "17:13",
        "17:43",
        "18:13",
        "18:43",
        "19:44"
    ],
    "url": "https://www.kanachu.co.jp/dia/diagram/timetable01_js/course:0000803316-3/node:00127652/kt:0/lname:/"
}
