{
    "date": "2023/07/01",
    "name": "大神(新道/平塚市)",
    "position": "-",
    "system": "平15",
    "destinations": [
        "ツインシティ大神",
        "戸田(新道/厚木市)",
        "酒井(新道/厚木市)",
        "岡田電話局前",
        "岡田一本杉(新道/厚木市)",
        "本厚木駅南口"
    ],
    "weekday": [
        "9:47",
        "10:47",
        "11:47",
        "12:47",
        "13:47",
        "14:47",
        "15:47",
        "16:47",
        "17:47",
        "18:47",
        "19:48"
    ],
    "saturday": [
        "9:47",
        "10:17",
        "10:47",
        "11:19",
        "11:47",
        "12:19",
        "12:47",
        "13:18",
        "13:47",
        "14:17",
        "14:47",
        "15:17",
        "15:47",
        "16:17",
        "16:47",
        "17:17",
        "17:47",
        "18:17",
        "18:47",
        "19:48"
    ],
    "holiday": [
        "9:47",
        "10:17",
        "10:47",
        "11:19",
        "11:47",
        "12:19",
        "12:47",
        "13:18",
        "13:47",
        "14:17",
        "14:47",
        "15:17",
        "15:47",
        "16:17",
        "16:47",
        "17:17",
        "17:47",
        "18:17",
        "18:47",
        "19:48"
    ],
    "url": "https://www.kanachu.co.jp/dia/diagram/timetable01_js/course:0000803316-5/node:00127670/kt:0/lname:/"
}
