{
    "date": "2023/07/01",
    "name": "戸田(新道/厚木市)",
    "position": "-",
    "system": "平15",
    "destinations": [
        "酒井(新道/厚木市)",
        "岡田電話局前",
        "岡田一本杉(新道/厚木市)",
        "本厚木駅南口"
    ],
    "weekday": [
        "9:55",
        "10:55",
        "11:55",
        "12:55",
        "13:55",
        "14:55",
        "15:55",
        "16:55",
        "17:55",
        "18:55",
        "19:55"
    ],
    "saturday": [
        "9:55",
        "10:25",
        "10:55",
        "11:27",
        "11:55",
        "12:27",
        "12:55",
        "13:26",
        "13:55",
        "14:25",
        "14:55",
        "15:25",
        "15:55",
        "16:25",
        "16:55",
        "17:25",
        "17:55",
        "18:25",
        "18:55",
        "19:55"
    ],
    "holiday": [
        "9:55",
        "10:25",
        "10:55",
        "11:27",
        "11:55",
        "12:27",
        "12:55",
        "13:26",
        "13:55",
        "14:25",
        "14:55",
        "15:25",
        "15:55",
        "16:25",
        "16:55",
        "17:25",
        "17:55",
        "18:25",
        "18:55",
        "19:55"
    ],
    "url": "https://www.kanachu.co.jp/dia/diagram/timetable01_js/course:0000803316-7/node:00128609/kt:0/lname:/"
}
