{
    "date": "2023/02/18",
    "name": "東八幡工業団地",
    "position": "-",
    "system": "平07",
    "destinations": [
        "東八幡五丁目",
        "不動ケミカル前",
        "工業団地(平塚市)",
        "関西ペイント前(平塚市)",
        "古河電工前(平塚市)",
        "古河電工入口",
        "八幡公民館入口",
        "八幡(平塚市)",
        "八幡入口",
        "コンフォール平塚前",
        "市役所前(平塚市)",
        "四ツ角(平塚市)",
        "平塚駅北口"
    ],
    "weekday": [
        "7:08",
        "7:26",
        "7:31",
        "7:41",
        "7:46",
        "7:51",
        "8:06",
        "8:21",
        "8:41",
        "8:51"
    ],
    "saturday": [],
    "holiday": [],
    "url": "https://www.kanachu.co.jp/dia/diagram/timetable01_js/course:0000802855-16/node:00127677/kt:0/lname:/"
}
