{
    "date": "2023/02/18",
    "name": "不動ケミカル前",
    "position": "-",
    "system": "平07",
    "destinations": [
        "工業団地(平塚市)",
        "関西ペイント前(平塚市)",
        "古河電工前(平塚市)",
        "古河電工入口",
        "八幡公民館入口",
        "八幡(平塚市)",
        "八幡入口",
        "コンフォール平塚前",
        "市役所前(平塚市)",
        "四ツ角(平塚市)",
        "平塚駅北口"
    ],
    "weekday": [
        "7:09",
        "7:27",
        "7:32",
        "7:42",
        "7:47",
        "7:52",
        "8:07",
        "8:22",
        "8:42",
        "8:52"
    ],
    "saturday": [],
    "holiday": [],
    "url": "https://www.kanachu.co.jp/dia/diagram/timetable01_js/course:0000802855-18/node:00127678/kt:0/lname:/"
}
