{
    "date": "2023/02/18",
    "name": "工業団地(平塚市)",
    "position": "-",
    "system": "平07",
    "destinations": [
        "関西ペイント前(平塚市)",
        "古河電工前(平塚市)",
        "古河電工入口",
        "八幡公民館入口",
        "八幡(平塚市)",
        "八幡入口",
        "コンフォール平塚前",
        "市役所前(平塚市)",
        "四ツ角(平塚市)",
        "平塚駅北口"
    ],
    "weekday": [
        "7:10",
        "7:28",
        "7:33",
        "7:43",
        "7:48",
        "7:53",
        "8:08",
        "8:23",
        "8:43",
        "8:53"
    ],
    "saturday": [],
    "holiday": [],
    "url": "https://www.kanachu.co.jp/dia/diagram/timetable01_js/course:0000802855-19/node:00127673/kt:0/lname:/"
}
