{
    "date": "2023/02/18",
    "name": "関西ペイント前(平塚市)",
    "position": "-",
    "system": "平07",
    "destinations": [
        "古河電工前(平塚市)",
        "古河電工入口",
        "八幡公民館入口",
        "八幡(平塚市)",
        "八幡入口",
        "コンフォール平塚前",
        "市役所前(平塚市)",
        "四ツ角(平塚市)",
        "平塚駅北口"
    ],
    "weekday": [
        "7:11",
        "7:29",
        "7:34",
        "7:44",
        "7:49",
        "7:54",
        "8:09",
        "8:24",
        "8:44",
        "8:54"
    ],
    "saturday": [],
    "holiday": [],
    "url": "https://www.kanachu.co.jp/dia/diagram/timetable01_js/course:0000802855-20/node:00127672/kt:0/lname:/"
}
