{
    "date": "2023/02/18",
    "name": "古河電工入口",
    "position": "-",
    "system": "平07",
    "destinations": [
        "八幡公民館入口",
        "八幡(平塚市)",
        "八幡入口",
        "コンフォール平塚前",
        "市役所前(平塚市)",
        "四ツ角(平塚市)",
        "平塚駅北口"
    ],
    "weekday": [
        "7:13",
        "7:31",
        "7:36",
        "7:46",
        "7:51",
        "7:56",
        "8:11",
        "8:26",
        "8:46",
        "8:56"
    ],
    "saturday": [],
    "holiday": [],
    "url": "https://www.kanachu.co.jp/dia/diagram/timetable01_js/course:0000802855-22/node:00127648/kt:0/lname:/"
}
