{
    "date": "2026/01/16",
    "name": "桜ヶ丘駅西口",
    "position": "-",
    "system": "ー",
    "destinations": [
        "まごころ地域福祉センター",
        "柳橋小入口",
        "日飛入口",
        "引地台公園",
        "中央6丁目",
        "大和警察署前",
        "大和駅"
    ],
    "weekday": [
        "9:49",
        "10:44",
        "11:34",
        "12:24",
        "14:09",
        "15:04",
        "16:04",
        "16:54",
        "17:49",
        "18:39"
    ],
    "saturday": [
        "9:49",
        "10:44",
        "11:34",
        "12:24",
        "14:09",
        "15:04",
        "16:04",
        "16:54",
        "17:49",
        "18:39"
    ],
    "holiday": [
        "9:49",
        "10:44",
        "11:34",
        "12:24",
        "14:09",
        "15:04",
        "16:04",
        "16:54",
        "17:49",
        "18:39"
    ],
    "url": "https://www.kanachu.co.jp/dia/diagram/timetable01_js/course:0000804151-39/node:00129624/kt:0/lname:/"
}
