{
    "date": "2026/01/16",
    "name": "まごころ地域福祉センター",
    "position": "-",
    "system": "ー",
    "destinations": [
        "柳橋小入口",
        "日飛入口",
        "引地台公園",
        "中央6丁目",
        "大和警察署前",
        "大和駅"
    ],
    "weekday": [
        "9:50",
        "10:45",
        "11:35",
        "12:25",
        "14:10",
        "15:05",
        "16:05",
        "16:55",
        "17:50",
        "18:40"
    ],
    "saturday": [
        "9:50",
        "10:45",
        "11:35",
        "12:25",
        "14:10",
        "15:05",
        "16:05",
        "16:55",
        "17:50",
        "18:40"
    ],
    "holiday": [
        "9:50",
        "10:45",
        "11:35",
        "12:25",
        "14:10",
        "15:05",
        "16:05",
        "16:55",
        "17:50",
        "18:40"
    ],
    "url": "https://www.kanachu.co.jp/dia/diagram/timetable01_js/course:0000804151-40/node:00130419/kt:0/lname:/"
}
