{
    "date": "2025/11/16",
    "name": "大神宮前",
    "position": "-",
    "system": "伊20",
    "destinations": [
        "片町十字路",
        "片町(伊勢原市)",
        "共済会館入口",
        "りんどう寮前",
        "川上(伊勢原市)",
        "専修大学入口(伊勢原市)",
        "長竹(伊勢原市)",
        "温泉入口(伊勢原市)",
        "高部屋小学校前",
        "洗水",
        "諏訪坂下",
        "藤野入口",
        "高橋(伊勢原市)",
        "坊中(伊勢原市)",
        "日向薬師"
    ],
    "weekday": [
        "6:42",
        "7:22",
        "8:17",
        "8:52",
        "9:52",
        "10:52",
        "12:52",
        "13:52",
        "14:52",
        "16:52",
        "17:52",
        "18:52",
        "19:52",
        "20:52"
    ],
    "saturday": [
        "7:59",
        "8:59",
        "9:59",
        "10:59",
        "11:59",
        "12:59",
        "13:59",
        "14:59",
        "15:59",
        "16:59",
        "17:59",
        "18:59"
    ],
    "holiday": [
        "7:59",
        "8:59",
        "9:59",
        "10:59",
        "11:59",
        "12:59",
        "13:59",
        "14:59",
        "15:59",
        "16:59",
        "17:59",
        "18:59"
    ],
    "url": "https://www.kanachu.co.jp/dia/diagram/timetable01_js/course:0000801382-3/node:00128129/kt:0/lname:/"
}
