{
    "date": "2025/11/16",
    "name": "川上(伊勢原市)",
    "position": "-",
    "system": "伊20",
    "destinations": [
        "専修大学入口(伊勢原市)",
        "長竹(伊勢原市)",
        "温泉入口(伊勢原市)",
        "高部屋小学校前",
        "洗水",
        "諏訪坂下",
        "藤野入口",
        "高橋(伊勢原市)",
        "坊中(伊勢原市)",
        "日向薬師"
    ],
    "weekday": [
        "6:47",
        "7:27",
        "8:22",
        "8:57",
        "9:57",
        "10:57",
        "12:57",
        "13:57",
        "14:57",
        "16:57",
        "17:57",
        "18:57",
        "19:57",
        "20:57"
    ],
    "saturday": [
        "8:04",
        "9:04",
        "10:04",
        "11:04",
        "12:04",
        "13:04",
        "14:04",
        "15:04",
        "16:04",
        "17:04",
        "18:04",
        "19:04"
    ],
    "holiday": [
        "8:04",
        "9:04",
        "10:04",
        "11:04",
        "12:04",
        "13:04",
        "14:04",
        "15:04",
        "16:04",
        "17:04",
        "18:04",
        "19:04"
    ],
    "url": "https://www.kanachu.co.jp/dia/diagram/timetable01_js/course:0000801382-8/node:00128174/kt:0/lname:/"
}
