{
    "date": "2025/11/16",
    "name": "洗水",
    "position": "-",
    "system": "伊20",
    "destinations": [
        "諏訪坂下",
        "藤野入口",
        "高橋(伊勢原市)",
        "坊中(伊勢原市)",
        "日向薬師"
    ],
    "weekday": [
        "6:53",
        "7:33",
        "8:28",
        "9:03",
        "10:03",
        "11:03",
        "13:03",
        "14:03",
        "15:03",
        "17:03",
        "18:03",
        "19:03",
        "20:03",
        "21:03"
    ],
    "saturday": [
        "8:10",
        "9:10",
        "10:10",
        "11:10",
        "12:10",
        "13:10",
        "14:10",
        "15:10",
        "16:10",
        "17:10",
        "18:10",
        "19:10"
    ],
    "holiday": [
        "8:10",
        "9:10",
        "10:10",
        "11:10",
        "12:10",
        "13:10",
        "14:10",
        "15:10",
        "16:10",
        "17:10",
        "18:10",
        "19:10"
    ],
    "url": "https://www.kanachu.co.jp/dia/diagram/timetable01_js/course:0000801382-13/node:00128179/kt:0/lname:/"
}
