{
    "date": "2025/11/16",
    "name": "七沢病院入口",
    "position": "-",
    "system": "伊34",
    "destinations": [
        "七沢温泉入口",
        "馬場リハビリ入口",
        "神奈川リハビリ",
        "馬場リハビリ入口",
        "日向川",
        "はつみ坂",
        "薬師入口",
        "日向新田",
        "分れ道",
        "総合運動公園(伊勢原市)",
        "総合運動公園入口",
        "専修大学入口(伊勢原市)",
        "川上(伊勢原市)",
        "りんどう寮前",
        "共済会館入口",
        "片町(伊勢原市)",
        "片町十字路",
        "大神宮前",
        "本町(伊勢原市)",
        "伊勢原駅北口"
    ],
    "weekday": [
        "9:07",
        "10:07",
        "11:37",
        "14:02",
        "16:02",
        "17:02",
        "18:02",
        "19:02"
    ],
    "saturday": [
        "7:47",
        "9:02",
        "10:12",
        "11:47",
        "12:57",
        "14:07",
        "15:47",
        "17:02"
    ],
    "holiday": [
        "7:47",
        "9:02",
        "10:12",
        "11:47",
        "12:57",
        "14:07",
        "15:47",
        "17:02"
    ],
    "url": "https://www.kanachu.co.jp/dia/diagram/timetable01_js/course:0000803358-3/node:00128458/kt:0/lname:/"
}
