{
    "date": "2025/11/16",
    "name": "馬場リハビリ入口",
    "position": "-",
    "system": "伊34",
    "destinations": [
        "神奈川リハビリ",
        "馬場リハビリ入口",
        "日向川",
        "はつみ坂",
        "薬師入口",
        "日向新田",
        "分れ道",
        "総合運動公園(伊勢原市)",
        "総合運動公園入口",
        "専修大学入口(伊勢原市)",
        "川上(伊勢原市)",
        "りんどう寮前",
        "共済会館入口",
        "片町(伊勢原市)",
        "片町十字路",
        "大神宮前",
        "本町(伊勢原市)",
        "伊勢原駅北口"
    ],
    "weekday": [
        "9:09",
        "10:09",
        "11:39",
        "14:04",
        "16:04",
        "17:04",
        "18:04",
        "19:04"
    ],
    "saturday": [
        "7:49",
        "9:04",
        "10:14",
        "11:49",
        "12:59",
        "14:09",
        "15:49",
        "17:04"
    ],
    "holiday": [
        "7:49",
        "9:04",
        "10:14",
        "11:49",
        "12:59",
        "14:09",
        "15:49",
        "17:04"
    ],
    "url": "https://www.kanachu.co.jp/dia/diagram/timetable01_js/course:0000803358-5/node:00128455/kt:0/lname:/"
}
