{
    "date": "2025/11/16",
    "name": "馬場リハビリ入口",
    "position": "-",
    "system": "伊34",
    "destinations": [
        "日向川",
        "はつみ坂",
        "薬師入口",
        "日向新田",
        "分れ道",
        "総合運動公園(伊勢原市)",
        "総合運動公園入口",
        "専修大学入口(伊勢原市)",
        "川上(伊勢原市)",
        "りんどう寮前",
        "共済会館入口",
        "片町(伊勢原市)",
        "片町十字路",
        "大神宮前",
        "本町(伊勢原市)",
        "伊勢原駅北口"
    ],
    "weekday": [
        "9:11",
        "10:11",
        "11:41",
        "14:06",
        "16:06",
        "17:06",
        "18:06",
        "19:06"
    ],
    "saturday": [
        "7:51",
        "9:06",
        "10:16",
        "11:51",
        "13:01",
        "14:11",
        "15:51",
        "17:06"
    ],
    "holiday": [
        "7:51",
        "9:06",
        "10:16",
        "11:51",
        "13:01",
        "14:11",
        "15:51",
        "17:06"
    ],
    "url": "https://www.kanachu.co.jp/dia/diagram/timetable01_js/course:0000803358-7/node:00128455/kt:0/lname:/"
}
