{
    "date": "2025/11/16",
    "name": "はつみ坂",
    "position": "-",
    "system": "伊34",
    "destinations": [
        "薬師入口",
        "日向新田",
        "分れ道",
        "総合運動公園(伊勢原市)",
        "総合運動公園入口",
        "専修大学入口(伊勢原市)",
        "川上(伊勢原市)",
        "りんどう寮前",
        "共済会館入口",
        "片町(伊勢原市)",
        "片町十字路",
        "大神宮前",
        "本町(伊勢原市)",
        "伊勢原駅北口"
    ],
    "weekday": [
        "9:13",
        "10:13",
        "11:43",
        "14:08",
        "16:08",
        "17:08",
        "18:08",
        "19:08"
    ],
    "saturday": [
        "7:53",
        "9:08",
        "10:18",
        "11:53",
        "13:03",
        "14:13",
        "15:53",
        "17:08"
    ],
    "holiday": [
        "7:53",
        "9:08",
        "10:18",
        "11:53",
        "13:03",
        "14:13",
        "15:53",
        "17:08"
    ],
    "url": "https://www.kanachu.co.jp/dia/diagram/timetable01_js/course:0000803358-9/node:00128191/kt:0/lname:/"
}
