{
    "date": "2025/11/16",
    "name": "分れ道",
    "position": "-",
    "system": "伊34",
    "destinations": [
        "総合運動公園(伊勢原市)",
        "総合運動公園入口",
        "専修大学入口(伊勢原市)",
        "川上(伊勢原市)",
        "りんどう寮前",
        "共済会館入口",
        "片町(伊勢原市)",
        "片町十字路",
        "大神宮前",
        "本町(伊勢原市)",
        "伊勢原駅北口"
    ],
    "weekday": [
        "9:15",
        "10:15",
        "11:45",
        "14:10",
        "16:10",
        "17:10",
        "18:10",
        "19:10"
    ],
    "saturday": [
        "7:55",
        "9:10",
        "10:20",
        "11:55",
        "13:05",
        "14:15",
        "15:55",
        "17:10"
    ],
    "holiday": [
        "7:55",
        "9:10",
        "10:20",
        "11:55",
        "13:05",
        "14:15",
        "15:55",
        "17:10"
    ],
    "url": "https://www.kanachu.co.jp/dia/diagram/timetable01_js/course:0000803358-12/node:00128188/kt:0/lname:/"
}
