{
    "date": "2025/11/16",
    "name": "専修大学入口(伊勢原市)",
    "position": "-",
    "system": "伊34",
    "destinations": [
        "川上(伊勢原市)",
        "りんどう寮前",
        "共済会館入口",
        "片町(伊勢原市)",
        "片町十字路",
        "大神宮前",
        "本町(伊勢原市)",
        "伊勢原駅北口"
    ],
    "weekday": [
        "9:19",
        "10:19",
        "11:49",
        "14:14",
        "16:14",
        "17:14",
        "18:14",
        "19:14"
    ],
    "saturday": [
        "7:59",
        "9:14",
        "10:24",
        "11:59",
        "13:09",
        "14:19",
        "15:59",
        "17:14"
    ],
    "holiday": [
        "7:59",
        "9:14",
        "10:24",
        "11:59",
        "13:09",
        "14:19",
        "15:59",
        "17:14"
    ],
    "url": "https://www.kanachu.co.jp/dia/diagram/timetable01_js/course:0000803358-15/node:00128175/kt:0/lname:/"
}
