{
    "date": "2025/11/16",
    "name": "共済会館入口",
    "position": "-",
    "system": "伊34",
    "destinations": [
        "片町(伊勢原市)",
        "片町十字路",
        "大神宮前",
        "本町(伊勢原市)",
        "伊勢原駅北口"
    ],
    "weekday": [
        "9:21",
        "10:21",
        "11:51",
        "14:16",
        "16:16",
        "17:16",
        "18:16",
        "19:16"
    ],
    "saturday": [
        "8:01",
        "9:16",
        "10:26",
        "12:01",
        "13:11",
        "14:21",
        "16:01",
        "17:16"
    ],
    "holiday": [
        "8:01",
        "9:16",
        "10:26",
        "12:01",
        "13:11",
        "14:21",
        "16:01",
        "17:16"
    ],
    "url": "https://www.kanachu.co.jp/dia/diagram/timetable01_js/course:0000803358-18/node:00128223/kt:0/lname:/"
}
