{
    "date": "2025/11/16",
    "name": "片町十字路",
    "position": "-",
    "system": "伊34",
    "destinations": [
        "大神宮前",
        "本町(伊勢原市)",
        "伊勢原駅北口"
    ],
    "weekday": [
        "9:23",
        "10:23",
        "11:53",
        "14:18",
        "16:18",
        "17:18",
        "18:18",
        "19:18"
    ],
    "saturday": [
        "8:03",
        "9:18",
        "10:28",
        "12:03",
        "13:13",
        "14:23",
        "16:03",
        "17:18"
    ],
    "holiday": [
        "8:03",
        "9:18",
        "10:28",
        "12:03",
        "13:13",
        "14:23",
        "16:03",
        "17:18"
    ],
    "url": "https://www.kanachu.co.jp/dia/diagram/timetable01_js/course:0000803358-20/node:00128143/kt:0/lname:/"
}
