{
    "date": "2025/11/16",
    "name": "本町(伊勢原市)",
    "position": "-",
    "system": "伊34",
    "destinations": [
        "伊勢原駅北口"
    ],
    "weekday": [
        "9:27",
        "10:27",
        "11:57",
        "14:22",
        "16:22",
        "17:22",
        "18:22",
        "19:22"
    ],
    "saturday": [
        "8:07",
        "9:22",
        "10:32",
        "12:07",
        "13:17",
        "14:27",
        "16:07",
        "17:22"
    ],
    "holiday": [
        "8:07",
        "9:22",
        "10:32",
        "12:07",
        "13:17",
        "14:27",
        "16:07",
        "17:22"
    ],
    "url": "https://www.kanachu.co.jp/dia/diagram/timetable01_js/course:0000803358-22/node:00128128/kt:0/lname:/"
}
