{
    "date": "2025/01/14",
    "name": "アステモ[Astemo]前〔旧:日立アステモ前〕",
    "position": "-",
    "system": "厚33",
    "destinations": [
        "片岸(厚木市)",
        "温水",
        "高坪入口",
        "南毛利小学校前",
        "清水(厚木市)",
        "観音坂",
        "上長谷(厚木市)",
        "愛名入口",
        "小野宮前",
        "小野橋(厚木市)",
        "中屋橋",
        "玉川農協前",
        "玉川公民館前",
        "日向川",
        "馬場リハビリ入口",
        "神奈川リハビリ",
        "馬場リハビリ入口",
        "七沢温泉入口",
        "七沢病院入口",
        "広沢寺温泉入口",
        "七沢"
    ],
    "weekday": [
        "7:26",
        "7:37",
        "8:08",
        "8:38",
        "10:07",
        "10:37",
        "11:07",
        "11:37",
        "12:07",
        "12:37",
        "13:07",
        "13:37",
        "14:07",
        "14:37",
        "15:07",
        "15:37",
        "16:38",
        "17:08",
        "18:08",
        "19:07",
        "20:06"
    ],
    "saturday": [
        "7:36",
        "9:06",
        "9:37",
        "10:07",
        "10:37",
        "11:07",
        "11:37",
        "13:07",
        "13:37",
        "15:08",
        "15:38",
        "16:08",
        "16:38",
        "17:08",
        "17:38",
        "19:07"
    ],
    "holiday": [
        "7:36",
        "9:06",
        "9:36",
        "10:06",
        "10:37",
        "11:07",
        "11:37",
        "13:07",
        "13:37",
        "15:08",
        "15:38",
        "16:08",
        "16:38",
        "17:08",
        "17:38",
        "19:07"
    ],
    "url": "https://www.kanachu.co.jp/dia/diagram/timetable01_js/course:0000800810-6/node:00128441/kt:0/lname:/"
}
