{
    "date": "2025/01/14",
    "name": "観音坂",
    "position": "-",
    "system": "厚33",
    "destinations": [
        "上長谷(厚木市)",
        "愛名入口",
        "小野宮前",
        "小野橋(厚木市)",
        "中屋橋",
        "玉川農協前",
        "玉川公民館前",
        "日向川",
        "馬場リハビリ入口",
        "神奈川リハビリ",
        "馬場リハビリ入口",
        "七沢温泉入口",
        "七沢病院入口",
        "広沢寺温泉入口",
        "七沢"
    ],
    "weekday": [
        "7:30",
        "7:42",
        "8:13",
        "8:43",
        "10:12",
        "10:42",
        "11:12",
        "11:42",
        "12:12",
        "12:42",
        "13:12",
        "13:42",
        "14:12",
        "14:42",
        "15:12",
        "15:42",
        "16:43",
        "17:13",
        "18:13",
        "19:11",
        "20:10"
    ],
    "saturday": [
        "7:41",
        "9:11",
        "9:42",
        "10:12",
        "10:42",
        "11:12",
        "11:42",
        "13:12",
        "13:42",
        "15:13",
        "15:43",
        "16:13",
        "16:43",
        "17:13",
        "17:43",
        "19:11"
    ],
    "holiday": [
        "7:40",
        "9:11",
        "9:41",
        "10:11",
        "10:42",
        "11:12",
        "11:42",
        "13:12",
        "13:42",
        "15:13",
        "15:43",
        "16:13",
        "16:43",
        "17:13",
        "17:43",
        "19:11"
    ],
    "url": "https://www.kanachu.co.jp/dia/diagram/timetable01_js/course:0000800810-12/node:00128446/kt:0/lname:/"
}
