{
    "date": "2025/01/14",
    "name": "玉川農協前",
    "position": "-",
    "system": "厚33",
    "destinations": [
        "玉川公民館前",
        "日向川",
        "馬場リハビリ入口",
        "神奈川リハビリ",
        "馬場リハビリ入口",
        "七沢温泉入口",
        "七沢病院入口",
        "広沢寺温泉入口",
        "七沢"
    ],
    "weekday": [
        "7:37",
        "7:49",
        "8:20",
        "8:50",
        "10:18",
        "10:48",
        "11:18",
        "11:48",
        "12:18",
        "12:48",
        "13:18",
        "13:48",
        "14:18",
        "14:48",
        "15:18",
        "15:48",
        "16:50",
        "17:20",
        "18:20",
        "19:17",
        "20:16"
    ],
    "saturday": [
        "7:48",
        "9:18",
        "9:49",
        "10:19",
        "10:49",
        "11:19",
        "11:49",
        "13:19",
        "13:49",
        "15:20",
        "15:50",
        "16:20",
        "16:50",
        "17:20",
        "17:50",
        "19:17"
    ],
    "holiday": [
        "7:46",
        "9:18",
        "9:48",
        "10:18",
        "10:49",
        "11:19",
        "11:49",
        "13:19",
        "13:49",
        "15:20",
        "15:50",
        "16:20",
        "16:50",
        "17:20",
        "17:50",
        "19:17"
    ],
    "url": "https://www.kanachu.co.jp/dia/diagram/timetable01_js/course:0000800810-18/node:00128452/kt:0/lname:/"
}
