{
    "date": "2025/01/14",
    "name": "日向川",
    "position": "-",
    "system": "厚33",
    "destinations": [
        "馬場リハビリ入口",
        "神奈川リハビリ",
        "馬場リハビリ入口",
        "七沢温泉入口",
        "七沢病院入口",
        "広沢寺温泉入口",
        "七沢"
    ],
    "weekday": [
        "7:39",
        "7:51",
        "8:22",
        "8:52",
        "10:20",
        "10:50",
        "11:20",
        "11:50",
        "12:20",
        "12:50",
        "13:20",
        "13:50",
        "14:20",
        "14:50",
        "15:20",
        "15:50",
        "16:52",
        "17:22",
        "18:22",
        "19:19",
        "20:18"
    ],
    "saturday": [
        "7:50",
        "9:20",
        "9:51",
        "10:21",
        "10:51",
        "11:21",
        "11:51",
        "13:21",
        "13:51",
        "15:22",
        "15:52",
        "16:22",
        "16:52",
        "17:22",
        "17:52",
        "19:19"
    ],
    "holiday": [
        "7:48",
        "9:20",
        "9:50",
        "10:20",
        "10:51",
        "11:21",
        "11:51",
        "13:21",
        "13:51",
        "15:22",
        "15:52",
        "16:22",
        "16:52",
        "17:22",
        "17:52",
        "19:19"
    ],
    "url": "https://www.kanachu.co.jp/dia/diagram/timetable01_js/course:0000800810-20/node:00128454/kt:0/lname:/"
}
