{
    "date": "2025/01/14",
    "name": "七沢病院入口",
    "position": "-",
    "system": "厚33",
    "destinations": [
        "広沢寺温泉入口",
        "七沢"
    ],
    "weekday": [
        "7:45",
        "7:57",
        "8:28",
        "8:58",
        "10:26",
        "10:56",
        "11:26",
        "11:56",
        "12:26",
        "12:56",
        "13:26",
        "13:56",
        "14:26",
        "14:56",
        "15:26",
        "15:56",
        "16:58",
        "17:28",
        "18:28",
        "19:25",
        "20:24"
    ],
    "saturday": [
        "7:56",
        "9:26",
        "9:57",
        "10:27",
        "10:57",
        "11:27",
        "11:57",
        "13:27",
        "13:57",
        "15:28",
        "15:58",
        "16:28",
        "16:58",
        "17:28",
        "17:58",
        "19:25"
    ],
    "holiday": [
        "7:54",
        "9:26",
        "9:56",
        "10:26",
        "10:57",
        "11:27",
        "11:57",
        "13:27",
        "13:57",
        "15:28",
        "15:58",
        "16:28",
        "16:58",
        "17:28",
        "17:58",
        "19:25"
    ],
    "url": "https://www.kanachu.co.jp/dia/diagram/timetable01_js/course:0000800810-25/node:00128458/kt:0/lname:/"
}
