{
    "system": "厚33",
    "busstops": [
        {
            "index": "1",
            "id": "00128256",
            "name": "厚木バスセンター",
            "lat": "35.441647",
            "lng": "139.366635"
        },
        {
            "index": "2",
            "id": "00128257",
            "name": "あつぎ大通り",
            "lat": "35.441369",
            "lng": "139.36256"
        },
        {
            "index": "3",
            "id": "00128396",
            "name": "市役所入口(厚木市)",
            "lat": "35.442448",
            "lng": "139.361188"
        },
        {
            "index": "4",
            "id": "00128439",
            "name": "合同庁舎前(厚木市)",
            "lat": "35.443964",
            "lng": "139.355566"
        },
        {
            "index": "5",
            "id": "00128440",
            "name": "厚木高校前",
            "lat": "35.444598",
            "lng": "139.352202"
        },
        {
            "index": "6",
            "id": "00128441",
            "name": "アステモ[Astemo]前〔旧:日立アステモ前〕",
            "lat": "35.444018",
            "lng": "139.349765"
        },
        {
            "index": "7",
            "id": "00128442",
            "name": "片岸(厚木市)",
            "lat": "35.441188",
            "lng": "139.347079"
        },
        {
            "index": "8",
            "id": "00128443",
            "name": "温水",
            "lat": "35.439356",
            "lng": "139.343166"
        },
        {
            "index": "9",
            "id": "00128444",
            "name": "高坪入口",
            "lat": "35.437789",
            "lng": "139.341398"
        },
        {
            "index": "10",
            "id": "00128445",
            "name": "南毛利小学校前",
            "lat": "35.436228",
            "lng": "139.338604"
        },
        {
            "index": "11",
            "id": "00128673",
            "name": "清水(厚木市)",
            "lat": "35.433764",
            "lng": "139.336782"
        },
        {
            "index": "12",
            "id": "00128446",
            "name": "観音坂",
            "lat": "35.433668",
            "lng": "139.333325"
        },
        {
            "index": "13",
            "id": "00128447",
            "name": "上長谷(厚木市)",
            "lat": "35.432797",
            "lng": "139.32641"
        },
        {
            "index": "14",
            "id": "00128448",
            "name": "愛名入口",
            "lat": "35.43444",
            "lng": "139.323219"
        },
        {
            "index": "15",
            "id": "00128449",
            "name": "小野宮前",
            "lat": "35.434018",
            "lng": "139.319281"
        },
        {
            "index": "16",
            "id": "00128450",
            "name": "小野橋(厚木市)",
            "lat": "35.434348",
            "lng": "139.315504"
        },
        {
            "index": "17",
            "id": "00128451",
            "name": "中屋橋",
            "lat": "35.435264",
            "lng": "139.3123"
        },
        {
            "index": "18",
            "id": "00128452",
            "name": "玉川農協前",
            "lat": "35.435192",
            "lng": "139.307978"
        },
        {
            "index": "19",
            "id": "00128453",
            "name": "玉川公民館前",
            "lat": "35.437678",
            "lng": "139.3033"
        },
        {
            "index": "20",
            "id": "00128454",
            "name": "日向川",
            "lat": "35.438894",
            "lng": "139.301477"
        },
        {
            "index": "21",
            "id": "00128455",
            "name": "馬場リハビリ入口",
            "lat": "35.442077",
            "lng": "139.298797"
        },
        {
            "index": "22",
            "id": "00128456",
            "name": "神奈川リハビリ",
            "lat": "35.440206",
            "lng": "139.296289"
        },
        {
            "index": "23",
            "id": "00128455",
            "name": "馬場リハビリ入口",
            "lat": "35.442811",
            "lng": "139.298867"
        },
        {
            "index": "24",
            "id": "00128457",
            "name": "七沢温泉入口",
            "lat": "35.444697",
            "lng": "139.29701"
        },
        {
            "index": "25",
            "id": "00128458",
            "name": "七沢病院入口",
            "lat": "35.448058",
            "lng": "139.295696"
        },
        {
            "index": "26",
            "id": "00128459",
            "name": "広沢寺温泉入口",
            "lat": "35.451147",
            "lng": "139.294658"
        },
        {
            "index": "27",
            "id": "00128460",
            "name": "七沢",
            "lat": "35.454632",
            "lng": "139.292956"
        }
    ],
    "route_url": "https://www.kanachu.co.jp/dia/route/index/cid:0000800810/"
}
