{
    "date": "2025/05/11",
    "name": "岩井口",
    "position": "-",
    "system": "船17",
    "destinations": [
        "笠間町",
        "笠間十字路",
        "平島(鎌倉市)",
        "鎌倉女子大前",
        "公田",
        "栄警察署前",
        "天神橋(横浜市栄区)",
        "団地入口(横浜市栄区)",
        "団地下(横浜市栄区)",
        "公田団地"
    ],
    "weekday": [
        "6:16",
        "6:34",
        "6:57",
        "7:14",
        "7:34",
        "7:54",
        "8:14",
        "8:29",
        "8:45",
        "9:02",
        "9:22",
        "9:42",
        "10:02",
        "10:22",
        "10:42",
        "11:02",
        "11:22",
        "11:42",
        "12:02",
        "12:22",
        "12:42",
        "13:02",
        "13:22",
        "13:42",
        "14:02",
        "14:22",
        "14:42",
        "15:02",
        "15:25",
        "15:42",
        "16:02",
        "16:24",
        "16:46",
        "17:08",
        "17:30",
        "17:52",
        "18:14",
        "18:36",
        "18:58",
        "19:20",
        "19:42",
        "20:04",
        "20:26",
        "20:48",
        "21:07",
        "21:27",
        "21:47",
        "22:12"
    ],
    "saturday": [
        "6:47",
        "7:02",
        "7:22",
        "7:42",
        "8:22",
        "8:42",
        "9:02",
        "9:22",
        "9:42",
        "10:02",
        "10:22",
        "10:42",
        "11:02",
        "11:22",
        "11:42",
        "12:02",
        "12:27",
        "12:52",
        "13:17",
        "13:42",
        "14:07",
        "14:32",
        "14:57",
        "15:12",
        "15:27",
        "15:47",
        "16:02",
        "16:24",
        "16:46",
        "17:08",
        "17:30",
        "17:52",
        "18:22",
        "18:52",
        "19:22",
        "19:57",
        "20:12"
    ],
    "holiday": [
        "6:47",
        "7:02",
        "7:22",
        "7:42",
        "8:22",
        "8:42",
        "9:02",
        "9:22",
        "9:42",
        "10:02",
        "10:22",
        "10:42",
        "11:02",
        "11:22",
        "11:42",
        "12:02",
        "12:27",
        "12:52",
        "13:17",
        "13:42",
        "14:07",
        "14:32",
        "14:57",
        "15:12",
        "15:27",
        "15:47",
        "16:02",
        "16:24",
        "16:46",
        "17:08",
        "17:30",
        "17:52",
        "18:22",
        "18:52",
        "19:22",
        "19:57",
        "20:12"
    ],
    "url": "https://www.kanachu.co.jp/dia/diagram/timetable01_js/course:0000802802-3/node:00126501/kt:0/lname:/"
}
