{
    "date": "2025/05/11",
    "name": "団地下(横浜市栄区)",
    "position": "-",
    "system": "船17",
    "destinations": [
        "公田団地"
    ],
    "weekday": [
        "6:26",
        "6:44",
        "7:07",
        "7:25",
        "7:45",
        "8:05",
        "8:25",
        "8:40",
        "8:56",
        "9:13",
        "9:33",
        "9:53",
        "10:13",
        "10:33",
        "10:53",
        "11:13",
        "11:33",
        "11:53",
        "12:13",
        "12:33",
        "12:53",
        "13:13",
        "13:33",
        "13:53",
        "14:13",
        "14:33",
        "14:53",
        "15:13",
        "15:36",
        "15:53",
        "16:13",
        "16:35",
        "16:57",
        "17:19",
        "17:41",
        "18:03",
        "18:25",
        "18:47",
        "19:09",
        "19:31",
        "19:53",
        "20:14",
        "20:36",
        "20:58",
        "21:17",
        "21:37",
        "21:57",
        "22:22"
    ],
    "saturday": [
        "6:57",
        "7:13",
        "7:33",
        "7:53",
        "8:33",
        "8:53",
        "9:13",
        "9:33",
        "9:53",
        "10:13",
        "10:33",
        "10:53",
        "11:13",
        "11:33",
        "11:53",
        "12:13",
        "12:38",
        "13:03",
        "13:28",
        "13:53",
        "14:18",
        "14:43",
        "15:08",
        "15:24",
        "15:39",
        "15:59",
        "16:14",
        "16:36",
        "16:58",
        "17:20",
        "17:42",
        "18:04",
        "18:34",
        "19:04",
        "19:33",
        "20:08",
        "20:23"
    ],
    "holiday": [
        "6:57",
        "7:13",
        "7:33",
        "7:53",
        "8:33",
        "8:53",
        "9:13",
        "9:33",
        "9:53",
        "10:13",
        "10:33",
        "10:53",
        "11:13",
        "11:33",
        "11:53",
        "12:13",
        "12:38",
        "13:03",
        "13:28",
        "13:53",
        "14:18",
        "14:43",
        "15:08",
        "15:24",
        "15:39",
        "15:59",
        "16:14",
        "16:36",
        "16:58",
        "17:20",
        "17:42",
        "18:04",
        "18:34",
        "19:04",
        "19:33",
        "20:08",
        "20:23"
    ],
    "url": "https://www.kanachu.co.jp/dia/diagram/timetable01_js/course:0000802802-12/node:00126540/kt:0/lname:/"
}
