{
    "system": "船17",
    "busstops": [
        {
            "index": "1",
            "id": "00126594",
            "name": "大船駅(横浜市栄区)",
            "lat": "35.355593",
            "lng": "139.533109"
        },
        {
            "index": "2",
            "id": "00126500",
            "name": "笠間一丁目",
            "lat": "35.357747",
            "lng": "139.533565"
        },
        {
            "index": "3",
            "id": "00126501",
            "name": "岩井口",
            "lat": "35.35998",
            "lng": "139.536398"
        },
        {
            "index": "4",
            "id": "00126502",
            "name": "笠間町",
            "lat": "35.360807",
            "lng": "139.538133"
        },
        {
            "index": "5",
            "id": "00126503",
            "name": "笠間十字路",
            "lat": "35.361358",
            "lng": "139.539952"
        },
        {
            "index": "6",
            "id": "00126504",
            "name": "平島(鎌倉市)",
            "lat": "35.361004",
            "lng": "139.544139"
        },
        {
            "index": "7",
            "id": "00126505",
            "name": "鎌倉女子大前",
            "lat": "35.360268",
            "lng": "139.546633"
        },
        {
            "index": "8",
            "id": "00126506",
            "name": "公田",
            "lat": "35.361233",
            "lng": "139.550352"
        },
        {
            "index": "9",
            "id": "00126609",
            "name": "栄警察署前",
            "lat": "35.362583",
            "lng": "139.553207"
        },
        {
            "index": "10",
            "id": "00126507",
            "name": "天神橋(横浜市栄区)",
            "lat": "35.363475",
            "lng": "139.555167"
        },
        {
            "index": "11",
            "id": "00126539",
            "name": "団地入口(横浜市栄区)",
            "lat": "35.362736",
            "lng": "139.556962"
        },
        {
            "index": "12",
            "id": "00126540",
            "name": "団地下(横浜市栄区)",
            "lat": "35.360012",
            "lng": "139.556766"
        },
        {
            "index": "13",
            "id": "00126541",
            "name": "公田団地",
            "lat": "35.358766",
            "lng": "139.556966"
        }
    ],
    "route_url": "https://www.kanachu.co.jp/dia/route/index/cid:0000802802/"
}
