{
    "date": "2022/05/16",
    "name": "大磯プリンスホテル入口",
    "position": "-",
    "system": "平46",
    "destinations": [
        "中丸(中郡大磯町)",
        "城山公園前(中郡大磯町)",
        "八坂神社(中郡大磯町)",
        "白岩大門",
        "統監道",
        "さざれ石",
        "消防署前(中郡大磯町)",
        "大磯局前",
        "山王町(中郡大磯町)",
        "長者町(中郡大磯町)",
        "化粧坂",
        "花水",
        "古花水",
        "柳町(平塚市)",
        "豊田道",
        "八間通り",
        "平塚文化芸術ホール前",
        "銀座通り(平塚市)",
        "平塚駅北口"
    ],
    "weekday": [
        "12:00",
        "15:01"
    ],
    "saturday": [],
    "holiday": [],
    "url": "https://www.kanachu.co.jp/dia/diagram/timetable01_js/course:0000802257-8/node:00127482/kt:0/lname:/"
}
