{
    "date": "2022/05/16",
    "name": "山王町(中郡大磯町)",
    "position": "-",
    "system": "平46",
    "destinations": [
        "長者町(中郡大磯町)",
        "化粧坂",
        "花水",
        "古花水",
        "柳町(平塚市)",
        "豊田道",
        "八間通り",
        "平塚文化芸術ホール前",
        "銀座通り(平塚市)",
        "平塚駅北口"
    ],
    "weekday": [
        "12:10",
        "15:11"
    ],
    "saturday": [],
    "holiday": [],
    "url": "https://www.kanachu.co.jp/dia/diagram/timetable01_js/course:0000802257-17/node:00127474/kt:0/lname:/"
}
