{
    "date": "2022/05/16",
    "name": "化粧坂",
    "position": "-",
    "system": "平46",
    "destinations": [
        "花水",
        "古花水",
        "柳町(平塚市)",
        "豊田道",
        "八間通り",
        "平塚文化芸術ホール前",
        "銀座通り(平塚市)",
        "平塚駅北口"
    ],
    "weekday": [
        "12:11",
        "15:12"
    ],
    "saturday": [],
    "holiday": [],
    "url": "https://www.kanachu.co.jp/dia/diagram/timetable01_js/course:0000802257-19/node:00127472/kt:0/lname:/"
}
