{
    "system": "平46",
    "busstops": [
        {
            "index": "1",
            "id": "00127489",
            "name": "二宮駅南口",
            "lat": "35.298404",
            "lng": "139.258617"
        },
        {
            "index": "2",
            "id": "00127488",
            "name": "秦野道",
            "lat": "35.298349",
            "lng": "139.259524"
        },
        {
            "index": "3",
            "id": "00127487",
            "name": "塩海橋",
            "lat": "35.29981",
            "lng": "139.263095"
        },
        {
            "index": "4",
            "id": "00127486",
            "name": "下町(中郡二宮町)",
            "lat": "35.301029",
            "lng": "139.266358"
        },
        {
            "index": "5",
            "id": "00127485",
            "name": "変電所前(中郡大磯町)",
            "lat": "35.302202",
            "lng": "139.26884"
        },
        {
            "index": "6",
            "id": "00127484",
            "name": "槇の木",
            "lat": "35.303376",
            "lng": "139.271573"
        },
        {
            "index": "7",
            "id": "00127483",
            "name": "国府新宿",
            "lat": "35.304269",
            "lng": "139.275972"
        },
        {
            "index": "8",
            "id": "00127482",
            "name": "大磯プリンスホテル入口",
            "lat": "35.304601",
            "lng": "139.280552"
        },
        {
            "index": "9",
            "id": "00127481",
            "name": "中丸(中郡大磯町)",
            "lat": "35.304338",
            "lng": "139.285091"
        },
        {
            "index": "10",
            "id": "00127687",
            "name": "城山公園前(中郡大磯町)",
            "lat": "35.304102",
            "lng": "139.291898"
        },
        {
            "index": "11",
            "id": "00127480",
            "name": "八坂神社(中郡大磯町)",
            "lat": "35.305888",
            "lng": "139.297976"
        },
        {
            "index": "12",
            "id": "00127479",
            "name": "白岩大門",
            "lat": "35.306888",
            "lng": "139.302123"
        },
        {
            "index": "13",
            "id": "00127478",
            "name": "統監道",
            "lat": "35.308068",
            "lng": "139.307992"
        },
        {
            "index": "14",
            "id": "00127477",
            "name": "さざれ石",
            "lat": "35.307552",
            "lng": "139.312419"
        },
        {
            "index": "15",
            "id": "00127476",
            "name": "消防署前(中郡大磯町)",
            "lat": "35.309382",
            "lng": "139.315384"
        },
        {
            "index": "16",
            "id": "00127475",
            "name": "大磯局前",
            "lat": "35.311888",
            "lng": "139.31724"
        },
        {
            "index": "17",
            "id": "00127474",
            "name": "山王町(中郡大磯町)",
            "lat": "35.313877",
            "lng": "139.319927"
        },
        {
            "index": "18",
            "id": "00127473",
            "name": "長者町(中郡大磯町)",
            "lat": "35.314779",
            "lng": "139.321172"
        },
        {
            "index": "19",
            "id": "00127472",
            "name": "化粧坂",
            "lat": "35.319368",
            "lng": "139.323518"
        },
        {
            "index": "20",
            "id": "00127471",
            "name": "花水",
            "lat": "35.321524",
            "lng": "139.326585"
        },
        {
            "index": "21",
            "id": "00127470",
            "name": "古花水",
            "lat": "35.325765",
            "lng": "139.332791"
        },
        {
            "index": "22",
            "id": "00127469",
            "name": "柳町(平塚市)",
            "lat": "35.3264",
            "lng": "139.334562"
        },
        {
            "index": "23",
            "id": "00127468",
            "name": "豊田道",
            "lat": "35.327573",
            "lng": "139.338124"
        },
        {
            "index": "24",
            "id": "00127467",
            "name": "八間通り",
            "lat": "35.328369",
            "lng": "139.341444"
        },
        {
            "index": "25",
            "id": "00127466",
            "name": "平塚文化芸術ホール前",
            "lat": "35.32904",
            "lng": "139.344531"
        },
        {
            "index": "26",
            "id": "00127465",
            "name": "銀座通り(平塚市)",
            "lat": "35.329517",
            "lng": "139.346771"
        },
        {
            "index": "27",
            "id": "00127464",
            "name": "平塚駅北口",
            "lat": "35.329356",
            "lng": "139.350577"
        }
    ],
    "route_url": "https://www.kanachu.co.jp/dia/route/index/cid:0000802257/"
}
