{
    "date": "2025/01/14",
    "name": "玉川農協前",
    "position": "-",
    "system": "厚34",
    "destinations": [
        "中屋橋",
        "小野橋(厚木市)",
        "小野宮前",
        "愛名入口",
        "上長谷(厚木市)",
        "観音坂",
        "清水(厚木市)",
        "南毛利小学校前",
        "高坪入口",
        "温水",
        "片岸(厚木市)",
        "アステモ[Astemo]前〔旧:日立アステモ前〕",
        "厚木高校前",
        "合同庁舎前(厚木市)",
        "市役所入口(厚木市)",
        "本厚木駅",
        "厚木バスセンター"
    ],
    "weekday": [
        "6:37",
        "7:07",
        "7:36",
        "21:45"
    ],
    "saturday": [
        "6:59",
        "7:58",
        "20:45"
    ],
    "holiday": [
        "7:59",
        "20:45"
    ],
    "url": "https://www.kanachu.co.jp/dia/diagram/timetable01_js/course:0000803369-8/node:00128452/kt:0/lname:/"
}
