{
    "date": "2025/01/14",
    "name": "小野宮前",
    "position": "-",
    "system": "厚34",
    "destinations": [
        "愛名入口",
        "上長谷(厚木市)",
        "観音坂",
        "清水(厚木市)",
        "南毛利小学校前",
        "高坪入口",
        "温水",
        "片岸(厚木市)",
        "アステモ[Astemo]前〔旧:日立アステモ前〕",
        "厚木高校前",
        "合同庁舎前(厚木市)",
        "市役所入口(厚木市)",
        "本厚木駅",
        "厚木バスセンター"
    ],
    "weekday": [
        "6:39",
        "7:09",
        "7:39",
        "21:47"
    ],
    "saturday": [
        "7:01",
        "8:01",
        "20:47"
    ],
    "holiday": [
        "8:01",
        "20:47"
    ],
    "url": "https://www.kanachu.co.jp/dia/diagram/timetable01_js/course:0000803369-11/node:00128449/kt:0/lname:/"
}
