{
    "date": "2025/01/14",
    "name": "清水(厚木市)",
    "position": "-",
    "system": "厚34",
    "destinations": [
        "南毛利小学校前",
        "高坪入口",
        "温水",
        "片岸(厚木市)",
        "日立アステモ前",
        "厚木高校前",
        "合同庁舎前(厚木市)",
        "市役所入口(厚木市)",
        "本厚木駅",
        "厚木バスセンター"
    ],
    "weekday": [
        "6:45",
        "7:15",
        "7:45",
        "21:53"
    ],
    "saturday": [
        "7:05",
        "8:05",
        "20:51"
    ],
    "holiday": [
        "8:05",
        "20:51"
    ],
    "url": "https://www.kanachu.co.jp/dia/diagram/timetable01_js/course:0000803369-15/node:00128673/kt:0/lname:/"
}
