{
    "date": "2025/01/14",
    "name": "高坪入口",
    "position": "-",
    "system": "厚34",
    "destinations": [
        "温水",
        "片岸(厚木市)",
        "日立アステモ前",
        "厚木高校前",
        "合同庁舎前(厚木市)",
        "市役所入口(厚木市)",
        "本厚木駅",
        "厚木バスセンター"
    ],
    "weekday": [
        "6:47",
        "7:17",
        "7:47",
        "21:55"
    ],
    "saturday": [
        "7:07",
        "8:07",
        "20:53"
    ],
    "holiday": [
        "8:07",
        "20:53"
    ],
    "url": "https://www.kanachu.co.jp/dia/diagram/timetable01_js/course:0000803369-17/node:00128444/kt:0/lname:/"
}
