{
    "date": "2024/03/16",
    "name": "木曽住宅",
    "position": "-",
    "system": "町60",
    "destinations": [
        "三家(町田市)",
        "木曽(町田市)",
        "忠生公園入口",
        "上宿(町田市)",
        "下根岸(町田市)",
        "根岸(根岸町/町田市)",
        "忠生都営住宅前",
        "矢部",
        "下常盤",
        "中常盤",
        "常盤(町田市)",
        "下馬場",
        "馬場十字路",
        "中村不動入口",
        "小山郵便局前",
        "小山小学校前(町田市)",
        "横土手",
        "御嶽堂",
        "片所",
        "坂本橋(町田市)",
        "多摩境駅",
        "田端(町田市)",
        "堂の前(町田市)",
        "三ツ目(町田市)",
        "久保ヶ谷戸",
        "寿橋",
        "寿町(相模原市緑区)",
        "旭農協前",
        "橋本駅北口"
    ],
    "weekday": [
        "10:05",
        "11:01",
        "12:01",
        "13:01",
        "14:01",
        "15:01",
        "16:05",
        "17:06",
        "18:07",
        "19:04",
        "19:59",
        "20:49"
    ],
    "saturday": [
        "9:59",
        "10:59",
        "11:59",
        "12:59",
        "13:59",
        "15:01",
        "16:05",
        "17:05",
        "18:05",
        "19:03",
        "20:03",
        "20:59"
    ],
    "holiday": [
        "10:59",
        "11:59",
        "12:59",
        "13:59",
        "15:01",
        "16:05",
        "17:05",
        "18:05",
        "19:03",
        "19:59"
    ],
    "url": "https://www.kanachu.co.jp/dia/diagram/timetable01_js/course:0000802015-9/node:00129362/kt:0/lname:/"
}
