{
    "date": "2024/03/16",
    "name": "忠生都営住宅前",
    "position": "-",
    "system": "町60",
    "destinations": [
        "矢部",
        "下常盤",
        "中常盤",
        "常盤(町田市)",
        "下馬場",
        "馬場十字路",
        "中村不動入口",
        "小山郵便局前",
        "小山小学校前(町田市)",
        "横土手",
        "御嶽堂",
        "片所",
        "坂本橋(町田市)",
        "多摩境駅",
        "田端(町田市)",
        "堂の前(町田市)",
        "三ツ目(町田市)",
        "久保ヶ谷戸",
        "寿橋",
        "寿町(相模原市緑区)",
        "旭農協前",
        "橋本駅北口"
    ],
    "weekday": [
        "10:13",
        "11:09",
        "12:09",
        "13:09",
        "14:09",
        "15:09",
        "16:13",
        "17:14",
        "18:15",
        "19:12",
        "20:07",
        "20:57"
    ],
    "saturday": [
        "10:07",
        "11:07",
        "12:07",
        "13:07",
        "14:07",
        "15:09",
        "16:13",
        "17:13",
        "18:13",
        "19:10",
        "20:10",
        "21:06"
    ],
    "holiday": [
        "11:07",
        "12:07",
        "13:07",
        "14:07",
        "15:09",
        "16:13",
        "17:13",
        "18:13",
        "19:10",
        "20:06"
    ],
    "url": "https://www.kanachu.co.jp/dia/diagram/timetable01_js/course:0000802015-16/node:00129515/kt:0/lname:/"
}
