{
    "date": "2024/03/16",
    "name": "忠生公園前",
    "position": "-",
    "system": "町28",
    "destinations": [
        "町田市民病院",
        "五間道路",
        "図書館前(町田市)",
        "中町一丁目(町田市)",
        "原町田五丁目",
        "原町田四丁目",
        "町田ターミナル"
    ],
    "weekday": [
        "9:18",
        "12:38",
        "16:48"
    ],
    "saturday": [],
    "holiday": [],
    "url": "https://www.kanachu.co.jp/dia/diagram/timetable01_js/course:0000803492-27/node:00129393/kt:0/lname:/"
}
