{
    "date": "2023/02/18",
    "name": "富士見台病院",
    "position": "-",
    "system": "平37",
    "destinations": [
        "飛谷津",
        "吉浜(平塚市)",
        "山入口",
        "山の神(平塚市)",
        "神戸(平塚市)",
        "寺前橋",
        "中沢橋",
        "長久保(平塚市)",
        "公所(平塚市)",
        "堀の内(平塚市)",
        "北河内(平塚市)",
        "南河内(平塚市)",
        "山下団地入口",
        "神明下",
        "平塚大橋",
        "上平塚",
        "桜ヶ丘",
        "桜ヶ丘公園(平塚市)",
        "古花水",
        "柳町(平塚市)",
        "豊田道",
        "八間通り",
        "平塚文化芸術ホール前",
        "銀座通り(平塚市)",
        "平塚駅北口"
    ],
    "weekday": [
        "9:33",
        "13:03",
        "14:03",
        "15:23",
        "16:03"
    ],
    "saturday": [
        "9:33",
        "13:58",
        "15:58",
        "17:23"
    ],
    "holiday": [
        "9:33",
        "13:58",
        "15:58",
        "17:23"
    ],
    "url": "https://www.kanachu.co.jp/dia/diagram/timetable01_js/course:0000803261-5/node:00127828/kt:0/lname:/"
}
