{
    "date": "2023/02/18",
    "name": "神戸(平塚市)",
    "position": "-",
    "system": "平37",
    "destinations": [
        "寺前橋",
        "中沢橋",
        "長久保(平塚市)",
        "公所(平塚市)",
        "堀の内(平塚市)",
        "北河内(平塚市)",
        "南河内(平塚市)",
        "山下団地入口",
        "神明下",
        "平塚大橋",
        "上平塚",
        "桜ヶ丘",
        "桜ヶ丘公園(平塚市)",
        "古花水",
        "柳町(平塚市)",
        "豊田道",
        "八間通り",
        "平塚文化芸術ホール前",
        "銀座通り(平塚市)",
        "平塚駅北口"
    ],
    "weekday": [
        "9:36",
        "13:06",
        "14:06",
        "15:26",
        "16:06"
    ],
    "saturday": [
        "9:35",
        "14:00",
        "16:00",
        "17:25"
    ],
    "holiday": [
        "9:35",
        "14:00",
        "16:00",
        "17:25"
    ],
    "url": "https://www.kanachu.co.jp/dia/diagram/timetable01_js/course:0000803261-10/node:00127833/kt:0/lname:/"
}
