{
    "date": "2023/02/18",
    "name": "寺前橋",
    "position": "-",
    "system": "平37",
    "destinations": [
        "中沢橋",
        "長久保(平塚市)",
        "公所(平塚市)",
        "堀の内(平塚市)",
        "北河内(平塚市)",
        "南河内(平塚市)",
        "山下団地入口",
        "神明下",
        "平塚大橋",
        "上平塚",
        "桜ヶ丘",
        "桜ヶ丘公園(平塚市)",
        "古花水",
        "柳町(平塚市)",
        "豊田道",
        "八間通り",
        "平塚文化芸術ホール前",
        "銀座通り(平塚市)",
        "平塚駅北口"
    ],
    "weekday": [
        "9:37",
        "13:07",
        "14:07",
        "15:27",
        "16:07"
    ],
    "saturday": [
        "9:36",
        "14:01",
        "16:01",
        "17:26"
    ],
    "holiday": [
        "9:36",
        "14:01",
        "16:01",
        "17:26"
    ],
    "url": "https://www.kanachu.co.jp/dia/diagram/timetable01_js/course:0000803261-11/node:00127834/kt:0/lname:/"
}
