{
    "date": "2023/02/18",
    "name": "山下団地入口",
    "position": "-",
    "system": "平37",
    "destinations": [
        "神明下",
        "平塚大橋",
        "上平塚",
        "桜ヶ丘",
        "桜ヶ丘公園(平塚市)",
        "古花水",
        "柳町(平塚市)",
        "豊田道",
        "八間通り",
        "平塚文化芸術ホール前",
        "銀座通り(平塚市)",
        "平塚駅北口"
    ],
    "weekday": [
        "9:47",
        "13:17",
        "14:17",
        "15:37",
        "16:17"
    ],
    "saturday": [
        "9:43",
        "14:08",
        "16:08",
        "17:33"
    ],
    "holiday": [
        "9:43",
        "14:08",
        "16:08",
        "17:33"
    ],
    "url": "https://www.kanachu.co.jp/dia/diagram/timetable01_js/course:0000803261-18/node:00127574/kt:0/lname:/"
}
