{
    "date": "2023/02/18",
    "name": "平塚大橋",
    "position": "-",
    "system": "平37",
    "destinations": [
        "上平塚",
        "桜ヶ丘",
        "桜ヶ丘公園(平塚市)",
        "古花水",
        "柳町(平塚市)",
        "豊田道",
        "八間通り",
        "平塚文化芸術ホール前",
        "銀座通り(平塚市)",
        "平塚駅北口"
    ],
    "weekday": [
        "9:48",
        "13:18",
        "14:18",
        "15:38",
        "16:18"
    ],
    "saturday": [
        "9:44",
        "14:09",
        "16:09",
        "17:34"
    ],
    "holiday": [
        "9:44",
        "14:09",
        "16:09",
        "17:34"
    ],
    "url": "https://www.kanachu.co.jp/dia/diagram/timetable01_js/course:0000803261-20/node:00127698/kt:0/lname:/"
}
