{
    "date": "2023/02/18",
    "name": "古花水",
    "position": "-",
    "system": "平37",
    "destinations": [
        "柳町(平塚市)",
        "豊田道",
        "八間通り",
        "平塚文化芸術ホール前",
        "銀座通り(平塚市)",
        "平塚駅北口"
    ],
    "weekday": [
        "9:52",
        "13:22",
        "14:22",
        "15:42",
        "16:22"
    ],
    "saturday": [
        "9:49",
        "14:14",
        "16:14",
        "17:39"
    ],
    "holiday": [
        "9:49",
        "14:14",
        "16:14",
        "17:39"
    ],
    "url": "https://www.kanachu.co.jp/dia/diagram/timetable01_js/course:0000803261-24/node:00127470/kt:0/lname:/"
}
