{
    "date": "2023/02/18",
    "name": "八間通り",
    "position": "-",
    "system": "平37",
    "destinations": [
        "平塚文化芸術ホール前",
        "銀座通り(平塚市)",
        "平塚駅北口"
    ],
    "weekday": [
        "9:55",
        "13:25",
        "14:25",
        "15:45",
        "16:25"
    ],
    "saturday": [
        "9:52",
        "14:17",
        "16:17",
        "17:42"
    ],
    "holiday": [
        "9:52",
        "14:17",
        "16:17",
        "17:42"
    ],
    "url": "https://www.kanachu.co.jp/dia/diagram/timetable01_js/course:0000803261-27/node:00127467/kt:0/lname:/"
}
