{
    "system": "平37",
    "busstops": [
        {
            "index": "1",
            "id": "00127824",
            "name": "神奈川大学",
            "lat": "35.348448",
            "lng": "139.261405"
        },
        {
            "index": "2",
            "id": "00127825",
            "name": "妙円寺前",
            "lat": "35.347239",
            "lng": "139.264734"
        },
        {
            "index": "3",
            "id": "00127826",
            "name": "土沢中学校前",
            "lat": "35.346008",
            "lng": "139.269958"
        },
        {
            "index": "4",
            "id": "00127827",
            "name": "土沢農協前",
            "lat": "35.345665",
            "lng": "139.271369"
        },
        {
            "index": "5",
            "id": "00127828",
            "name": "富士見台病院",
            "lat": "35.346851",
            "lng": "139.274072"
        },
        {
            "index": "6",
            "id": "00127829",
            "name": "飛谷津",
            "lat": "35.347201",
            "lng": "139.276706"
        },
        {
            "index": "7",
            "id": "00127830",
            "name": "吉浜(平塚市)",
            "lat": "35.346739",
            "lng": "139.279954"
        },
        {
            "index": "8",
            "id": "00127831",
            "name": "山入口",
            "lat": "35.344453",
            "lng": "139.281671"
        },
        {
            "index": "9",
            "id": "00127832",
            "name": "山の神(平塚市)",
            "lat": "35.343816",
            "lng": "139.283169"
        },
        {
            "index": "10",
            "id": "00127833",
            "name": "神戸(平塚市)",
            "lat": "35.344101",
            "lng": "139.290064"
        },
        {
            "index": "11",
            "id": "00127834",
            "name": "寺前橋",
            "lat": "35.34365",
            "lng": "139.291074"
        },
        {
            "index": "12",
            "id": "00127569",
            "name": "中沢橋",
            "lat": "35.342602",
            "lng": "139.294344"
        },
        {
            "index": "13",
            "id": "00127568",
            "name": "長久保(平塚市)",
            "lat": "35.344732",
            "lng": "139.298277"
        },
        {
            "index": "14",
            "id": "00127567",
            "name": "公所(平塚市)",
            "lat": "35.34596",
            "lng": "139.301981"
        },
        {
            "index": "15",
            "id": "00127566",
            "name": "堀の内(平塚市)",
            "lat": "35.345228",
            "lng": "139.304188"
        },
        {
            "index": "16",
            "id": "00127686",
            "name": "北河内(平塚市)",
            "lat": "35.339732",
            "lng": "139.309039"
        },
        {
            "index": "17",
            "id": "00127576",
            "name": "南河内(平塚市)",
            "lat": "35.335499",
            "lng": "139.313014"
        },
        {
            "index": "18",
            "id": "00127574",
            "name": "山下団地入口",
            "lat": "35.335356",
            "lng": "139.315081"
        },
        {
            "index": "19",
            "id": "00127573",
            "name": "神明下",
            "lat": "35.335366",
            "lng": "139.318351"
        },
        {
            "index": "20",
            "id": "00127698",
            "name": "平塚大橋",
            "lat": "35.334163",
            "lng": "139.323135"
        },
        {
            "index": "21",
            "id": "00127572",
            "name": "上平塚",
            "lat": "35.332733",
            "lng": "139.326017"
        },
        {
            "index": "22",
            "id": "00127571",
            "name": "桜ヶ丘",
            "lat": "35.330534",
            "lng": "139.327505"
        },
        {
            "index": "23",
            "id": "00127570",
            "name": "桜ヶ丘公園(平塚市)",
            "lat": "35.328151",
            "lng": "139.32905"
        },
        {
            "index": "24",
            "id": "00127470",
            "name": "古花水",
            "lat": "35.325765",
            "lng": "139.332791"
        },
        {
            "index": "25",
            "id": "00127469",
            "name": "柳町(平塚市)",
            "lat": "35.3264",
            "lng": "139.334562"
        },
        {
            "index": "26",
            "id": "00127468",
            "name": "豊田道",
            "lat": "35.327573",
            "lng": "139.338124"
        },
        {
            "index": "27",
            "id": "00127467",
            "name": "八間通り",
            "lat": "35.328369",
            "lng": "139.341444"
        },
        {
            "index": "28",
            "id": "00127466",
            "name": "平塚文化芸術ホール前",
            "lat": "35.32904",
            "lng": "139.344531"
        },
        {
            "index": "29",
            "id": "00127465",
            "name": "銀座通り(平塚市)",
            "lat": "35.329517",
            "lng": "139.346771"
        },
        {
            "index": "30",
            "id": "00127464",
            "name": "平塚駅北口",
            "lat": "35.329356",
            "lng": "139.350577"
        }
    ],
    "route_url": "https://www.kanachu.co.jp/dia/route/index/cid:0000803261/"
}
