{
    "date": "2024/04/01",
    "name": "柳町(秦野市)",
    "position": "-",
    "system": "秦53",
    "destinations": [
        "西中学校前(秦野市)",
        "西小学校前(秦野市)",
        "中道(秦野市)",
        "堀西駐在所前",
        "堀川",
        "関(秦野市)",
        "大倉入口",
        "平和橋(秦野市)",
        "戸川",
        "戸沢入口",
        "横野入口",
        "菩提(秦野市)",
        "菩提原",
        "戸川入口",
        "三屋入口",
        "羽根入口",
        "田原入口",
        "高砂(秦野市)",
        "高砂車庫前"
    ],
    "weekday": [
        "22:38"
    ],
    "saturday": [
        "21:36",
        "22:17"
    ],
    "holiday": [
        "21:36",
        "22:17"
    ],
    "url": "https://www.kanachu.co.jp/dia/diagram/timetable01_js/course:0000803537-2/node:00127898/kt:0/lname:/"
}
