{
    "date": "2024/04/01",
    "name": "堀川",
    "position": "-",
    "system": "秦53",
    "destinations": [
        "関(秦野市)",
        "大倉入口",
        "平和橋(秦野市)",
        "戸川",
        "戸沢入口",
        "横野入口",
        "菩提(秦野市)",
        "菩提原",
        "戸川入口",
        "三屋入口",
        "羽根入口",
        "田原入口",
        "高砂(秦野市)",
        "高砂車庫前"
    ],
    "weekday": [
        "22:42"
    ],
    "saturday": [
        "21:40",
        "22:21"
    ],
    "holiday": [
        "21:40",
        "22:21"
    ],
    "url": "https://www.kanachu.co.jp/dia/diagram/timetable01_js/course:0000803537-7/node:00127894/kt:0/lname:/"
}
