{
    "date": "2024/04/01",
    "name": "戸沢入口",
    "position": "-",
    "system": "秦53",
    "destinations": [
        "横野入口",
        "菩提(秦野市)",
        "菩提原",
        "戸川入口",
        "三屋入口",
        "羽根入口",
        "田原入口",
        "高砂(秦野市)",
        "高砂車庫前"
    ],
    "weekday": [
        "22:47"
    ],
    "saturday": [
        "21:45",
        "22:26"
    ],
    "holiday": [
        "21:45",
        "22:26"
    ],
    "url": "https://www.kanachu.co.jp/dia/diagram/timetable01_js/course:0000803537-12/node:00127889/kt:0/lname:/"
}
