{
    "date": "2024/04/01",
    "name": "菩提(秦野市)",
    "position": "-",
    "system": "秦53",
    "destinations": [
        "菩提原",
        "戸川入口",
        "三屋入口",
        "羽根入口",
        "田原入口",
        "高砂(秦野市)",
        "高砂車庫前"
    ],
    "weekday": [
        "22:49"
    ],
    "saturday": [
        "21:47",
        "22:28"
    ],
    "holiday": [
        "21:47",
        "22:28"
    ],
    "url": "https://www.kanachu.co.jp/dia/diagram/timetable01_js/course:0000803537-14/node:00127887/kt:0/lname:/"
}
