{
    "date": "2024/04/01",
    "name": "菩提原",
    "position": "-",
    "system": "秦53",
    "destinations": [
        "戸川入口",
        "三屋入口",
        "羽根入口",
        "田原入口",
        "高砂(秦野市)",
        "高砂車庫前"
    ],
    "weekday": [
        "22:50"
    ],
    "saturday": [
        "21:48",
        "22:29"
    ],
    "holiday": [
        "21:48",
        "22:29"
    ],
    "url": "https://www.kanachu.co.jp/dia/diagram/timetable01_js/course:0000803537-15/node:00127886/kt:0/lname:/"
}
