{
    "date": "2026/01/16",
    "name": "第二工業団地中央",
    "position": "-",
    "system": "戸98",
    "destinations": [
        "第二工業団地",
        "諏訪久保",
        "領家一丁目(横浜市泉区)",
        "領家三丁目(横浜市泉区)",
        "領家中学校前",
        "鳥が丘第一公園",
        "鳥が丘中央",
        "道祖神前(横浜市戸塚区)",
        "谷矢部中央",
        "来迎寺(横浜市戸塚区)",
        "柳作東",
        "蔵坪",
        "戸塚駅"
    ],
    "weekday": [
        "8:30",
        "8:49",
        "9:25",
        "9:49",
        "10:13",
        "10:37",
        "11:01",
        "11:25",
        "11:49",
        "12:13",
        "12:37",
        "13:01",
        "13:25",
        "13:49"
    ],
    "saturday": [
        "7:18",
        "8:09",
        "8:33",
        "9:09",
        "9:33",
        "10:09",
        "10:33",
        "11:27",
        "12:15",
        "13:15",
        "14:00"
    ],
    "holiday": [
        "7:21",
        "8:08",
        "9:10",
        "9:57",
        "10:42",
        "11:27",
        "12:15",
        "13:15",
        "14:00"
    ],
    "url": "https://www.kanachu.co.jp/dia/diagram/timetable01_js/course:0000804193-15/node:00126914/kt:0/lname:/"
}
