{
    "date": "2026/01/16",
    "name": "領家三丁目(横浜市泉区)",
    "position": "-",
    "system": "戸98",
    "destinations": [
        "領家中学校前",
        "鳥が丘第一公園",
        "鳥が丘中央",
        "道祖神前(横浜市戸塚区)",
        "谷矢部中央",
        "来迎寺(横浜市戸塚区)",
        "柳作東",
        "蔵坪",
        "戸塚駅"
    ],
    "weekday": [
        "8:36",
        "8:55",
        "9:31",
        "9:55",
        "10:19",
        "10:43",
        "11:07",
        "11:31",
        "11:55",
        "12:19",
        "12:43",
        "13:07",
        "13:31",
        "13:55"
    ],
    "saturday": [
        "7:24",
        "8:15",
        "8:39",
        "9:15",
        "9:39",
        "10:15",
        "10:39",
        "11:33",
        "12:21",
        "13:21",
        "14:06"
    ],
    "holiday": [
        "7:27",
        "8:14",
        "9:16",
        "10:03",
        "10:48",
        "11:33",
        "12:21",
        "13:21",
        "14:06"
    ],
    "url": "https://www.kanachu.co.jp/dia/diagram/timetable01_js/course:0000804193-19/node:00126713/kt:0/lname:/"
}
