{
    "date": "2026/01/16",
    "name": "鳥が丘第一公園",
    "position": "-",
    "system": "戸98",
    "destinations": [
        "鳥が丘中央",
        "道祖神前(横浜市戸塚区)",
        "谷矢部中央",
        "来迎寺(横浜市戸塚区)",
        "柳作東",
        "蔵坪",
        "戸塚駅"
    ],
    "weekday": [
        "8:40",
        "8:59",
        "9:35",
        "9:59",
        "10:23",
        "10:47",
        "11:11",
        "11:35",
        "11:59",
        "12:23",
        "12:47",
        "13:11",
        "13:35",
        "13:59"
    ],
    "saturday": [
        "7:28",
        "8:19",
        "8:43",
        "9:19",
        "9:43",
        "10:19",
        "10:43",
        "11:37",
        "12:25",
        "13:25",
        "14:10"
    ],
    "holiday": [
        "7:31",
        "8:18",
        "9:20",
        "10:07",
        "10:52",
        "11:37",
        "12:25",
        "13:25",
        "14:10"
    ],
    "url": "https://www.kanachu.co.jp/dia/diagram/timetable01_js/course:0000804193-21/node:00126860/kt:0/lname:/"
}
