{
    "system": "戸98",
    "busstops": [
        {
            "index": "1",
            "id": "00126869",
            "name": "戸塚駅",
            "lat": "35.403305",
            "lng": "139.53345"
        },
        {
            "index": "2",
            "id": "00126899",
            "name": "蔵坪",
            "lat": "35.406969",
            "lng": "139.533402"
        },
        {
            "index": "3",
            "id": "00126967",
            "name": "柳作東",
            "lat": "35.408196",
            "lng": "139.531908"
        },
        {
            "index": "4",
            "id": "00126900",
            "name": "来迎寺(横浜市戸塚区)",
            "lat": "35.409389",
            "lng": "139.52952"
        },
        {
            "index": "5",
            "id": "00126901",
            "name": "谷矢部中央",
            "lat": "35.408838",
            "lng": "139.527957"
        },
        {
            "index": "6",
            "id": "00126902",
            "name": "道祖神前(横浜市戸塚区)",
            "lat": "35.408871",
            "lng": "139.526243"
        },
        {
            "index": "7",
            "id": "00126859",
            "name": "鳥が丘中央",
            "lat": "35.41156",
            "lng": "139.52506"
        },
        {
            "index": "8",
            "id": "00126860",
            "name": "鳥が丘第一公園",
            "lat": "35.413952",
            "lng": "139.524218"
        },
        {
            "index": "9",
            "id": "00126709",
            "name": "上矢部高校",
            "lat": "35.414824",
            "lng": "139.526959"
        },
        {
            "index": "10",
            "id": "00126886",
            "name": "戸塚工業団地",
            "lat": "35.416816",
            "lng": "139.527789"
        },
        {
            "index": "11",
            "id": "00126708",
            "name": "上矢部地区センター前",
            "lat": "35.4188",
            "lng": "139.528178"
        },
        {
            "index": "12",
            "id": "00126913",
            "name": "第二工業団地",
            "lat": "35.419217",
            "lng": "139.529821"
        },
        {
            "index": "13",
            "id": "00126914",
            "name": "第二工業団地中央",
            "lat": "35.417063",
            "lng": "139.531871"
        },
        {
            "index": "14",
            "id": "00126915",
            "name": "ラムーナ横浜戸塚",
            "lat": "35.415047",
            "lng": "139.533942"
        },
        {
            "index": "15",
            "id": "00126914",
            "name": "第二工業団地中央",
            "lat": "35.417007",
            "lng": "139.531763"
        },
        {
            "index": "16",
            "id": "00126913",
            "name": "第二工業団地",
            "lat": "35.419146",
            "lng": "139.529896"
        },
        {
            "index": "17",
            "id": "00126903",
            "name": "諏訪久保",
            "lat": "35.420803",
            "lng": "139.526827"
        },
        {
            "index": "18",
            "id": "00126712",
            "name": "領家一丁目(横浜市泉区)",
            "lat": "35.420664",
            "lng": "139.524837"
        },
        {
            "index": "19",
            "id": "00126713",
            "name": "領家三丁目(横浜市泉区)",
            "lat": "35.418828",
            "lng": "139.523344"
        },
        {
            "index": "20",
            "id": "00126710",
            "name": "領家中学校前",
            "lat": "35.417174",
            "lng": "139.522989"
        },
        {
            "index": "21",
            "id": "00126860",
            "name": "鳥が丘第一公園",
            "lat": "35.415016",
            "lng": "139.523966"
        },
        {
            "index": "22",
            "id": "00126859",
            "name": "鳥が丘中央",
            "lat": "35.41182",
            "lng": "139.525106"
        },
        {
            "index": "23",
            "id": "00126902",
            "name": "道祖神前(横浜市戸塚区)",
            "lat": "35.408903",
            "lng": "139.52653"
        },
        {
            "index": "24",
            "id": "00126901",
            "name": "谷矢部中央",
            "lat": "35.408935",
            "lng": "139.528104"
        },
        {
            "index": "25",
            "id": "00126900",
            "name": "来迎寺(横浜市戸塚区)",
            "lat": "35.409838",
            "lng": "139.529942"
        },
        {
            "index": "26",
            "id": "00126967",
            "name": "柳作東",
            "lat": "35.40839",
            "lng": "139.531961"
        },
        {
            "index": "27",
            "id": "00126899",
            "name": "蔵坪",
            "lat": "35.40667",
            "lng": "139.533646"
        },
        {
            "index": "28",
            "id": "00126869",
            "name": "戸塚駅",
            "lat": "35.403447",
            "lng": "139.533383"
        }
    ],
    "route_url": "https://www.kanachu.co.jp/dia/route/index/cid:0000804193/"
}
