{
    "date": "2025/04/01",
    "name": "新橋通り(大和市)",
    "position": "-",
    "system": "間17",
    "destinations": [
        "豊川稲荷前(大和市)",
        "市民活動拠点ベテルギウス前",
        "郵便局前(大和市)",
        "職業安定所前(大和市)",
        "市役所市立病院前",
        "市立病院(大和市)",
        "オークシティ前",
        "鶴間二丁目",
        "鶴間駅東口"
    ],
    "weekday": [
        "8:15",
        "9:46",
        "10:34",
        "11:29",
        "12:19",
        "13:09",
        "13:59",
        "14:49",
        "15:39"
    ],
    "saturday": [],
    "holiday": [],
    "url": "https://www.kanachu.co.jp/dia/diagram/timetable01_js/course:0000803762-10/node:00129615/kt:0/lname:/"
}
