{
    "date": "2025/04/01",
    "name": "市役所市立病院前",
    "position": "-",
    "system": "間17",
    "destinations": [
        "市立病院(大和市)",
        "オークシティ前",
        "鶴間二丁目",
        "鶴間駅東口"
    ],
    "weekday": [
        "8:22",
        "9:53",
        "10:41",
        "11:36",
        "12:26",
        "13:16",
        "14:06",
        "14:56",
        "15:46"
    ],
    "saturday": [],
    "holiday": [],
    "url": "https://www.kanachu.co.jp/dia/diagram/timetable01_js/course:0000803762-15/node:00129611/kt:0/lname:/"
}
