{
    "date": "2026/01/16",
    "name": "双葉入口",
    "position": "-",
    "system": "大60",
    "destinations": [
        "御園五丁目",
        "みゆき台団地",
        "御園二丁目",
        "上原団地",
        "谷口台小学校前",
        "相模女子大前",
        "グリーンホール前",
        "相模大野駅北口"
    ],
    "weekday": [
        "8:03",
        "8:58",
        "9:18",
        "9:43",
        "10:16",
        "11:01",
        "11:36",
        "12:11",
        "12:36",
        "12:56",
        "13:11",
        "13:41",
        "14:11",
        "14:41",
        "15:11",
        "15:31",
        "15:51",
        "16:13",
        "16:28",
        "16:43",
        "16:48",
        "16:53",
        "16:58",
        "17:04",
        "17:09",
        "17:14",
        "17:24",
        "17:34",
        "17:49",
        "18:03",
        "18:23",
        "18:33",
        "18:43",
        "18:58",
        "19:07",
        "19:31",
        "19:51",
        "20:11",
        "20:36"
    ],
    "saturday": [
        "8:01",
        "8:46",
        "9:16",
        "9:46",
        "10:11",
        "10:41",
        "11:11",
        "11:41",
        "12:11",
        "12:31",
        "12:51",
        "13:06",
        "13:31",
        "14:06",
        "14:31",
        "15:06",
        "15:16",
        "15:31",
        "15:46",
        "16:06",
        "16:27",
        "16:48",
        "17:08",
        "17:23",
        "17:48",
        "18:08",
        "18:41",
        "19:06",
        "19:51",
        "20:31"
    ],
    "holiday": [
        "8:11",
        "8:31",
        "8:51",
        "9:16",
        "9:36",
        "9:56",
        "10:16",
        "10:36",
        "11:01",
        "11:21",
        "11:56",
        "12:21",
        "12:56",
        "13:21",
        "13:56",
        "14:21",
        "14:56",
        "15:16",
        "15:36",
        "15:56",
        "16:16",
        "16:36",
        "16:56",
        "17:16",
        "17:36",
        "18:06",
        "18:36",
        "19:11",
        "19:51"
    ],
    "url": "https://www.kanachu.co.jp/dia/diagram/timetable01_js/course:0000804000-9/node:00129242/kt:0/lname:/"
}
