{
    "date": "2026/01/16",
    "name": "みゆき台団地",
    "position": "-",
    "system": "大60",
    "destinations": [
        "御園二丁目",
        "上原団地",
        "谷口台小学校前",
        "相模女子大前",
        "グリーンホール前",
        "相模大野駅北口"
    ],
    "weekday": [
        "8:05",
        "9:00",
        "9:20",
        "9:45",
        "10:18",
        "11:03",
        "11:38",
        "12:13",
        "12:38",
        "12:58",
        "13:13",
        "13:43",
        "14:13",
        "14:43",
        "15:13",
        "15:33",
        "15:53",
        "16:15",
        "16:30",
        "16:45",
        "16:50",
        "16:55",
        "17:00",
        "17:06",
        "17:11",
        "17:16",
        "17:26",
        "17:36",
        "17:51",
        "18:05",
        "18:25",
        "18:35",
        "18:45",
        "19:00",
        "19:09",
        "19:33",
        "19:53",
        "20:13",
        "20:38"
    ],
    "saturday": [
        "8:03",
        "8:48",
        "9:18",
        "9:48",
        "10:13",
        "10:43",
        "11:13",
        "11:43",
        "12:13",
        "12:33",
        "12:53",
        "13:08",
        "13:33",
        "14:08",
        "14:33",
        "15:08",
        "15:18",
        "15:33",
        "15:48",
        "16:08",
        "16:29",
        "16:50",
        "17:10",
        "17:25",
        "17:50",
        "18:10",
        "18:43",
        "19:08",
        "19:53",
        "20:33"
    ],
    "holiday": [
        "8:13",
        "8:33",
        "8:53",
        "9:18",
        "9:38",
        "9:58",
        "10:18",
        "10:38",
        "11:03",
        "11:23",
        "11:58",
        "12:23",
        "12:58",
        "13:23",
        "13:58",
        "14:23",
        "14:58",
        "15:18",
        "15:38",
        "15:58",
        "16:18",
        "16:38",
        "16:58",
        "17:18",
        "17:38",
        "18:08",
        "18:38",
        "19:13",
        "19:53"
    ],
    "url": "https://www.kanachu.co.jp/dia/diagram/timetable01_js/course:0000804000-11/node:00129258/kt:0/lname:/"
}
