{
    "date": "2026/01/16",
    "name": "荏原工業団地",
    "position": "-",
    "system": "藤35",
    "destinations": [
        "石原谷",
        "関東航空前",
        "修道院前",
        "修道院下",
        "伊勢山入口",
        "台町(藤沢市)",
        "白旗交差点",
        "本町小学校前(藤沢市)",
        "南仲通り二丁目",
        "南仲通り",
        "相生町(藤沢市)",
        "三富士町",
        "藤沢駅北口"
    ],
    "weekday": [],
    "saturday": [
        "10:00",
        "11:00",
        "12:00",
        "13:00",
        "14:00",
        "15:00",
        "16:00"
    ],
    "holiday": [
        "10:00",
        "11:00",
        "12:00",
        "13:00",
        "14:00",
        "15:00",
        "16:00"
    ],
    "url": "https://www.kanachu.co.jp/dia/diagram/timetable01_js/course:0000804068-1/node:00127067/kt:0/lname:/"
}
