{
    "date": "2026/01/16",
    "name": "三富士町",
    "position": "-",
    "system": "藤35",
    "destinations": [
        "藤沢駅北口"
    ],
    "weekday": [],
    "saturday": [
        "10:12",
        "11:12",
        "12:12",
        "13:12",
        "14:12",
        "15:12",
        "16:12"
    ],
    "holiday": [
        "10:12",
        "11:12",
        "12:12",
        "13:12",
        "14:12",
        "15:12",
        "16:12"
    ],
    "url": "https://www.kanachu.co.jp/dia/diagram/timetable01_js/course:0000804068-13/node:00126971/kt:0/lname:/"
}
