{
    "date": "2025/08/30",
    "name": "市大センター病院前",
    "position": "-",
    "system": "戸45",
    "destinations": [
        "浦舟町",
        "白妙町",
        "吉野町一丁目",
        "吉野町駅前",
        "前里町",
        "南太田駅前",
        "Y校前",
        "南センター(横浜市南区)",
        "井土ヶ谷",
        "住宅前(横浜市南区)",
        "南永田",
        "弘明寺口",
        "六ツ川町",
        "上六ツ川",
        "大池(横浜市南区)",
        "引越坂",
        "こども医療センター",
        "六ツ川四丁目",
        "山谷(横浜市戸塚区)",
        "坂下口",
        "国道平戸",
        "品濃口",
        "赤関橋",
        "柏尾(横浜市戸塚区)",
        "ポーラ前(横浜市戸塚区)",
        "不動坂(横浜市戸塚区)",
        "ブリヂストン前",
        "元町(横浜市戸塚区)",
        "矢部町",
        "戸塚駅東口"
    ],
    "weekday": [
        "10:35",
        "15:35"
    ],
    "saturday": [],
    "holiday": [],
    "url": "https://www.kanachu.co.jp/dia/diagram/timetable01_js/course:0000802178-13/node:00103606/kt:0/lname:/"
}
