{
    "date": "2026/01/16",
    "name": "大船駅(横浜市栄区)",
    "position": "-",
    "system": "船09",
    "destinations": [
        "笠間一丁目",
        "岩井口",
        "笠間町",
        "笠間十字路",
        "平島(鎌倉市)",
        "鎌倉女子大前",
        "公田",
        "栄警察署前",
        "天神橋(横浜市栄区)",
        "南河内(横浜市栄区)",
        "本郷小学校前",
        "本郷(横浜市栄区)",
        "中野町",
        "稲荷森",
        "山手学院入口",
        "本郷車庫前(横浜市栄区)",
        "紅葉橋(横浜市栄区)",
        "光明寺(横浜市栄区)",
        "みどりが丘南",
        "みどりが丘(横浜市栄区)",
        "みどりが丘東"
    ],
    "weekday": [
        "7:10",
        "7:48",
        "8:10",
        "8:35",
        "9:17",
        "9:45",
        "10:15",
        "10:45",
        "11:15",
        "11:45",
        "12:15",
        "12:45",
        "13:15",
        "13:45",
        "14:15",
        "14:45",
        "15:15",
        "15:45",
        "16:15",
        "16:45",
        "17:15",
        "17:45",
        "18:15",
        "18:45",
        "19:15",
        "19:30",
        "20:00",
        "20:30",
        "21:00",
        "21:48",
        "22:30"
    ],
    "saturday": [
        "8:05",
        "8:45",
        "9:25",
        "10:05",
        "10:45",
        "11:15",
        "12:05",
        "12:45",
        "13:25",
        "14:05",
        "14:45",
        "15:25",
        "16:05",
        "16:45",
        "17:25",
        "18:00",
        "18:30",
        "19:05",
        "19:45",
        "20:05",
        "21:05"
    ],
    "holiday": [
        "8:05",
        "8:45",
        "9:25",
        "10:05",
        "10:45",
        "11:15",
        "12:05",
        "12:45",
        "13:25",
        "14:05",
        "14:45",
        "15:25",
        "16:05",
        "16:45",
        "17:25",
        "18:00",
        "18:30",
        "19:05",
        "19:45",
        "20:05",
        "21:05"
    ],
    "url": "https://www.kanachu.co.jp/dia/diagram/timetable01_js/course:0000804100-1/node:00126594/kt:0/lname:/"
}
