{
    "date": "2026/01/16",
    "name": "岩井口",
    "position": "-",
    "system": "船09",
    "destinations": [
        "笠間町",
        "笠間十字路",
        "平島(鎌倉市)",
        "鎌倉女子大前",
        "公田",
        "栄警察署前",
        "天神橋(横浜市栄区)",
        "南河内(横浜市栄区)",
        "本郷小学校前",
        "本郷(横浜市栄区)",
        "中野町",
        "稲荷森",
        "山手学院入口",
        "本郷車庫前(横浜市栄区)",
        "紅葉橋(横浜市栄区)",
        "光明寺(横浜市栄区)",
        "みどりが丘南",
        "みどりが丘(横浜市栄区)",
        "みどりが丘東"
    ],
    "weekday": [
        "7:12",
        "7:50",
        "8:12",
        "8:37",
        "9:19",
        "9:47",
        "10:17",
        "10:47",
        "11:17",
        "11:47",
        "12:17",
        "12:47",
        "13:17",
        "13:47",
        "14:17",
        "14:47",
        "15:17",
        "15:47",
        "16:17",
        "16:47",
        "17:17",
        "17:47",
        "18:17",
        "18:47",
        "19:17",
        "19:32",
        "20:02",
        "20:32",
        "21:02",
        "21:50",
        "22:32"
    ],
    "saturday": [
        "8:07",
        "8:47",
        "9:27",
        "10:07",
        "10:47",
        "11:17",
        "12:07",
        "12:47",
        "13:27",
        "14:07",
        "14:47",
        "15:27",
        "16:07",
        "16:47",
        "17:27",
        "18:02",
        "18:32",
        "19:07",
        "19:47",
        "20:07",
        "21:07"
    ],
    "holiday": [
        "8:07",
        "8:47",
        "9:27",
        "10:07",
        "10:47",
        "11:17",
        "12:07",
        "12:47",
        "13:27",
        "14:07",
        "14:47",
        "15:27",
        "16:07",
        "16:47",
        "17:27",
        "18:02",
        "18:32",
        "19:07",
        "19:47",
        "20:07",
        "21:07"
    ],
    "url": "https://www.kanachu.co.jp/dia/diagram/timetable01_js/course:0000804100-3/node:00126501/kt:0/lname:/"
}
