{
    "date": "2026/01/16",
    "name": "笠間町",
    "position": "-",
    "system": "船09",
    "destinations": [
        "笠間十字路",
        "平島(鎌倉市)",
        "鎌倉女子大前",
        "公田",
        "栄警察署前",
        "天神橋(横浜市栄区)",
        "南河内(横浜市栄区)",
        "本郷小学校前",
        "本郷(横浜市栄区)",
        "中野町",
        "稲荷森",
        "山手学院入口",
        "本郷車庫前(横浜市栄区)",
        "紅葉橋(横浜市栄区)",
        "光明寺(横浜市栄区)",
        "みどりが丘南",
        "みどりが丘(横浜市栄区)",
        "みどりが丘東"
    ],
    "weekday": [
        "7:13",
        "7:51",
        "8:13",
        "8:38",
        "9:20",
        "9:48",
        "10:18",
        "10:48",
        "11:18",
        "11:48",
        "12:18",
        "12:48",
        "13:18",
        "13:48",
        "14:18",
        "14:48",
        "15:18",
        "15:48",
        "16:18",
        "16:48",
        "17:18",
        "17:48",
        "18:18",
        "18:48",
        "19:18",
        "19:33",
        "20:03",
        "20:33",
        "21:03",
        "21:51",
        "22:33"
    ],
    "saturday": [
        "8:08",
        "8:48",
        "9:28",
        "10:08",
        "10:48",
        "11:18",
        "12:08",
        "12:48",
        "13:28",
        "14:08",
        "14:48",
        "15:28",
        "16:08",
        "16:48",
        "17:28",
        "18:03",
        "18:33",
        "19:08",
        "19:48",
        "20:08",
        "21:08"
    ],
    "holiday": [
        "8:08",
        "8:48",
        "9:28",
        "10:08",
        "10:48",
        "11:18",
        "12:08",
        "12:48",
        "13:28",
        "14:08",
        "14:48",
        "15:28",
        "16:08",
        "16:48",
        "17:28",
        "18:03",
        "18:33",
        "19:08",
        "19:48",
        "20:08",
        "21:08"
    ],
    "url": "https://www.kanachu.co.jp/dia/diagram/timetable01_js/course:0000804100-4/node:00126502/kt:0/lname:/"
}
