{
    "date": "2026/01/16",
    "name": "山手学院入口",
    "position": "-",
    "system": "船09",
    "destinations": [
        "本郷車庫前(横浜市栄区)",
        "紅葉橋(横浜市栄区)",
        "光明寺(横浜市栄区)",
        "みどりが丘南",
        "みどりが丘(横浜市栄区)",
        "みどりが丘東"
    ],
    "weekday": [
        "7:27",
        "8:05",
        "8:27",
        "8:52",
        "9:34",
        "10:02",
        "10:32",
        "11:02",
        "11:32",
        "12:02",
        "12:32",
        "13:02",
        "13:32",
        "14:02",
        "14:32",
        "15:02",
        "15:32",
        "16:02",
        "16:32",
        "17:02",
        "17:32",
        "18:02",
        "18:32",
        "19:02",
        "19:31",
        "19:46",
        "20:15",
        "20:45",
        "21:15",
        "22:03",
        "22:45"
    ],
    "saturday": [
        "8:22",
        "9:02",
        "9:42",
        "10:25",
        "11:05",
        "11:35",
        "12:25",
        "13:05",
        "13:45",
        "14:25",
        "15:05",
        "15:45",
        "16:25",
        "17:05",
        "17:45",
        "18:20",
        "18:50",
        "19:21",
        "20:01",
        "20:20",
        "21:20"
    ],
    "holiday": [
        "8:22",
        "9:02",
        "9:42",
        "10:25",
        "11:05",
        "11:35",
        "12:25",
        "13:05",
        "13:45",
        "14:25",
        "15:05",
        "15:45",
        "16:25",
        "17:05",
        "17:45",
        "18:20",
        "18:50",
        "19:21",
        "20:01",
        "20:20",
        "21:20"
    ],
    "url": "https://www.kanachu.co.jp/dia/diagram/timetable01_js/course:0000804100-16/node:00126513/kt:0/lname:/"
}
