{
    "system": "船09",
    "busstops": [
        {
            "index": "1",
            "id": "00126594",
            "name": "大船駅(横浜市栄区)",
            "lat": "35.355742",
            "lng": "139.533217"
        },
        {
            "index": "2",
            "id": "00126500",
            "name": "笠間一丁目",
            "lat": "35.357747",
            "lng": "139.533565"
        },
        {
            "index": "3",
            "id": "00126501",
            "name": "岩井口",
            "lat": "35.35998",
            "lng": "139.536398"
        },
        {
            "index": "4",
            "id": "00126502",
            "name": "笠間町",
            "lat": "35.360807",
            "lng": "139.538133"
        },
        {
            "index": "5",
            "id": "00126503",
            "name": "笠間十字路",
            "lat": "35.361358",
            "lng": "139.539952"
        },
        {
            "index": "6",
            "id": "00126504",
            "name": "平島(鎌倉市)",
            "lat": "35.361004",
            "lng": "139.544139"
        },
        {
            "index": "7",
            "id": "00126505",
            "name": "鎌倉女子大前",
            "lat": "35.360268",
            "lng": "139.546633"
        },
        {
            "index": "8",
            "id": "00126506",
            "name": "公田",
            "lat": "35.361233",
            "lng": "139.550352"
        },
        {
            "index": "9",
            "id": "00126609",
            "name": "栄警察署前",
            "lat": "35.362583",
            "lng": "139.553207"
        },
        {
            "index": "10",
            "id": "00126507",
            "name": "天神橋(横浜市栄区)",
            "lat": "35.363475",
            "lng": "139.555167"
        },
        {
            "index": "11",
            "id": "00126508",
            "name": "南河内(横浜市栄区)",
            "lat": "35.363666",
            "lng": "139.557813"
        },
        {
            "index": "12",
            "id": "00126509",
            "name": "本郷小学校前",
            "lat": "35.363413",
            "lng": "139.561189"
        },
        {
            "index": "13",
            "id": "00126510",
            "name": "本郷(横浜市栄区)",
            "lat": "35.363519",
            "lng": "139.563859"
        },
        {
            "index": "14",
            "id": "00126511",
            "name": "中野町",
            "lat": "35.363868",
            "lng": "139.566229"
        },
        {
            "index": "15",
            "id": "00126512",
            "name": "稲荷森",
            "lat": "35.364366",
            "lng": "139.568976"
        },
        {
            "index": "16",
            "id": "00126513",
            "name": "山手学院入口",
            "lat": "35.363581",
            "lng": "139.57266"
        },
        {
            "index": "17",
            "id": "00025683",
            "name": "本郷車庫前(横浜市栄区)",
            "lat": "35.362702",
            "lng": "139.574926"
        },
        {
            "index": "18",
            "id": "00126514",
            "name": "紅葉橋(横浜市栄区)",
            "lat": "35.360546",
            "lng": "139.577441"
        },
        {
            "index": "19",
            "id": "00126515",
            "name": "光明寺(横浜市栄区)",
            "lat": "35.357797",
            "lng": "139.580029"
        },
        {
            "index": "20",
            "id": "00126528",
            "name": "みどりが丘南",
            "lat": "35.35925",
            "lng": "139.581994"
        },
        {
            "index": "21",
            "id": "00126529",
            "name": "みどりが丘(横浜市栄区)",
            "lat": "35.361038",
            "lng": "139.582068"
        },
        {
            "index": "22",
            "id": "00126530",
            "name": "みどりが丘東",
            "lat": "35.359564",
            "lng": "139.58335"
        }
    ],
    "route_url": "https://www.kanachu.co.jp/dia/route/index/cid:0000804100/"
}
