{
    "date": "2025/08/30",
    "name": "雪見橋",
    "position": "-",
    "system": "横43",
    "destinations": [
        "紅葉坂",
        "桜木町駅前",
        "横浜市役所前",
        "本町四丁目(横浜市中区)",
        "尾上町(横浜市中区)",
        "羽衣町(横浜市中区)",
        "長者町五丁目",
        "曙町(横浜市中区)",
        "横浜橋",
        "阪東橋",
        "吉野町一丁目",
        "吉野町駅前",
        "前里町",
        "南太田駅前",
        "Y校前",
        "南センター(横浜市南区)",
        "井土ヶ谷",
        "住宅前(横浜市南区)",
        "南永田",
        "弘明寺口",
        "六ツ川町",
        "上六ツ川",
        "大池(横浜市南区)",
        "引越坂",
        "六ツ川四丁目",
        "山谷(横浜市戸塚区)",
        "坂下口",
        "国道平戸",
        "品濃口",
        "赤関橋",
        "柏尾(横浜市戸塚区)",
        "ポーラ前(横浜市戸塚区)",
        "不動坂(横浜市戸塚区)",
        "ブリヂストン前",
        "元町(横浜市戸塚区)",
        "矢部町",
        "戸塚駅東口"
    ],
    "weekday": [
        "7:00",
        "7:24",
        "7:49",
        "8:11",
        "8:32",
        "8:52",
        "9:13",
        "9:32",
        "9:56",
        "10:44",
        "11:07",
        "11:32",
        "11:56",
        "12:20",
        "12:44",
        "13:08",
        "13:32",
        "13:56",
        "14:20",
        "14:44",
        "15:08",
        "15:56",
        "16:20",
        "16:44",
        "17:08",
        "17:32",
        "17:56",
        "18:20",
        "18:44",
        "19:08",
        "19:41",
        "20:13",
        "20:53",
        "21:13"
    ],
    "saturday": [
        "7:57",
        "8:32",
        "9:02",
        "9:34",
        "10:03",
        "10:34",
        "11:04",
        "11:34",
        "12:04",
        "12:34",
        "13:05",
        "13:34",
        "14:07",
        "14:37",
        "15:07",
        "15:37",
        "16:07",
        "16:37",
        "17:07",
        "17:37",
        "18:07",
        "18:39",
        "19:13",
        "19:48",
        "20:08",
        "20:58"
    ],
    "holiday": [
        "8:32",
        "9:02",
        "9:34",
        "10:03",
        "10:34",
        "11:04",
        "11:34",
        "12:04",
        "12:34",
        "13:05",
        "13:34",
        "14:07",
        "14:37",
        "15:07",
        "15:37",
        "16:07",
        "16:37",
        "17:07",
        "17:37",
        "18:07",
        "18:39",
        "19:13",
        "19:48",
        "20:08",
        "20:58"
    ],
    "url": "https://www.kanachu.co.jp/dia/diagram/timetable01_js/course:0000800040-4/node:00103214/kt:0/lname:/"
}
