{
    "date": "2025/08/30",
    "name": "長者町五丁目",
    "position": "-",
    "system": "横43",
    "destinations": [
        "曙町(横浜市中区)",
        "横浜橋",
        "阪東橋",
        "吉野町一丁目",
        "吉野町駅前",
        "前里町",
        "南太田駅前",
        "Y校前",
        "南センター(横浜市南区)",
        "井土ヶ谷",
        "住宅前(横浜市南区)",
        "南永田",
        "弘明寺口",
        "六ツ川町",
        "上六ツ川",
        "大池(横浜市南区)",
        "引越坂",
        "六ツ川四丁目",
        "山谷(横浜市戸塚区)",
        "坂下口",
        "国道平戸",
        "品濃口",
        "赤関橋",
        "柏尾(横浜市戸塚区)",
        "ポーラ前(横浜市戸塚区)",
        "不動坂(横浜市戸塚区)",
        "ブリヂストン前",
        "元町(横浜市戸塚区)",
        "矢部町",
        "戸塚駅東口"
    ],
    "weekday": [
        "7:14",
        "7:38",
        "8:03",
        "8:25",
        "8:46",
        "9:06",
        "9:27",
        "9:46",
        "10:10",
        "10:58",
        "11:21",
        "11:46",
        "12:10",
        "12:34",
        "12:58",
        "13:22",
        "13:46",
        "14:10",
        "14:34",
        "14:58",
        "15:22",
        "16:10",
        "16:34",
        "16:58",
        "17:22",
        "17:46",
        "18:10",
        "18:34",
        "18:58",
        "19:21",
        "19:54",
        "20:26",
        "21:06",
        "21:26"
    ],
    "saturday": [
        "8:11",
        "8:46",
        "9:16",
        "9:48",
        "10:17",
        "10:48",
        "11:18",
        "11:48",
        "12:18",
        "12:48",
        "13:19",
        "13:48",
        "14:21",
        "14:51",
        "15:21",
        "15:51",
        "16:21",
        "16:51",
        "17:21",
        "17:51",
        "18:21",
        "18:53",
        "19:26",
        "20:01",
        "20:21",
        "21:11"
    ],
    "holiday": [
        "8:46",
        "9:16",
        "9:48",
        "10:17",
        "10:48",
        "11:18",
        "11:48",
        "12:18",
        "12:48",
        "13:19",
        "13:48",
        "14:21",
        "14:51",
        "15:21",
        "15:51",
        "16:21",
        "16:51",
        "17:21",
        "17:51",
        "18:21",
        "18:53",
        "19:26",
        "20:01",
        "20:21",
        "21:11"
    ],
    "url": "https://www.kanachu.co.jp/dia/diagram/timetable01_js/course:0000800040-11/node:00102725/kt:0/lname:/"
}
