{
    "date": "2025/08/30",
    "name": "阪東橋",
    "position": "-",
    "system": "横43",
    "destinations": [
        "吉野町一丁目",
        "吉野町駅前",
        "前里町",
        "南太田駅前",
        "Y校前",
        "南センター(横浜市南区)",
        "井土ヶ谷",
        "住宅前(横浜市南区)",
        "南永田",
        "弘明寺口",
        "六ツ川町",
        "上六ツ川",
        "大池(横浜市南区)",
        "引越坂",
        "六ツ川四丁目",
        "山谷(横浜市戸塚区)",
        "坂下口",
        "国道平戸",
        "品濃口",
        "赤関橋",
        "柏尾(横浜市戸塚区)",
        "ポーラ前(横浜市戸塚区)",
        "不動坂(横浜市戸塚区)",
        "ブリヂストン前",
        "元町(横浜市戸塚区)",
        "矢部町",
        "戸塚駅東口"
    ],
    "weekday": [
        "7:18",
        "7:42",
        "8:07",
        "8:29",
        "8:50",
        "9:10",
        "9:31",
        "9:50",
        "10:14",
        "11:02",
        "11:25",
        "11:50",
        "12:14",
        "12:38",
        "13:02",
        "13:26",
        "13:50",
        "14:14",
        "14:38",
        "15:02",
        "15:26",
        "16:14",
        "16:38",
        "17:02",
        "17:26",
        "17:50",
        "18:14",
        "18:38",
        "19:02",
        "19:24",
        "19:57",
        "20:29",
        "21:09",
        "21:29"
    ],
    "saturday": [
        "8:15",
        "8:50",
        "9:20",
        "9:52",
        "10:21",
        "10:52",
        "11:22",
        "11:52",
        "12:22",
        "12:52",
        "13:23",
        "13:52",
        "14:25",
        "14:55",
        "15:25",
        "15:55",
        "16:25",
        "16:55",
        "17:25",
        "17:55",
        "18:25",
        "18:57",
        "19:29",
        "20:04",
        "20:24",
        "21:14"
    ],
    "holiday": [
        "8:50",
        "9:20",
        "9:52",
        "10:21",
        "10:52",
        "11:22",
        "11:52",
        "12:22",
        "12:52",
        "13:23",
        "13:52",
        "14:25",
        "14:55",
        "15:25",
        "15:55",
        "16:25",
        "16:55",
        "17:25",
        "17:55",
        "18:25",
        "18:57",
        "19:29",
        "20:04",
        "20:24",
        "21:14"
    ],
    "url": "https://www.kanachu.co.jp/dia/diagram/timetable01_js/course:0000800040-14/node:00102928/kt:0/lname:/"
}
