{
    "date": "2025/08/30",
    "name": "弘明寺口",
    "position": "-",
    "system": "横43",
    "destinations": [
        "六ツ川町",
        "上六ツ川",
        "大池(横浜市南区)",
        "引越坂",
        "六ツ川四丁目",
        "山谷(横浜市戸塚区)",
        "坂下口",
        "国道平戸",
        "品濃口",
        "赤関橋",
        "柏尾(横浜市戸塚区)",
        "ポーラ前(横浜市戸塚区)",
        "不動坂(横浜市戸塚区)",
        "ブリヂストン前",
        "元町(横浜市戸塚区)",
        "矢部町",
        "戸塚駅東口"
    ],
    "weekday": [
        "7:35",
        "7:59",
        "8:24",
        "8:46",
        "9:07",
        "9:27",
        "9:48",
        "10:07",
        "10:31",
        "11:19",
        "11:42",
        "12:07",
        "12:31",
        "12:55",
        "13:19",
        "13:43",
        "14:07",
        "14:31",
        "14:55",
        "15:19",
        "15:43",
        "16:33",
        "16:57",
        "17:21",
        "17:45",
        "18:09",
        "18:33",
        "18:57",
        "19:18",
        "19:40",
        "20:13",
        "20:45",
        "21:25",
        "21:45"
    ],
    "saturday": [
        "8:32",
        "9:07",
        "9:37",
        "10:09",
        "10:38",
        "11:09",
        "11:39",
        "12:09",
        "12:39",
        "13:09",
        "13:40",
        "14:09",
        "14:42",
        "15:14",
        "15:44",
        "16:14",
        "16:44",
        "17:14",
        "17:44",
        "18:14",
        "18:44",
        "19:13",
        "19:45",
        "20:20",
        "20:40",
        "21:30"
    ],
    "holiday": [
        "9:07",
        "9:37",
        "10:09",
        "10:38",
        "11:09",
        "11:39",
        "12:09",
        "12:39",
        "13:09",
        "13:40",
        "14:09",
        "14:42",
        "15:14",
        "15:44",
        "16:14",
        "16:44",
        "17:14",
        "17:44",
        "18:14",
        "18:44",
        "19:13",
        "19:45",
        "20:20",
        "20:40",
        "21:30"
    ],
    "url": "https://www.kanachu.co.jp/dia/diagram/timetable01_js/course:0000800040-24/node:00126628/kt:0/lname:/"
}
