{
    "date": "2025/08/30",
    "name": "引越坂",
    "position": "-",
    "system": "横43",
    "destinations": [
        "六ツ川四丁目",
        "山谷(横浜市戸塚区)",
        "坂下口",
        "国道平戸",
        "品濃口",
        "赤関橋",
        "柏尾(横浜市戸塚区)",
        "ポーラ前(横浜市戸塚区)",
        "不動坂(横浜市戸塚区)",
        "ブリヂストン前",
        "元町(横浜市戸塚区)",
        "矢部町",
        "戸塚駅東口"
    ],
    "weekday": [
        "7:41",
        "8:05",
        "8:30",
        "8:52",
        "9:13",
        "9:33",
        "9:54",
        "10:13",
        "10:37",
        "11:25",
        "11:48",
        "12:13",
        "12:37",
        "13:01",
        "13:25",
        "13:49",
        "14:13",
        "14:37",
        "15:01",
        "15:25",
        "15:49",
        "16:39",
        "17:03",
        "17:27",
        "17:51",
        "18:15",
        "18:39",
        "19:02",
        "19:23",
        "19:45",
        "20:18",
        "20:50",
        "21:30",
        "21:50"
    ],
    "saturday": [
        "8:38",
        "9:13",
        "9:43",
        "10:15",
        "10:44",
        "11:15",
        "11:45",
        "12:15",
        "12:45",
        "13:15",
        "13:46",
        "14:15",
        "14:48",
        "15:20",
        "15:50",
        "16:20",
        "16:50",
        "17:20",
        "17:50",
        "18:20",
        "18:50",
        "19:18",
        "19:50",
        "20:25",
        "20:45",
        "21:35"
    ],
    "holiday": [
        "9:13",
        "9:43",
        "10:15",
        "10:44",
        "11:15",
        "11:45",
        "12:15",
        "12:45",
        "13:15",
        "13:46",
        "14:15",
        "14:48",
        "15:20",
        "15:50",
        "16:20",
        "16:50",
        "17:20",
        "17:50",
        "18:20",
        "18:50",
        "19:18",
        "19:50",
        "20:25",
        "20:45",
        "21:35"
    ],
    "url": "https://www.kanachu.co.jp/dia/diagram/timetable01_js/course:0000800040-28/node:00126624/kt:0/lname:/"
}
