{
    "date": "2025/08/30",
    "name": "六ツ川四丁目",
    "position": "-",
    "system": "横43",
    "destinations": [
        "山谷(横浜市戸塚区)",
        "坂下口",
        "国道平戸",
        "品濃口",
        "赤関橋",
        "柏尾(横浜市戸塚区)",
        "ポーラ前(横浜市戸塚区)",
        "不動坂(横浜市戸塚区)",
        "ブリヂストン前",
        "元町(横浜市戸塚区)",
        "矢部町",
        "戸塚駅東口"
    ],
    "weekday": [
        "7:43",
        "8:07",
        "8:32",
        "8:54",
        "9:15",
        "9:35",
        "9:56",
        "10:15",
        "10:39",
        "11:27",
        "11:50",
        "12:15",
        "12:39",
        "13:03",
        "13:27",
        "13:51",
        "14:15",
        "14:39",
        "15:03",
        "15:27",
        "15:51",
        "16:41",
        "17:05",
        "17:29",
        "17:53",
        "18:17",
        "18:41",
        "19:04",
        "19:25",
        "19:47",
        "20:20",
        "20:52",
        "21:32",
        "21:52"
    ],
    "saturday": [
        "8:40",
        "9:15",
        "9:45",
        "10:17",
        "10:46",
        "11:17",
        "11:47",
        "12:17",
        "12:47",
        "13:17",
        "13:48",
        "14:17",
        "14:50",
        "15:22",
        "15:52",
        "16:22",
        "16:52",
        "17:22",
        "17:52",
        "18:22",
        "18:52",
        "19:20",
        "19:52",
        "20:27",
        "20:47",
        "21:37"
    ],
    "holiday": [
        "9:15",
        "9:45",
        "10:17",
        "10:46",
        "11:17",
        "11:47",
        "12:17",
        "12:47",
        "13:17",
        "13:48",
        "14:17",
        "14:50",
        "15:22",
        "15:52",
        "16:22",
        "16:52",
        "17:22",
        "17:52",
        "18:22",
        "18:52",
        "19:20",
        "19:52",
        "20:27",
        "20:47",
        "21:37"
    ],
    "url": "https://www.kanachu.co.jp/dia/diagram/timetable01_js/course:0000800040-29/node:00126622/kt:0/lname:/"
}
