{
    "date": "2025/08/30",
    "name": "ポーラ前(横浜市戸塚区)",
    "position": "-",
    "system": "横43",
    "destinations": [
        "不動坂(横浜市戸塚区)",
        "ブリヂストン前",
        "元町(横浜市戸塚区)",
        "矢部町",
        "戸塚駅東口"
    ],
    "weekday": [
        "7:56",
        "8:20",
        "8:45",
        "9:07",
        "9:28",
        "9:48",
        "10:09",
        "10:28",
        "10:52",
        "11:40",
        "12:03",
        "12:28",
        "12:52",
        "13:16",
        "13:40",
        "14:04",
        "14:28",
        "14:52",
        "15:16",
        "15:40",
        "16:04",
        "16:54",
        "17:18",
        "17:42",
        "18:06",
        "18:30",
        "18:54",
        "19:16",
        "19:37",
        "19:59",
        "20:32",
        "21:04",
        "21:44",
        "22:04"
    ],
    "saturday": [
        "8:53",
        "9:28",
        "9:58",
        "10:30",
        "10:59",
        "11:30",
        "12:00",
        "12:30",
        "13:00",
        "13:30",
        "14:01",
        "14:30",
        "15:03",
        "15:35",
        "16:05",
        "16:35",
        "17:05",
        "17:35",
        "18:05",
        "18:35",
        "19:05",
        "19:32",
        "20:04",
        "20:39",
        "20:59",
        "21:49"
    ],
    "holiday": [
        "9:28",
        "9:58",
        "10:30",
        "10:59",
        "11:30",
        "12:00",
        "12:30",
        "13:00",
        "13:30",
        "14:01",
        "14:30",
        "15:03",
        "15:35",
        "16:05",
        "16:35",
        "17:05",
        "17:35",
        "18:05",
        "18:35",
        "19:05",
        "19:32",
        "20:04",
        "20:39",
        "20:59",
        "21:49"
    ],
    "url": "https://www.kanachu.co.jp/dia/diagram/timetable01_js/course:0000800040-36/node:00126614/kt:0/lname:/"
}
