{
    "date": "2025/08/30",
    "name": "不動坂(横浜市戸塚区)",
    "position": "-",
    "system": "横43",
    "destinations": [
        "ブリヂストン前",
        "元町(横浜市戸塚区)",
        "矢部町",
        "戸塚駅東口"
    ],
    "weekday": [
        "7:58",
        "8:22",
        "8:47",
        "9:09",
        "9:30",
        "9:50",
        "10:11",
        "10:30",
        "10:54",
        "11:42",
        "12:05",
        "12:30",
        "12:54",
        "13:18",
        "13:42",
        "14:06",
        "14:30",
        "14:54",
        "15:18",
        "15:42",
        "16:06",
        "16:56",
        "17:20",
        "17:44",
        "18:08",
        "18:32",
        "18:56",
        "19:18",
        "19:39",
        "20:01",
        "20:34",
        "21:06",
        "21:46",
        "22:06"
    ],
    "saturday": [
        "8:55",
        "9:30",
        "10:00",
        "10:32",
        "11:01",
        "11:32",
        "12:02",
        "12:32",
        "13:02",
        "13:32",
        "14:03",
        "14:32",
        "15:05",
        "15:37",
        "16:07",
        "16:37",
        "17:07",
        "17:37",
        "18:07",
        "18:37",
        "19:07",
        "19:34",
        "20:06",
        "20:41",
        "21:01",
        "21:51"
    ],
    "holiday": [
        "9:30",
        "10:00",
        "10:32",
        "11:01",
        "11:32",
        "12:02",
        "12:32",
        "13:02",
        "13:32",
        "14:03",
        "14:32",
        "15:05",
        "15:37",
        "16:07",
        "16:37",
        "17:07",
        "17:37",
        "18:07",
        "18:37",
        "19:07",
        "19:34",
        "20:06",
        "20:41",
        "21:01",
        "21:51"
    ],
    "url": "https://www.kanachu.co.jp/dia/diagram/timetable01_js/course:0000800040-37/node:00126613/kt:0/lname:/"
}
