{
    "date": "2025/08/30",
    "name": "矢部町",
    "position": "-",
    "system": "横43",
    "destinations": [
        "戸塚駅東口"
    ],
    "weekday": [
        "8:03",
        "8:27",
        "8:52",
        "9:14",
        "9:35",
        "9:55",
        "10:16",
        "10:35",
        "10:59",
        "11:47",
        "12:10",
        "12:35",
        "12:59",
        "13:23",
        "13:47",
        "14:11",
        "14:35",
        "14:59",
        "15:23",
        "15:47",
        "16:11",
        "17:01",
        "17:25",
        "17:49",
        "18:13",
        "18:37",
        "19:01",
        "19:22",
        "19:43",
        "20:05",
        "20:38",
        "21:10",
        "21:50",
        "22:10"
    ],
    "saturday": [
        "9:00",
        "9:35",
        "10:05",
        "10:37",
        "11:06",
        "11:37",
        "12:07",
        "12:37",
        "13:07",
        "13:37",
        "14:08",
        "14:37",
        "15:10",
        "15:42",
        "16:12",
        "16:42",
        "17:12",
        "17:42",
        "18:12",
        "18:42",
        "19:11",
        "19:38",
        "20:10",
        "20:45",
        "21:05",
        "21:55"
    ],
    "holiday": [
        "9:35",
        "10:05",
        "10:37",
        "11:06",
        "11:37",
        "12:07",
        "12:37",
        "13:07",
        "13:37",
        "14:08",
        "14:37",
        "15:10",
        "15:42",
        "16:12",
        "16:42",
        "17:12",
        "17:42",
        "18:12",
        "18:42",
        "19:11",
        "19:38",
        "20:10",
        "20:45",
        "21:05",
        "21:55"
    ],
    "url": "https://www.kanachu.co.jp/dia/diagram/timetable01_js/course:0000800040-40/node:00126610/kt:0/lname:/"
}
