{
    "date": "2024/07/08",
    "name": "桜台一丁目(町田市)",
    "position": "-",
    "system": "町34",
    "destinations": [
        "桜台入口(町田市)",
        "唐沢(町田市)",
        "桜美林学園",
        "忠生四丁目",
        "忠霊塔前",
        "忠生三丁目",
        "町田工業高校前",
        "忠生二丁目",
        "忠生公園前",
        "忠生公園入口",
        "木曽(町田市)",
        "三家(町田市)",
        "木曽住宅",
        "滝の沢(町田市)",
        "浄水場前(町田市)",
        "市民病院前(町田市)",
        "森野三丁目",
        "第四小学校前(町田市)",
        "町田市役所市民ホール前",
        "町田バスセンター"
    ],
    "weekday": [
        "8:17",
        "8:53",
        "9:18",
        "9:58",
        "10:28",
        "10:48",
        "11:28",
        "12:28",
        "13:28",
        "14:28",
        "15:28",
        "16:28"
    ],
    "saturday": [
        "8:23",
        "9:23",
        "10:23",
        "11:23",
        "12:28",
        "13:28",
        "14:28",
        "15:28",
        "16:28"
    ],
    "holiday": [],
    "url": "https://www.kanachu.co.jp/dia/diagram/timetable01_js/course:0000803187-4/node:00129403/kt:0/lname:/"
}
