{
    "date": "2024/07/08",
    "name": "桜台入口(町田市)",
    "position": "-",
    "system": "町34",
    "destinations": [
        "唐沢(町田市)",
        "桜美林学園",
        "忠生四丁目",
        "忠霊塔前",
        "忠生三丁目",
        "町田工業高校前",
        "忠生二丁目",
        "忠生公園前",
        "忠生公園入口",
        "木曽(町田市)",
        "三家(町田市)",
        "木曽住宅",
        "滝の沢(町田市)",
        "浄水場前(町田市)",
        "市民病院前(町田市)",
        "森野三丁目",
        "第四小学校前(町田市)",
        "町田市役所市民ホール前",
        "町田バスセンター"
    ],
    "weekday": [
        "8:18",
        "8:54",
        "9:19",
        "9:59",
        "10:29",
        "10:49",
        "11:29",
        "12:29",
        "13:29",
        "14:29",
        "15:29",
        "16:29"
    ],
    "saturday": [
        "8:24",
        "9:24",
        "10:24",
        "11:24",
        "12:29",
        "13:29",
        "14:29",
        "15:29",
        "16:29"
    ],
    "holiday": [],
    "url": "https://www.kanachu.co.jp/dia/diagram/timetable01_js/course:0000803187-5/node:00129402/kt:0/lname:/"
}
