{
    "date": "2024/07/08",
    "name": "浄水場前(町田市)",
    "position": "-",
    "system": "町34",
    "destinations": [
        "市民病院前(町田市)",
        "森野三丁目",
        "第四小学校前(町田市)",
        "町田市役所市民ホール前",
        "町田バスセンター"
    ],
    "weekday": [
        "8:39",
        "9:15",
        "9:39",
        "10:19",
        "10:48",
        "11:08",
        "11:48",
        "12:48",
        "13:48",
        "14:48",
        "15:48",
        "16:48"
    ],
    "saturday": [
        "8:42",
        "9:43",
        "10:43",
        "11:43",
        "12:48",
        "13:48",
        "14:48",
        "15:48",
        "16:47"
    ],
    "holiday": [],
    "url": "https://www.kanachu.co.jp/dia/diagram/timetable01_js/course:0000803187-19/node:00129360/kt:0/lname:/"
}
