{
    "date": "2026/01/16",
    "name": "町田ターミナル",
    "position": "-",
    "system": "町83",
    "destinations": [
        "町田バスセンター",
        "原町田四丁目",
        "原町田三丁目",
        "三塚",
        "南橋(町田市)",
        "金森郵便局前",
        "金森",
        "市営住宅入口(町田市)",
        "南中学校前(町田市)",
        "金森四丁目",
        "南農協前",
        "小川入口(町田市)",
        "柳谷戸",
        "小川中央",
        "つくし野二丁目(町田市)",
        "つくし野小学校",
        "つくし野駅"
    ],
    "weekday": [
        "9:12",
        "9:48",
        "10:12",
        "10:48",
        "11:12",
        "11:48",
        "12:12",
        "12:48",
        "13:12",
        "13:48",
        "14:12",
        "14:48",
        "15:12",
        "15:48",
        "16:12",
        "16:48",
        "17:10",
        "17:40",
        "18:12",
        "18:48",
        "19:12",
        "19:48",
        "20:15"
    ],
    "saturday": [
        "9:12",
        "9:48",
        "10:12",
        "10:48",
        "11:12",
        "11:48",
        "12:12",
        "12:48",
        "13:12",
        "13:48",
        "14:12",
        "14:48",
        "15:12",
        "15:48",
        "16:12",
        "16:48",
        "17:12",
        "17:48",
        "18:12",
        "18:48",
        "19:15",
        "20:00"
    ],
    "holiday": [
        "9:15",
        "9:45",
        "10:15",
        "10:45",
        "11:15",
        "11:45",
        "12:15",
        "12:45",
        "13:15",
        "13:45",
        "14:15",
        "14:45",
        "15:15",
        "15:45",
        "16:15",
        "16:45",
        "17:15",
        "17:45",
        "18:15",
        "18:45",
        "19:40"
    ],
    "url": "https://www.kanachu.co.jp/dia/diagram/timetable01_js/course:0000803956-1/node:00129544/kt:0/lname:/"
}
