{
    "date": "2026/01/16",
    "name": "金森郵便局前",
    "position": "-",
    "system": "町83",
    "destinations": [
        "金森",
        "市営住宅入口(町田市)",
        "南中学校前(町田市)",
        "金森四丁目",
        "南農協前",
        "小川入口(町田市)",
        "柳谷戸",
        "小川中央",
        "つくし野二丁目(町田市)",
        "つくし野小学校",
        "つくし野駅"
    ],
    "weekday": [
        "9:23",
        "9:59",
        "10:23",
        "10:59",
        "11:23",
        "11:59",
        "12:23",
        "12:59",
        "13:23",
        "13:59",
        "14:23",
        "14:59",
        "15:23",
        "15:59",
        "16:23",
        "16:59",
        "17:21",
        "17:51",
        "18:23",
        "18:59",
        "19:23",
        "19:59",
        "20:26"
    ],
    "saturday": [
        "9:23",
        "9:59",
        "10:23",
        "10:59",
        "11:23",
        "11:59",
        "12:23",
        "12:59",
        "13:23",
        "13:59",
        "14:23",
        "14:59",
        "15:23",
        "15:59",
        "16:23",
        "16:59",
        "17:23",
        "17:59",
        "18:23",
        "18:59",
        "19:26",
        "20:11"
    ],
    "holiday": [
        "9:26",
        "9:56",
        "10:26",
        "10:56",
        "11:26",
        "11:56",
        "12:26",
        "12:56",
        "13:26",
        "13:56",
        "14:26",
        "14:56",
        "15:26",
        "15:56",
        "16:26",
        "16:56",
        "17:26",
        "17:56",
        "18:26",
        "18:56",
        "19:51"
    ],
    "url": "https://www.kanachu.co.jp/dia/diagram/timetable01_js/course:0000803956-7/node:00129541/kt:0/lname:/"
}
