{
    "date": "2026/01/16",
    "name": "金森",
    "position": "-",
    "system": "町83",
    "destinations": [
        "市営住宅入口(町田市)",
        "南中学校前(町田市)",
        "金森四丁目",
        "南農協前",
        "小川入口(町田市)",
        "柳谷戸",
        "小川中央",
        "つくし野二丁目(町田市)",
        "つくし野小学校",
        "つくし野駅"
    ],
    "weekday": [
        "9:26",
        "10:02",
        "10:26",
        "11:02",
        "11:26",
        "12:02",
        "12:26",
        "13:02",
        "13:26",
        "14:02",
        "14:26",
        "15:02",
        "15:26",
        "16:02",
        "16:26",
        "17:02",
        "17:24",
        "17:54",
        "18:26",
        "19:02",
        "19:26",
        "20:02",
        "20:27"
    ],
    "saturday": [
        "9:26",
        "10:02",
        "10:26",
        "11:02",
        "11:26",
        "12:02",
        "12:26",
        "13:02",
        "13:26",
        "14:02",
        "14:26",
        "15:02",
        "15:26",
        "16:02",
        "16:26",
        "17:02",
        "17:26",
        "18:02",
        "18:26",
        "19:02",
        "19:29",
        "20:14"
    ],
    "holiday": [
        "9:29",
        "9:59",
        "10:29",
        "10:59",
        "11:29",
        "11:59",
        "12:29",
        "12:59",
        "13:29",
        "13:59",
        "14:29",
        "14:59",
        "15:29",
        "15:59",
        "16:29",
        "16:59",
        "17:29",
        "17:59",
        "18:29",
        "18:59",
        "19:52"
    ],
    "url": "https://www.kanachu.co.jp/dia/diagram/timetable01_js/course:0000803956-8/node:00129540/kt:0/lname:/"
}
