{
    "date": "2026/01/16",
    "name": "つくし野小学校",
    "position": "-",
    "system": "町83",
    "destinations": [
        "つくし野駅"
    ],
    "weekday": [
        "9:37",
        "10:13",
        "10:37",
        "11:13",
        "11:37",
        "12:13",
        "12:37",
        "13:13",
        "13:37",
        "14:13",
        "14:37",
        "15:13",
        "15:37",
        "16:13",
        "16:37",
        "17:13",
        "17:35",
        "18:05",
        "18:37",
        "19:13",
        "19:37",
        "20:13",
        "20:38"
    ],
    "saturday": [
        "9:37",
        "10:13",
        "10:37",
        "11:13",
        "11:37",
        "12:14",
        "12:38",
        "13:14",
        "13:38",
        "14:14",
        "14:38",
        "15:14",
        "15:38",
        "16:14",
        "16:38",
        "17:14",
        "17:38",
        "18:14",
        "18:38",
        "19:14",
        "19:41",
        "20:26"
    ],
    "holiday": [
        "9:40",
        "10:10",
        "10:40",
        "11:10",
        "11:40",
        "12:11",
        "12:41",
        "13:11",
        "13:41",
        "14:11",
        "14:41",
        "15:11",
        "15:41",
        "16:11",
        "16:41",
        "17:11",
        "17:41",
        "18:11",
        "18:41",
        "19:11",
        "20:03"
    ],
    "url": "https://www.kanachu.co.jp/dia/diagram/timetable01_js/course:0000803956-17/node:00129556/kt:0/lname:/"
}
