{
    "system": "町83",
    "busstops": [
        {
            "index": "1",
            "id": "00129544",
            "name": "町田ターミナル",
            "lat": "35.540177",
            "lng": "139.449604"
        },
        {
            "index": "2",
            "id": "00025625",
            "name": "町田バスセンター",
            "lat": "35.542593",
            "lng": "139.445914"
        },
        {
            "index": "3",
            "id": "00129465",
            "name": "原町田四丁目",
            "lat": "35.54358",
            "lng": "139.451946"
        },
        {
            "index": "4",
            "id": "00129546",
            "name": "原町田三丁目",
            "lat": "35.540625",
            "lng": "139.453244"
        },
        {
            "index": "5",
            "id": "00129543",
            "name": "三塚",
            "lat": "35.539165",
            "lng": "139.453609"
        },
        {
            "index": "6",
            "id": "00129542",
            "name": "南橋(町田市)",
            "lat": "35.536731",
            "lng": "139.455898"
        },
        {
            "index": "7",
            "id": "00129541",
            "name": "金森郵便局前",
            "lat": "35.533898",
            "lng": "139.459924"
        },
        {
            "index": "8",
            "id": "00129540",
            "name": "金森",
            "lat": "35.532647",
            "lng": "139.461104"
        },
        {
            "index": "9",
            "id": "00129539",
            "name": "市営住宅入口(町田市)",
            "lat": "35.529124",
            "lng": "139.462792"
        },
        {
            "index": "10",
            "id": "00129538",
            "name": "南中学校前(町田市)",
            "lat": "35.527715",
            "lng": "139.464214"
        },
        {
            "index": "11",
            "id": "00129537",
            "name": "金森四丁目",
            "lat": "35.5255",
            "lng": "139.466651"
        },
        {
            "index": "12",
            "id": "00129536",
            "name": "南農協前",
            "lat": "35.524335",
            "lng": "139.467874"
        },
        {
            "index": "13",
            "id": "00129553",
            "name": "小川入口(町田市)",
            "lat": "35.523821",
            "lng": "139.470111"
        },
        {
            "index": "14",
            "id": "00129554",
            "name": "柳谷戸",
            "lat": "35.525001",
            "lng": "139.475445"
        },
        {
            "index": "15",
            "id": "00129555",
            "name": "小川中央",
            "lat": "35.5243",
            "lng": "139.479905"
        },
        {
            "index": "16",
            "id": "00129564",
            "name": "つくし野二丁目(町田市)",
            "lat": "35.523555",
            "lng": "139.482764"
        },
        {
            "index": "17",
            "id": "00129556",
            "name": "つくし野小学校",
            "lat": "35.525364",
            "lng": "139.483725"
        },
        {
            "index": "18",
            "id": "00129557",
            "name": "つくし野駅",
            "lat": "35.527834",
            "lng": "139.484974"
        }
    ],
    "route_url": "https://www.kanachu.co.jp/dia/route/index/cid:0000803956/"
}
