{
    "date": "2025/08/04",
    "name": "大西(相模原市緑区)",
    "position": "-",
    "system": "橋08",
    "destinations": [
        "相原台",
        "相原中央",
        "二本松(相模原市緑区)",
        "森の上",
        "東原宿",
        "原宿(相模原市緑区)",
        "城山総合事務所入口",
        "久保沢",
        "谷ヶ原",
        "都井沢",
        "若葉台中央(相模原市緑区)",
        "若葉台住宅"
    ],
    "weekday": [
        "6:34",
        "6:49",
        "7:04",
        "7:19",
        "7:34",
        "7:54",
        "8:16",
        "8:39",
        "8:59",
        "9:17",
        "9:42",
        "10:17",
        "10:42",
        "11:12",
        "11:42",
        "12:22",
        "12:42",
        "13:42",
        "14:42",
        "15:17",
        "16:24",
        "17:09",
        "17:21",
        "18:09",
        "18:29",
        "19:17",
        "19:34"
    ],
    "saturday": [
        "6:48",
        "7:08",
        "7:53",
        "8:16",
        "8:40",
        "9:26",
        "10:11",
        "10:46",
        "11:22",
        "11:51",
        "12:32",
        "13:04",
        "14:12",
        "15:22",
        "16:37",
        "17:12",
        "18:02",
        "18:56",
        "19:56"
    ],
    "holiday": [
        "7:08",
        "7:53",
        "8:16",
        "8:40",
        "9:26",
        "10:11",
        "10:46",
        "11:22",
        "11:51",
        "12:32",
        "13:04",
        "14:12",
        "15:22",
        "16:37",
        "17:12",
        "18:02",
        "18:56",
        "19:56"
    ],
    "url": "https://www.kanachu.co.jp/dia/diagram/timetable01_js/course:0000803130-5/node:00128967/kt:0/lname:/"
}
