{
    "date": "2025/08/04",
    "name": "久保沢",
    "position": "-",
    "system": "橋08",
    "destinations": [
        "谷ヶ原",
        "都井沢",
        "若葉台中央(相模原市緑区)",
        "若葉台住宅"
    ],
    "weekday": [
        "6:41",
        "6:56",
        "7:13",
        "7:28",
        "7:43",
        "8:03",
        "8:25",
        "8:48",
        "9:08",
        "9:26",
        "9:51",
        "10:26",
        "10:51",
        "11:21",
        "11:51",
        "12:31",
        "12:51",
        "13:51",
        "14:51",
        "15:26",
        "16:33",
        "17:19",
        "17:31",
        "18:19",
        "18:39",
        "19:27",
        "19:42"
    ],
    "saturday": [
        "6:57",
        "7:17",
        "8:02",
        "8:25",
        "8:49",
        "9:35",
        "10:20",
        "10:55",
        "11:32",
        "12:01",
        "12:42",
        "13:14",
        "14:22",
        "15:32",
        "16:47",
        "17:22",
        "18:12",
        "19:05",
        "20:05"
    ],
    "holiday": [
        "7:17",
        "8:02",
        "8:25",
        "8:49",
        "9:35",
        "10:20",
        "10:55",
        "11:32",
        "12:01",
        "12:42",
        "13:14",
        "14:22",
        "15:32",
        "16:47",
        "17:22",
        "18:12",
        "19:05",
        "20:05"
    ],
    "url": "https://www.kanachu.co.jp/dia/diagram/timetable01_js/course:0000803130-13/node:00128959/kt:0/lname:/"
}
