{
    "date": "2025/08/04",
    "name": "都井沢",
    "position": "-",
    "system": "橋08",
    "destinations": [
        "若葉台中央(相模原市緑区)",
        "若葉台住宅"
    ],
    "weekday": [
        "6:43",
        "6:58",
        "7:18",
        "7:33",
        "7:48",
        "8:08",
        "8:30",
        "8:51",
        "9:11",
        "9:29",
        "9:54",
        "10:29",
        "10:54",
        "11:24",
        "11:54",
        "12:34",
        "12:54",
        "13:54",
        "14:54",
        "15:29",
        "16:36",
        "17:23",
        "17:35",
        "18:23",
        "18:43",
        "19:31",
        "19:44"
    ],
    "saturday": [
        "6:59",
        "7:19",
        "8:04",
        "8:27",
        "8:51",
        "9:37",
        "10:22",
        "10:57",
        "11:35",
        "12:04",
        "12:45",
        "13:17",
        "14:25",
        "15:35",
        "16:50",
        "17:25",
        "18:15",
        "19:07",
        "20:07"
    ],
    "holiday": [
        "7:19",
        "8:04",
        "8:27",
        "8:51",
        "9:37",
        "10:22",
        "10:57",
        "11:35",
        "12:04",
        "12:45",
        "13:17",
        "14:25",
        "15:35",
        "16:50",
        "17:25",
        "18:15",
        "19:07",
        "20:07"
    ],
    "url": "https://www.kanachu.co.jp/dia/diagram/timetable01_js/course:0000803130-15/node:00128957/kt:0/lname:/"
}
