{
    "date": "2025/11/16",
    "name": "愛名入口",
    "position": "-",
    "system": "愛11",
    "destinations": [
        "小野宮前",
        "小野橋(厚木市)",
        "中屋橋",
        "玉川農協前",
        "玉川公民館前",
        "日向川",
        "馬場リハビリ入口",
        "神奈川リハビリ",
        "馬場リハビリ入口",
        "七沢温泉入口",
        "七沢病院下",
        "七沢病院"
    ],
    "weekday": [
        "6:45",
        "7:10",
        "8:05",
        "8:25",
        "9:25",
        "10:45",
        "11:30",
        "12:50",
        "14:25",
        "15:55",
        "17:12"
    ],
    "saturday": [
        "8:05",
        "9:20",
        "10:10",
        "11:25",
        "12:55",
        "14:15",
        "15:25"
    ],
    "holiday": [
        "8:05",
        "9:20",
        "10:10",
        "11:25",
        "12:55",
        "14:15",
        "15:25"
    ],
    "url": "https://www.kanachu.co.jp/dia/diagram/timetable01_js/course:0000802598-11/node:00128448/kt:0/lname:/"
}
