{
    "date": "2026/01/16",
    "name": "合同庁舎前(厚木市)",
    "position": "-",
    "system": "厚46",
    "destinations": [
        "厚木高校前",
        "アステモ[Astemo]前〔旧:日立アステモ前〕",
        "片岸(厚木市)",
        "温水",
        "高坪入口",
        "温水幼稚園前",
        "スポーツセンター入口(厚木市)",
        "高坪",
        "上高坪",
        "権現堂(厚木市)",
        "愛名",
        "八ツ橋",
        "白山(厚木市)",
        "旗谷入口",
        "小鮎公民館前",
        "台ノ上",
        "学校前(厚木市)",
        "局前(厚木市)",
        "打越(厚木市)",
        "矢崎(厚木市)",
        "古沢(厚木市)",
        "上古沢",
        "ネポン入口",
        "上分"
    ],
    "weekday": [
        "7:09",
        "7:51",
        "8:31",
        "9:30",
        "10:30",
        "11:30",
        "12:30",
        "14:30",
        "15:30",
        "16:31",
        "17:01",
        "18:01",
        "18:31"
    ],
    "saturday": [],
    "holiday": [],
    "url": "https://www.kanachu.co.jp/dia/diagram/timetable01_js/course:0000804252-4/node:00128439/kt:0/lname:/"
}
