{
    "date": "2026/01/16",
    "name": "温水幼稚園前",
    "position": "-",
    "system": "厚46",
    "destinations": [
        "スポーツセンター入口(厚木市)",
        "高坪",
        "上高坪",
        "権現堂(厚木市)",
        "愛名",
        "八ツ橋",
        "白山(厚木市)",
        "旗谷入口",
        "小鮎公民館前",
        "台ノ上",
        "学校前(厚木市)",
        "局前(厚木市)",
        "打越(厚木市)",
        "矢崎(厚木市)",
        "古沢(厚木市)",
        "上古沢",
        "ネポン入口",
        "上分"
    ],
    "weekday": [
        "7:14",
        "7:56",
        "8:36",
        "9:35",
        "10:35",
        "11:35",
        "12:35",
        "14:35",
        "15:35",
        "16:36",
        "17:06",
        "18:06",
        "18:36"
    ],
    "saturday": [],
    "holiday": [],
    "url": "https://www.kanachu.co.jp/dia/diagram/timetable01_js/course:0000804252-10/node:00128490/kt:0/lname:/"
}
