{
    "date": "2026/01/16",
    "name": "上古沢",
    "position": "-",
    "system": "厚46",
    "destinations": [
        "ネポン入口",
        "上分"
    ],
    "weekday": [
        "7:29",
        "8:11",
        "8:51",
        "9:50",
        "10:50",
        "11:50",
        "12:50",
        "14:50",
        "15:50",
        "16:51",
        "17:21",
        "18:21",
        "18:51"
    ],
    "saturday": [],
    "holiday": [],
    "url": "https://www.kanachu.co.jp/dia/diagram/timetable01_js/course:0000804252-26/node:00128485/kt:0/lname:/"
}
