{
    "date": "2025/01/14",
    "name": "八幡神社前(横浜市瀬谷区)",
    "position": "-",
    "system": "瀬01",
    "destinations": [
        "上瀬谷小学校入口",
        "竹村町",
        "中屋敷(横浜市瀬谷区)",
        "本郷原",
        "本郷(横浜市瀬谷区)",
        "瀬谷駅前通り",
        "瀬谷駅"
    ],
    "weekday": [
        "7:15",
        "7:49",
        "8:55",
        "9:45",
        "10:20",
        "10:50",
        "11:40",
        "12:45",
        "13:48",
        "14:37",
        "17:45",
        "18:24"
    ],
    "saturday": [
        "6:37",
        "7:07",
        "7:37",
        "9:50",
        "10:10",
        "10:40",
        "12:10",
        "12:40",
        "13:10",
        "14:10",
        "14:40",
        "18:26",
        "20:54",
        "21:34"
    ],
    "holiday": [
        "6:37",
        "7:07",
        "7:37",
        "9:45",
        "10:10",
        "10:40",
        "12:10",
        "12:40",
        "13:10",
        "14:10",
        "14:40",
        "18:26",
        "20:54",
        "21:34"
    ],
    "url": "https://www.kanachu.co.jp/dia/diagram/timetable01_js/course:0000800976-1/node:00129653/kt:0/lname:/"
}
