{
    "date": "2025/01/14",
    "name": "上瀬谷小学校入口",
    "position": "-",
    "system": "瀬01",
    "destinations": [
        "竹村町",
        "中屋敷(横浜市瀬谷区)",
        "本郷原",
        "本郷(横浜市瀬谷区)",
        "瀬谷駅前通り",
        "瀬谷駅"
    ],
    "weekday": [
        "7:16",
        "7:50",
        "8:56",
        "9:46",
        "10:21",
        "10:51",
        "11:41",
        "12:46",
        "13:49",
        "14:38",
        "17:46",
        "18:25"
    ],
    "saturday": [
        "6:38",
        "7:08",
        "7:38",
        "9:51",
        "10:11",
        "10:41",
        "12:11",
        "12:41",
        "13:11",
        "14:11",
        "14:41",
        "18:27",
        "20:55",
        "21:35"
    ],
    "holiday": [
        "6:38",
        "7:08",
        "7:38",
        "9:46",
        "10:11",
        "10:41",
        "12:11",
        "12:41",
        "13:11",
        "14:11",
        "14:41",
        "18:27",
        "20:55",
        "21:35"
    ],
    "url": "https://www.kanachu.co.jp/dia/diagram/timetable01_js/course:0000800976-2/node:00129654/kt:0/lname:/"
}
