{
    "date": "2025/01/14",
    "name": "中屋敷(横浜市瀬谷区)",
    "position": "-",
    "system": "瀬01",
    "destinations": [
        "本郷原",
        "本郷(横浜市瀬谷区)",
        "瀬谷駅前通り",
        "瀬谷駅"
    ],
    "weekday": [
        "7:19",
        "7:53",
        "8:59",
        "9:49",
        "10:24",
        "10:54",
        "11:44",
        "12:49",
        "13:52",
        "14:41",
        "17:49",
        "18:28"
    ],
    "saturday": [
        "6:41",
        "7:11",
        "7:41",
        "9:54",
        "10:14",
        "10:44",
        "12:14",
        "12:44",
        "13:14",
        "14:14",
        "14:44",
        "18:30",
        "20:58",
        "21:38"
    ],
    "holiday": [
        "6:41",
        "7:11",
        "7:41",
        "9:49",
        "10:14",
        "10:44",
        "12:14",
        "12:44",
        "13:14",
        "14:14",
        "14:44",
        "18:30",
        "20:58",
        "21:38"
    ],
    "url": "https://www.kanachu.co.jp/dia/diagram/timetable01_js/course:0000800976-4/node:00129656/kt:0/lname:/"
}
