{
    "date": "2025/01/14",
    "name": "瀬谷駅前通り",
    "position": "-",
    "system": "瀬01",
    "destinations": [
        "瀬谷駅"
    ],
    "weekday": [
        "7:24",
        "7:58",
        "9:04",
        "9:54",
        "10:29",
        "10:59",
        "11:49",
        "12:54",
        "13:57",
        "14:46",
        "17:54",
        "18:33"
    ],
    "saturday": [
        "6:46",
        "7:16",
        "7:46",
        "9:59",
        "10:19",
        "10:49",
        "12:19",
        "12:49",
        "13:19",
        "14:19",
        "14:49",
        "18:35",
        "21:03",
        "21:43"
    ],
    "holiday": [
        "6:46",
        "7:16",
        "7:46",
        "9:54",
        "10:19",
        "10:49",
        "12:19",
        "12:49",
        "13:19",
        "14:19",
        "14:49",
        "18:35",
        "21:03",
        "21:43"
    ],
    "url": "https://www.kanachu.co.jp/dia/diagram/timetable01_js/course:0000800976-7/node:00129659/kt:0/lname:/"
}
