{
    "date": "2024/10/01",
    "name": "みのり公園入口",
    "position": "-",
    "system": "橋30",
    "destinations": [
        "緑区合同庁舎前(相模原市緑区)",
        "橋本二丁目",
        "橋本駅南口",
        "アリオ橋本"
    ],
    "weekday": [
        "11:08",
        "13:18",
        "15:28"
    ],
    "saturday": [
        "11:08",
        "13:18",
        "15:28"
    ],
    "holiday": [
        "11:08",
        "13:18",
        "15:28"
    ],
    "url": "https://www.kanachu.co.jp/dia/diagram/timetable01_js/course:0000803629-16/node:00130165/kt:0/lname:/"
}
