{
    "date": "2025/03/15",
    "name": "茅ヶ崎駅",
    "position": "-",
    "system": "茅17",
    "destinations": [
        "中央公園前(茅ケ崎市)",
        "前の田",
        "神奈中営業所前",
        "ニュータウン入口(茅ケ崎市)",
        "鶴が台入口",
        "鶴が台中学校前",
        "香川小学校入口",
        "松風台(茅ケ崎市)"
    ],
    "weekday": [
        "6:52",
        "8:17",
        "16:52",
        "17:52",
        "18:10",
        "18:50",
        "19:10"
    ],
    "saturday": [
        "7:45",
        "8:40"
    ],
    "holiday": [
        "7:45",
        "8:40"
    ],
    "url": "https://www.kanachu.co.jp/dia/diagram/timetable01_js/course:0000801305-1/node:00127126/kt:0/lname:/"
}
