{
    "date": "2025/11/25",
    "name": "橋本駅北口",
    "position": "-",
    "system": "橋52",
    "destinations": [
        "旭農協前",
        "小山幸町",
        "小山本町",
        "小山久保町",
        "宮下三丁目(相模原市中央区)",
        "矢掛台",
        "宮下二丁目(相模原市中央区)",
        "宮下(相模原市中央区)",
        "すすきの住宅前",
        "向陽小学校前",
        "小山公民館前",
        "相模原駅北口"
    ],
    "weekday": [
        "6:25",
        "6:52",
        "7:15",
        "7:40",
        "8:05",
        "8:30",
        "9:05",
        "9:55",
        "10:40",
        "11:30",
        "12:20",
        "13:10",
        "14:00",
        "14:50",
        "15:40",
        "16:30",
        "17:20",
        "18:10",
        "19:00",
        "19:45",
        "20:30",
        "21:10"
    ],
    "saturday": [
        "7:45",
        "8:45",
        "9:45",
        "10:45",
        "11:45",
        "12:45",
        "13:45",
        "14:45",
        "15:45",
        "16:45",
        "17:45",
        "18:45",
        "19:45",
        "20:45"
    ],
    "holiday": [
        "7:45",
        "8:45",
        "9:45",
        "10:45",
        "11:45",
        "12:45",
        "13:45",
        "14:45",
        "15:45",
        "16:45",
        "17:45",
        "18:45",
        "19:45"
    ],
    "url": "https://www.kanachu.co.jp/dia/diagram/timetable01_js/course:0000802397-1/node:00128969/kt:0/lname:/"
}
