{
    "date": "2025/11/25",
    "name": "旭農協前",
    "position": "-",
    "system": "橋52",
    "destinations": [
        "小山幸町",
        "小山本町",
        "小山久保町",
        "宮下三丁目(相模原市中央区)",
        "矢掛台",
        "宮下二丁目(相模原市中央区)",
        "宮下(相模原市中央区)",
        "すすきの住宅前",
        "向陽小学校前",
        "小山公民館前",
        "相模原駅北口"
    ],
    "weekday": [
        "6:26",
        "6:53",
        "7:16",
        "7:41",
        "8:06",
        "8:31",
        "9:06",
        "9:56",
        "10:41",
        "11:31",
        "12:21",
        "13:11",
        "14:01",
        "14:51",
        "15:41",
        "16:31",
        "17:21",
        "18:11",
        "19:01",
        "19:46",
        "20:31",
        "21:11"
    ],
    "saturday": [
        "7:46",
        "8:46",
        "9:46",
        "10:46",
        "11:46",
        "12:46",
        "13:46",
        "14:46",
        "15:46",
        "16:46",
        "17:46",
        "18:46",
        "19:46",
        "20:46"
    ],
    "holiday": [
        "7:46",
        "8:46",
        "9:46",
        "10:46",
        "11:46",
        "12:46",
        "13:46",
        "14:46",
        "15:46",
        "16:46",
        "17:46",
        "18:46",
        "19:46"
    ],
    "url": "https://www.kanachu.co.jp/dia/diagram/timetable01_js/course:0000802397-2/node:00020098/kt:0/lname:/"
}
