{
    "date": "2015/11/01",
    "name": "田向(綾瀬市)",
    "position": "-",
    "system": "",
    "destinations": [
        "長坂上",
        "落合南",
        "藤沢・綾瀬ふれあいの杜",
        "上土棚南二丁目",
        "グリーンハイツ3号棟前",
        "グリーンハイツ6号棟前",
        "綾南会館",
        "さがみ農協前",
        "上土棚団地前",
        "綾南地区センター",
        "上土棚南",
        "藤沢・綾瀬ふれあいの杜",
        "落合南",
        "長坂上",
        "田向(綾瀬市)",
        "びわみ堂",
        "落合北五丁目",
        "深谷南一丁目",
        "深谷交番",
        "新道(綾瀬市)",
        "浅間橋(綾瀬市)",
        "ハンディホームセンター前",
        "綾瀬厚生病院",
        "市民文化センター前(綾瀬市)",
        "綾瀬市役所"
    ],
    "weekday": [
        "7:39",
        "8:39",
        "9:59",
        "11:19",
        "12:39",
        "14:09",
        "15:14",
        "16:29",
        "17:39"
    ],
    "saturday": [
        "7:39",
        "8:39",
        "9:59",
        "11:19",
        "12:39",
        "14:09",
        "15:14",
        "16:29",
        "17:39"
    ],
    "holiday": [
        "7:39",
        "8:39",
        "9:59",
        "11:19",
        "12:39",
        "14:09",
        "15:14",
        "16:29",
        "17:39"
    ],
    "url": "https://www.kanachu.co.jp/dia/diagram/timetable01_js/course:0000802156-11/node:00130066/kt:0/lname:/"
}
