{
    "date": "2015/11/01",
    "name": "グリーンハイツ3号棟前",
    "position": "-",
    "system": "",
    "destinations": [
        "グリーンハイツ6号棟前",
        "綾南会館",
        "さがみ農協前",
        "上土棚団地前",
        "綾南地区センター",
        "上土棚南",
        "藤沢・綾瀬ふれあいの杜",
        "落合南",
        "長坂上",
        "田向(綾瀬市)",
        "びわみ堂",
        "落合北五丁目",
        "深谷南一丁目",
        "深谷交番",
        "新道(綾瀬市)",
        "浅間橋(綾瀬市)",
        "ハンディホームセンター前",
        "綾瀬厚生病院",
        "市民文化センター前(綾瀬市)",
        "綾瀬市役所"
    ],
    "weekday": [
        "7:46",
        "8:46",
        "10:06",
        "11:26",
        "12:46",
        "14:16",
        "15:21",
        "16:36",
        "17:46"
    ],
    "saturday": [
        "7:46",
        "8:46",
        "10:06",
        "11:26",
        "12:46",
        "14:16",
        "15:21",
        "16:36",
        "17:46"
    ],
    "holiday": [
        "7:46",
        "8:46",
        "10:06",
        "11:26",
        "12:46",
        "14:16",
        "15:21",
        "16:36",
        "17:46"
    ],
    "url": "https://www.kanachu.co.jp/dia/diagram/timetable01_js/course:0000802156-16/node:00130376/kt:0/lname:/"
}
