{
    "date": "2015/11/01",
    "name": "びわみ堂",
    "position": "-",
    "system": "",
    "destinations": [
        "落合北五丁目",
        "深谷南一丁目",
        "深谷交番",
        "新道(綾瀬市)",
        "浅間橋(綾瀬市)",
        "ハンディホームセンター前",
        "綾瀬厚生病院",
        "市民文化センター前(綾瀬市)",
        "綾瀬市役所"
    ],
    "weekday": [
        "8:00",
        "9:00",
        "10:20",
        "11:40",
        "13:00",
        "14:30",
        "15:35",
        "16:50",
        "18:00"
    ],
    "saturday": [
        "8:00",
        "9:00",
        "10:20",
        "11:40",
        "13:00",
        "14:30",
        "15:35",
        "16:50",
        "18:00"
    ],
    "holiday": [
        "8:00",
        "9:00",
        "10:20",
        "11:40",
        "13:00",
        "14:30",
        "15:35",
        "16:50",
        "18:00"
    ],
    "url": "https://www.kanachu.co.jp/dia/diagram/timetable01_js/course:0000802156-27/node:00130065/kt:0/lname:/"
}
