{
    "system": "",
    "busstops": [
        {
            "index": "1",
            "id": "00130000",
            "name": "綾瀬市役所",
            "lat": "35.437755",
            "lng": "139.426693"
        },
        {
            "index": "2",
            "id": "00129861",
            "name": "市民文化センター前(綾瀬市)",
            "lat": "35.433555",
            "lng": "139.429616"
        },
        {
            "index": "3",
            "id": "00130041",
            "name": "綾瀬厚生病院",
            "lat": "35.433128",
            "lng": "139.430978"
        },
        {
            "index": "4",
            "id": "00130069",
            "name": "ハンディホームセンター前",
            "lat": "35.432406",
            "lng": "139.432183"
        },
        {
            "index": "5",
            "id": "00130061",
            "name": "浅間橋(綾瀬市)",
            "lat": "35.434021",
            "lng": "139.434592"
        },
        {
            "index": "6",
            "id": "00130062",
            "name": "新道(綾瀬市)",
            "lat": "35.431816",
            "lng": "139.435536"
        },
        {
            "index": "7",
            "id": "00130063",
            "name": "深谷交番",
            "lat": "35.428818",
            "lng": "139.435466"
        },
        {
            "index": "8",
            "id": "00130064",
            "name": "深谷南一丁目",
            "lat": "35.426568",
            "lng": "139.436394"
        },
        {
            "index": "9",
            "id": "00130067",
            "name": "落合北五丁目",
            "lat": "35.423725",
            "lng": "139.435624"
        },
        {
            "index": "10",
            "id": "00130065",
            "name": "びわみ堂",
            "lat": "35.421244",
            "lng": "139.438396"
        },
        {
            "index": "11",
            "id": "00130066",
            "name": "田向(綾瀬市)",
            "lat": "35.418407",
            "lng": "139.438787"
        },
        {
            "index": "12",
            "id": "00130022",
            "name": "長坂上",
            "lat": "35.417097",
            "lng": "139.435482"
        },
        {
            "index": "13",
            "id": "00130021",
            "name": "落合南",
            "lat": "35.415556",
            "lng": "139.437676"
        },
        {
            "index": "14",
            "id": "00130020",
            "name": "藤沢・綾瀬ふれあいの杜",
            "lat": "35.413441",
            "lng": "139.441719"
        },
        {
            "index": "15",
            "id": "00130375",
            "name": "上土棚南二丁目",
            "lat": "35.41181",
            "lng": "139.446667"
        },
        {
            "index": "16",
            "id": "00130376",
            "name": "グリーンハイツ3号棟前",
            "lat": "35.411736",
            "lng": "139.449026"
        },
        {
            "index": "17",
            "id": "00130377",
            "name": "グリーンハイツ6号棟前",
            "lat": "35.411316",
            "lng": "139.451069"
        },
        {
            "index": "18",
            "id": "00130013",
            "name": "綾南会館",
            "lat": "35.413144",
            "lng": "139.449254"
        },
        {
            "index": "19",
            "id": "00130009",
            "name": "さがみ農協前",
            "lat": "35.413783",
            "lng": "139.449961"
        },
        {
            "index": "20",
            "id": "00130010",
            "name": "上土棚団地前",
            "lat": "35.414721",
            "lng": "139.449226"
        },
        {
            "index": "21",
            "id": "00130011",
            "name": "綾南地区センター",
            "lat": "35.41542",
            "lng": "139.448346"
        },
        {
            "index": "22",
            "id": "00130019",
            "name": "上土棚南",
            "lat": "35.413484",
            "lng": "139.445747"
        },
        {
            "index": "23",
            "id": "00130020",
            "name": "藤沢・綾瀬ふれあいの杜",
            "lat": "35.413441",
            "lng": "139.441719"
        },
        {
            "index": "24",
            "id": "00130021",
            "name": "落合南",
            "lat": "35.415578",
            "lng": "139.437489"
        },
        {
            "index": "25",
            "id": "00130022",
            "name": "長坂上",
            "lat": "35.417104",
            "lng": "139.435536"
        },
        {
            "index": "26",
            "id": "00130066",
            "name": "田向(綾瀬市)",
            "lat": "35.418577",
            "lng": "139.439301"
        },
        {
            "index": "27",
            "id": "00130065",
            "name": "びわみ堂",
            "lat": "35.420744",
            "lng": "139.438578"
        },
        {
            "index": "28",
            "id": "00130067",
            "name": "落合北五丁目",
            "lat": "35.423725",
            "lng": "139.435624"
        },
        {
            "index": "29",
            "id": "00130064",
            "name": "深谷南一丁目",
            "lat": "35.426568",
            "lng": "139.436394"
        },
        {
            "index": "30",
            "id": "00130063",
            "name": "深谷交番",
            "lat": "35.428818",
            "lng": "139.435466"
        },
        {
            "index": "31",
            "id": "00130062",
            "name": "新道(綾瀬市)",
            "lat": "35.431816",
            "lng": "139.435536"
        },
        {
            "index": "32",
            "id": "00130061",
            "name": "浅間橋(綾瀬市)",
            "lat": "35.434021",
            "lng": "139.434592"
        },
        {
            "index": "33",
            "id": "00130069",
            "name": "ハンディホームセンター前",
            "lat": "35.432239",
            "lng": "139.432055"
        },
        {
            "index": "34",
            "id": "00130041",
            "name": "綾瀬厚生病院",
            "lat": "35.433128",
            "lng": "139.430978"
        },
        {
            "index": "35",
            "id": "00129861",
            "name": "市民文化センター前(綾瀬市)",
            "lat": "35.433881",
            "lng": "139.430603"
        },
        {
            "index": "36",
            "id": "00130000",
            "name": "綾瀬市役所",
            "lat": "35.437847",
            "lng": "139.426403"
        }
    ],
    "route_url": "https://www.kanachu.co.jp/dia/route/index/cid:0000802156/"
}
