{
    "date": "2024/12/16",
    "name": "南金目",
    "position": "-",
    "system": "平73",
    "destinations": [
        "片岡(平塚市)",
        "広川矢崎",
        "金旭中学校入口",
        "広川(平塚市)",
        "江東",
        "公所(平塚市)",
        "堀の内(平塚市)",
        "河内富士見",
        "纒公民館前",
        "川井(平塚市)",
        "纒入口",
        "南原土手",
        "南原(平塚市)",
        "向原(平塚市)",
        "江南高校前",
        "追分(平塚市)",
        "立野町(平塚市)",
        "横浜ゴム前",
        "市役所前(ゴム前/平塚市)",
        "四ツ角(平塚市)",
        "平塚駅北口"
    ],
    "weekday": [
        "5:54",
        "6:22",
        "7:00",
        "7:30",
        "8:06",
        "8:46",
        "9:15",
        "10:16",
        "11:07",
        "11:58",
        "13:00",
        "13:59",
        "14:59",
        "16:03",
        "17:07",
        "18:07",
        "18:43",
        "19:35",
        "20:31",
        "21:23"
    ],
    "saturday": [
        "6:12",
        "7:03",
        "7:51",
        "8:48",
        "9:52",
        "11:00",
        "12:00",
        "13:00",
        "14:00",
        "15:00",
        "16:00",
        "17:11",
        "17:52",
        "18:37",
        "19:40",
        "20:46",
        "21:22"
    ],
    "holiday": [
        "6:12",
        "7:03",
        "7:51",
        "8:48",
        "9:52",
        "11:00",
        "12:00",
        "13:00",
        "14:00",
        "15:00",
        "16:00",
        "17:11",
        "17:52",
        "18:37",
        "19:40",
        "20:46",
        "21:22"
    ],
    "url": "https://www.kanachu.co.jp/dia/diagram/timetable01_js/course:0000803657-10/node:00127732/kt:0/lname:/"
}
