{
    "date": "2024/12/16",
    "name": "江東",
    "position": "-",
    "system": "平73",
    "destinations": [
        "公所(平塚市)",
        "堀の内(平塚市)",
        "河内富士見",
        "纒公民館前",
        "川井(平塚市)",
        "纒入口",
        "南原土手",
        "南原(平塚市)",
        "向原(平塚市)",
        "江南高校前",
        "追分(平塚市)",
        "立野町(平塚市)",
        "横浜ゴム前",
        "市役所前(ゴム前/平塚市)",
        "四ツ角(平塚市)",
        "平塚駅北口"
    ],
    "weekday": [
        "5:58",
        "6:26",
        "7:07",
        "7:37",
        "8:13",
        "8:53",
        "9:20",
        "10:21",
        "11:12",
        "12:03",
        "13:05",
        "14:04",
        "15:04",
        "16:09",
        "17:13",
        "18:13",
        "18:49",
        "19:39",
        "20:35",
        "21:27"
    ],
    "saturday": [
        "6:16",
        "7:07",
        "7:55",
        "8:52",
        "9:57",
        "11:05",
        "12:05",
        "13:05",
        "14:05",
        "15:05",
        "16:06",
        "17:17",
        "17:58",
        "18:43",
        "19:44",
        "20:50",
        "21:26"
    ],
    "holiday": [
        "6:16",
        "7:07",
        "7:55",
        "8:52",
        "9:57",
        "11:05",
        "12:05",
        "13:05",
        "14:05",
        "15:05",
        "16:06",
        "17:17",
        "17:58",
        "18:43",
        "19:44",
        "20:50",
        "21:26"
    ],
    "url": "https://www.kanachu.co.jp/dia/diagram/timetable01_js/course:0000803657-15/node:00127745/kt:0/lname:/"
}
