{
    "date": "2024/12/16",
    "name": "堀の内(平塚市)",
    "position": "-",
    "system": "平73",
    "destinations": [
        "河内富士見",
        "纒公民館前",
        "川井(平塚市)",
        "纒入口",
        "南原土手",
        "南原(平塚市)",
        "向原(平塚市)",
        "江南高校前",
        "追分(平塚市)",
        "立野町(平塚市)",
        "横浜ゴム前",
        "市役所前(ゴム前/平塚市)",
        "四ツ角(平塚市)",
        "平塚駅北口"
    ],
    "weekday": [
        "6:00",
        "6:28",
        "7:09",
        "7:39",
        "8:15",
        "8:55",
        "9:22",
        "10:23",
        "11:14",
        "12:05",
        "13:07",
        "14:06",
        "15:06",
        "16:11",
        "17:15",
        "18:15",
        "18:51",
        "19:41",
        "20:37",
        "21:29"
    ],
    "saturday": [
        "6:18",
        "7:09",
        "7:57",
        "8:54",
        "9:59",
        "11:07",
        "12:07",
        "13:07",
        "14:07",
        "15:07",
        "16:08",
        "17:19",
        "18:00",
        "18:45",
        "19:46",
        "20:52",
        "21:28"
    ],
    "holiday": [
        "6:18",
        "7:09",
        "7:57",
        "8:54",
        "9:59",
        "11:07",
        "12:07",
        "13:07",
        "14:07",
        "15:07",
        "16:08",
        "17:19",
        "18:00",
        "18:45",
        "19:46",
        "20:52",
        "21:28"
    ],
    "url": "https://www.kanachu.co.jp/dia/diagram/timetable01_js/course:0000803657-17/node:00127566/kt:0/lname:/"
}
