{
    "date": "2013/11/01",
    "name": "北の台小学校(綾瀬市)",
    "position": "-",
    "system": "",
    "destinations": [
        "深谷大上ふれあいの家",
        "北の台中学校前",
        "さくら公園(綾瀬市)",
        "蓼川自治会館",
        "相模大塚駅"
    ],
    "weekday": [
        "7:17",
        "8:55",
        "11:02",
        "12:42",
        "14:17",
        "16:17",
        "17:59"
    ],
    "saturday": [
        "7:17",
        "8:55",
        "11:02",
        "12:42",
        "14:17",
        "16:17",
        "17:59"
    ],
    "holiday": [
        "7:17",
        "8:55",
        "11:02",
        "12:42",
        "14:17",
        "16:17",
        "17:59"
    ],
    "url": "https://www.kanachu.co.jp/dia/diagram/timetable01_js/course:0000801753-21/node:00130055/kt:0/lname:/"
}
