{
    "date": "2022/10/16",
    "name": "元大橋",
    "position": "-",
    "system": "港40",
    "destinations": [
        "中野町",
        "稲荷森",
        "山手学院入口",
        "本郷車庫前(横浜市栄区)",
        "紅葉橋(横浜市栄区)",
        "光明寺(横浜市栄区)",
        "中島(横浜市栄区)",
        "西ヶ谷入口",
        "西ヶ谷",
        "上郷ネオポリス",
        "栄プール"
    ],
    "weekday": [
        "8:56",
        "11:36",
        "14:58"
    ],
    "saturday": [
        "9:16",
        "11:30",
        "14:56"
    ],
    "holiday": [
        "9:16",
        "11:30",
        "14:56"
    ],
    "url": "https://www.kanachu.co.jp/dia/diagram/timetable01_js/course:0000803012-6/node:00126546/kt:0/lname:/"
}
