{
    "date": "2022/10/16",
    "name": "稲荷森",
    "position": "-",
    "system": "港40",
    "destinations": [
        "山手学院入口",
        "本郷車庫前(横浜市栄区)",
        "紅葉橋(横浜市栄区)",
        "光明寺(横浜市栄区)",
        "中島(横浜市栄区)",
        "西ヶ谷入口",
        "西ヶ谷",
        "上郷ネオポリス",
        "栄プール"
    ],
    "weekday": [
        "8:58",
        "11:38",
        "15:00"
    ],
    "saturday": [
        "9:18",
        "11:32",
        "14:58"
    ],
    "holiday": [
        "9:18",
        "11:32",
        "14:58"
    ],
    "url": "https://www.kanachu.co.jp/dia/diagram/timetable01_js/course:0000803012-8/node:00126512/kt:0/lname:/"
}
