{
    "date": "2022/10/16",
    "name": "紅葉橋(横浜市栄区)",
    "position": "-",
    "system": "港40",
    "destinations": [
        "光明寺(横浜市栄区)",
        "中島(横浜市栄区)",
        "西ヶ谷入口",
        "西ヶ谷",
        "上郷ネオポリス",
        "栄プール"
    ],
    "weekday": [
        "9:02",
        "11:42",
        "15:04"
    ],
    "saturday": [
        "9:21",
        "11:36",
        "15:03"
    ],
    "holiday": [
        "9:21",
        "11:36",
        "15:03"
    ],
    "url": "https://www.kanachu.co.jp/dia/diagram/timetable01_js/course:0000803012-11/node:00126514/kt:0/lname:/"
}
