{
    "date": "2025/04/01",
    "name": "緑区合同庁舎前(相模原市緑区)",
    "position": "-",
    "system": "橋41",
    "destinations": [
        "北警察署前(相模原市緑区)",
        "西橋本三丁目",
        "峡の原車庫",
        "相模原協同病院"
    ],
    "weekday": [
        "7:32",
        "7:51",
        "7:54",
        "7:57",
        "8:02",
        "8:07",
        "8:32",
        "9:02",
        "9:22",
        "9:42",
        "10:02",
        "10:22",
        "10:42",
        "11:02",
        "11:32",
        "12:02",
        "12:22",
        "12:42",
        "13:02",
        "13:22",
        "13:42",
        "14:02",
        "14:22",
        "14:42",
        "15:20",
        "15:47",
        "16:12",
        "16:47",
        "17:04",
        "17:44",
        "18:02",
        "18:37",
        "19:22",
        "19:34",
        "20:07"
    ],
    "saturday": [
        "7:44",
        "7:50",
        "7:57",
        "8:07",
        "8:12",
        "8:34",
        "9:07",
        "9:32",
        "10:12",
        "10:44",
        "11:07",
        "11:37",
        "12:04",
        "12:32",
        "13:07",
        "13:32",
        "14:04",
        "14:32",
        "15:04",
        "15:32",
        "16:12",
        "16:30",
        "17:07",
        "17:32",
        "18:07",
        "18:34",
        "19:04",
        "19:27",
        "20:07"
    ],
    "holiday": [
        "7:44",
        "7:54",
        "8:04",
        "8:12",
        "8:44",
        "9:07",
        "9:32",
        "10:14",
        "10:44",
        "11:12",
        "11:32",
        "12:12",
        "12:44",
        "13:04",
        "13:32",
        "14:12",
        "14:32",
        "15:12",
        "15:25",
        "16:07",
        "16:32",
        "17:02",
        "17:32",
        "18:20",
        "18:47",
        "19:17",
        "19:32",
        "20:07"
    ],
    "url": "https://www.kanachu.co.jp/dia/diagram/timetable01_js/course:0000803753-3/node:00129000/kt:0/lname:/"
}
