{
    "date": "2021/04/01",
    "name": "葉山診療所前",
    "position": "-",
    "system": "橋05",
    "destinations": [
        "下倉",
        "上葉山",
        "湘南小学校前",
        "諏訪の森",
        "河原橋(相模原市緑区)",
        "小倉(相模原市緑区)",
        "小倉橋(相模原市緑区)",
        "久保沢",
        "城山総合事務所入口",
        "原宿(相模原市緑区)",
        "東原宿",
        "森の上",
        "二本松(相模原市緑区)",
        "相原中央",
        "相原台",
        "大西(相模原市緑区)",
        "上町(相模原市緑区)",
        "緑区合同庁舎前(相模原市緑区)",
        "橋本二丁目",
        "橋本駅南口"
    ],
    "weekday": [
        "7:45"
    ],
    "saturday": [],
    "holiday": [],
    "url": "https://www.kanachu.co.jp/dia/diagram/timetable01_js/course:0000802403-6/node:00128986/kt:0/lname:/"
}
