{
    "system": "橋05",
    "busstops": [
        {
            "index": "1",
            "id": "00128391",
            "name": "小沢(愛甲郡愛川町)",
            "lat": "35.53913",
            "lng": "139.328551"
        },
        {
            "index": "2",
            "id": "00128990",
            "name": "下河原(相模原市緑区)",
            "lat": "35.549382",
            "lng": "139.320095"
        },
        {
            "index": "3",
            "id": "00128989",
            "name": "葉山(相模原市緑区)",
            "lat": "35.551387",
            "lng": "139.320492"
        },
        {
            "index": "4",
            "id": "00128988",
            "name": "中平(相模原市緑区)",
            "lat": "35.555594",
            "lng": "139.319199"
        },
        {
            "index": "5",
            "id": "00128987",
            "name": "藤木(相模原市緑区)",
            "lat": "35.558787",
            "lng": "139.31881"
        },
        {
            "index": "6",
            "id": "00128986",
            "name": "葉山診療所前",
            "lat": "35.560473",
            "lng": "139.318293"
        },
        {
            "index": "7",
            "id": "00128985",
            "name": "下倉",
            "lat": "35.564538",
            "lng": "139.314918"
        },
        {
            "index": "8",
            "id": "00128984",
            "name": "上葉山",
            "lat": "35.565659",
            "lng": "139.313379"
        },
        {
            "index": "9",
            "id": "00128983",
            "name": "湘南小学校前",
            "lat": "35.57255",
            "lng": "139.307285"
        },
        {
            "index": "10",
            "id": "00128982",
            "name": "諏訪の森",
            "lat": "35.578891",
            "lng": "139.298655"
        },
        {
            "index": "11",
            "id": "00128981",
            "name": "河原橋(相模原市緑区)",
            "lat": "35.583112",
            "lng": "139.298293"
        },
        {
            "index": "12",
            "id": "00128850",
            "name": "小倉(相模原市緑区)",
            "lat": "35.585863",
            "lng": "139.297959"
        },
        {
            "index": "13",
            "id": "00128851",
            "name": "小倉橋(相模原市緑区)",
            "lat": "35.586537",
            "lng": "139.300565"
        },
        {
            "index": "14",
            "id": "00128959",
            "name": "久保沢",
            "lat": "35.593545",
            "lng": "139.300386"
        },
        {
            "index": "15",
            "id": "00128960",
            "name": "城山総合事務所入口",
            "lat": "35.596001",
            "lng": "139.304908"
        },
        {
            "index": "16",
            "id": "00128961",
            "name": "原宿(相模原市緑区)",
            "lat": "35.597044",
            "lng": "139.309345"
        },
        {
            "index": "17",
            "id": "00128962",
            "name": "東原宿",
            "lat": "35.597821",
            "lng": "139.313753"
        },
        {
            "index": "18",
            "id": "00128963",
            "name": "森の上",
            "lat": "35.598278",
            "lng": "139.316346"
        },
        {
            "index": "19",
            "id": "00128964",
            "name": "二本松(相模原市緑区)",
            "lat": "35.598551",
            "lng": "139.321613"
        },
        {
            "index": "20",
            "id": "00128965",
            "name": "相原中央",
            "lat": "35.598604",
            "lng": "139.324562"
        },
        {
            "index": "21",
            "id": "00128966",
            "name": "相原台",
            "lat": "35.598411",
            "lng": "139.32911"
        },
        {
            "index": "22",
            "id": "00128967",
            "name": "大西(相模原市緑区)",
            "lat": "35.598258",
            "lng": "139.331457"
        },
        {
            "index": "23",
            "id": "00128968",
            "name": "上町(相模原市緑区)",
            "lat": "35.597378",
            "lng": "139.33543"
        },
        {
            "index": "24",
            "id": "00129000",
            "name": "緑区合同庁舎前(相模原市緑区)",
            "lat": "35.595297",
            "lng": "139.336692"
        },
        {
            "index": "25",
            "id": "00128971",
            "name": "橋本二丁目",
            "lat": "35.595384",
            "lng": "139.340769"
        },
        {
            "index": "26",
            "id": "00128970",
            "name": "橋本駅南口",
            "lat": "35.594627",
            "lng": "139.344271"
        }
    ],
    "route_url": "https://www.kanachu.co.jp/dia/route/index/cid:0000802403/"
}
