{
    "date": "2026/01/16",
    "name": "四ツ角(平塚市)",
    "position": "-",
    "system": "平86",
    "destinations": [
        "明石町一丁目",
        "明石町(平塚市)",
        "崇善小学校前",
        "江陽中学校前(平塚市)",
        "美術館入口(平塚市)",
        "総合公園(平塚市)",
        "平塚球場",
        "西新町(平塚市)",
        "中原東(平塚市)",
        "中原中宿",
        "伊勢山(平塚市)",
        "住宅前(平塚市)",
        "大野中学校前",
        "西真土",
        "大野農協前",
        "市場前(平塚市)",
        "坂口(平塚市)",
        "今里(平塚市)",
        "横内団地前",
        "横内下",
        "横内公民館入口",
        "横内四ツ角",
        "横内上",
        "枝大島入口",
        "下小稲葉",
        "小稲葉",
        "沖小稲葉",
        "下谷(伊勢原市)",
        "大田小学校前",
        "沼目",
        "つきみの団地",
        "西沼目",
        "藤田電機前(伊勢原市)",
        "三福寺前",
        "下宿(伊勢原市)",
        "伊勢原駅南口"
    ],
    "weekday": [
        "6:31",
        "6:51",
        "7:11",
        "7:36",
        "7:56",
        "8:17",
        "8:38",
        "8:58",
        "9:27",
        "10:26",
        "11:26",
        "12:11",
        "13:11",
        "14:11",
        "15:01",
        "16:01",
        "16:21",
        "17:01",
        "17:36",
        "18:08",
        "18:38",
        "19:08",
        "19:36",
        "20:06",
        "20:41"
    ],
    "saturday": [
        "7:21",
        "8:21",
        "9:26",
        "10:26",
        "11:26",
        "12:26",
        "13:26",
        "14:26",
        "15:26",
        "16:26",
        "17:26",
        "18:26",
        "19:26",
        "20:21"
    ],
    "holiday": [
        "7:21",
        "8:21",
        "9:26",
        "10:26",
        "11:26",
        "12:26",
        "13:26",
        "14:26",
        "15:26",
        "16:26",
        "17:26",
        "18:26",
        "19:26",
        "20:21"
    ],
    "url": "https://www.kanachu.co.jp/dia/diagram/timetable01_js/course:0000804062-2/node:00127190/kt:0/lname:/"
}
