{
    "date": "2026/01/16",
    "name": "横内公民館入口",
    "position": "-",
    "system": "平86",
    "destinations": [
        "横内四ツ角",
        "横内上",
        "枝大島入口",
        "下小稲葉",
        "小稲葉",
        "沖小稲葉",
        "下谷(伊勢原市)",
        "大田小学校前",
        "沼目",
        "つきみの団地",
        "西沼目",
        "藤田電機前(伊勢原市)",
        "三福寺前",
        "下宿(伊勢原市)",
        "伊勢原駅南口"
    ],
    "weekday": [
        "6:51",
        "7:11",
        "7:31",
        "7:56",
        "8:16",
        "8:37",
        "8:58",
        "9:18",
        "9:47",
        "10:46",
        "11:46",
        "12:31",
        "13:31",
        "14:31",
        "15:21",
        "16:21",
        "16:41",
        "17:21",
        "17:56",
        "18:28",
        "18:58",
        "19:28",
        "19:56",
        "20:26",
        "21:01"
    ],
    "saturday": [
        "7:41",
        "8:41",
        "9:46",
        "10:46",
        "11:46",
        "12:46",
        "13:46",
        "14:46",
        "15:46",
        "16:46",
        "17:46",
        "18:46",
        "19:46",
        "20:41"
    ],
    "holiday": [
        "7:41",
        "8:41",
        "9:46",
        "10:46",
        "11:46",
        "12:46",
        "13:46",
        "14:46",
        "15:46",
        "16:46",
        "17:46",
        "18:46",
        "19:46",
        "20:41"
    ],
    "url": "https://www.kanachu.co.jp/dia/diagram/timetable01_js/course:0000804062-23/node:00127615/kt:0/lname:/"
}
