{
    "date": "2026/01/16",
    "name": "小稲葉",
    "position": "-",
    "system": "平86",
    "destinations": [
        "沖小稲葉",
        "下谷(伊勢原市)",
        "大田小学校前",
        "沼目",
        "つきみの団地",
        "西沼目",
        "藤田電機前(伊勢原市)",
        "三福寺前",
        "下宿(伊勢原市)",
        "伊勢原駅南口"
    ],
    "weekday": [
        "6:57",
        "7:18",
        "7:38",
        "8:03",
        "8:23",
        "8:44",
        "9:05",
        "9:25",
        "9:53",
        "10:52",
        "11:52",
        "12:37",
        "13:37",
        "14:37",
        "15:27",
        "16:27",
        "16:48",
        "17:28",
        "18:03",
        "18:35",
        "19:05",
        "19:34",
        "20:02",
        "20:32",
        "21:07"
    ],
    "saturday": [
        "7:47",
        "8:47",
        "9:52",
        "10:52",
        "11:52",
        "12:52",
        "13:52",
        "14:52",
        "15:52",
        "16:52",
        "17:52",
        "18:52",
        "19:52",
        "20:47"
    ],
    "holiday": [
        "7:47",
        "8:47",
        "9:52",
        "10:52",
        "11:52",
        "12:52",
        "13:52",
        "14:52",
        "15:52",
        "16:52",
        "17:52",
        "18:52",
        "19:52",
        "20:47"
    ],
    "url": "https://www.kanachu.co.jp/dia/diagram/timetable01_js/course:0000804062-28/node:00128120/kt:0/lname:/"
}
