{
    "date": "2026/01/16",
    "name": "藤田電機前(伊勢原市)",
    "position": "-",
    "system": "平86",
    "destinations": [
        "三福寺前",
        "下宿(伊勢原市)",
        "伊勢原駅南口"
    ],
    "weekday": [
        "7:05",
        "7:26",
        "7:46",
        "8:11",
        "8:31",
        "8:52",
        "9:13",
        "9:33",
        "10:01",
        "11:00",
        "12:00",
        "12:45",
        "13:45",
        "14:45",
        "15:35",
        "16:35",
        "16:56",
        "17:36",
        "18:11",
        "18:43",
        "19:13",
        "19:42",
        "20:10",
        "20:40",
        "21:15"
    ],
    "saturday": [
        "7:55",
        "8:55",
        "10:00",
        "11:00",
        "12:00",
        "13:00",
        "14:00",
        "15:00",
        "16:00",
        "17:00",
        "18:00",
        "19:00",
        "20:00",
        "20:55"
    ],
    "holiday": [
        "7:55",
        "8:55",
        "10:00",
        "11:00",
        "12:00",
        "13:00",
        "14:00",
        "15:00",
        "16:00",
        "17:00",
        "18:00",
        "19:00",
        "20:00",
        "20:55"
    ],
    "url": "https://www.kanachu.co.jp/dia/diagram/timetable01_js/course:0000804062-35/node:00128096/kt:0/lname:/"
}
