{
    "date": "2025/11/16",
    "name": "浅岡橋",
    "position": "-",
    "system": "",
    "destinations": [
        "浅間町車庫前",
        "洪福寺",
        "宮田町(横浜市保土ケ谷区)",
        "峯小学校前",
        "峰岡町",
        "常盤園下",
        "和田町(横浜市保土ケ谷区)",
        "保土ヶ谷中学校前",
        "上星川",
        "杉山神社前(横浜市保土ケ谷区)",
        "川島町(横浜市保土ケ谷区)",
        "西谷妙福寺前",
        "梅の木(横浜市保土ケ谷区)",
        "西谷駅前",
        "西谷(横浜市旭区)",
        "下白根橋",
        "白根不動入口",
        "白根町",
        "鶴ヶ峰駅",
        "鶴ヶ峰本町",
        "薬王寺入口",
        "鶴ヶ峰中学校前",
        "今宿小学校入口",
        "今宿(横浜市旭区)",
        "筑池",
        "農協前(横浜市旭区)",
        "都岡町",
        "下宿(横浜市旭区)",
        "川井宿",
        "福泉寺前(横浜市旭区)",
        "宮の下(横浜市旭区)",
        "長源寺前(横浜市旭区)",
        "上川井町",
        "大貫橋",
        "若葉台南",
        "若葉台近隣公園前",
        "若葉台中学校前",
        "霧が丘高校前",
        "若葉台車庫前",
        "若葉台中央(横浜市旭区)"
    ],
    "weekday": [
        "7:14",
        "7:51",
        "8:52",
        "9:51",
        "10:54",
        "11:59",
        "12:59",
        "13:59",
        "14:59",
        "15:59",
        "16:56",
        "17:54",
        "18:54",
        "20:10",
        "21:11",
        "21:59",
        "23:00"
    ],
    "saturday": [
        "6:49",
        "7:43",
        "8:35",
        "9:19",
        "9:44",
        "10:44",
        "11:46",
        "12:44",
        "13:46",
        "14:46",
        "15:46",
        "16:43",
        "17:41",
        "18:41",
        "19:49",
        "20:36",
        "21:16",
        "21:56"
    ],
    "holiday": [
        "7:06",
        "9:04",
        "9:44",
        "10:44",
        "11:44",
        "12:46",
        "13:46",
        "14:46",
        "15:46",
        "16:43",
        "17:41",
        "18:39",
        "19:49",
        "20:36",
        "21:16",
        "21:56"
    ],
    "url": "https://www.kanachu.co.jp/dia/diagram/timetable01_js/course:0000803668-5/node:00102205/kt:0/lname:/"
}
