{
    "date": "2025/11/16",
    "name": "洪福寺",
    "position": "-",
    "system": "",
    "destinations": [
        "宮田町(横浜市保土ケ谷区)",
        "峯小学校前",
        "峰岡町",
        "常盤園下",
        "和田町(横浜市保土ケ谷区)",
        "保土ヶ谷中学校前",
        "上星川",
        "杉山神社前(横浜市保土ケ谷区)",
        "川島町(横浜市保土ケ谷区)",
        "西谷妙福寺前",
        "梅の木(横浜市保土ケ谷区)",
        "西谷駅前",
        "西谷(横浜市旭区)",
        "下白根橋",
        "白根不動入口",
        "白根町",
        "鶴ヶ峰駅",
        "鶴ヶ峰本町",
        "薬王寺入口",
        "鶴ヶ峰中学校前",
        "今宿小学校入口",
        "今宿(横浜市旭区)",
        "筑池",
        "農協前(横浜市旭区)",
        "都岡町",
        "下宿(横浜市旭区)",
        "川井宿",
        "福泉寺前(横浜市旭区)",
        "宮の下(横浜市旭区)",
        "長源寺前(横浜市旭区)",
        "上川井町",
        "大貫橋",
        "若葉台南",
        "若葉台近隣公園前",
        "若葉台中学校前",
        "霧が丘高校前",
        "若葉台車庫前",
        "若葉台中央(横浜市旭区)"
    ],
    "weekday": [
        "7:16",
        "7:53",
        "8:54",
        "9:53",
        "10:56",
        "12:01",
        "13:01",
        "14:01",
        "15:01",
        "16:01",
        "16:58",
        "17:56",
        "18:56",
        "20:12",
        "21:13",
        "22:01",
        "23:02"
    ],
    "saturday": [
        "6:51",
        "7:45",
        "8:37",
        "9:21",
        "9:46",
        "10:46",
        "11:48",
        "12:46",
        "13:48",
        "14:48",
        "15:48",
        "16:45",
        "17:43",
        "18:43",
        "19:51",
        "20:38",
        "21:18",
        "21:58"
    ],
    "holiday": [
        "7:08",
        "9:06",
        "9:46",
        "10:46",
        "11:46",
        "12:48",
        "13:48",
        "14:48",
        "15:48",
        "16:45",
        "17:43",
        "18:41",
        "19:51",
        "20:38",
        "21:18",
        "21:58"
    ],
    "url": "https://www.kanachu.co.jp/dia/diagram/timetable01_js/course:0000803668-7/node:00102504/kt:0/lname:/"
}
