{
    "date": "2025/11/16",
    "name": "常盤園下",
    "position": "-",
    "system": "05",
    "destinations": [
        "和田町(横浜市保土ケ谷区)",
        "保土ヶ谷中学校前",
        "上星川",
        "杉山神社前(横浜市保土ケ谷区)",
        "川島町(横浜市保土ケ谷区)",
        "西谷妙福寺前",
        "梅の木(横浜市保土ケ谷区)",
        "西谷駅前",
        "西谷(横浜市旭区)",
        "下白根橋",
        "白根不動入口",
        "白根町",
        "鶴ヶ峰駅",
        "鶴ヶ峰本町",
        "薬王寺入口",
        "鶴ヶ峰中学校前",
        "今宿小学校入口",
        "今宿(横浜市旭区)",
        "筑池",
        "農協前(横浜市旭区)",
        "都岡町",
        "下宿(横浜市旭区)",
        "川井宿",
        "福泉寺前(横浜市旭区)",
        "宮の下(横浜市旭区)",
        "長源寺前(横浜市旭区)",
        "上川井町",
        "大貫橋",
        "若葉台南",
        "若葉台近隣公園前",
        "若葉台中学校前",
        "霧が丘高校前",
        "若葉台車庫前",
        "若葉台中央(横浜市旭区)"
    ],
    "weekday": [
        "7:21",
        "7:58",
        "8:59",
        "9:58",
        "11:01",
        "12:06",
        "13:06",
        "14:06",
        "15:06",
        "16:06",
        "17:03",
        "18:01",
        "19:01",
        "20:17",
        "21:18",
        "22:06",
        "23:07"
    ],
    "saturday": [
        "6:56",
        "7:50",
        "8:42",
        "9:26",
        "9:51",
        "10:51",
        "11:53",
        "12:51",
        "13:53",
        "14:53",
        "15:53",
        "16:50",
        "17:48",
        "18:48",
        "19:56",
        "20:43",
        "21:23",
        "22:03"
    ],
    "holiday": [
        "7:13",
        "9:11",
        "9:51",
        "10:51",
        "11:51",
        "12:53",
        "13:53",
        "14:53",
        "15:53",
        "16:50",
        "17:48",
        "18:46",
        "19:56",
        "20:43",
        "21:23",
        "22:03"
    ],
    "url": "https://www.kanachu.co.jp/dia/diagram/timetable01_js/course:0000803668-11/node:00102799/kt:0/lname:/"
}
