{
    "date": "2025/11/16",
    "name": "和田町(横浜市保土ケ谷区)",
    "position": "-",
    "system": "",
    "destinations": [
        "保土ヶ谷中学校前",
        "上星川",
        "杉山神社前(横浜市保土ケ谷区)",
        "川島町(横浜市保土ケ谷区)",
        "西谷妙福寺前",
        "梅の木(横浜市保土ケ谷区)",
        "西谷駅前",
        "西谷(横浜市旭区)",
        "下白根橋",
        "白根不動入口",
        "白根町",
        "鶴ヶ峰駅",
        "鶴ヶ峰本町",
        "薬王寺入口",
        "鶴ヶ峰中学校前",
        "今宿小学校入口",
        "今宿(横浜市旭区)",
        "筑池",
        "農協前(横浜市旭区)",
        "都岡町",
        "下宿(横浜市旭区)",
        "川井宿",
        "福泉寺前(横浜市旭区)",
        "宮の下(横浜市旭区)",
        "長源寺前(横浜市旭区)",
        "上川井町",
        "大貫橋",
        "若葉台南",
        "若葉台近隣公園前",
        "若葉台中学校前",
        "霧が丘高校前",
        "若葉台車庫前",
        "若葉台中央(横浜市旭区)"
    ],
    "weekday": [
        "7:22",
        "7:59",
        "9:00",
        "9:59",
        "11:02",
        "12:07",
        "13:07",
        "14:07",
        "15:07",
        "16:07",
        "17:04",
        "18:02",
        "19:02",
        "20:18",
        "21:19",
        "22:07",
        "23:08"
    ],
    "saturday": [
        "6:57",
        "7:51",
        "8:43",
        "9:27",
        "9:52",
        "10:52",
        "11:54",
        "12:52",
        "13:54",
        "14:54",
        "15:54",
        "16:51",
        "17:49",
        "18:49",
        "19:57",
        "20:44",
        "21:24",
        "22:04"
    ],
    "holiday": [
        "7:14",
        "9:12",
        "9:52",
        "10:52",
        "11:52",
        "12:54",
        "13:54",
        "14:54",
        "15:54",
        "16:51",
        "17:49",
        "18:47",
        "19:57",
        "20:44",
        "21:24",
        "22:04"
    ],
    "url": "https://www.kanachu.co.jp/dia/diagram/timetable01_js/course:0000803668-12/node:00103260/kt:0/lname:/"
}
