{
    "date": "2025/11/16",
    "name": "西谷駅前",
    "position": "-",
    "system": "",
    "destinations": [
        "西谷(横浜市旭区)",
        "下白根橋",
        "白根不動入口",
        "白根町",
        "鶴ヶ峰駅",
        "鶴ヶ峰本町",
        "薬王寺入口",
        "鶴ヶ峰中学校前",
        "今宿小学校入口",
        "今宿(横浜市旭区)",
        "筑池",
        "農協前(横浜市旭区)",
        "都岡町",
        "下宿(横浜市旭区)",
        "川井宿",
        "福泉寺前(横浜市旭区)",
        "宮の下(横浜市旭区)",
        "長源寺前(横浜市旭区)",
        "上川井町",
        "大貫橋",
        "若葉台南",
        "若葉台近隣公園前",
        "若葉台中学校前",
        "霧が丘高校前",
        "若葉台車庫前",
        "若葉台中央(横浜市旭区)"
    ],
    "weekday": [
        "7:31",
        "8:08",
        "9:09",
        "10:08",
        "11:11",
        "12:16",
        "13:16",
        "14:16",
        "15:16",
        "16:16",
        "17:13",
        "18:11",
        "19:11",
        "20:27",
        "21:28",
        "22:16",
        "23:17"
    ],
    "saturday": [
        "7:06",
        "8:00",
        "8:52",
        "9:36",
        "10:01",
        "11:01",
        "12:03",
        "13:01",
        "14:03",
        "15:03",
        "16:03",
        "17:00",
        "17:58",
        "18:58",
        "20:06",
        "20:53",
        "21:33",
        "22:13"
    ],
    "holiday": [
        "7:23",
        "9:21",
        "10:01",
        "11:01",
        "12:01",
        "13:03",
        "14:03",
        "15:03",
        "16:03",
        "17:00",
        "17:58",
        "18:56",
        "20:06",
        "20:53",
        "21:33",
        "22:13"
    ],
    "url": "https://www.kanachu.co.jp/dia/diagram/timetable01_js/course:0000803668-19/node:00102883/kt:0/lname:/"
}
