{
    "date": "2025/11/16",
    "name": "西谷(横浜市旭区)",
    "position": "-",
    "system": "",
    "destinations": [
        "下白根橋",
        "白根不動入口",
        "白根町",
        "鶴ヶ峰駅",
        "鶴ヶ峰本町",
        "薬王寺入口",
        "鶴ヶ峰中学校前",
        "今宿小学校入口",
        "今宿(横浜市旭区)",
        "筑池",
        "農協前(横浜市旭区)",
        "都岡町",
        "下宿(横浜市旭区)",
        "川井宿",
        "福泉寺前(横浜市旭区)",
        "宮の下(横浜市旭区)",
        "長源寺前(横浜市旭区)",
        "上川井町",
        "大貫橋",
        "若葉台南",
        "若葉台近隣公園前",
        "若葉台中学校前",
        "霧が丘高校前",
        "若葉台車庫前",
        "若葉台中央(横浜市旭区)"
    ],
    "weekday": [
        "7:34",
        "8:11",
        "9:12",
        "10:11",
        "11:14",
        "12:19",
        "13:19",
        "14:19",
        "15:19",
        "16:19",
        "17:16",
        "18:14",
        "19:14",
        "20:28",
        "21:29",
        "22:17",
        "23:18"
    ],
    "saturday": [
        "7:07",
        "8:01",
        "8:53",
        "9:39",
        "10:04",
        "11:04",
        "12:06",
        "13:04",
        "14:06",
        "15:06",
        "16:06",
        "17:03",
        "18:01",
        "19:01",
        "20:07",
        "20:54",
        "21:34",
        "22:14"
    ],
    "holiday": [
        "7:24",
        "9:24",
        "10:04",
        "11:04",
        "12:04",
        "13:06",
        "14:06",
        "15:06",
        "16:06",
        "17:03",
        "18:01",
        "18:59",
        "20:07",
        "20:54",
        "21:34",
        "22:14"
    ],
    "url": "https://www.kanachu.co.jp/dia/diagram/timetable01_js/course:0000803668-20/node:00102884/kt:0/lname:/"
}
