{
    "date": "2025/11/16",
    "name": "鶴ヶ峰駅",
    "position": "-",
    "system": "",
    "destinations": [
        "鶴ヶ峰本町",
        "薬王寺入口",
        "鶴ヶ峰中学校前",
        "今宿小学校入口",
        "今宿(横浜市旭区)",
        "筑池",
        "農協前(横浜市旭区)",
        "都岡町",
        "下宿(横浜市旭区)",
        "川井宿",
        "福泉寺前(横浜市旭区)",
        "宮の下(横浜市旭区)",
        "長源寺前(横浜市旭区)",
        "上川井町",
        "大貫橋",
        "若葉台南",
        "若葉台近隣公園前",
        "若葉台中学校前",
        "霧が丘高校前",
        "若葉台車庫前",
        "若葉台中央(横浜市旭区)"
    ],
    "weekday": [
        "7:45",
        "8:22",
        "9:23",
        "10:22",
        "11:25",
        "12:30",
        "13:30",
        "14:30",
        "15:30",
        "16:30",
        "17:30",
        "18:30",
        "19:30",
        "20:36",
        "21:37",
        "22:25",
        "23:26"
    ],
    "saturday": [
        "7:14",
        "8:08",
        "9:00",
        "9:50",
        "10:15",
        "11:15",
        "12:17",
        "13:15",
        "14:17",
        "15:17",
        "16:17",
        "17:17",
        "18:17",
        "19:17",
        "20:15",
        "21:02",
        "21:42",
        "22:22"
    ],
    "holiday": [
        "7:31",
        "9:35",
        "10:15",
        "11:15",
        "12:15",
        "13:17",
        "14:17",
        "15:17",
        "16:17",
        "17:17",
        "18:17",
        "19:15",
        "20:15",
        "21:02",
        "21:42",
        "22:22"
    ],
    "url": "https://www.kanachu.co.jp/dia/diagram/timetable01_js/course:0000803668-24/node:00102756/kt:0/lname:/"
}
