{
    "date": "2025/11/16",
    "name": "薬王寺入口",
    "position": "-",
    "system": "",
    "destinations": [
        "鶴ヶ峰中学校前",
        "今宿小学校入口",
        "今宿(横浜市旭区)",
        "筑池",
        "農協前(横浜市旭区)",
        "都岡町",
        "下宿(横浜市旭区)",
        "川井宿",
        "福泉寺前(横浜市旭区)",
        "宮の下(横浜市旭区)",
        "長源寺前(横浜市旭区)",
        "上川井町",
        "大貫橋",
        "若葉台南",
        "若葉台近隣公園前",
        "若葉台中学校前",
        "霧が丘高校前",
        "若葉台車庫前",
        "若葉台中央(横浜市旭区)"
    ],
    "weekday": [
        "7:47",
        "8:24",
        "9:25",
        "10:24",
        "11:27",
        "12:32",
        "13:32",
        "14:32",
        "15:32",
        "16:32",
        "17:32",
        "18:32",
        "19:32",
        "20:38",
        "21:39",
        "22:27",
        "23:28"
    ],
    "saturday": [
        "7:16",
        "8:10",
        "9:02",
        "9:52",
        "10:17",
        "11:17",
        "12:19",
        "13:17",
        "14:19",
        "15:19",
        "16:19",
        "17:19",
        "18:19",
        "19:19",
        "20:17",
        "21:04",
        "21:44",
        "22:24"
    ],
    "holiday": [
        "7:33",
        "9:37",
        "10:17",
        "11:17",
        "12:17",
        "13:19",
        "14:19",
        "15:19",
        "16:19",
        "17:19",
        "18:19",
        "19:17",
        "20:17",
        "21:04",
        "21:44",
        "22:24"
    ],
    "url": "https://www.kanachu.co.jp/dia/diagram/timetable01_js/course:0000803668-26/node:00129719/kt:0/lname:/"
}
