{
    "date": "2025/11/16",
    "name": "今宿(横浜市旭区)",
    "position": "-",
    "system": "",
    "destinations": [
        "筑池",
        "農協前(横浜市旭区)",
        "都岡町",
        "下宿(横浜市旭区)",
        "川井宿",
        "福泉寺前(横浜市旭区)",
        "宮の下(横浜市旭区)",
        "長源寺前(横浜市旭区)",
        "上川井町",
        "大貫橋",
        "若葉台南",
        "若葉台近隣公園前",
        "若葉台中学校前",
        "霧が丘高校前",
        "若葉台車庫前",
        "若葉台中央(横浜市旭区)"
    ],
    "weekday": [
        "7:51",
        "8:28",
        "9:29",
        "10:28",
        "11:31",
        "12:36",
        "13:36",
        "14:36",
        "15:36",
        "16:36",
        "17:36",
        "18:36",
        "19:36",
        "20:42",
        "21:43",
        "22:31",
        "23:32"
    ],
    "saturday": [
        "7:20",
        "8:14",
        "9:06",
        "9:56",
        "10:21",
        "11:21",
        "12:23",
        "13:21",
        "14:23",
        "15:23",
        "16:23",
        "17:23",
        "18:23",
        "19:23",
        "20:21",
        "21:08",
        "21:48",
        "22:28"
    ],
    "holiday": [
        "7:37",
        "9:41",
        "10:21",
        "11:21",
        "12:21",
        "13:23",
        "14:23",
        "15:23",
        "16:23",
        "17:23",
        "18:23",
        "19:21",
        "20:21",
        "21:08",
        "21:48",
        "22:28"
    ],
    "url": "https://www.kanachu.co.jp/dia/diagram/timetable01_js/course:0000803668-29/node:00129716/kt:0/lname:/"
}
