{
    "date": "2025/11/16",
    "name": "下宿(横浜市旭区)",
    "position": "-",
    "system": "",
    "destinations": [
        "川井宿",
        "福泉寺前(横浜市旭区)",
        "宮の下(横浜市旭区)",
        "長源寺前(横浜市旭区)",
        "上川井町",
        "大貫橋",
        "若葉台南",
        "若葉台近隣公園前",
        "若葉台中学校前",
        "霧が丘高校前",
        "若葉台車庫前",
        "若葉台中央(横浜市旭区)"
    ],
    "weekday": [
        "7:55",
        "8:32",
        "9:33",
        "10:32",
        "11:35",
        "12:40",
        "13:40",
        "14:40",
        "15:40",
        "16:40",
        "17:40",
        "18:40",
        "19:40",
        "20:46",
        "21:47",
        "22:35",
        "23:36"
    ],
    "saturday": [
        "7:24",
        "8:18",
        "9:10",
        "10:00",
        "10:25",
        "11:25",
        "12:27",
        "13:25",
        "14:27",
        "15:27",
        "16:27",
        "17:27",
        "18:27",
        "19:27",
        "20:25",
        "21:12",
        "21:52",
        "22:32"
    ],
    "holiday": [
        "7:41",
        "9:45",
        "10:25",
        "11:25",
        "12:25",
        "13:27",
        "14:27",
        "15:27",
        "16:27",
        "17:27",
        "18:27",
        "19:25",
        "20:25",
        "21:12",
        "21:52",
        "22:32"
    ],
    "url": "https://www.kanachu.co.jp/dia/diagram/timetable01_js/course:0000803668-33/node:00129712/kt:0/lname:/"
}
