{
    "date": "2025/11/16",
    "name": "川井宿",
    "position": "-",
    "system": "05",
    "destinations": [
        "福泉寺前(横浜市旭区)",
        "宮の下(横浜市旭区)",
        "長源寺前(横浜市旭区)",
        "上川井町",
        "大貫橋",
        "若葉台南",
        "若葉台近隣公園前",
        "若葉台中学校前",
        "霧が丘高校前",
        "若葉台車庫前",
        "若葉台中央(横浜市旭区)"
    ],
    "weekday": [
        "7:56",
        "8:33",
        "9:34",
        "10:33",
        "11:36",
        "12:41",
        "13:41",
        "14:41",
        "15:41",
        "16:41",
        "17:41",
        "18:41",
        "19:41",
        "20:47",
        "21:48",
        "22:36",
        "23:37"
    ],
    "saturday": [
        "7:25",
        "8:19",
        "9:11",
        "10:01",
        "10:26",
        "11:26",
        "12:28",
        "13:26",
        "14:28",
        "15:28",
        "16:28",
        "17:28",
        "18:28",
        "19:28",
        "20:26",
        "21:13",
        "21:53",
        "22:33"
    ],
    "holiday": [
        "7:42",
        "9:46",
        "10:26",
        "11:26",
        "12:26",
        "13:28",
        "14:28",
        "15:28",
        "16:28",
        "17:28",
        "18:28",
        "19:26",
        "20:26",
        "21:13",
        "21:53",
        "22:33"
    ],
    "url": "https://www.kanachu.co.jp/dia/diagram/timetable01_js/course:0000803668-34/node:00129711/kt:0/lname:/"
}
