{
    "date": "2025/11/16",
    "name": "福泉寺前(横浜市旭区)",
    "position": "-",
    "system": "05",
    "destinations": [
        "宮の下(横浜市旭区)",
        "長源寺前(横浜市旭区)",
        "上川井町",
        "大貫橋",
        "若葉台南",
        "若葉台近隣公園前",
        "若葉台中学校前",
        "霧が丘高校前",
        "若葉台車庫前",
        "若葉台中央(横浜市旭区)"
    ],
    "weekday": [
        "7:58",
        "8:35",
        "9:36",
        "10:35",
        "11:38",
        "12:43",
        "13:43",
        "14:43",
        "15:43",
        "16:43",
        "17:43",
        "18:43",
        "19:43",
        "20:49",
        "21:50",
        "22:38",
        "23:39"
    ],
    "saturday": [
        "7:27",
        "8:21",
        "9:13",
        "10:03",
        "10:28",
        "11:28",
        "12:30",
        "13:28",
        "14:30",
        "15:30",
        "16:30",
        "17:30",
        "18:30",
        "19:30",
        "20:28",
        "21:15",
        "21:55",
        "22:35"
    ],
    "holiday": [
        "7:44",
        "9:48",
        "10:28",
        "11:28",
        "12:28",
        "13:30",
        "14:30",
        "15:30",
        "16:30",
        "17:30",
        "18:30",
        "19:28",
        "20:28",
        "21:15",
        "21:55",
        "22:35"
    ],
    "url": "https://www.kanachu.co.jp/dia/diagram/timetable01_js/course:0000803668-35/node:00129710/kt:0/lname:/"
}
