{
    "date": "2025/11/16",
    "name": "宮の下(横浜市旭区)",
    "position": "-",
    "system": "05",
    "destinations": [
        "長源寺前(横浜市旭区)",
        "上川井町",
        "大貫橋",
        "若葉台南",
        "若葉台近隣公園前",
        "若葉台中学校前",
        "霧が丘高校前",
        "若葉台車庫前",
        "若葉台中央(横浜市旭区)"
    ],
    "weekday": [
        "7:59",
        "8:36",
        "9:37",
        "10:36",
        "11:39",
        "12:44",
        "13:44",
        "14:44",
        "15:44",
        "16:44",
        "17:44",
        "18:44",
        "19:44",
        "20:50",
        "21:51",
        "22:39",
        "23:40"
    ],
    "saturday": [
        "7:28",
        "8:22",
        "9:14",
        "10:04",
        "10:29",
        "11:29",
        "12:31",
        "13:29",
        "14:31",
        "15:31",
        "16:31",
        "17:31",
        "18:31",
        "19:31",
        "20:29",
        "21:16",
        "21:56",
        "22:36"
    ],
    "holiday": [
        "7:45",
        "9:49",
        "10:29",
        "11:29",
        "12:29",
        "13:31",
        "14:31",
        "15:31",
        "16:31",
        "17:31",
        "18:31",
        "19:29",
        "20:29",
        "21:16",
        "21:56",
        "22:36"
    ],
    "url": "https://www.kanachu.co.jp/dia/diagram/timetable01_js/course:0000803668-36/node:00129709/kt:0/lname:/"
}
