{
    "date": "2025/11/16",
    "name": "長源寺前(横浜市旭区)",
    "position": "-",
    "system": "",
    "destinations": [
        "上川井町",
        "大貫橋",
        "若葉台南",
        "若葉台近隣公園前",
        "若葉台中学校前",
        "霧が丘高校前",
        "若葉台車庫前",
        "若葉台中央(横浜市旭区)"
    ],
    "weekday": [
        "8:00",
        "8:37",
        "9:38",
        "10:37",
        "11:40",
        "12:45",
        "13:45",
        "14:45",
        "15:45",
        "16:45",
        "17:45",
        "18:45",
        "19:45",
        "20:51",
        "21:52",
        "22:40",
        "23:41"
    ],
    "saturday": [
        "7:29",
        "8:23",
        "9:15",
        "10:05",
        "10:30",
        "11:30",
        "12:32",
        "13:30",
        "14:32",
        "15:32",
        "16:32",
        "17:32",
        "18:32",
        "19:32",
        "20:30",
        "21:17",
        "21:57",
        "22:37"
    ],
    "holiday": [
        "7:46",
        "9:50",
        "10:30",
        "11:30",
        "12:30",
        "13:32",
        "14:32",
        "15:32",
        "16:32",
        "17:32",
        "18:32",
        "19:30",
        "20:30",
        "21:17",
        "21:57",
        "22:37"
    ],
    "url": "https://www.kanachu.co.jp/dia/diagram/timetable01_js/course:0000803668-37/node:00129708/kt:0/lname:/"
}
