{
    "date": "2025/11/16",
    "name": "上川井町",
    "position": "-",
    "system": "",
    "destinations": [
        "大貫橋",
        "若葉台南",
        "若葉台近隣公園前",
        "若葉台中学校前",
        "霧が丘高校前",
        "若葉台車庫前",
        "若葉台中央(横浜市旭区)"
    ],
    "weekday": [
        "8:01",
        "8:38",
        "9:39",
        "10:38",
        "11:41",
        "12:46",
        "13:46",
        "14:46",
        "15:46",
        "16:46",
        "17:46",
        "18:46",
        "19:46",
        "20:52",
        "21:53",
        "22:41",
        "23:42"
    ],
    "saturday": [
        "7:30",
        "8:24",
        "9:16",
        "10:06",
        "10:31",
        "11:31",
        "12:33",
        "13:31",
        "14:33",
        "15:33",
        "16:33",
        "17:33",
        "18:33",
        "19:33",
        "20:31",
        "21:18",
        "21:58",
        "22:38"
    ],
    "holiday": [
        "7:47",
        "9:51",
        "10:31",
        "11:31",
        "12:31",
        "13:33",
        "14:33",
        "15:33",
        "16:33",
        "17:33",
        "18:33",
        "19:31",
        "20:31",
        "21:18",
        "21:58",
        "22:38"
    ],
    "url": "https://www.kanachu.co.jp/dia/diagram/timetable01_js/course:0000803668-38/node:00129707/kt:0/lname:/"
}
