{
    "date": "2024/09/02",
    "name": "消防署前(横浜市戸塚区)",
    "position": "-",
    "system": "戸93",
    "destinations": [
        "八坂神社前",
        "東電前(横浜市戸塚区)",
        "皇谷台団地",
        "法務局前(横浜市戸塚区)",
        "長久保(横浜市戸塚区)",
        "下郷(横浜市戸塚区)",
        "日ノ出橋(横浜市戸塚区)",
        "金井(横浜市栄区)",
        "町内会館前(横浜市栄区)",
        "戸塚台入口",
        "原宿公園",
        "戸塚台",
        "戸塚台中央",
        "遊水池前(横浜市戸塚区)",
        "戸塚台入口",
        "町内会館前(横浜市栄区)",
        "金井(横浜市栄区)",
        "日ノ出橋(横浜市戸塚区)",
        "下郷(横浜市戸塚区)",
        "長久保(横浜市戸塚区)",
        "法務局前(横浜市戸塚区)",
        "皇谷台団地",
        "東電前(横浜市戸塚区)",
        "八坂神社前",
        "消防署前(横浜市戸塚区)",
        "戸塚駅西口",
        "戸塚バスセンター"
    ],
    "weekday": [
        "7:38",
        "8:01",
        "8:25",
        "9:11",
        "10:11",
        "10:51",
        "11:51",
        "12:51",
        "13:51",
        "14:31",
        "15:26",
        "16:16",
        "17:01",
        "17:51",
        "18:46",
        "19:01",
        "19:51",
        "20:41"
    ],
    "saturday": [
        "7:31",
        "8:59",
        "9:51",
        "10:41",
        "11:41",
        "12:41",
        "13:41",
        "14:41",
        "15:26",
        "16:11",
        "17:06",
        "17:56",
        "19:16",
        "20:11"
    ],
    "holiday": [
        "7:31",
        "8:59",
        "9:51",
        "10:41",
        "11:41",
        "12:41",
        "13:41",
        "14:41",
        "15:26",
        "16:11",
        "17:06",
        "17:56",
        "19:16",
        "20:11"
    ],
    "url": "https://www.kanachu.co.jp/dia/diagram/timetable01_js/course:0000803598-2/node:00126809/kt:0/lname:/"
}
