{
    "date": "2024/09/02",
    "name": "八坂神社前",
    "position": "-",
    "system": "戸93",
    "destinations": [
        "東電前(横浜市戸塚区)",
        "皇谷台団地",
        "法務局前(横浜市戸塚区)",
        "長久保(横浜市戸塚区)",
        "下郷(横浜市戸塚区)",
        "日ノ出橋(横浜市戸塚区)",
        "金井(横浜市栄区)",
        "町内会館前(横浜市栄区)",
        "戸塚台入口",
        "原宿公園",
        "戸塚台",
        "戸塚台中央",
        "遊水池前(横浜市戸塚区)",
        "戸塚台入口",
        "町内会館前(横浜市栄区)",
        "金井(横浜市栄区)",
        "日ノ出橋(横浜市戸塚区)",
        "下郷(横浜市戸塚区)",
        "長久保(横浜市戸塚区)",
        "法務局前(横浜市戸塚区)",
        "皇谷台団地",
        "東電前(横浜市戸塚区)",
        "八坂神社前",
        "消防署前(横浜市戸塚区)",
        "戸塚駅西口",
        "戸塚バスセンター"
    ],
    "weekday": [
        "7:40",
        "8:03",
        "8:27",
        "9:13",
        "10:13",
        "10:53",
        "11:53",
        "12:53",
        "13:53",
        "14:33",
        "15:28",
        "16:18",
        "17:03",
        "17:53",
        "18:48",
        "19:03",
        "19:53",
        "20:43"
    ],
    "saturday": [
        "7:33",
        "9:01",
        "9:53",
        "10:43",
        "11:43",
        "12:43",
        "13:43",
        "14:43",
        "15:28",
        "16:13",
        "17:08",
        "17:58",
        "19:18",
        "20:13"
    ],
    "holiday": [
        "7:33",
        "9:01",
        "9:53",
        "10:43",
        "11:43",
        "12:43",
        "13:43",
        "14:43",
        "15:28",
        "16:13",
        "17:08",
        "17:58",
        "19:18",
        "20:13"
    ],
    "url": "https://www.kanachu.co.jp/dia/diagram/timetable01_js/course:0000803598-3/node:00126810/kt:0/lname:/"
}
