{
    "date": "2024/09/02",
    "name": "法務局前(横浜市戸塚区)",
    "position": "-",
    "system": "戸93",
    "destinations": [
        "長久保(横浜市戸塚区)",
        "下郷(横浜市戸塚区)",
        "日ノ出橋(横浜市戸塚区)",
        "金井(横浜市栄区)",
        "町内会館前(横浜市栄区)",
        "戸塚台入口",
        "原宿公園",
        "戸塚台",
        "戸塚台中央",
        "遊水池前(横浜市戸塚区)",
        "戸塚台入口",
        "町内会館前(横浜市栄区)",
        "金井(横浜市栄区)",
        "日ノ出橋(横浜市戸塚区)",
        "下郷(横浜市戸塚区)",
        "長久保(横浜市戸塚区)",
        "法務局前(横浜市戸塚区)",
        "皇谷台団地",
        "東電前(横浜市戸塚区)",
        "八坂神社前",
        "消防署前(横浜市戸塚区)",
        "戸塚駅西口",
        "戸塚バスセンター"
    ],
    "weekday": [
        "7:43",
        "8:06",
        "8:30",
        "9:16",
        "10:16",
        "10:56",
        "11:56",
        "12:56",
        "13:56",
        "14:36",
        "15:31",
        "16:21",
        "17:06",
        "17:56",
        "18:51",
        "19:06",
        "19:56",
        "20:46"
    ],
    "saturday": [
        "7:36",
        "9:04",
        "9:56",
        "10:46",
        "11:46",
        "12:46",
        "13:46",
        "14:46",
        "15:31",
        "16:16",
        "17:11",
        "18:01",
        "19:21",
        "20:16"
    ],
    "holiday": [
        "7:36",
        "9:04",
        "9:56",
        "10:46",
        "11:46",
        "12:46",
        "13:46",
        "14:46",
        "15:31",
        "16:16",
        "17:11",
        "18:01",
        "19:21",
        "20:16"
    ],
    "url": "https://www.kanachu.co.jp/dia/diagram/timetable01_js/course:0000803598-6/node:00126840/kt:0/lname:/"
}
