{
    "date": "2024/09/02",
    "name": "戸塚台",
    "position": "-",
    "system": "戸93",
    "destinations": [
        "戸塚台中央",
        "遊水池前(横浜市戸塚区)",
        "戸塚台入口",
        "町内会館前(横浜市栄区)",
        "金井(横浜市栄区)",
        "日ノ出橋(横浜市戸塚区)",
        "下郷(横浜市戸塚区)",
        "長久保(横浜市戸塚区)",
        "法務局前(横浜市戸塚区)",
        "皇谷台団地",
        "東電前(横浜市戸塚区)",
        "八坂神社前",
        "消防署前(横浜市戸塚区)",
        "戸塚駅西口",
        "戸塚バスセンター"
    ],
    "weekday": [
        "7:53",
        "8:16",
        "8:40",
        "9:26",
        "10:26",
        "11:06",
        "12:06",
        "13:06",
        "14:06",
        "14:46",
        "15:41",
        "16:31",
        "17:16",
        "18:06",
        "19:01",
        "19:16",
        "20:06",
        "20:56"
    ],
    "saturday": [
        "7:46",
        "9:14",
        "10:06",
        "10:56",
        "11:56",
        "12:56",
        "13:56",
        "14:56",
        "15:41",
        "16:26",
        "17:21",
        "18:11",
        "19:31",
        "20:26"
    ],
    "holiday": [
        "7:46",
        "9:14",
        "10:06",
        "10:56",
        "11:56",
        "12:56",
        "13:56",
        "14:56",
        "15:41",
        "16:26",
        "17:21",
        "18:11",
        "19:31",
        "20:26"
    ],
    "url": "https://www.kanachu.co.jp/dia/diagram/timetable01_js/course:0000803598-14/node:00126866/kt:0/lname:/"
}
