{
    "date": "2024/09/02",
    "name": "日ノ出橋(横浜市戸塚区)",
    "position": "-",
    "system": "戸93",
    "destinations": [
        "下郷(横浜市戸塚区)",
        "長久保(横浜市戸塚区)",
        "法務局前(横浜市戸塚区)",
        "皇谷台団地",
        "東電前(横浜市戸塚区)",
        "八坂神社前",
        "消防署前(横浜市戸塚区)",
        "戸塚駅西口",
        "戸塚バスセンター"
    ],
    "weekday": [
        "8:00",
        "8:23",
        "8:47",
        "9:33",
        "10:33",
        "11:13",
        "12:13",
        "13:13",
        "14:13",
        "14:53",
        "15:48",
        "16:38",
        "17:23",
        "18:13",
        "19:08",
        "19:23",
        "20:13",
        "21:03"
    ],
    "saturday": [
        "7:53",
        "9:21",
        "10:13",
        "11:03",
        "12:03",
        "13:03",
        "14:03",
        "15:03",
        "15:48",
        "16:33",
        "17:28",
        "18:18",
        "19:38",
        "20:33"
    ],
    "holiday": [
        "7:53",
        "9:21",
        "10:13",
        "11:03",
        "12:03",
        "13:03",
        "14:03",
        "15:03",
        "15:48",
        "16:33",
        "17:28",
        "18:18",
        "19:38",
        "20:33"
    ],
    "url": "https://www.kanachu.co.jp/dia/diagram/timetable01_js/course:0000803598-20/node:00126843/kt:0/lname:/"
}
