{
    "date": "2024/09/02",
    "name": "東電前(横浜市戸塚区)",
    "position": "-",
    "system": "戸93",
    "destinations": [
        "八坂神社前",
        "消防署前(横浜市戸塚区)",
        "戸塚駅西口",
        "戸塚バスセンター"
    ],
    "weekday": [
        "8:05",
        "8:28",
        "8:52",
        "9:38",
        "10:38",
        "11:18",
        "12:18",
        "13:18",
        "14:18",
        "14:58",
        "15:53",
        "16:43",
        "17:28",
        "18:18",
        "19:13",
        "19:28",
        "20:18",
        "21:08"
    ],
    "saturday": [
        "7:58",
        "9:26",
        "10:18",
        "11:08",
        "12:08",
        "13:08",
        "14:08",
        "15:08",
        "15:53",
        "16:38",
        "17:33",
        "18:23",
        "19:43",
        "20:38"
    ],
    "holiday": [
        "7:58",
        "9:26",
        "10:18",
        "11:08",
        "12:08",
        "13:08",
        "14:08",
        "15:08",
        "15:53",
        "16:38",
        "17:33",
        "18:23",
        "19:43",
        "20:38"
    ],
    "url": "https://www.kanachu.co.jp/dia/diagram/timetable01_js/course:0000803598-25/node:00126838/kt:0/lname:/"
}
