{
    "date": "2024/10/01",
    "name": "下大塚",
    "position": "-",
    "system": "",
    "destinations": [
        "六倉",
        "諏訪東(愛甲郡愛川町)",
        "上六倉",
        "児童遊園地前(愛甲郡愛川町)",
        "六倉坂上",
        "六倉坂",
        "下六倉",
        "大塚下団地",
        "下小沢入口",
        "下小沢",
        "小沢大堀南",
        "小沢大堀北",
        "小沢坂下",
        "小沢坂上",
        "大塚(愛甲郡愛川町)",
        "春日台団地北",
        "郵便局前(愛甲郡愛川町)",
        "箕輪(愛甲郡愛川町)",
        "愛川町役場",
        "愛川北部病院前",
        "愛川バスセンター"
    ],
    "weekday": [
        "8:12"
    ],
    "saturday": [],
    "holiday": [],
    "url": "https://www.kanachu.co.jp/dia/diagram/timetable01_js/course:0000803632-9/node:00128712/kt:0/lname:/"
}
