{
    "date": "2025/11/16",
    "name": "這子坂",
    "position": "-",
    "system": "伊10",
    "destinations": [
        "菊屋前",
        "子易",
        "鳥居前(伊勢原市)",
        "大山小学校前(伊勢原市)",
        "大山駅",
        "社務局入口",
        "あたご滝",
        "良弁滝",
        "大山ケーブル"
    ],
    "weekday": [
        "6:22",
        "7:02",
        "7:19",
        "7:50",
        "8:20",
        "8:50",
        "9:20",
        "9:50",
        "10:20",
        "10:50",
        "11:20",
        "11:50",
        "12:20",
        "12:50",
        "13:20",
        "13:50",
        "14:20",
        "14:50",
        "15:20",
        "15:50",
        "16:20",
        "16:50",
        "17:20",
        "17:50",
        "18:20",
        "18:50",
        "19:20",
        "19:50",
        "20:18",
        "20:48"
    ],
    "saturday": [
        "6:17",
        "6:47",
        "7:17",
        "7:39",
        "7:59",
        "8:19",
        "8:39",
        "8:59",
        "9:19",
        "9:39",
        "9:59",
        "10:19",
        "10:39",
        "10:59",
        "11:19",
        "11:34",
        "11:59",
        "12:19",
        "12:39",
        "12:59",
        "13:19",
        "13:39",
        "13:59",
        "14:19",
        "14:39",
        "14:59",
        "15:19",
        "15:39",
        "15:59",
        "16:19",
        "16:39",
        "16:59",
        "17:19",
        "17:39",
        "18:09",
        "18:39",
        "19:08",
        "19:38"
    ],
    "holiday": [
        "6:17",
        "6:47",
        "7:17",
        "7:39",
        "7:59",
        "8:19",
        "8:39",
        "8:59",
        "9:19",
        "9:39",
        "9:59",
        "10:19",
        "10:39",
        "10:59",
        "11:19",
        "11:34",
        "11:59",
        "12:19",
        "12:39",
        "12:59",
        "13:19",
        "13:39",
        "13:59",
        "14:19",
        "14:39",
        "14:59",
        "15:19",
        "15:39",
        "15:59",
        "16:19",
        "16:39",
        "16:59",
        "17:19",
        "17:39",
        "18:09",
        "18:39",
        "19:08",
        "19:38"
    ],
    "url": "https://www.kanachu.co.jp/dia/diagram/timetable01_js/course:0000800825-14/node:00128153/kt:0/lname:/"
}
