{
    "date": "2025/11/16",
    "name": "大山小学校前(伊勢原市)",
    "position": "-",
    "system": "伊10",
    "destinations": [
        "大山駅",
        "社務局入口",
        "あたご滝",
        "良弁滝",
        "大山ケーブル"
    ],
    "weekday": [
        "6:26",
        "7:06",
        "7:23",
        "7:54",
        "8:24",
        "8:54",
        "9:24",
        "9:54",
        "10:24",
        "10:54",
        "11:24",
        "11:54",
        "12:24",
        "12:54",
        "13:24",
        "13:54",
        "14:24",
        "14:54",
        "15:24",
        "15:54",
        "16:24",
        "16:54",
        "17:24",
        "17:54",
        "18:24",
        "18:54",
        "19:24",
        "19:54",
        "20:22",
        "20:52"
    ],
    "saturday": [
        "6:22",
        "6:52",
        "7:22",
        "7:44",
        "8:04",
        "8:24",
        "8:44",
        "9:04",
        "9:24",
        "9:44",
        "10:04",
        "10:24",
        "10:44",
        "11:04",
        "11:24",
        "11:39",
        "12:04",
        "12:24",
        "12:44",
        "13:04",
        "13:24",
        "13:44",
        "14:04",
        "14:24",
        "14:44",
        "15:04",
        "15:24",
        "15:44",
        "16:04",
        "16:24",
        "16:44",
        "17:04",
        "17:24",
        "17:44",
        "18:14",
        "18:44",
        "19:13",
        "19:43"
    ],
    "holiday": [
        "6:22",
        "6:52",
        "7:22",
        "7:44",
        "8:04",
        "8:24",
        "8:44",
        "9:04",
        "9:24",
        "9:44",
        "10:04",
        "10:24",
        "10:44",
        "11:04",
        "11:24",
        "11:39",
        "12:04",
        "12:24",
        "12:44",
        "13:04",
        "13:24",
        "13:44",
        "14:04",
        "14:24",
        "14:44",
        "15:04",
        "15:24",
        "15:44",
        "16:04",
        "16:24",
        "16:44",
        "17:04",
        "17:24",
        "17:44",
        "18:14",
        "18:44",
        "19:13",
        "19:43"
    ],
    "url": "https://www.kanachu.co.jp/dia/diagram/timetable01_js/course:0000800825-18/node:00128157/kt:0/lname:/"
}
