{
    "date": "2025/01/14",
    "name": "神奈川リハビリ",
    "position": "-",
    "system": "厚33",
    "destinations": [
        "馬場リハビリ入口",
        "日向川",
        "玉川公民館前",
        "玉川農協前",
        "中屋橋",
        "小野橋(厚木市)",
        "小野宮前",
        "愛名入口",
        "上長谷(厚木市)",
        "観音坂",
        "清水(厚木市)",
        "南毛利小学校前",
        "高坪入口",
        "温水",
        "片岸(厚木市)",
        "日立アステモ前",
        "厚木高校前",
        "合同庁舎前(厚木市)",
        "市役所入口(厚木市)",
        "本厚木駅",
        "厚木バスセンター"
    ],
    "weekday": [
        "8:21",
        "8:51",
        "9:21",
        "10:51",
        "11:21",
        "11:51",
        "12:21",
        "12:51",
        "13:21",
        "13:51",
        "14:21",
        "14:51",
        "15:21",
        "15:51",
        "16:31",
        "17:31",
        "17:51",
        "18:51",
        "19:51",
        "20:51"
    ],
    "saturday": [
        "8:25",
        "9:51",
        "10:21",
        "10:51",
        "11:21",
        "11:51",
        "12:21",
        "13:51",
        "14:21",
        "15:51",
        "16:21",
        "16:51",
        "17:21",
        "17:51",
        "18:21",
        "19:51"
    ],
    "holiday": [
        "8:25",
        "9:51",
        "10:21",
        "10:51",
        "11:21",
        "11:51",
        "12:21",
        "13:51",
        "14:21",
        "15:51",
        "16:21",
        "16:51",
        "17:21",
        "17:51",
        "18:21",
        "19:51"
    ],
    "url": "https://www.kanachu.co.jp/dia/diagram/timetable01_js/course:0000803367-6/node:00128456/kt:0/lname:/"
}
