{
    "date": "2025/01/14",
    "name": "上長谷(厚木市)",
    "position": "-",
    "system": "厚33",
    "destinations": [
        "観音坂",
        "清水(厚木市)",
        "南毛利小学校前",
        "高坪入口",
        "温水",
        "片岸(厚木市)",
        "日立アステモ前",
        "厚木高校前",
        "合同庁舎前(厚木市)",
        "市役所入口(厚木市)",
        "本厚木駅",
        "厚木バスセンター"
    ],
    "weekday": [
        "8:29",
        "8:59",
        "9:28",
        "10:58",
        "11:28",
        "11:58",
        "12:28",
        "12:58",
        "13:28",
        "13:58",
        "14:28",
        "14:58",
        "15:28",
        "15:58",
        "16:39",
        "17:39",
        "17:59",
        "18:59",
        "19:58",
        "20:58"
    ],
    "saturday": [
        "8:33",
        "9:59",
        "10:29",
        "10:59",
        "11:29",
        "11:59",
        "12:29",
        "13:59",
        "14:29",
        "15:59",
        "16:29",
        "16:59",
        "17:29",
        "17:59",
        "18:29",
        "19:58"
    ],
    "holiday": [
        "8:33",
        "9:59",
        "10:29",
        "10:59",
        "11:29",
        "11:59",
        "12:29",
        "13:59",
        "14:29",
        "15:59",
        "16:29",
        "16:59",
        "17:29",
        "17:59",
        "18:29",
        "19:58"
    ],
    "url": "https://www.kanachu.co.jp/dia/diagram/timetable01_js/course:0000803367-15/node:00128447/kt:0/lname:/"
}
