{
    "date": "2025/01/14",
    "name": "清水(厚木市)",
    "position": "-",
    "system": "厚33",
    "destinations": [
        "南毛利小学校前",
        "高坪入口",
        "温水",
        "片岸(厚木市)",
        "日立アステモ前",
        "厚木高校前",
        "合同庁舎前(厚木市)",
        "市役所入口(厚木市)",
        "本厚木駅",
        "厚木バスセンター"
    ],
    "weekday": [
        "8:33",
        "9:03",
        "9:32",
        "11:02",
        "11:32",
        "12:02",
        "12:32",
        "13:02",
        "13:32",
        "14:02",
        "14:32",
        "15:02",
        "15:32",
        "16:02",
        "16:43",
        "17:43",
        "18:03",
        "19:03",
        "20:02",
        "21:02"
    ],
    "saturday": [
        "8:35",
        "10:01",
        "10:31",
        "11:01",
        "11:31",
        "12:01",
        "12:31",
        "14:01",
        "14:31",
        "16:01",
        "16:31",
        "17:01",
        "17:31",
        "18:01",
        "18:31",
        "20:00"
    ],
    "holiday": [
        "8:35",
        "10:01",
        "10:31",
        "11:01",
        "11:31",
        "12:01",
        "12:31",
        "14:01",
        "14:31",
        "16:01",
        "16:31",
        "17:01",
        "17:31",
        "18:01",
        "18:31",
        "20:00"
    ],
    "url": "https://www.kanachu.co.jp/dia/diagram/timetable01_js/course:0000803367-17/node:00128673/kt:0/lname:/"
}
