{
    "date": "2025/01/14",
    "name": "本厚木駅",
    "position": "-",
    "system": "厚33",
    "destinations": [
        "厚木バスセンター"
    ],
    "weekday": [
        "8:48",
        "9:16",
        "9:45",
        "11:15",
        "11:45",
        "12:15",
        "12:45",
        "13:15",
        "13:45",
        "14:15",
        "14:45",
        "15:15",
        "15:45",
        "16:17",
        "16:58",
        "17:58",
        "18:18",
        "19:14",
        "20:13",
        "21:13"
    ],
    "saturday": [
        "8:46",
        "10:14",
        "10:44",
        "11:14",
        "11:44",
        "12:14",
        "12:44",
        "14:14",
        "14:44",
        "16:16",
        "16:46",
        "17:16",
        "17:46",
        "18:16",
        "18:46",
        "20:11"
    ],
    "holiday": [
        "8:46",
        "10:14",
        "10:44",
        "11:14",
        "11:44",
        "12:14",
        "12:44",
        "14:14",
        "14:44",
        "16:16",
        "16:46",
        "17:16",
        "17:46",
        "18:16",
        "18:46",
        "20:11"
    ],
    "url": "https://www.kanachu.co.jp/dia/diagram/timetable01_js/course:0000803367-26/node:00025684/kt:0/lname:/"
}
