{
    "system": "厚33",
    "busstops": [
        {
            "index": "1",
            "id": "00128460",
            "name": "七沢",
            "lat": "35.454632",
            "lng": "139.292956"
        },
        {
            "index": "2",
            "id": "00128459",
            "name": "広沢寺温泉入口",
            "lat": "35.451326",
            "lng": "139.294764"
        },
        {
            "index": "3",
            "id": "00128458",
            "name": "七沢病院入口",
            "lat": "35.448636",
            "lng": "139.295579"
        },
        {
            "index": "4",
            "id": "00128457",
            "name": "七沢温泉入口",
            "lat": "35.444739",
            "lng": "139.297165"
        },
        {
            "index": "5",
            "id": "00128455",
            "name": "馬場リハビリ入口",
            "lat": "35.4421",
            "lng": "139.298837"
        },
        {
            "index": "6",
            "id": "00128456",
            "name": "神奈川リハビリ",
            "lat": "35.440092",
            "lng": "139.296306"
        },
        {
            "index": "7",
            "id": "00128455",
            "name": "馬場リハビリ入口",
            "lat": "35.442018",
            "lng": "139.299793"
        },
        {
            "index": "8",
            "id": "00128454",
            "name": "日向川",
            "lat": "35.438949",
            "lng": "139.301596"
        },
        {
            "index": "9",
            "id": "00128453",
            "name": "玉川公民館前",
            "lat": "35.437724",
            "lng": "139.303531"
        },
        {
            "index": "10",
            "id": "00128452",
            "name": "玉川農協前",
            "lat": "35.435235",
            "lng": "139.308042"
        },
        {
            "index": "11",
            "id": "00128451",
            "name": "中屋橋",
            "lat": "35.435264",
            "lng": "139.3123"
        },
        {
            "index": "12",
            "id": "00128450",
            "name": "小野橋(厚木市)",
            "lat": "35.434424",
            "lng": "139.315478"
        },
        {
            "index": "13",
            "id": "00128449",
            "name": "小野宮前",
            "lat": "35.434186",
            "lng": "139.318785"
        },
        {
            "index": "14",
            "id": "00128448",
            "name": "愛名入口",
            "lat": "35.434489",
            "lng": "139.323474"
        },
        {
            "index": "15",
            "id": "00128447",
            "name": "上長谷(厚木市)",
            "lat": "35.433053",
            "lng": "139.328035"
        },
        {
            "index": "16",
            "id": "00128446",
            "name": "観音坂",
            "lat": "35.433722",
            "lng": "139.333463"
        },
        {
            "index": "17",
            "id": "00128673",
            "name": "清水(厚木市)",
            "lat": "35.434919",
            "lng": "139.337391"
        },
        {
            "index": "18",
            "id": "00128445",
            "name": "南毛利小学校前",
            "lat": "35.436308",
            "lng": "139.338462"
        },
        {
            "index": "19",
            "id": "00128444",
            "name": "高坪入口",
            "lat": "35.438713",
            "lng": "139.342518"
        },
        {
            "index": "20",
            "id": "00128443",
            "name": "温水",
            "lat": "35.440121",
            "lng": "139.343765"
        },
        {
            "index": "21",
            "id": "00128442",
            "name": "片岸(厚木市)",
            "lat": "35.441248",
            "lng": "139.347184"
        },
        {
            "index": "22",
            "id": "00128441",
            "name": "アステモ[Astemo]前〔旧:日立アステモ前〕",
            "lat": "35.4434",
            "lng": "139.348771"
        },
        {
            "index": "23",
            "id": "00128440",
            "name": "厚木高校前",
            "lat": "35.444806",
            "lng": "139.352161"
        },
        {
            "index": "24",
            "id": "00128439",
            "name": "合同庁舎前(厚木市)",
            "lat": "35.443887",
            "lng": "139.356824"
        },
        {
            "index": "25",
            "id": "00128396",
            "name": "市役所入口(厚木市)",
            "lat": "35.442124",
            "lng": "139.361848"
        },
        {
            "index": "26",
            "id": "00025684",
            "name": "本厚木駅",
            "lat": "35.440542",
            "lng": "139.363859"
        },
        {
            "index": "27",
            "id": "00128256",
            "name": "厚木バスセンター",
            "lat": "35.441107",
            "lng": "139.36685"
        }
    ],
    "route_url": "https://www.kanachu.co.jp/dia/route/index/cid:0000803367/"
}
