{
    "date": "2025/04/01",
    "name": "水場",
    "position": "-",
    "system": "橋57",
    "destinations": [
        "古清水",
        "清水(相模原市中央区)",
        "清水入口(相模原市中央区)",
        "雨窪(相模原市中央区)",
        "堀の内(相模原市中央区)",
        "田名バスターミナル",
        "田名小学校前",
        "半在家",
        "陽原",
        "南光寺前",
        "望地キャンプ場入口"
    ],
    "weekday": [
        "20:01",
        "20:55",
        "21:35",
        "21:55",
        "22:25",
        "22:55",
        "23:17"
    ],
    "saturday": [
        "21:25",
        "21:55",
        "22:25"
    ],
    "holiday": [
        "21:20",
        "21:50"
    ],
    "url": "https://www.kanachu.co.jp/dia/diagram/timetable01_js/course:0000803817-12/node:00129262/kt:0/lname:/"
}
