{
    "date": "2025/04/01",
    "name": "清水(相模原市中央区)",
    "position": "-",
    "system": "橋57",
    "destinations": [
        "清水入口(相模原市中央区)",
        "雨窪(相模原市中央区)",
        "堀の内(相模原市中央区)",
        "田名バスターミナル",
        "田名小学校前",
        "半在家",
        "陽原",
        "南光寺前",
        "望地キャンプ場入口"
    ],
    "weekday": [
        "20:03",
        "20:57",
        "21:37",
        "21:57",
        "22:27",
        "22:57",
        "23:19"
    ],
    "saturday": [
        "21:27",
        "21:57",
        "22:27"
    ],
    "holiday": [
        "21:22",
        "21:52"
    ],
    "url": "https://www.kanachu.co.jp/dia/diagram/timetable01_js/course:0000803817-14/node:00129157/kt:0/lname:/"
}
