{
    "date": "2025/04/01",
    "name": "堀の内(相模原市中央区)",
    "position": "-",
    "system": "橋57",
    "destinations": [
        "田名バスターミナル",
        "田名小学校前",
        "半在家",
        "陽原",
        "南光寺前",
        "望地キャンプ場入口"
    ],
    "weekday": [
        "20:07",
        "21:01",
        "21:41",
        "22:01",
        "22:31",
        "23:01",
        "23:23"
    ],
    "saturday": [
        "21:31",
        "22:01",
        "22:31"
    ],
    "holiday": [
        "21:26",
        "21:56"
    ],
    "url": "https://www.kanachu.co.jp/dia/diagram/timetable01_js/course:0000803817-17/node:00129256/kt:0/lname:/"
}
