{
    "date": "2025/04/01",
    "name": "半在家",
    "position": "-",
    "system": "橋57",
    "destinations": [
        "陽原",
        "南光寺前",
        "望地キャンプ場入口"
    ],
    "weekday": [
        "20:12",
        "21:06",
        "21:46",
        "22:06",
        "22:36",
        "23:06",
        "23:28"
    ],
    "saturday": [
        "21:36",
        "22:06",
        "22:36"
    ],
    "holiday": [
        "21:31",
        "22:01"
    ],
    "url": "https://www.kanachu.co.jp/dia/diagram/timetable01_js/course:0000803817-20/node:00129226/kt:0/lname:/"
}
