{
    "date": "2024/09/02",
    "name": "長久保(横浜市戸塚区)",
    "position": "-",
    "system": "戸72",
    "destinations": [
        "下郷(横浜市戸塚区)",
        "ヒルズ南戸塚",
        "日ノ出橋(横浜市戸塚区)",
        "金井(横浜市栄区)",
        "辻前",
        "金井高校前",
        "住友電工前",
        "山王(横浜市栄区)",
        "洞窟前",
        "田谷(横浜市栄区)",
        "小蓋山",
        "宮ノ前(横浜市栄区)",
        "長尾台(横浜市栄区)",
        "坂本(鎌倉市)",
        "大船駅西口"
    ],
    "weekday": [
        "9:07",
        "9:27",
        "9:47",
        "10:07",
        "10:27",
        "10:47",
        "11:07",
        "11:27",
        "11:47",
        "12:07",
        "12:27",
        "12:47",
        "13:07",
        "13:27",
        "13:47",
        "14:07",
        "14:27",
        "14:47",
        "15:07",
        "15:27",
        "15:47",
        "16:07",
        "16:28",
        "16:49",
        "17:10",
        "17:30",
        "17:50",
        "18:10",
        "18:31",
        "18:50",
        "19:10",
        "19:30",
        "19:50",
        "20:07",
        "20:27",
        "21:02",
        "21:17",
        "21:47",
        "22:17",
        "23:17"
    ],
    "saturday": [
        "9:07",
        "9:37",
        "10:07",
        "10:37",
        "11:07",
        "11:37",
        "12:07",
        "12:37",
        "13:07",
        "13:37",
        "14:07",
        "14:37",
        "15:07",
        "15:27",
        "15:47",
        "16:07",
        "16:27",
        "16:47",
        "17:07",
        "17:27",
        "17:47",
        "18:07",
        "18:27",
        "18:47",
        "19:07",
        "19:37",
        "20:07",
        "20:47",
        "21:27",
        "22:07"
    ],
    "holiday": [
        "9:07",
        "9:37",
        "10:07",
        "10:37",
        "11:07",
        "11:37",
        "12:07",
        "12:37",
        "13:07",
        "13:37",
        "14:07",
        "14:37",
        "15:07",
        "15:37",
        "16:07",
        "16:37",
        "17:07",
        "17:37",
        "18:07",
        "18:37",
        "19:07",
        "19:37",
        "20:07",
        "20:47",
        "21:27",
        "22:07"
    ],
    "url": "https://www.kanachu.co.jp/dia/diagram/timetable01_js/course:0000803547-7/node:00126841/kt:0/lname:/"
}
