{
    "date": "2024/09/02",
    "name": "長尾台(横浜市栄区)",
    "position": "-",
    "system": "戸72",
    "destinations": [
        "坂本(鎌倉市)",
        "大船駅西口"
    ],
    "weekday": [
        "9:22",
        "9:42",
        "10:02",
        "10:22",
        "10:42",
        "11:02",
        "11:22",
        "11:42",
        "12:02",
        "12:22",
        "12:42",
        "13:02",
        "13:22",
        "13:42",
        "14:02",
        "14:22",
        "14:42",
        "15:02",
        "15:22",
        "15:42",
        "16:02",
        "16:22",
        "16:43",
        "17:04",
        "17:25",
        "17:45",
        "18:05",
        "18:25",
        "18:46",
        "19:05",
        "19:25",
        "19:45",
        "20:05",
        "20:22",
        "20:42",
        "21:17",
        "21:32",
        "22:02",
        "22:32",
        "23:32"
    ],
    "saturday": [
        "9:22",
        "9:52",
        "10:22",
        "10:52",
        "11:22",
        "11:52",
        "12:22",
        "12:52",
        "13:22",
        "13:52",
        "14:22",
        "14:52",
        "15:22",
        "15:42",
        "16:02",
        "16:22",
        "16:42",
        "17:02",
        "17:22",
        "17:42",
        "18:02",
        "18:22",
        "18:42",
        "19:02",
        "19:22",
        "19:52",
        "20:22",
        "21:02",
        "21:42",
        "22:22"
    ],
    "holiday": [
        "9:22",
        "9:52",
        "10:22",
        "10:52",
        "11:22",
        "11:52",
        "12:22",
        "12:52",
        "13:22",
        "13:52",
        "14:22",
        "14:52",
        "15:22",
        "15:52",
        "16:22",
        "16:52",
        "17:22",
        "17:52",
        "18:22",
        "18:52",
        "19:22",
        "19:52",
        "20:22",
        "21:02",
        "21:42",
        "22:22"
    ],
    "url": "https://www.kanachu.co.jp/dia/diagram/timetable01_js/course:0000803547-20/node:00126853/kt:0/lname:/"
}
