{
    "date": "2025/11/16",
    "name": "立野町(平塚市)",
    "position": "-",
    "system": "平95",
    "destinations": [
        "横浜ゴム前",
        "市役所前(ゴム前/平塚市)",
        "四ツ角(平塚市)",
        "平塚駅北口"
    ],
    "weekday": [
        "5:47",
        "6:04",
        "6:24",
        "6:44"
    ],
    "saturday": [],
    "holiday": [],
    "url": "https://www.kanachu.co.jp/dia/diagram/timetable01_js/course:0000800732-9/node:00127555/kt:0/lname:/"
}
