{
    "date": "2026/01/16",
    "name": "慶応大学",
    "position": "-",
    "system": "辻34",
    "destinations": [
        "諸之木",
        "刈込(藤沢市)",
        "湘南ライフタウン",
        "滝の沢不動前",
        "滝の沢(藤沢市)",
        "駒寄",
        "二番構保健医療センター",
        "ライフタウン中央(藤沢市)",
        "大庭小学校",
        "小糸",
        "南センター前(藤沢市)",
        "西高校前(藤沢市)",
        "有藤",
        "大庭隧道",
        "城南一丁目",
        "羽鳥一丁目",
        "神台公園前",
        "辻堂駅北口"
    ],
    "weekday": [
        "7:02",
        "7:44",
        "8:16",
        "8:36",
        "9:01",
        "9:37",
        "9:57",
        "10:20",
        "10:44",
        "11:01",
        "11:20",
        "11:44",
        "12:01",
        "12:20",
        "12:44",
        "13:01",
        "13:20",
        "13:44",
        "14:01",
        "14:20",
        "14:44",
        "15:01"
    ],
    "saturday": [],
    "holiday": [],
    "url": "https://www.kanachu.co.jp/dia/diagram/timetable01_js/course:0000804008-1/node:00129985/kt:0/lname:/"
}
