{
    "date": "2026/01/16",
    "name": "湘南ライフタウン",
    "position": "-",
    "system": "辻34",
    "destinations": [
        "滝の沢不動前",
        "滝の沢(藤沢市)",
        "駒寄",
        "二番構保健医療センター",
        "ライフタウン中央(藤沢市)",
        "大庭小学校",
        "小糸",
        "南センター前(藤沢市)",
        "西高校前(藤沢市)",
        "有藤",
        "大庭隧道",
        "城南一丁目",
        "羽鳥一丁目",
        "神台公園前",
        "辻堂駅北口"
    ],
    "weekday": [
        "7:09",
        "7:51",
        "8:23",
        "8:43",
        "9:08",
        "9:44",
        "10:04",
        "10:27",
        "10:51",
        "11:08",
        "11:27",
        "11:51",
        "12:08",
        "12:27",
        "12:51",
        "13:08",
        "13:27",
        "13:51",
        "14:08",
        "14:27",
        "14:51",
        "15:08"
    ],
    "saturday": [],
    "holiday": [],
    "url": "https://www.kanachu.co.jp/dia/diagram/timetable01_js/course:0000804008-4/node:00129948/kt:0/lname:/"
}
