{
    "date": "2026/01/16",
    "name": "滝の沢不動前",
    "position": "-",
    "system": "辻34",
    "destinations": [
        "滝の沢(藤沢市)",
        "駒寄",
        "二番構保健医療センター",
        "ライフタウン中央(藤沢市)",
        "大庭小学校",
        "小糸",
        "南センター前(藤沢市)",
        "西高校前(藤沢市)",
        "有藤",
        "大庭隧道",
        "城南一丁目",
        "羽鳥一丁目",
        "神台公園前",
        "辻堂駅北口"
    ],
    "weekday": [
        "7:10",
        "7:52",
        "8:24",
        "8:44",
        "9:09",
        "9:45",
        "10:05",
        "10:28",
        "10:52",
        "11:09",
        "11:28",
        "11:52",
        "12:09",
        "12:28",
        "12:52",
        "13:09",
        "13:28",
        "13:52",
        "14:09",
        "14:28",
        "14:52",
        "15:09"
    ],
    "saturday": [],
    "holiday": [],
    "url": "https://www.kanachu.co.jp/dia/diagram/timetable01_js/course:0000804008-5/node:00129947/kt:0/lname:/"
}
