{
    "date": "2026/01/16",
    "name": "滝の沢(藤沢市)",
    "position": "-",
    "system": "辻34",
    "destinations": [
        "駒寄",
        "二番構保健医療センター",
        "ライフタウン中央(藤沢市)",
        "大庭小学校",
        "小糸",
        "南センター前(藤沢市)",
        "西高校前(藤沢市)",
        "有藤",
        "大庭隧道",
        "城南一丁目",
        "羽鳥一丁目",
        "神台公園前",
        "辻堂駅北口"
    ],
    "weekday": [
        "7:11",
        "7:53",
        "8:25",
        "8:45",
        "9:10",
        "9:46",
        "10:06",
        "10:29",
        "10:53",
        "11:10",
        "11:29",
        "11:53",
        "12:10",
        "12:29",
        "12:53",
        "13:10",
        "13:29",
        "13:53",
        "14:10",
        "14:29",
        "14:53",
        "15:10"
    ],
    "saturday": [],
    "holiday": [],
    "url": "https://www.kanachu.co.jp/dia/diagram/timetable01_js/course:0000804008-6/node:00129946/kt:0/lname:/"
}
