{
    "system": "辻34",
    "busstops": [
        {
            "index": "1",
            "id": "00129985",
            "name": "慶応大学",
            "lat": "35.389405",
            "lng": "139.431402"
        },
        {
            "index": "2",
            "id": "00129987",
            "name": "諸之木",
            "lat": "35.388177",
            "lng": "139.433096"
        },
        {
            "index": "3",
            "id": "00129972",
            "name": "刈込(藤沢市)",
            "lat": "35.383669",
            "lng": "139.431381"
        },
        {
            "index": "4",
            "id": "00129948",
            "name": "湘南ライフタウン",
            "lat": "35.374654",
            "lng": "139.434458"
        },
        {
            "index": "5",
            "id": "00129947",
            "name": "滝の沢不動前",
            "lat": "35.372475",
            "lng": "139.4371"
        },
        {
            "index": "6",
            "id": "00129946",
            "name": "滝の沢(藤沢市)",
            "lat": "35.37163",
            "lng": "139.440356"
        },
        {
            "index": "7",
            "id": "00129945",
            "name": "駒寄",
            "lat": "35.370288",
            "lng": "139.443856"
        },
        {
            "index": "8",
            "id": "00129944",
            "name": "二番構保健医療センター",
            "lat": "35.369074",
            "lng": "139.446467"
        },
        {
            "index": "9",
            "id": "00129943",
            "name": "ライフタウン中央(藤沢市)",
            "lat": "35.365673",
            "lng": "139.446549"
        },
        {
            "index": "10",
            "id": "00129942",
            "name": "大庭小学校",
            "lat": "35.363322",
            "lng": "139.44549"
        },
        {
            "index": "11",
            "id": "00129941",
            "name": "小糸",
            "lat": "35.35995",
            "lng": "139.444739"
        },
        {
            "index": "12",
            "id": "00129940",
            "name": "南センター前(藤沢市)",
            "lat": "35.358832",
            "lng": "139.444068"
        },
        {
            "index": "13",
            "id": "00129939",
            "name": "西高校前(藤沢市)",
            "lat": "35.355748",
            "lng": "139.442792"
        },
        {
            "index": "14",
            "id": "00129938",
            "name": "有藤",
            "lat": "35.353684",
            "lng": "139.44359"
        },
        {
            "index": "15",
            "id": "00129937",
            "name": "大庭隧道",
            "lat": "35.348001",
            "lng": "139.447316"
        },
        {
            "index": "16",
            "id": "00129936",
            "name": "城南一丁目",
            "lat": "35.346554",
            "lng": "139.448145"
        },
        {
            "index": "17",
            "id": "00129935",
            "name": "羽鳥一丁目",
            "lat": "35.34428",
            "lng": "139.448912"
        },
        {
            "index": "18",
            "id": "00130068",
            "name": "神台公園前",
            "lat": "35.340508",
            "lng": "139.447461"
        },
        {
            "index": "19",
            "id": "00129934",
            "name": "辻堂駅北口",
            "lat": "35.337688",
            "lng": "139.448197"
        }
    ],
    "route_url": "https://www.kanachu.co.jp/dia/route/index/cid:0000804008/"
}
