{
    "date": "2024/04/01",
    "name": "西小学校前(秦野市)",
    "position": "-",
    "system": "秦51",
    "destinations": [
        "西中学校前(秦野市)",
        "柳町(秦野市)",
        "渋沢駅北口"
    ],
    "weekday": [
        "6:54",
        "7:09",
        "7:24",
        "7:32",
        "7:42",
        "7:57",
        "8:08",
        "8:27",
        "8:45",
        "9:14",
        "9:44",
        "10:14",
        "10:44",
        "11:14",
        "11:44",
        "12:14",
        "12:44",
        "13:14",
        "13:44",
        "14:14",
        "14:44",
        "15:14",
        "15:44",
        "16:14",
        "16:34",
        "16:53",
        "17:12",
        "17:29",
        "17:49",
        "18:09",
        "18:29",
        "18:49",
        "19:09",
        "19:36",
        "20:06",
        "20:51",
        "21:36",
        "22:18"
    ],
    "saturday": [
        "7:04",
        "7:34",
        "8:04",
        "8:34",
        "9:04",
        "9:34",
        "10:04",
        "10:34",
        "11:04",
        "11:34",
        "12:04",
        "12:34",
        "13:04",
        "13:34",
        "14:04",
        "14:34",
        "15:04",
        "15:34",
        "16:04",
        "16:34",
        "17:04",
        "17:34",
        "18:04",
        "18:34",
        "19:04",
        "19:34",
        "20:04",
        "20:34",
        "21:14",
        "21:59"
    ],
    "holiday": [
        "7:04",
        "7:34",
        "8:04",
        "8:34",
        "9:04",
        "9:34",
        "10:04",
        "10:34",
        "11:04",
        "11:34",
        "12:04",
        "12:34",
        "13:04",
        "13:34",
        "14:04",
        "14:34",
        "15:04",
        "15:34",
        "16:04",
        "16:34",
        "17:04",
        "17:34",
        "18:04",
        "18:34",
        "19:04",
        "19:34",
        "20:04",
        "20:34",
        "21:14",
        "21:59"
    ],
    "url": "https://www.kanachu.co.jp/dia/diagram/timetable01_js/course:0000801346-25/node:00127896/kt:0/lname:/"
}
