{
  "date": "2024/07/08",
  "name": "町田バスセンター",
  "position": "2番のりば",
  "system": "町12",
  "destinations": [
    "町田市役所市民ホール前",
    "妙延寺(町田市)",
    "森野五丁目",
    "森野六丁目",
    "桧台入口",
    "木曽都営入口",
    "境川団地入口",
    "境川団地中央",
    "境川団地",
    "横町(町田市)",
    "木曽南団地"
  ],
  "weekday": [
    "17:48",
    "19:30",
    "20:20", "20:59"
  ],
  "saturday": [
    "9:55",
    "10:55",
    "20:44"
  ],
  "holiday": [
  ],
  "url": "https://www.kanachu.co.jp/dia/diagram/timetable01_js/course:0000800088-2/node:00025625/kt:0/lname:/dts:1740506400"
}
