{
  "date": "-",
  "name": "町田市役所市民ホール前",
  "position": "-",
  "system": "町12",
  "destinations": [
    "妙延寺(町田市)",
    "森野五丁目",
    "森野六丁目",
    "桧台入口",
    "木曽都営入口",
    "境川団地入口",
    "境川団地中央",
    "境川団地",
    "横町(町田市)",
    "木曽南団地"
  ],
  "weekday": [],
  "saturday": [],
  "holiday": [],
  "url": "https://www.kanachu.co.jp/dia/diagram/timetable01_js/course:0000800088-3/node:00129356/kt:0/lname:/"
}