{
    "date": "2025/07/12",
    "name": "鉄砲宿",
    "position": "-",
    "system": "藤55",
    "destinations": [
        "緑ヶ丘(藤沢市)",
        "遊行寺坂上",
        "藤沢橋",
        "藤沢駅北口"
    ],
    "weekday": [],
    "saturday": [
        "9:02",
        "10:02",
        "11:05",
        "12:05",
        "13:05",
        "14:05",
        "15:05",
        "16:06",
        "17:06",
        "18:06",
        "19:06",
        "20:05"
    ],
    "holiday": [
        "9:02",
        "10:02",
        "11:05",
        "12:05",
        "13:05",
        "14:05",
        "15:05",
        "16:06",
        "17:06",
        "18:06",
        "19:06",
        "20:05"
    ],
    "url": "https://www.kanachu.co.jp/dia/diagram/timetable01_js/course:0000803075-7/node:00126978/kt:0/lname:/"
}
