{
    "date": "2025/12/20",
    "name": "草柳一丁目",
    "position": "-",
    "system": "間17",
    "destinations": [
        "中央四丁目(大和市)",
        "大和駅西口",
        "新橋通り(大和市)",
        "豊川稲荷前(大和市)",
        "市民活動拠点ベテルギウス前",
        "郵便局前(大和市)",
        "職業安定所前(大和市)",
        "市役所市立病院前",
        "オークシティ前",
        "鶴間二丁目",
        "鶴間駅東口"
    ],
    "weekday": [
        "6:52",
        "16:18",
        "17:08",
        "17:58"
    ],
    "saturday": [
        "9:10",
        "10:17",
        "11:12",
        "12:02",
        "12:52",
        "13:42",
        "14:32",
        "15:22",
        "16:12",
        "17:02",
        "17:52",
        "18:42"
    ],
    "holiday": [
        "9:10",
        "10:12",
        "11:12",
        "12:02",
        "12:52",
        "13:42",
        "14:32",
        "15:22",
        "16:12",
        "17:02",
        "17:52",
        "18:42"
    ],
    "url": "https://www.kanachu.co.jp/dia/diagram/timetable01_js/course:0000803794-7/node:00129618/kt:0/lname:/"
}
