{
    "date": "2025/12/20",
    "name": "新橋通り(大和市)",
    "position": "-",
    "system": "間17",
    "destinations": [
        "豊川稲荷前(大和市)",
        "市民活動拠点ベテルギウス前",
        "郵便局前(大和市)",
        "職業安定所前(大和市)",
        "市役所市立病院前",
        "オークシティ前",
        "鶴間二丁目",
        "鶴間駅東口"
    ],
    "weekday": [
        "7:03",
        "16:29",
        "17:19",
        "18:09"
    ],
    "saturday": [
        "9:21",
        "10:28",
        "11:23",
        "12:13",
        "13:03",
        "13:53",
        "14:43",
        "15:33",
        "16:23",
        "17:13",
        "18:03",
        "18:53"
    ],
    "holiday": [
        "9:21",
        "10:23",
        "11:23",
        "12:13",
        "13:03",
        "13:53",
        "14:43",
        "15:33",
        "16:23",
        "17:13",
        "18:03",
        "18:53"
    ],
    "url": "https://www.kanachu.co.jp/dia/diagram/timetable01_js/course:0000803794-10/node:00129615/kt:0/lname:/"
}
