{
    "date": "2025/10/20",
    "name": "市役所市立病院前",
    "position": "-",
    "system": "間17",
    "destinations": [
        "オークシティ前",
        "鶴間二丁目",
        "鶴間駅東口"
    ],
    "weekday": [
        "7:10",
        "16:36",
        "17:26",
        "18:16",
        "19:08"
    ],
    "saturday": [
        "9:28",
        "10:35",
        "11:30",
        "12:20",
        "13:10",
        "14:00",
        "14:50",
        "15:40",
        "16:30",
        "17:20",
        "18:10",
        "19:00"
    ],
    "holiday": [
        "9:28",
        "10:30",
        "11:30",
        "12:20",
        "13:10",
        "14:00",
        "14:50",
        "15:40",
        "16:30",
        "17:20",
        "18:10",
        "19:00"
    ],
    "url": "https://www.kanachu.co.jp/dia/diagram/timetable01_js/course:0000803794-15/node:00129611/kt:0/lname:/"
}
