{
    "date": "2025/10/20",
    "name": "オークシティ前",
    "position": "-",
    "system": "間17",
    "destinations": [
        "鶴間二丁目",
        "鶴間駅東口"
    ],
    "weekday": [
        "7:12",
        "16:38",
        "17:28",
        "18:18",
        "19:10"
    ],
    "saturday": [
        "9:30",
        "10:37",
        "11:32",
        "12:22",
        "13:12",
        "14:02",
        "14:52",
        "15:42",
        "16:32",
        "17:22",
        "18:12",
        "19:02"
    ],
    "holiday": [
        "9:30",
        "10:32",
        "11:32",
        "12:22",
        "13:12",
        "14:02",
        "14:52",
        "15:42",
        "16:32",
        "17:22",
        "18:12",
        "19:01"
    ],
    "url": "https://www.kanachu.co.jp/dia/diagram/timetable01_js/course:0000803794-16/node:00129610/kt:0/lname:/"
}
