{
    "date": "2026/01/16",
    "name": "秦野高校前",
    "position": "-",
    "system": "秦44",
    "destinations": [
        "瓜生野入口",
        "才ヶ分踏切",
        "才ヶ分",
        "室川橋(下大槻団地線)",
        "河原町(秦野市)",
        "台町(秦野市)",
        "片町通り",
        "上宿通り",
        "大川橋(秦野市)",
        "まほろば大橋",
        "秦野駅"
    ],
    "weekday": [
        "7:27",
        "8:49",
        "13:45",
        "14:45"
    ],
    "saturday": [
        "15:45"
    ],
    "holiday": [
        "15:45"
    ],
    "url": "https://www.kanachu.co.jp/dia/diagram/timetable01_js/course:0000804119-13/node:00127753/kt:0/lname:/"
}
