{
    "date": "2024/09/02",
    "name": "ひなた山",
    "position": "-",
    "system": "境01",
    "destinations": [
        "遊水池前(横浜市泉区)",
        "柳明",
        "阿久和山谷",
        "阿久和坂上",
        "阿久和",
        "宮の腰(横浜市瀬谷区)",
        "谷戸阿久和",
        "上阿久和",
        "旭ヶ丘(横浜市瀬谷区)",
        "住宅前(横浜市瀬谷区)",
        "富士見台(横浜市瀬谷区)",
        "富士見通り商店街",
        "三ツ境駅"
    ],
    "weekday": [
        "6:06",
        "6:36",
        "10:54",
        "11:54",
        "15:04",
        "16:04"
    ],
    "saturday": [
        "6:49",
        "11:54",
        "13:06",
        "16:08"
    ],
    "holiday": [
        "11:54"
    ],
    "url": "https://www.kanachu.co.jp/dia/diagram/timetable01_js/course:0000801484-2/node:00126702/kt:0/lname:/"
}
