{
    "date": "2024/09/02",
    "name": "阿久和山谷",
    "position": "-",
    "system": "境01",
    "destinations": [
        "阿久和坂上",
        "阿久和",
        "宮の腰(横浜市瀬谷区)",
        "谷戸阿久和",
        "上阿久和",
        "旭ヶ丘(横浜市瀬谷区)",
        "住宅前(横浜市瀬谷区)",
        "富士見台(横浜市瀬谷区)",
        "富士見通り商店街",
        "三ツ境駅"
    ],
    "weekday": [
        "6:08",
        "6:38",
        "10:57",
        "11:57",
        "15:07",
        "16:07"
    ],
    "saturday": [
        "6:51",
        "11:57",
        "13:09",
        "16:11"
    ],
    "holiday": [
        "11:57"
    ],
    "url": "https://www.kanachu.co.jp/dia/diagram/timetable01_js/course:0000801484-5/node:00126699/kt:0/lname:/"
}
