{
    "date": "2024/09/02",
    "name": "阿久和坂上",
    "position": "-",
    "system": "境01",
    "destinations": [
        "阿久和",
        "宮の腰(横浜市瀬谷区)",
        "谷戸阿久和",
        "上阿久和",
        "旭ヶ丘(横浜市瀬谷区)",
        "住宅前(横浜市瀬谷区)",
        "富士見台(横浜市瀬谷区)",
        "富士見通り商店街",
        "三ツ境駅"
    ],
    "weekday": [
        "6:09",
        "6:39",
        "10:58",
        "11:58",
        "15:08",
        "16:08"
    ],
    "saturday": [
        "6:52",
        "11:58",
        "13:10",
        "16:12"
    ],
    "holiday": [
        "11:58"
    ],
    "url": "https://www.kanachu.co.jp/dia/diagram/timetable01_js/course:0000801484-6/node:00126945/kt:0/lname:/"
}
