{
    "date": "2024/09/02",
    "name": "阿久和",
    "position": "-",
    "system": "境01",
    "destinations": [
        "宮の腰(横浜市瀬谷区)",
        "谷戸阿久和",
        "上阿久和",
        "旭ヶ丘(横浜市瀬谷区)",
        "住宅前(横浜市瀬谷区)",
        "富士見台(横浜市瀬谷区)",
        "富士見通り商店街",
        "三ツ境駅"
    ],
    "weekday": [
        "6:11",
        "6:41",
        "11:00",
        "12:00",
        "15:10",
        "16:10"
    ],
    "saturday": [
        "6:54",
        "12:00",
        "13:12",
        "16:14"
    ],
    "holiday": [
        "12:00"
    ],
    "url": "https://www.kanachu.co.jp/dia/diagram/timetable01_js/course:0000801484-7/node:00126681/kt:0/lname:/"
}
