{
    "date": "2024/09/02",
    "name": "谷戸阿久和",
    "position": "-",
    "system": "境01",
    "destinations": [
        "上阿久和",
        "旭ヶ丘(横浜市瀬谷区)",
        "住宅前(横浜市瀬谷区)",
        "富士見台(横浜市瀬谷区)",
        "富士見通り商店街",
        "三ツ境駅"
    ],
    "weekday": [
        "6:13",
        "6:43",
        "11:02",
        "12:02",
        "15:12",
        "16:12"
    ],
    "saturday": [
        "6:56",
        "12:02",
        "13:14",
        "16:16"
    ],
    "holiday": [
        "12:02"
    ],
    "url": "https://www.kanachu.co.jp/dia/diagram/timetable01_js/course:0000801484-9/node:00126683/kt:0/lname:/"
}
