{
    "date": "2024/09/02",
    "name": "旭ヶ丘(横浜市瀬谷区)",
    "position": "-",
    "system": "境01",
    "destinations": [
        "住宅前(横浜市瀬谷区)",
        "富士見台(横浜市瀬谷区)",
        "富士見通り商店街",
        "三ツ境駅"
    ],
    "weekday": [
        "6:16",
        "6:46",
        "11:05",
        "12:05",
        "15:15",
        "16:15"
    ],
    "saturday": [
        "6:59",
        "12:05",
        "13:17",
        "16:19"
    ],
    "holiday": [
        "12:05"
    ],
    "url": "https://www.kanachu.co.jp/dia/diagram/timetable01_js/course:0000801484-11/node:00126685/kt:0/lname:/"
}
