{
    "date": "2026/01/16",
    "name": "南仲通り二丁目",
    "position": "-",
    "system": "藤09",
    "destinations": [
        "南仲通り",
        "相生町(藤沢市)",
        "三富士町",
        "藤沢駅北口"
    ],
    "weekday": [
        "7:41",
        "8:16",
        "8:41",
        "16:26",
        "18:28",
        "20:19"
    ],
    "saturday": [
        "8:02",
        "10:08",
        "12:03",
        "14:08",
        "16:09",
        "18:10",
        "20:02"
    ],
    "holiday": [
        "8:02",
        "10:08",
        "12:03",
        "14:08",
        "16:09",
        "18:10",
        "20:02"
    ],
    "url": "https://www.kanachu.co.jp/dia/diagram/timetable01_js/course:0000804266-15/node:00127110/kt:0/lname:/"
}
