{
    "date": "2026/01/16",
    "name": "三富士町",
    "position": "-",
    "system": "藤09",
    "destinations": [
        "藤沢駅北口"
    ],
    "weekday": [
        "7:44",
        "8:19",
        "8:44",
        "16:29",
        "18:31",
        "20:22"
    ],
    "saturday": [
        "8:05",
        "10:11",
        "12:06",
        "14:11",
        "16:12",
        "18:13",
        "20:05"
    ],
    "holiday": [
        "8:05",
        "10:11",
        "12:06",
        "14:11",
        "16:12",
        "18:13",
        "20:05"
    ],
    "url": "https://www.kanachu.co.jp/dia/diagram/timetable01_js/course:0000804266-18/node:00126971/kt:0/lname:/"
}
