{
    "date": "2025/08/30",
    "name": "品濃口",
    "position": "-",
    "system": "東03",
    "destinations": [
        "坂下(横浜市戸塚区)",
        "品濃町(横浜市戸塚区)",
        "東戸塚駅東口"
    ],
    "weekday": [
        "6:18",
        "6:38",
        "6:58",
        "7:20",
        "7:40",
        "8:00",
        "8:20",
        "8:40",
        "9:00",
        "9:30",
        "10:00",
        "10:30",
        "11:00",
        "11:30",
        "12:00",
        "12:30",
        "13:00",
        "13:30",
        "14:00",
        "14:30",
        "15:00",
        "15:30",
        "16:00",
        "16:30",
        "17:00",
        "17:30",
        "18:00",
        "18:30",
        "19:00",
        "19:30",
        "19:59",
        "20:29",
        "20:59"
    ],
    "saturday": [
        "6:29",
        "6:59",
        "7:29",
        "7:59",
        "8:30",
        "9:00",
        "9:30",
        "10:00",
        "10:30",
        "11:00",
        "11:30",
        "12:00",
        "12:30",
        "13:00",
        "13:30",
        "14:00",
        "14:30",
        "15:00",
        "15:30",
        "16:00",
        "16:30",
        "17:00",
        "17:30",
        "18:00",
        "18:30",
        "18:59",
        "19:29",
        "19:59",
        "20:29"
    ],
    "holiday": [
        "6:59",
        "7:29",
        "7:59",
        "8:30",
        "9:00",
        "9:30",
        "10:00",
        "10:30",
        "11:00",
        "11:30",
        "12:00",
        "12:30",
        "13:00",
        "13:30",
        "14:00",
        "14:30",
        "15:00",
        "15:30",
        "16:00",
        "16:30",
        "17:00",
        "17:30",
        "18:00",
        "18:30",
        "18:59",
        "19:29",
        "19:59",
        "20:29"
    ],
    "url": "https://www.kanachu.co.jp/dia/diagram/timetable01_js/course:0000803867-4/node:00126617/kt:0/lname:/"
}
