{
    "date": "2022/05/16",
    "name": "日赤病院前(秦野市)",
    "position": "-",
    "system": "秦70",
    "destinations": [
        "立野緑地入口",
        "南が丘東",
        "東名秦野",
        "井ノ口駐在所前",
        "境入口",
        "井ノ口小学校西",
        "久所入口",
        "西谷戸橋",
        "二宮駅北口"
    ],
    "weekday": [
        "6:27",
        "7:12",
        "7:47",
        "8:12",
        "17:17",
        "18:17"
    ],
    "saturday": [],
    "holiday": [],
    "url": "https://www.kanachu.co.jp/dia/diagram/timetable01_js/course:0000802648-4/node:00128048/kt:0/lname:/"
}
