{
    "date": "2022/05/16",
    "name": "境入口",
    "position": "-",
    "system": "秦70",
    "destinations": [
        "井ノ口小学校西",
        "久所入口",
        "西谷戸橋",
        "二宮駅北口"
    ],
    "weekday": [
        "6:33",
        "7:18",
        "7:53",
        "8:18",
        "17:23",
        "18:23"
    ],
    "saturday": [],
    "holiday": [],
    "url": "https://www.kanachu.co.jp/dia/diagram/timetable01_js/course:0000802648-9/node:00127993/kt:0/lname:/"
}
