{
    "date": "2025/01/14",
    "name": "鳶尾一丁目",
    "position": "-",
    "system": "厚89",
    "destinations": [
        "鳶尾団地東",
        "西四ッ谷",
        "リコー前",
        "神奈川工科大学前",
        "子中",
        "荻野新宿",
        "宿原入口",
        "糀屋前(厚木市)",
        "松蓮寺",
        "妻田薬師",
        "中村入口(厚木市)",
        "妻田",
        "三家入口(厚木市)",
        "木売場",
        "市立病院前(厚木市)",
        "税務署入口(厚木市)",
        "市役所入口(厚木市)",
        "本厚木駅",
        "厚木バスセンター"
    ],
    "weekday": [
        "6:04",
        "6:26",
        "6:59",
        "7:26",
        "7:54",
        "8:21",
        "8:36",
        "9:11",
        "9:36",
        "10:01",
        "10:41",
        "11:11",
        "11:41",
        "12:11",
        "12:51",
        "13:31",
        "13:51",
        "14:31",
        "14:51",
        "15:31",
        "15:51",
        "16:31",
        "16:51",
        "17:18",
        "17:38",
        "18:16",
        "18:31",
        "19:06",
        "19:36",
        "20:11",
        "20:51",
        "21:11",
        "21:51"
    ],
    "saturday": [
        "6:24",
        "7:24",
        "8:24",
        "9:24",
        "10:24",
        "11:24",
        "12:24",
        "13:24",
        "14:24",
        "15:21",
        "16:21",
        "17:21",
        "18:21",
        "19:21"
    ],
    "holiday": [
        "6:25",
        "7:25",
        "8:25",
        "9:25",
        "10:25",
        "11:25",
        "12:25",
        "13:25",
        "14:25",
        "15:22",
        "16:22",
        "17:22",
        "18:28"
    ],
    "url": "https://www.kanachu.co.jp/dia/diagram/timetable01_js/course:0000800416-3/node:00128657/kt:0/lname:/"
}
