{
    "date": "2025/01/14",
    "name": "神奈川工科大学前",
    "position": "-",
    "system": "厚89",
    "destinations": [
        "子中",
        "荻野新宿",
        "宿原入口",
        "糀屋前(厚木市)",
        "松蓮寺",
        "妻田薬師",
        "中村入口(厚木市)",
        "妻田",
        "三家入口(厚木市)",
        "木売場",
        "市立病院前(厚木市)",
        "税務署入口(厚木市)",
        "市役所入口(厚木市)",
        "本厚木駅",
        "厚木バスセンター"
    ],
    "weekday": [
        "6:08",
        "6:30",
        "7:03",
        "7:30",
        "7:59",
        "8:26",
        "8:41",
        "9:15",
        "9:40",
        "10:05",
        "10:45",
        "11:15",
        "11:45",
        "12:15",
        "12:55",
        "13:35",
        "13:55",
        "14:35",
        "14:55",
        "15:35",
        "15:55",
        "16:36",
        "16:56",
        "17:23",
        "17:43",
        "18:21",
        "18:36",
        "19:10",
        "19:40",
        "20:15",
        "20:55",
        "21:15",
        "21:55"
    ],
    "saturday": [
        "6:28",
        "7:28",
        "8:28",
        "9:28",
        "10:28",
        "11:28",
        "12:28",
        "13:28",
        "14:28",
        "15:25",
        "16:25",
        "17:25",
        "18:25",
        "19:25"
    ],
    "holiday": [
        "6:29",
        "7:29",
        "8:29",
        "9:29",
        "10:29",
        "11:29",
        "12:29",
        "13:29",
        "14:29",
        "15:26",
        "16:26",
        "17:26",
        "18:32"
    ],
    "url": "https://www.kanachu.co.jp/dia/diagram/timetable01_js/course:0000800416-7/node:00128305/kt:0/lname:/"
}
