{
    "date": "2025/10/20",
    "name": "市役所谷戸山公園前",
    "position": "-",
    "system": "海10",
    "destinations": [
        "緑ヶ丘住宅入口",
        "市営住宅前(座間市)",
        "立野台下",
        "立野台",
        "立野台公園北",
        "天台(座間市)",
        "座間駅",
        "座間駅入口",
        "皆原",
        "皆原住宅前",
        "岩船地蔵尊",
        "谷入口",
        "上今泉(海老名市)",
        "弥生神社前",
        "観音下",
        "逆川(海老名市)",
        "国分(海老名市)",
        "中央一丁目(海老名市)",
        "海老名駅東口"
    ],
    "weekday": [
        "6:02",
        "6:45",
        "7:29",
        "8:14",
        "8:59",
        "9:59",
        "10:59",
        "11:59",
        "12:59",
        "13:59",
        "14:59",
        "15:59",
        "16:59",
        "17:59",
        "18:44",
        "19:34",
        "20:34"
    ],
    "saturday": [
        "6:58",
        "7:58",
        "8:58",
        "9:59",
        "10:59",
        "11:59",
        "12:59",
        "13:59",
        "14:59",
        "15:59",
        "16:59",
        "17:59",
        "18:59",
        "19:59"
    ],
    "holiday": [
        "6:58",
        "7:58",
        "8:58",
        "9:59",
        "10:59",
        "11:59",
        "12:59",
        "13:59",
        "14:59",
        "15:59",
        "16:59",
        "17:59",
        "18:59",
        "19:58"
    ],
    "url": "https://www.kanachu.co.jp/dia/diagram/timetable01_js/course:0000801315-3/node:00130003/kt:0/lname:/"
}
