{
    "date": "2025/01/14",
    "name": "小鮎久保",
    "position": "-",
    "system": "厚18",
    "destinations": [
        "光福寺(厚木市)",
        "橋場(厚木市)",
        "飯山観音前",
        "尼寺(厚木市)",
        "志田原",
        "飯山温泉入口",
        "上飯山(厚木市)"
    ],
    "weekday": [
        "8:15",
        "9:28",
        "10:18",
        "11:18",
        "12:18",
        "13:18",
        "14:18",
        "15:18",
        "16:20",
        "19:09"
    ],
    "saturday": [
        "7:35",
        "8:37",
        "9:37",
        "10:37",
        "11:37",
        "12:37",
        "13:37",
        "14:37",
        "15:37",
        "16:37",
        "17:37",
        "18:37",
        "19:35",
        "20:35"
    ],
    "holiday": [
        "7:35",
        "8:37",
        "9:37",
        "10:37",
        "11:37",
        "12:37",
        "13:37",
        "14:37",
        "15:37",
        "16:37",
        "17:37",
        "18:37",
        "19:35",
        "20:35"
    ],
    "url": "https://www.kanachu.co.jp/dia/diagram/timetable01_js/course:0000803344-13/node:00128405/kt:0/lname:/"
}
