{
    "date": "2025/01/14",
    "name": "飯山観音前",
    "position": "-",
    "system": "厚18",
    "destinations": [
        "尼寺(厚木市)",
        "志田原",
        "飯山温泉入口",
        "上飯山(厚木市)"
    ],
    "weekday": [
        "8:18",
        "9:31",
        "10:21",
        "11:21",
        "12:21",
        "13:21",
        "14:21",
        "15:21",
        "16:23",
        "19:12"
    ],
    "saturday": [
        "7:38",
        "8:40",
        "9:40",
        "10:40",
        "11:40",
        "12:40",
        "13:40",
        "14:40",
        "15:40",
        "16:40",
        "17:40",
        "18:40",
        "19:38",
        "20:38"
    ],
    "holiday": [
        "7:38",
        "8:40",
        "9:40",
        "10:40",
        "11:40",
        "12:40",
        "13:40",
        "14:40",
        "15:40",
        "16:40",
        "17:40",
        "18:40",
        "19:38",
        "20:38"
    ],
    "url": "https://www.kanachu.co.jp/dia/diagram/timetable01_js/course:0000803344-16/node:00128408/kt:0/lname:/"
}
