{
    "date": "2024/10/01",
    "name": "相模川自然の村",
    "position": "-",
    "system": "橋30",
    "destinations": [
        "渓松園前",
        "中の郷(相模原市緑区)",
        "上大島南",
        "上大島東",
        "合野原",
        "内出(相模原市緑区)",
        "九沢自治会館前",
        "北公園入口(相模原市緑区)",
        "北公園・ほねごりアリーナ前",
        "北の丘センター",
        "峡の原工業団地",
        "金属団地内郵便局前",
        "ライフタウン東",
        "ライフタウン西口",
        "みのり公園入口",
        "緑区合同庁舎前(相模原市緑区)",
        "橋本二丁目",
        "橋本駅南口",
        "アリオ橋本"
    ],
    "weekday": [
        "10:50",
        "13:00",
        "15:10"
    ],
    "saturday": [
        "10:50",
        "13:00",
        "15:10"
    ],
    "holiday": [
        "10:50",
        "13:00",
        "15:10"
    ],
    "url": "https://www.kanachu.co.jp/dia/diagram/timetable01_js/course:0000803629-1/node:00130172/kt:0/lname:/"
}
