{
    "date": "2024/10/01",
    "name": "合野原",
    "position": "-",
    "system": "橋30",
    "destinations": [
        "内出(相模原市緑区)",
        "九沢自治会館前",
        "北公園入口(相模原市緑区)",
        "北公園・ほねごりアリーナ前",
        "北の丘センター",
        "峡の原工業団地",
        "金属団地内郵便局前",
        "ライフタウン東",
        "ライフタウン西口",
        "みのり公園入口",
        "緑区合同庁舎前(相模原市緑区)",
        "橋本二丁目",
        "橋本駅南口",
        "アリオ橋本"
    ],
    "weekday": [
        "10:55",
        "13:05",
        "15:15"
    ],
    "saturday": [
        "10:55",
        "13:05",
        "15:15"
    ],
    "holiday": [
        "10:55",
        "13:05",
        "15:15"
    ],
    "url": "https://www.kanachu.co.jp/dia/diagram/timetable01_js/course:0000803629-6/node:00128979/kt:0/lname:/"
}
