{
    "date": "2024/10/01",
    "name": "ライフタウン東",
    "position": "-",
    "system": "橋30",
    "destinations": [
        "ライフタウン西口",
        "みのり公園入口",
        "緑区合同庁舎前(相模原市緑区)",
        "橋本二丁目",
        "橋本駅南口",
        "アリオ橋本"
    ],
    "weekday": [
        "11:06",
        "13:16",
        "15:26"
    ],
    "saturday": [
        "11:06",
        "13:16",
        "15:26"
    ],
    "holiday": [
        "11:06",
        "13:16",
        "15:26"
    ],
    "url": "https://www.kanachu.co.jp/dia/diagram/timetable01_js/course:0000803629-14/node:00130173/kt:0/lname:/"
}
