{
    "date": "2025/04/19",
    "name": "若草公園前",
    "position": "-",
    "system": "相27",
    "destinations": [
        "若草小学校前(相模原市南区)",
        "麻溝台公園前",
        "総合体育館前(相模原市南区)",
        "県立相模原公園入口",
        "友愛病院入口",
        "友愛病院前",
        "北里大学病院・北里大学",
        "友愛病院前",
        "麻溝車庫",
        "相模原浄水場",
        "陽光台六丁目",
        "緑が丘一丁目(相模原市中央区)",
        "光が丘三丁目(相模原市中央区)",
        "光が丘大通り",
        "光が丘小学校前",
        "光が丘一丁目(相模原市中央区)",
        "千代田五丁目",
        "千代田十字路",
        "千代田一丁目",
        "職業安定所前(相模原市中央区)",
        "ウェルネスさがみはら前",
        "市役所前(相模原市中央区)",
        "グリーンプラザ(相模原市中央区)",
        "西門前(相模原市中央区)",
        "相模原五丁目",
        "相模原駅南口"
    ],
    "weekday": [
        "6:47",
        "7:35",
        "8:45",
        "10:02",
        "12:02",
        "14:02",
        "16:01",
        "16:51",
        "17:56"
    ],
    "saturday": [
        "6:51",
        "8:11",
        "9:31",
        "10:30",
        "11:30",
        "12:30",
        "13:30",
        "14:30",
        "15:30",
        "16:30",
        "17:30",
        "18:29"
    ],
    "holiday": [
        "7:52",
        "8:32",
        "9:32",
        "10:29",
        "11:29",
        "12:29",
        "13:29",
        "14:29",
        "15:29",
        "16:29",
        "17:29",
        "18:29"
    ],
    "url": "https://www.kanachu.co.jp/dia/diagram/timetable01_js/course:0000803525-6/node:00129300/kt:0/lname:/"
}
