{
    "date": "2025/04/19",
    "name": "県立相模原公園入口",
    "position": "-",
    "system": "相27",
    "destinations": [
        "友愛病院入口",
        "友愛病院前",
        "北里大学病院・北里大学",
        "友愛病院前",
        "麻溝車庫",
        "相模原浄水場",
        "陽光台六丁目",
        "緑が丘一丁目(相模原市中央区)",
        "光が丘三丁目(相模原市中央区)",
        "光が丘大通り",
        "光が丘小学校前",
        "光が丘一丁目(相模原市中央区)",
        "千代田五丁目",
        "千代田十字路",
        "千代田一丁目",
        "職業安定所前(相模原市中央区)",
        "ウェルネスさがみはら前",
        "市役所前(相模原市中央区)",
        "グリーンプラザ(相模原市中央区)",
        "西門前(相模原市中央区)",
        "相模原五丁目",
        "相模原駅南口"
    ],
    "weekday": [
        "6:51",
        "7:40",
        "8:50",
        "10:07",
        "12:07",
        "14:07",
        "16:06",
        "16:56",
        "18:01"
    ],
    "saturday": [
        "6:55",
        "8:15",
        "9:35",
        "10:35",
        "11:35",
        "12:35",
        "13:35",
        "14:35",
        "15:35",
        "16:35",
        "17:35",
        "18:34"
    ],
    "holiday": [
        "7:56",
        "8:36",
        "9:36",
        "10:34",
        "11:34",
        "12:34",
        "13:34",
        "14:34",
        "15:34",
        "16:34",
        "17:34",
        "18:34"
    ],
    "url": "https://www.kanachu.co.jp/dia/diagram/timetable01_js/course:0000803525-10/node:00129134/kt:0/lname:/"
}
