{
    "date": "2025/04/19",
    "name": "陽光台六丁目",
    "position": "-",
    "system": "相27",
    "destinations": [
        "緑が丘一丁目(相模原市中央区)",
        "光が丘三丁目(相模原市中央区)",
        "光が丘大通り",
        "光が丘小学校前",
        "光が丘一丁目(相模原市中央区)",
        "千代田五丁目",
        "千代田十字路",
        "千代田一丁目",
        "職業安定所前(相模原市中央区)",
        "ウェルネスさがみはら前",
        "市役所前(相模原市中央区)",
        "グリーンプラザ(相模原市中央区)",
        "西門前(相模原市中央区)",
        "相模原五丁目",
        "相模原駅南口"
    ],
    "weekday": [
        "7:04",
        "7:56",
        "9:06",
        "10:21",
        "12:21",
        "14:21",
        "16:23",
        "17:13",
        "18:18"
    ],
    "saturday": [
        "7:06",
        "8:26",
        "9:46",
        "10:47",
        "11:47",
        "12:47",
        "13:47",
        "14:47",
        "15:47",
        "16:47",
        "17:47",
        "18:46"
    ],
    "holiday": [
        "8:06",
        "8:46",
        "9:46",
        "10:46",
        "11:46",
        "12:46",
        "13:46",
        "14:46",
        "15:46",
        "16:46",
        "17:46",
        "18:46"
    ],
    "url": "https://www.kanachu.co.jp/dia/diagram/timetable01_js/course:0000803525-17/node:00129290/kt:0/lname:/"
}
