{
    "date": "2025/04/19",
    "name": "緑が丘一丁目(相模原市中央区)",
    "position": "-",
    "system": "相27",
    "destinations": [
        "光が丘三丁目(相模原市中央区)",
        "光が丘大通り",
        "光が丘小学校前",
        "光が丘一丁目(相模原市中央区)",
        "千代田五丁目",
        "千代田十字路",
        "千代田一丁目",
        "職業安定所前(相模原市中央区)",
        "ウェルネスさがみはら前",
        "市役所前(相模原市中央区)",
        "グリーンプラザ(相模原市中央区)",
        "西門前(相模原市中央区)",
        "相模原五丁目",
        "相模原駅南口"
    ],
    "weekday": [
        "7:05",
        "7:57",
        "9:07",
        "10:22",
        "12:22",
        "14:22",
        "16:24",
        "17:14",
        "18:19"
    ],
    "saturday": [
        "7:07",
        "8:27",
        "9:47",
        "10:48",
        "11:48",
        "12:48",
        "13:48",
        "14:48",
        "15:48",
        "16:48",
        "17:48",
        "18:47"
    ],
    "holiday": [
        "8:07",
        "8:47",
        "9:47",
        "10:47",
        "11:47",
        "12:47",
        "13:47",
        "14:47",
        "15:47",
        "16:47",
        "17:47",
        "18:47"
    ],
    "url": "https://www.kanachu.co.jp/dia/diagram/timetable01_js/course:0000803525-18/node:00129265/kt:0/lname:/"
}
