{
    "date": "2025/04/19",
    "name": "ウェルネスさがみはら前",
    "position": "-",
    "system": "相27",
    "destinations": [
        "市役所前(相模原市中央区)",
        "グリーンプラザ(相模原市中央区)",
        "西門前(相模原市中央区)",
        "相模原五丁目",
        "相模原駅南口"
    ],
    "weekday": [
        "7:18",
        "8:10",
        "9:20",
        "10:34",
        "12:34",
        "14:34",
        "16:38",
        "17:28",
        "18:33"
    ],
    "saturday": [
        "7:19",
        "8:39",
        "9:59",
        "11:00",
        "12:00",
        "13:00",
        "14:00",
        "15:00",
        "16:00",
        "17:00",
        "18:00",
        "18:59"
    ],
    "holiday": [
        "8:17",
        "8:57",
        "9:57",
        "10:59",
        "11:59",
        "12:59",
        "13:59",
        "14:59",
        "15:59",
        "16:59",
        "17:59",
        "18:59"
    ],
    "url": "https://www.kanachu.co.jp/dia/diagram/timetable01_js/course:0000803525-27/node:00128536/kt:0/lname:/"
}
