{
    "date": "2025/04/19",
    "name": "グリーンプラザ(相模原市中央区)",
    "position": "-",
    "system": "相27",
    "destinations": [
        "西門前(相模原市中央区)",
        "相模原五丁目",
        "相模原駅南口"
    ],
    "weekday": [
        "7:22",
        "8:14",
        "9:24",
        "10:38",
        "12:38",
        "14:38",
        "16:43",
        "17:33",
        "18:38"
    ],
    "saturday": [
        "7:22",
        "8:42",
        "10:02",
        "11:03",
        "12:03",
        "13:03",
        "14:03",
        "15:03",
        "16:03",
        "17:03",
        "18:03",
        "19:02"
    ],
    "holiday": [
        "8:20",
        "9:00",
        "10:00",
        "11:02",
        "12:02",
        "13:02",
        "14:02",
        "15:02",
        "16:02",
        "17:02",
        "18:02",
        "19:02"
    ],
    "url": "https://www.kanachu.co.jp/dia/diagram/timetable01_js/course:0000803525-29/node:00128538/kt:0/lname:/"
}
