{
    "date": "2025/04/19",
    "name": "西門前(相模原市中央区)",
    "position": "-",
    "system": "相27",
    "destinations": [
        "相模原五丁目",
        "相模原駅南口"
    ],
    "weekday": [
        "7:24",
        "8:16",
        "9:26",
        "10:40",
        "12:40",
        "14:40",
        "16:45",
        "17:35",
        "18:40"
    ],
    "saturday": [
        "7:24",
        "8:44",
        "10:04",
        "11:05",
        "12:05",
        "13:05",
        "14:05",
        "15:05",
        "16:05",
        "17:05",
        "18:05",
        "19:04"
    ],
    "holiday": [
        "8:22",
        "9:02",
        "10:02",
        "11:04",
        "12:04",
        "13:04",
        "14:04",
        "15:04",
        "16:04",
        "17:04",
        "18:04",
        "19:04"
    ],
    "url": "https://www.kanachu.co.jp/dia/diagram/timetable01_js/course:0000803525-30/node:00128539/kt:0/lname:/"
}
