{
    "date": "2025/03/15",
    "name": "本郷(綾瀬市)",
    "position": "-",
    "system": "",
    "destinations": [
        "上深谷",
        "観音入口",
        "寺尾(綾瀬市)",
        "綾北小学校前",
        "子ノ神(綾瀬市)",
        "寺尾峰",
        "共ヶ丘",
        "大塚本町",
        "大塚上町",
        "さがみ野駅"
    ],
    "weekday": [
        "8:59",
        "9:55",
        "10:55",
        "11:55",
        "12:55",
        "13:55",
        "14:55",
        "15:55",
        "17:00",
        "18:08",
        "19:00"
    ],
    "saturday": [
        "10:09",
        "11:39",
        "13:09",
        "14:39"
    ],
    "holiday": [
        "10:09",
        "11:39",
        "13:09",
        "14:39"
    ],
    "url": "https://www.kanachu.co.jp/dia/diagram/timetable01_js/course:0000800539-11/node:00129999/kt:0/lname:/"
}
