{
    "date": "2024/09/02",
    "name": "三ツ境駅",
    "position": "-",
    "system": "戸17",
    "destinations": [
        "三ツ境駅前",
        "富士見通り商店街",
        "富士見台(横浜市瀬谷区)",
        "住宅前(横浜市瀬谷区)",
        "旭ヶ丘(横浜市瀬谷区)",
        "上阿久和",
        "谷戸阿久和",
        "宮の腰(横浜市瀬谷区)",
        "阿久和",
        "中村(横浜市瀬谷区)",
        "湘南泉病院",
        "大中村",
        "相模新橋",
        "観音寺前(横浜市泉区)",
        "新橋町(横浜市泉区)",
        "下新橋",
        "まほろば",
        "岡津橋",
        "岡津",
        "下岡津",
        "日の森",
        "上矢部",
        "上矢部インター",
        "富士橋",
        "不動坂(横浜市戸塚区)",
        "ブリヂストン前",
        "元町(横浜市戸塚区)",
        "戸塚駅西口",
        "戸塚バスセンター"
    ],
    "weekday": [
        "7:36",
        "7:50",
        "8:12",
        "8:34",
        "8:56",
        "9:20",
        "9:56",
        "10:20",
        "10:56",
        "11:20",
        "11:56",
        "12:20",
        "12:56",
        "13:20",
        "13:56",
        "14:20",
        "14:54",
        "15:14",
        "15:34",
        "15:47",
        "16:10",
        "16:38",
        "16:56",
        "17:14",
        "17:26",
        "17:44",
        "18:14"
    ],
    "saturday": [
        "8:00",
        "8:20",
        "8:40",
        "9:00",
        "9:20",
        "9:40",
        "10:00",
        "10:20",
        "10:56",
        "11:20",
        "11:56",
        "12:20",
        "12:56",
        "13:20",
        "13:56",
        "14:20",
        "14:56",
        "15:20",
        "15:40",
        "16:00",
        "16:20",
        "16:40",
        "17:20",
        "17:50"
    ],
    "holiday": [
        "7:56",
        "8:20",
        "8:40",
        "9:00",
        "9:20",
        "9:40",
        "10:00",
        "10:20",
        "10:56",
        "11:20",
        "11:50",
        "12:20",
        "12:50",
        "13:20",
        "13:50",
        "14:20",
        "14:56",
        "15:20",
        "15:44",
        "16:20",
        "16:44",
        "17:20",
        "17:50"
    ],
    "url": "https://www.kanachu.co.jp/dia/diagram/timetable01_js/course:0000803580-1/node:00126706/kt:0/lname:/"
}
