{
    "date": "2024/09/02",
    "name": "富士見通り商店街",
    "position": "-",
    "system": "戸17",
    "destinations": [
        "富士見台(横浜市瀬谷区)",
        "住宅前(横浜市瀬谷区)",
        "旭ヶ丘(横浜市瀬谷区)",
        "上阿久和",
        "谷戸阿久和",
        "宮の腰(横浜市瀬谷区)",
        "阿久和",
        "中村(横浜市瀬谷区)",
        "湘南泉病院",
        "大中村",
        "相模新橋",
        "観音寺前(横浜市泉区)",
        "新橋町(横浜市泉区)",
        "下新橋",
        "まほろば",
        "岡津橋",
        "岡津",
        "下岡津",
        "日の森",
        "上矢部",
        "上矢部インター",
        "富士橋",
        "不動坂(横浜市戸塚区)",
        "ブリヂストン前",
        "元町(横浜市戸塚区)",
        "戸塚駅西口",
        "戸塚バスセンター"
    ],
    "weekday": [
        "7:37",
        "7:51",
        "8:13",
        "8:35",
        "8:57",
        "9:21",
        "9:57",
        "10:21",
        "10:57",
        "11:21",
        "11:57",
        "12:21",
        "12:57",
        "13:21",
        "13:57",
        "14:21",
        "14:55",
        "15:15",
        "15:35",
        "15:48",
        "16:11",
        "16:39",
        "16:57",
        "17:15",
        "17:27",
        "17:45",
        "18:15"
    ],
    "saturday": [
        "8:01",
        "8:21",
        "8:41",
        "9:01",
        "9:21",
        "9:41",
        "10:01",
        "10:21",
        "10:57",
        "11:21",
        "11:57",
        "12:21",
        "12:57",
        "13:21",
        "13:57",
        "14:21",
        "14:57",
        "15:21",
        "15:41",
        "16:01",
        "16:21",
        "16:41",
        "17:21",
        "17:51"
    ],
    "holiday": [
        "7:57",
        "8:21",
        "8:41",
        "9:01",
        "9:21",
        "9:41",
        "10:01",
        "10:21",
        "10:57",
        "11:21",
        "11:51",
        "12:21",
        "12:51",
        "13:21",
        "13:51",
        "14:21",
        "14:57",
        "15:21",
        "15:45",
        "16:21",
        "16:45",
        "17:21",
        "17:51"
    ],
    "url": "https://www.kanachu.co.jp/dia/diagram/timetable01_js/course:0000803580-3/node:00126705/kt:0/lname:/"
}
