{
    "date": "2024/09/02",
    "name": "富士見台(横浜市瀬谷区)",
    "position": "-",
    "system": "戸17",
    "destinations": [
        "住宅前(横浜市瀬谷区)",
        "旭ヶ丘(横浜市瀬谷区)",
        "上阿久和",
        "谷戸阿久和",
        "宮の腰(横浜市瀬谷区)",
        "阿久和",
        "中村(横浜市瀬谷区)",
        "湘南泉病院",
        "大中村",
        "相模新橋",
        "観音寺前(横浜市泉区)",
        "新橋町(横浜市泉区)",
        "下新橋",
        "まほろば",
        "岡津橋",
        "岡津",
        "下岡津",
        "日の森",
        "上矢部",
        "上矢部インター",
        "富士橋",
        "不動坂(横浜市戸塚区)",
        "ブリヂストン前",
        "元町(横浜市戸塚区)",
        "戸塚駅西口",
        "戸塚バスセンター"
    ],
    "weekday": [
        "7:38",
        "7:52",
        "8:14",
        "8:36",
        "8:58",
        "9:22",
        "9:58",
        "10:22",
        "10:58",
        "11:22",
        "11:58",
        "12:22",
        "12:58",
        "13:22",
        "13:58",
        "14:22",
        "14:56",
        "15:16",
        "15:36",
        "15:49",
        "16:12",
        "16:40",
        "16:58",
        "17:16",
        "17:28",
        "17:46",
        "18:16"
    ],
    "saturday": [
        "8:02",
        "8:22",
        "8:42",
        "9:02",
        "9:22",
        "9:42",
        "10:02",
        "10:22",
        "10:58",
        "11:22",
        "11:58",
        "12:22",
        "12:58",
        "13:22",
        "13:58",
        "14:22",
        "14:58",
        "15:22",
        "15:42",
        "16:02",
        "16:22",
        "16:42",
        "17:22",
        "17:52"
    ],
    "holiday": [
        "7:58",
        "8:22",
        "8:42",
        "9:02",
        "9:22",
        "9:42",
        "10:02",
        "10:22",
        "10:58",
        "11:22",
        "11:52",
        "12:22",
        "12:52",
        "13:22",
        "13:52",
        "14:22",
        "14:58",
        "15:22",
        "15:46",
        "16:22",
        "16:46",
        "17:22",
        "17:52"
    ],
    "url": "https://www.kanachu.co.jp/dia/diagram/timetable01_js/course:0000803580-4/node:00126704/kt:0/lname:/"
}
