{
    "date": "2024/09/02",
    "name": "阿久和",
    "position": "-",
    "system": "戸17",
    "destinations": [
        "中村(横浜市瀬谷区)",
        "湘南泉病院",
        "大中村",
        "相模新橋",
        "観音寺前(横浜市泉区)",
        "新橋町(横浜市泉区)",
        "下新橋",
        "まほろば",
        "岡津橋",
        "岡津",
        "下岡津",
        "日の森",
        "上矢部",
        "上矢部インター",
        "富士橋",
        "不動坂(横浜市戸塚区)",
        "ブリヂストン前",
        "元町(横浜市戸塚区)",
        "戸塚駅西口",
        "戸塚バスセンター"
    ],
    "weekday": [
        "7:45",
        "7:59",
        "8:20",
        "8:42",
        "9:04",
        "9:28",
        "10:04",
        "10:28",
        "11:04",
        "11:28",
        "12:04",
        "12:28",
        "13:04",
        "13:28",
        "14:04",
        "14:28",
        "15:02",
        "15:22",
        "15:42",
        "15:55",
        "16:18",
        "16:46",
        "17:04",
        "17:22",
        "17:34",
        "17:52",
        "18:22"
    ],
    "saturday": [
        "8:08",
        "8:28",
        "8:48",
        "9:08",
        "9:28",
        "9:48",
        "10:08",
        "10:28",
        "11:04",
        "11:28",
        "12:04",
        "12:28",
        "13:04",
        "13:28",
        "14:04",
        "14:29",
        "15:05",
        "15:29",
        "15:49",
        "16:09",
        "16:29",
        "16:49",
        "17:29",
        "17:59"
    ],
    "holiday": [
        "8:04",
        "8:28",
        "8:48",
        "9:08",
        "9:28",
        "9:48",
        "10:08",
        "10:28",
        "11:04",
        "11:28",
        "11:58",
        "12:28",
        "12:58",
        "13:28",
        "13:58",
        "14:29",
        "15:05",
        "15:29",
        "15:53",
        "16:29",
        "16:53",
        "17:29",
        "17:59"
    ],
    "url": "https://www.kanachu.co.jp/dia/diagram/timetable01_js/course:0000803580-10/node:00126681/kt:0/lname:/"
}
