{
    "date": "2024/09/02",
    "name": "中村(横浜市瀬谷区)",
    "position": "-",
    "system": "戸17",
    "destinations": [
        "湘南泉病院",
        "大中村",
        "相模新橋",
        "観音寺前(横浜市泉区)",
        "新橋町(横浜市泉区)",
        "下新橋",
        "まほろば",
        "岡津橋",
        "岡津",
        "下岡津",
        "日の森",
        "上矢部",
        "上矢部インター",
        "富士橋",
        "不動坂(横浜市戸塚区)",
        "ブリヂストン前",
        "元町(横浜市戸塚区)",
        "戸塚駅西口",
        "戸塚バスセンター"
    ],
    "weekday": [
        "7:46",
        "8:00",
        "8:21",
        "8:43",
        "9:05",
        "9:29",
        "10:05",
        "10:29",
        "11:05",
        "11:29",
        "12:05",
        "12:29",
        "13:05",
        "13:29",
        "14:05",
        "14:29",
        "15:03",
        "15:23",
        "15:43",
        "15:56",
        "16:19",
        "16:47",
        "17:05",
        "17:23",
        "17:35",
        "17:53",
        "18:23"
    ],
    "saturday": [
        "8:09",
        "8:29",
        "8:49",
        "9:09",
        "9:29",
        "9:49",
        "10:09",
        "10:29",
        "11:05",
        "11:29",
        "12:05",
        "12:29",
        "13:05",
        "13:29",
        "14:05",
        "14:30",
        "15:06",
        "15:30",
        "15:50",
        "16:10",
        "16:30",
        "16:50",
        "17:30",
        "18:00"
    ],
    "holiday": [
        "8:05",
        "8:29",
        "8:49",
        "9:09",
        "9:29",
        "9:49",
        "10:09",
        "10:29",
        "11:05",
        "11:29",
        "11:59",
        "12:29",
        "12:59",
        "13:29",
        "13:59",
        "14:30",
        "15:06",
        "15:30",
        "15:54",
        "16:30",
        "16:54",
        "17:30",
        "18:00"
    ],
    "url": "https://www.kanachu.co.jp/dia/diagram/timetable01_js/course:0000803580-11/node:00126680/kt:0/lname:/"
}
