{
    "date": "2024/09/02",
    "name": "観音寺前(横浜市泉区)",
    "position": "-",
    "system": "戸17",
    "destinations": [
        "新橋町(横浜市泉区)",
        "下新橋",
        "まほろば",
        "岡津橋",
        "岡津",
        "下岡津",
        "日の森",
        "上矢部",
        "上矢部インター",
        "富士橋",
        "不動坂(横浜市戸塚区)",
        "ブリヂストン前",
        "元町(横浜市戸塚区)",
        "戸塚駅西口",
        "戸塚バスセンター"
    ],
    "weekday": [
        "7:52",
        "8:06",
        "8:27",
        "8:49",
        "9:11",
        "9:35",
        "10:11",
        "10:35",
        "11:11",
        "11:35",
        "12:11",
        "12:35",
        "13:11",
        "13:35",
        "14:11",
        "14:35",
        "15:09",
        "15:29",
        "15:49",
        "16:02",
        "16:25",
        "16:53",
        "17:11",
        "17:29",
        "17:41",
        "17:59",
        "18:29"
    ],
    "saturday": [
        "8:15",
        "8:35",
        "8:55",
        "9:15",
        "9:35",
        "9:55",
        "10:15",
        "10:35",
        "11:11",
        "11:35",
        "12:11",
        "12:35",
        "13:11",
        "13:35",
        "14:11",
        "14:36",
        "15:12",
        "15:36",
        "15:56",
        "16:16",
        "16:36",
        "16:56",
        "17:36",
        "18:06"
    ],
    "holiday": [
        "8:11",
        "8:35",
        "8:55",
        "9:15",
        "9:35",
        "9:55",
        "10:15",
        "10:35",
        "11:11",
        "11:35",
        "12:05",
        "12:35",
        "13:05",
        "13:35",
        "14:05",
        "14:36",
        "15:12",
        "15:36",
        "16:00",
        "16:36",
        "17:00",
        "17:36",
        "18:06"
    ],
    "url": "https://www.kanachu.co.jp/dia/diagram/timetable01_js/course:0000803580-15/node:00126677/kt:0/lname:/"
}
