{
    "date": "2024/09/02",
    "name": "新橋町(横浜市泉区)",
    "position": "-",
    "system": "戸17",
    "destinations": [
        "下新橋",
        "まほろば",
        "岡津橋",
        "岡津",
        "下岡津",
        "日の森",
        "上矢部",
        "上矢部インター",
        "富士橋",
        "不動坂(横浜市戸塚区)",
        "ブリヂストン前",
        "元町(横浜市戸塚区)",
        "戸塚駅西口",
        "戸塚バスセンター"
    ],
    "weekday": [
        "7:53",
        "8:07",
        "8:28",
        "8:50",
        "9:12",
        "9:36",
        "10:12",
        "10:36",
        "11:12",
        "11:36",
        "12:12",
        "12:36",
        "13:12",
        "13:36",
        "14:12",
        "14:36",
        "15:10",
        "15:30",
        "15:50",
        "16:03",
        "16:26",
        "16:54",
        "17:12",
        "17:30",
        "17:42",
        "18:00",
        "18:30"
    ],
    "saturday": [
        "8:16",
        "8:36",
        "8:56",
        "9:16",
        "9:36",
        "9:56",
        "10:16",
        "10:36",
        "11:12",
        "11:36",
        "12:12",
        "12:36",
        "13:12",
        "13:36",
        "14:12",
        "14:37",
        "15:13",
        "15:37",
        "15:57",
        "16:17",
        "16:37",
        "16:57",
        "17:37",
        "18:07"
    ],
    "holiday": [
        "8:12",
        "8:36",
        "8:56",
        "9:16",
        "9:36",
        "9:56",
        "10:16",
        "10:36",
        "11:12",
        "11:36",
        "12:06",
        "12:36",
        "13:06",
        "13:36",
        "14:06",
        "14:37",
        "15:13",
        "15:37",
        "16:01",
        "16:37",
        "17:01",
        "17:37",
        "18:07"
    ],
    "url": "https://www.kanachu.co.jp/dia/diagram/timetable01_js/course:0000803580-16/node:00126676/kt:0/lname:/"
}
