{
    "date": "2024/09/02",
    "name": "岡津",
    "position": "-",
    "system": "戸17",
    "destinations": [
        "下岡津",
        "日の森",
        "上矢部",
        "上矢部インター",
        "富士橋",
        "不動坂(横浜市戸塚区)",
        "ブリヂストン前",
        "元町(横浜市戸塚区)",
        "戸塚駅西口",
        "戸塚バスセンター"
    ],
    "weekday": [
        "7:58",
        "8:12",
        "8:33",
        "8:55",
        "9:17",
        "9:41",
        "10:17",
        "10:41",
        "11:17",
        "11:41",
        "12:17",
        "12:41",
        "13:17",
        "13:41",
        "14:17",
        "14:41",
        "15:15",
        "15:35",
        "15:55",
        "16:08",
        "16:31",
        "16:59",
        "17:17",
        "17:35",
        "17:47",
        "18:05",
        "18:35"
    ],
    "saturday": [
        "8:21",
        "8:41",
        "9:01",
        "9:21",
        "9:41",
        "10:01",
        "10:21",
        "10:41",
        "11:17",
        "11:41",
        "12:17",
        "12:41",
        "13:17",
        "13:41",
        "14:17",
        "14:42",
        "15:18",
        "15:42",
        "16:02",
        "16:22",
        "16:42",
        "17:02",
        "17:42",
        "18:12"
    ],
    "holiday": [
        "8:17",
        "8:41",
        "9:01",
        "9:21",
        "9:41",
        "10:01",
        "10:21",
        "10:41",
        "11:17",
        "11:41",
        "12:11",
        "12:41",
        "13:11",
        "13:41",
        "14:11",
        "14:42",
        "15:18",
        "15:42",
        "16:06",
        "16:42",
        "17:06",
        "17:42",
        "18:12"
    ],
    "url": "https://www.kanachu.co.jp/dia/diagram/timetable01_js/course:0000803580-20/node:00126673/kt:0/lname:/"
}
