{
    "date": "2024/09/02",
    "name": "上矢部インター",
    "position": "-",
    "system": "戸17",
    "destinations": [
        "富士橋",
        "不動坂(横浜市戸塚区)",
        "ブリヂストン前",
        "元町(横浜市戸塚区)",
        "戸塚駅西口",
        "戸塚バスセンター"
    ],
    "weekday": [
        "8:06",
        "8:20",
        "8:41",
        "9:03",
        "9:25",
        "9:49",
        "10:25",
        "10:49",
        "11:25",
        "11:49",
        "12:25",
        "12:49",
        "13:25",
        "13:49",
        "14:25",
        "14:49",
        "15:23",
        "15:43",
        "16:03",
        "16:16",
        "16:39",
        "17:07",
        "17:25",
        "17:43",
        "17:55",
        "18:13",
        "18:43"
    ],
    "saturday": [
        "8:28",
        "8:48",
        "9:08",
        "9:28",
        "9:48",
        "10:08",
        "10:28",
        "10:48",
        "11:24",
        "11:48",
        "12:24",
        "12:48",
        "13:24",
        "13:48",
        "14:25",
        "14:50",
        "15:26",
        "15:50",
        "16:10",
        "16:30",
        "16:50",
        "17:10",
        "17:50",
        "18:19"
    ],
    "holiday": [
        "8:24",
        "8:48",
        "9:08",
        "9:28",
        "9:48",
        "10:08",
        "10:28",
        "10:48",
        "11:24",
        "11:48",
        "12:18",
        "12:48",
        "13:18",
        "13:48",
        "14:19",
        "14:50",
        "15:26",
        "15:50",
        "16:14",
        "16:50",
        "17:14",
        "17:50",
        "18:19"
    ],
    "url": "https://www.kanachu.co.jp/dia/diagram/timetable01_js/course:0000803580-24/node:00126669/kt:0/lname:/"
}
