{
    "date": "2024/09/02",
    "name": "不動坂(横浜市戸塚区)",
    "position": "-",
    "system": "戸17",
    "destinations": [
        "ブリヂストン前",
        "元町(横浜市戸塚区)",
        "戸塚駅西口",
        "戸塚バスセンター"
    ],
    "weekday": [
        "8:11",
        "8:25",
        "8:46",
        "9:08",
        "9:30",
        "9:54",
        "10:30",
        "10:54",
        "11:30",
        "11:54",
        "12:30",
        "12:54",
        "13:30",
        "13:54",
        "14:30",
        "14:54",
        "15:28",
        "15:48",
        "16:08",
        "16:21",
        "16:44",
        "17:12",
        "17:30",
        "17:48",
        "18:00",
        "18:18",
        "18:48"
    ],
    "saturday": [
        "8:33",
        "8:53",
        "9:13",
        "9:33",
        "9:53",
        "10:13",
        "10:33",
        "10:53",
        "11:29",
        "11:53",
        "12:29",
        "12:53",
        "13:29",
        "13:53",
        "14:30",
        "14:55",
        "15:31",
        "15:55",
        "16:15",
        "16:35",
        "16:55",
        "17:15",
        "17:55",
        "18:24"
    ],
    "holiday": [
        "8:29",
        "8:53",
        "9:13",
        "9:33",
        "9:53",
        "10:13",
        "10:33",
        "10:53",
        "11:29",
        "11:53",
        "12:23",
        "12:53",
        "13:23",
        "13:53",
        "14:24",
        "14:55",
        "15:31",
        "15:55",
        "16:19",
        "16:55",
        "17:19",
        "17:55",
        "18:24"
    ],
    "url": "https://www.kanachu.co.jp/dia/diagram/timetable01_js/course:0000803580-26/node:00126613/kt:0/lname:/"
}
