{
    "date": "2024/09/02",
    "name": "ブリヂストン前",
    "position": "-",
    "system": "戸17",
    "destinations": [
        "元町(横浜市戸塚区)",
        "戸塚駅西口",
        "戸塚バスセンター"
    ],
    "weekday": [
        "8:13",
        "8:27",
        "8:48",
        "9:10",
        "9:32",
        "9:56",
        "10:32",
        "10:56",
        "11:32",
        "11:56",
        "12:32",
        "12:56",
        "13:32",
        "13:56",
        "14:32",
        "14:56",
        "15:30",
        "15:50",
        "16:10",
        "16:23",
        "16:46",
        "17:14",
        "17:32",
        "17:50",
        "18:02",
        "18:20",
        "18:50"
    ],
    "saturday": [
        "8:35",
        "8:55",
        "9:15",
        "9:35",
        "9:55",
        "10:15",
        "10:35",
        "10:55",
        "11:31",
        "11:55",
        "12:31",
        "12:55",
        "13:31",
        "13:55",
        "14:32",
        "14:57",
        "15:33",
        "15:57",
        "16:17",
        "16:37",
        "16:57",
        "17:17",
        "17:57",
        "18:26"
    ],
    "holiday": [
        "8:31",
        "8:55",
        "9:15",
        "9:35",
        "9:55",
        "10:15",
        "10:35",
        "10:55",
        "11:31",
        "11:55",
        "12:25",
        "12:55",
        "13:25",
        "13:55",
        "14:26",
        "14:57",
        "15:33",
        "15:57",
        "16:21",
        "16:57",
        "17:21",
        "17:57",
        "18:26"
    ],
    "url": "https://www.kanachu.co.jp/dia/diagram/timetable01_js/course:0000803580-27/node:00126612/kt:0/lname:/"
}
