{
    "date": "2025/04/01",
    "name": "藤野駅",
    "position": "-",
    "system": "野05",
    "destinations": [
        "日連大橋",
        "名倉入口",
        "追分(相模原市緑区)",
        "金剛山",
        "山口原",
        "杉西",
        "赤沢(相模原市緑区)",
        "藤野芸術の家",
        "馬本",
        "賽の神",
        "吉原入口",
        "宮ノ前(相模原市緑区)",
        "堂地",
        "中井戸(相模原市緑区)",
        "大鐘",
        "白井(相模原市緑区)",
        "小津久",
        "舟久保",
        "梁瀬橋",
        "牧野入口",
        "奥牧野"
    ],
    "weekday": [
        "6:20",
        "6:47",
        "19:15"
    ],
    "saturday": [
        "6:47",
        "19:20"
    ],
    "holiday": [
        "6:47",
        "19:20"
    ],
    "url": "https://www.kanachu.co.jp/dia/diagram/timetable01_js/course:0000803774-1/node:00128788/kt:0/lname:/"
}
