{
    "date": "2025/04/01",
    "name": "小津久",
    "position": "-",
    "system": "野05",
    "destinations": [
        "舟久保",
        "梁瀬橋",
        "牧野入口",
        "奥牧野"
    ],
    "weekday": [
        "6:32",
        "6:59",
        "19:27"
    ],
    "saturday": [
        "6:59",
        "19:32"
    ],
    "holiday": [
        "6:59",
        "19:32"
    ],
    "url": "https://www.kanachu.co.jp/dia/diagram/timetable01_js/course:0000803774-18/node:00128807/kt:0/lname:/"
}
