{
    "date": "2025/04/19",
    "name": "小沼(相模原市南区)",
    "position": "-",
    "system": "大15",
    "destinations": [
        "団地入口(相模原市南区)",
        "東通り(相模原市南区)",
        "大沼小学校前",
        "大沼",
        "オルガノ前",
        "大野台入口",
        "麻溝台入口",
        "麻溝台高校",
        "北里大学病院・北里大学",
        "友愛病院前",
        "県立相模原公園前",
        "山の神坂下",
        "下原(相模原市南区)",
        "原当麻駅東",
        "原当麻駅",
        "新中丸橋",
        "下原中央",
        "下原橋",
        "下中丸",
        "中丸(相模原市南区)",
        "下古山",
        "古山三谷",
        "上溝新開",
        "七曲り下",
        "虹吹",
        "田島(相模原市中央区)",
        "亀ヶ池八幡宮前",
        "北相前",
        "田中住宅前",
        "農協下",
        "元町(相模原市中央区)",
        "本町(相模原市中央区)",
        "上溝中央",
        "上溝"
    ],
    "weekday": [
        "10:05",
        "11:02",
        "12:28",
        "13:28",
        "14:58",
        "15:53",
        "17:23",
        "17:53",
        "19:07",
        "20:17"
    ],
    "saturday": [
        "10:21",
        "11:21",
        "12:21",
        "13:21",
        "14:38",
        "16:23",
        "17:23",
        "18:23",
        "19:23",
        "20:20"
    ],
    "holiday": [
        "10:33",
        "12:23",
        "13:23",
        "14:38",
        "16:23",
        "17:23",
        "18:23",
        "19:23"
    ],
    "url": "https://www.kanachu.co.jp/dia/diagram/timetable01_js/course:0000803512-4/node:00129137/kt:0/lname:/"
}
