{
    "date": "2025/04/19",
    "name": "虹吹",
    "position": "-",
    "system": "大15",
    "destinations": [
        "田島(相模原市中央区)",
        "亀ヶ池八幡宮前",
        "北相前",
        "田中住宅前",
        "農協下",
        "元町(相模原市中央区)",
        "本町(相模原市中央区)",
        "上溝中央",
        "上溝"
    ],
    "weekday": [
        "10:42",
        "11:39",
        "13:05",
        "14:05",
        "15:35",
        "16:30",
        "18:00",
        "18:30",
        "19:37",
        "20:47"
    ],
    "saturday": [
        "10:57",
        "11:57",
        "12:57",
        "13:57",
        "15:14",
        "16:59",
        "17:59",
        "18:59",
        "19:55",
        "20:49"
    ],
    "holiday": [
        "11:08",
        "12:58",
        "13:58",
        "15:13",
        "16:58",
        "17:58",
        "18:58",
        "19:51"
    ],
    "url": "https://www.kanachu.co.jp/dia/diagram/timetable01_js/course:0000803512-29/node:00129212/kt:0/lname:/"
}
