{
    "date": "2025/04/19",
    "name": "農協下",
    "position": "-",
    "system": "大15",
    "destinations": [
        "元町(相模原市中央区)",
        "本町(相模原市中央区)",
        "上溝中央",
        "上溝"
    ],
    "weekday": [
        "10:47",
        "11:44",
        "13:10",
        "14:10",
        "15:40",
        "16:35",
        "18:05",
        "18:35",
        "19:40",
        "20:50"
    ],
    "saturday": [
        "11:02",
        "12:02",
        "13:02",
        "14:02",
        "15:19",
        "17:04",
        "18:04",
        "19:03",
        "19:58",
        "20:52"
    ],
    "holiday": [
        "11:13",
        "13:03",
        "14:03",
        "15:18",
        "17:03",
        "18:03",
        "19:02",
        "19:54"
    ],
    "url": "https://www.kanachu.co.jp/dia/diagram/timetable01_js/course:0000803512-34/node:00129218/kt:0/lname:/"
}
