{
    "date": "2024/12/16",
    "name": "東海大学1号館前",
    "position": "-",
    "system": "平77",
    "destinations": [
        "東海大学東",
        "北金目",
        "塚越古墳",
        "みずほ小学校",
        "堀町(平塚市)",
        "金目駅",
        "南金目",
        "片岡(平塚市)",
        "飯島(平塚市)",
        "平塚支援学校前",
        "水神橋(平塚市)",
        "長持",
        "長瀬(平塚市)",
        "南原土手",
        "市民病院前(平塚市)",
        "達上ヶ丘",
        "上平塚",
        "平塚農商高校",
        "貴峯荘前",
        "大久保公園(平塚市)",
        "諏訪町(平塚市)",
        "豊原町",
        "富士見小学校前(平塚市)",
        "桧扇町",
        "新豊田道",
        "豊田道",
        "八間通り",
        "平塚文化芸術ホール前",
        "銀座通り(平塚市)",
        "平塚駅北口"
    ],
    "weekday": [
        "8:22",
        "9:25",
        "10:27",
        "11:27",
        "12:21",
        "13:21",
        "14:21",
        "15:20",
        "16:23",
        "17:23",
        "18:54"
    ],
    "saturday": [
        "10:23",
        "11:23",
        "12:23",
        "13:23",
        "14:23",
        "15:23",
        "16:23"
    ],
    "holiday": [
        "10:23",
        "11:23",
        "12:23",
        "13:23",
        "14:23",
        "15:23",
        "16:23"
    ],
    "url": "https://www.kanachu.co.jp/dia/diagram/timetable01_js/course:0000803654-3/node:00130522/kt:0/lname:/"
}
