{
    "date": "2024/12/16",
    "name": "塚越古墳",
    "position": "-",
    "system": "平77",
    "destinations": [
        "みずほ小学校",
        "堀町(平塚市)",
        "金目駅",
        "南金目",
        "片岡(平塚市)",
        "飯島(平塚市)",
        "平塚支援学校前",
        "水神橋(平塚市)",
        "長持",
        "長瀬(平塚市)",
        "南原土手",
        "市民病院前(平塚市)",
        "達上ヶ丘",
        "上平塚",
        "平塚農商高校",
        "貴峯荘前",
        "大久保公園(平塚市)",
        "諏訪町(平塚市)",
        "豊原町",
        "富士見小学校前(平塚市)",
        "桧扇町",
        "新豊田道",
        "豊田道",
        "八間通り",
        "平塚文化芸術ホール前",
        "銀座通り(平塚市)",
        "平塚駅北口"
    ],
    "weekday": [
        "8:26",
        "9:29",
        "10:31",
        "11:31",
        "12:25",
        "13:25",
        "14:25",
        "15:24",
        "16:27",
        "17:27",
        "18:58"
    ],
    "saturday": [
        "10:26",
        "11:26",
        "12:26",
        "13:26",
        "14:26",
        "15:26",
        "16:26"
    ],
    "holiday": [
        "10:26",
        "11:26",
        "12:26",
        "13:26",
        "14:26",
        "15:26",
        "16:26"
    ],
    "url": "https://www.kanachu.co.jp/dia/diagram/timetable01_js/course:0000803654-6/node:00130347/kt:0/lname:/"
}
