{
    "date": "2024/12/16",
    "name": "達上ヶ丘",
    "position": "-",
    "system": "平77",
    "destinations": [
        "上平塚",
        "平塚農商高校",
        "貴峯荘前",
        "大久保公園(平塚市)",
        "諏訪町(平塚市)",
        "豊原町",
        "富士見小学校前(平塚市)",
        "桧扇町",
        "新豊田道",
        "豊田道",
        "八間通り",
        "平塚文化芸術ホール前",
        "銀座通り(平塚市)",
        "平塚駅北口"
    ],
    "weekday": [
        "8:49",
        "9:46",
        "10:48",
        "11:48",
        "12:42",
        "13:42",
        "14:42",
        "15:41",
        "16:45",
        "17:45",
        "19:14"
    ],
    "saturday": [
        "10:45",
        "11:45",
        "12:45",
        "13:45",
        "14:45",
        "15:45",
        "16:45"
    ],
    "holiday": [
        "10:44",
        "11:44",
        "12:44",
        "13:44",
        "14:44",
        "15:44",
        "16:44"
    ],
    "url": "https://www.kanachu.co.jp/dia/diagram/timetable01_js/course:0000803654-19/node:00127584/kt:0/lname:/"
}
