{
    "date": "2024/12/16",
    "name": "大久保公園(平塚市)",
    "position": "-",
    "system": "平77",
    "destinations": [
        "諏訪町(平塚市)",
        "豊原町",
        "富士見小学校前(平塚市)",
        "桧扇町",
        "新豊田道",
        "豊田道",
        "八間通り",
        "平塚文化芸術ホール前",
        "銀座通り(平塚市)",
        "平塚駅北口"
    ],
    "weekday": [
        "8:55",
        "9:51",
        "10:53",
        "11:53",
        "12:47",
        "13:47",
        "14:47",
        "15:46",
        "16:51",
        "17:51",
        "19:19"
    ],
    "saturday": [
        "10:50",
        "11:50",
        "12:50",
        "13:50",
        "14:50",
        "15:50",
        "16:50"
    ],
    "holiday": [
        "10:49",
        "11:49",
        "12:49",
        "13:49",
        "14:49",
        "15:49",
        "16:49"
    ],
    "url": "https://www.kanachu.co.jp/dia/diagram/timetable01_js/course:0000803654-23/node:00127590/kt:0/lname:/"
}
