{
    "date": "2024/12/16",
    "name": "新豊田道",
    "position": "-",
    "system": "平77",
    "destinations": [
        "豊田道",
        "八間通り",
        "平塚文化芸術ホール前",
        "銀座通り(平塚市)",
        "平塚駅北口"
    ],
    "weekday": [
        "9:00",
        "9:56",
        "10:58",
        "11:58",
        "12:52",
        "13:52",
        "14:52",
        "15:51",
        "16:56",
        "17:56",
        "19:24"
    ],
    "saturday": [
        "10:55",
        "11:55",
        "12:55",
        "13:55",
        "14:55",
        "15:55",
        "16:55"
    ],
    "holiday": [
        "10:54",
        "11:54",
        "12:54",
        "13:54",
        "14:54",
        "15:54",
        "16:54"
    ],
    "url": "https://www.kanachu.co.jp/dia/diagram/timetable01_js/course:0000803654-28/node:00127585/kt:0/lname:/"
}
