{
    "date": "2024/12/16",
    "name": "八間通り",
    "position": "-",
    "system": "平77",
    "destinations": [
        "平塚文化芸術ホール前",
        "銀座通り(平塚市)",
        "平塚駅北口"
    ],
    "weekday": [
        "9:02",
        "9:58",
        "11:00",
        "12:00",
        "12:54",
        "13:54",
        "14:54",
        "15:53",
        "16:58",
        "17:58",
        "19:26"
    ],
    "saturday": [
        "10:57",
        "11:57",
        "12:57",
        "13:57",
        "14:57",
        "15:57",
        "16:57"
    ],
    "holiday": [
        "10:56",
        "11:56",
        "12:56",
        "13:56",
        "14:56",
        "15:56",
        "16:56"
    ],
    "url": "https://www.kanachu.co.jp/dia/diagram/timetable01_js/course:0000803654-30/node:00127467/kt:0/lname:/"
}
