{
    "date": "2025/01/14",
    "name": "本厚木駅",
    "position": "-",
    "system": "厚18",
    "destinations": [
        "小田急通り",
        "合同庁舎前(厚木市)",
        "戸室住宅前",
        "戸室神社下",
        "戸室",
        "林(厚木市)",
        "穴口橋",
        "及川",
        "千頭",
        "上千頭",
        "ゴルフ場入口(厚木市)",
        "小鮎久保",
        "光福寺(厚木市)",
        "橋場(厚木市)",
        "飯山観音前",
        "尼寺(厚木市)",
        "志田原",
        "飯山温泉入口",
        "上飯山(厚木市)"
    ],
    "weekday": [
        "7:55",
        "9:10",
        "10:00",
        "11:00",
        "12:00",
        "13:00",
        "14:00",
        "15:00",
        "16:00",
        "18:50"
    ],
    "saturday": [
        "7:20",
        "8:20",
        "9:20",
        "10:20",
        "11:20",
        "12:20",
        "13:20",
        "14:20",
        "15:20",
        "16:20",
        "17:20",
        "18:20",
        "19:20",
        "20:20"
    ],
    "holiday": [
        "7:20",
        "8:20",
        "9:20",
        "10:20",
        "11:20",
        "12:20",
        "13:20",
        "14:20",
        "15:20",
        "16:20",
        "17:20",
        "18:20",
        "19:20",
        "20:20"
    ],
    "url": "https://www.kanachu.co.jp/dia/diagram/timetable01_js/course:0000803344-1/node:00025684/kt:0/lname:/"
}
