{
    "date": "",
    "name": "農協前(横浜市旭区)",
    "position": "-",
    "system": "横04",
    "destinations": [
        "筑池",
        "今宿(横浜市旭区)",
        "今宿小学校入口",
        "鶴ヶ峰中学校前",
        "薬王寺入口",
        "鶴ヶ峰本町",
        "鶴ヶ峰駅",
        "白根町",
        "白根不動入口",
        "下白根橋",
        "西谷(横浜市旭区)",
        "西谷駅前",
        "梅の木(横浜市保土ケ谷区)",
        "西谷妙福寺前",
        "川島町(横浜市保土ケ谷区)",
        "杉山神社前(横浜市保土ケ谷区)",
        "上星川",
        "保土ヶ谷中学校前",
        "和田町(横浜市保土ケ谷区)",
        "常盤園下",
        "峰岡町",
        "峯小学校前",
        "宮田町(横浜市保土ケ谷区)",
        "洪福寺",
        "浅間町車庫前",
        "浅岡橋",
        "浅間下(横浜市西区)",
        "楠町",
        "鶴屋町三丁目",
        "横浜駅西口"
    ],
    "weekday": [],
    "saturday": [],
    "holiday": [],
    "url": "https://www.kanachu.co.jp/dia/diagram/timetable01_js/course:0000803912-21/node:00129714/kt:0/lname:/"
}
