{
    "date": "2018/06/25",
    "name": "松林中学校前",
    "position": "-",
    "system": "藤08",
    "destinations": [
        "菱沼",
        "西小和田",
        "小和田(茅ケ崎市)",
        "東小和田",
        "二ツ谷",
        "四ツ谷(藤沢市)",
        "辻堂入口",
        "羽鳥(藤沢市)",
        "メルシャン前",
        "引地橋",
        "一中入口(藤沢市)",
        "湘南高校前",
        "台町(藤沢市)",
        "藤沢市民病院",
        "本町消防出張所前",
        "藤沢公民館前",
        "遊行寺前",
        "遊行通り四丁目",
        "藤沢駅北口"
    ],
    "weekday": [
        "8:35",
        "9:50",
        "11:50"
    ],
    "saturday": [],
    "holiday": [],
    "url": "https://www.kanachu.co.jp/dia/diagram/timetable01_js/course:0000802036-4/node:00127129/kt:0/lname:/"
}
