{
    "date": "2025/10/20",
    "name": "谷入口",
    "position": "-",
    "system": "海10",
    "destinations": [
        "岩船地蔵尊",
        "皆原住宅前",
        "皆原",
        "座間駅入口",
        "座間駅",
        "天台(座間市)",
        "立野台公園北",
        "立野台",
        "立野台下",
        "市営住宅前(座間市)",
        "緑ヶ丘住宅入口",
        "市役所谷戸山公園前",
        "座間中学校前",
        "相武台前駅"
    ],
    "weekday": [
        "6:50",
        "7:33",
        "8:35",
        "9:15",
        "9:55",
        "10:55",
        "11:55",
        "12:55",
        "13:55",
        "14:55",
        "15:55",
        "16:55",
        "17:55",
        "18:55",
        "19:40",
        "20:25",
        "21:25"
    ],
    "saturday": [
        "7:54",
        "8:54",
        "9:55",
        "10:55",
        "11:55",
        "12:55",
        "13:55",
        "14:55",
        "15:55",
        "16:55",
        "17:55",
        "18:55",
        "19:55",
        "20:54"
    ],
    "holiday": [
        "7:54",
        "8:54",
        "9:55",
        "10:55",
        "11:55",
        "12:55",
        "13:55",
        "14:55",
        "15:55",
        "16:55",
        "17:55",
        "18:55",
        "19:54",
        "20:54"
    ],
    "url": "https://www.kanachu.co.jp/dia/diagram/timetable01_js/course:0000800434-8/node:00128563/kt:0/lname:/"
}
