{
    "date": "2025/10/20",
    "name": "緑ヶ丘住宅入口",
    "position": "-",
    "system": "海10",
    "destinations": [
        "市役所谷戸山公園前",
        "座間中学校前",
        "相武台前駅"
    ],
    "weekday": [
        "7:05",
        "7:49",
        "8:51",
        "9:31",
        "10:11",
        "11:11",
        "12:11",
        "13:11",
        "14:11",
        "15:11",
        "16:11",
        "17:11",
        "18:11",
        "19:11",
        "19:56",
        "20:38",
        "21:38"
    ],
    "saturday": [
        "8:07",
        "9:08",
        "10:11",
        "11:11",
        "12:11",
        "13:11",
        "14:11",
        "15:11",
        "16:11",
        "17:11",
        "18:11",
        "19:11",
        "20:10",
        "21:07"
    ],
    "holiday": [
        "8:07",
        "9:08",
        "10:11",
        "11:11",
        "12:11",
        "13:11",
        "14:11",
        "15:11",
        "16:11",
        "17:11",
        "18:11",
        "19:10",
        "20:07",
        "21:07"
    ],
    "url": "https://www.kanachu.co.jp/dia/diagram/timetable01_js/course:0000800434-19/node:00128577/kt:0/lname:/"
}
