{
    "date": "2024/03/16",
    "name": "田名バスターミナル",
    "position": "-",
    "system": "相17",
    "destinations": [
        "四ツ谷(相模原市中央区)",
        "田名工業団地入口",
        "石橋(相模原市中央区)",
        "鳩川住宅前",
        "日金沢下",
        "グリーンプール入口",
        "横山小学校前(相模原市中央区)",
        "日金沢上",
        "清新中学校入口",
        "グッディプレイス前",
        "さがみ夢大通り",
        "相模原駅南口"
    ],
    "weekday": [
        "5:50",
        "6:15",
        "6:30",
        "6:45",
        "6:55",
        "7:02",
        "7:10",
        "7:18",
        "7:28",
        "7:40",
        "7:55",
        "8:10",
        "8:30",
        "8:50",
        "9:10",
        "9:30",
        "9:50",
        "10:20",
        "10:50",
        "11:20",
        "11:50",
        "12:20",
        "12:50",
        "13:20",
        "13:50",
        "14:20",
        "14:50",
        "15:20",
        "15:50",
        "16:20",
        "16:50",
        "17:25",
        "17:45",
        "18:05",
        "18:25",
        "18:45",
        "19:15",
        "19:45",
        "20:20",
        "20:45",
        "21:05",
        "22:05"
    ],
    "saturday": [
        "6:20",
        "6:50",
        "7:20",
        "7:50",
        "8:20",
        "8:40",
        "8:50",
        "9:20",
        "9:50",
        "10:20",
        "10:50",
        "11:20",
        "11:50",
        "12:20",
        "12:50",
        "13:20",
        "13:50",
        "14:20",
        "14:50",
        "15:20",
        "15:50",
        "16:20",
        "16:50",
        "17:20",
        "17:50",
        "18:20",
        "18:50",
        "19:20",
        "19:50",
        "20:20",
        "20:50",
        "21:20"
    ],
    "holiday": [
        "6:20",
        "6:50",
        "7:20",
        "7:50",
        "8:20",
        "8:40",
        "8:50",
        "9:20",
        "9:50",
        "10:20",
        "10:50",
        "11:20",
        "11:50",
        "12:20",
        "12:50",
        "13:20",
        "13:50",
        "14:20",
        "14:50",
        "15:20",
        "15:50",
        "16:20",
        "16:50",
        "17:20",
        "17:50",
        "18:20",
        "18:50",
        "19:20",
        "19:50",
        "20:20",
        "20:50"
    ],
    "url": "https://www.kanachu.co.jp/dia/diagram/timetable01_js/course:0000802416-4/node:00129077/kt:0/lname:/"
}
