{
    "date": "2025/05/11",
    "name": "大道小学校前",
    "position": "-",
    "system": "船08",
    "destinations": [
        "大道(横浜市金沢区)",
        "西大道",
        "住宅前(横浜市金沢区)",
        "大道中学校前",
        "朝比奈",
        "相武隧道",
        "隧道東口",
        "横浜霊園前",
        "森の家前",
        "上郷(横浜市栄区)",
        "長倉町",
        "八軒谷戸",
        "中島(横浜市栄区)",
        "光明寺(横浜市栄区)",
        "紅葉橋(横浜市栄区)",
        "本郷車庫前(横浜市栄区)",
        "山手学院入口",
        "稲荷森",
        "中野町",
        "本郷(横浜市栄区)",
        "本郷小学校前",
        "南河内(横浜市栄区)",
        "天神橋(横浜市栄区)",
        "栄警察署前",
        "公田",
        "鎌倉女子大前",
        "平島(鎌倉市)",
        "笠間十字路",
        "笠間町",
        "岩井口",
        "大船駅(横浜市栄区)"
    ],
    "weekday": [
        "6:29",
        "6:42",
        "7:01",
        "7:19",
        "7:38",
        "7:59",
        "8:22",
        "8:39",
        "9:02",
        "9:21",
        "9:42",
        "10:02",
        "10:33",
        "11:03",
        "11:33",
        "12:03",
        "12:33",
        "13:03",
        "13:33",
        "14:03",
        "14:33",
        "15:03",
        "15:33",
        "16:03",
        "16:33",
        "17:03",
        "17:33",
        "18:03",
        "18:33",
        "19:03",
        "19:33",
        "20:05",
        "20:44",
        "21:14",
        "21:44",
        "22:24"
    ],
    "saturday": [
        "6:44",
        "7:25",
        "7:55",
        "8:25",
        "8:58",
        "9:31",
        "10:10",
        "10:52",
        "11:34",
        "12:14",
        "12:54",
        "13:34",
        "14:14",
        "14:54",
        "15:34",
        "16:14",
        "16:54",
        "17:34",
        "18:14",
        "18:54",
        "19:20",
        "20:19",
        "21:29"
    ],
    "holiday": [
        "6:44",
        "7:25",
        "7:55",
        "8:25",
        "8:58",
        "9:31",
        "10:10",
        "10:52",
        "11:34",
        "12:14",
        "12:54",
        "13:34",
        "14:14",
        "14:54",
        "15:34",
        "16:14",
        "16:54",
        "17:34",
        "18:14",
        "18:54",
        "19:20",
        "20:19",
        "21:29"
    ],
    "url": "https://www.kanachu.co.jp/dia/diagram/timetable01_js/course:0000803821-6/node:00113600/kt:0/lname:/"
}
