{
    "date": "2025/05/11",
    "name": "朝比奈",
    "position": "-",
    "system": "船08",
    "destinations": [
        "相武隧道",
        "隧道東口",
        "横浜霊園前",
        "森の家前",
        "上郷(横浜市栄区)",
        "長倉町",
        "八軒谷戸",
        "中島(横浜市栄区)",
        "光明寺(横浜市栄区)",
        "紅葉橋(横浜市栄区)",
        "本郷車庫前(横浜市栄区)",
        "山手学院入口",
        "稲荷森",
        "中野町",
        "本郷(横浜市栄区)",
        "本郷小学校前",
        "南河内(横浜市栄区)",
        "天神橋(横浜市栄区)",
        "栄警察署前",
        "公田",
        "鎌倉女子大前",
        "平島(鎌倉市)",
        "笠間十字路",
        "笠間町",
        "岩井口",
        "大船駅(横浜市栄区)"
    ],
    "weekday": [
        "6:33",
        "6:46",
        "7:05",
        "7:23",
        "7:42",
        "8:03",
        "8:26",
        "8:43",
        "9:08",
        "9:27",
        "9:48",
        "10:08",
        "10:39",
        "11:09",
        "11:39",
        "12:09",
        "12:39",
        "13:09",
        "13:39",
        "14:09",
        "14:39",
        "15:09",
        "15:39",
        "16:09",
        "16:39",
        "17:09",
        "17:39",
        "18:09",
        "18:39",
        "19:07",
        "19:37",
        "20:09",
        "20:48",
        "21:18",
        "21:48",
        "22:28"
    ],
    "saturday": [
        "6:48",
        "7:30",
        "8:00",
        "8:30",
        "9:03",
        "9:37",
        "10:16",
        "10:58",
        "11:40",
        "12:20",
        "13:00",
        "13:40",
        "14:20",
        "15:00",
        "15:40",
        "16:20",
        "17:00",
        "17:40",
        "18:20",
        "19:00",
        "19:24",
        "20:23",
        "21:33"
    ],
    "holiday": [
        "6:48",
        "7:30",
        "8:00",
        "8:30",
        "9:03",
        "9:37",
        "10:16",
        "10:58",
        "11:40",
        "12:20",
        "13:00",
        "13:40",
        "14:20",
        "15:00",
        "15:40",
        "16:20",
        "17:00",
        "17:40",
        "18:20",
        "19:00",
        "19:24",
        "20:23",
        "21:33"
    ],
    "url": "https://www.kanachu.co.jp/dia/diagram/timetable01_js/course:0000803821-11/node:00113829/kt:0/lname:/"
}
