{
    "date": "2025/05/11",
    "name": "本郷(横浜市栄区)",
    "position": "-",
    "system": "船08",
    "destinations": [
        "本郷小学校前",
        "南河内(横浜市栄区)",
        "天神橋(横浜市栄区)",
        "栄警察署前",
        "公田",
        "鎌倉女子大前",
        "平島(鎌倉市)",
        "笠間十字路",
        "笠間町",
        "岩井口",
        "大船駅(横浜市栄区)"
    ],
    "weekday": [
        "6:47",
        "7:00",
        "7:24",
        "7:42",
        "8:01",
        "8:22",
        "8:45",
        "9:02",
        "9:26",
        "9:45",
        "10:06",
        "10:26",
        "10:57",
        "11:27",
        "11:57",
        "12:27",
        "12:57",
        "13:27",
        "13:57",
        "14:27",
        "14:57",
        "15:27",
        "15:57",
        "16:27",
        "16:57",
        "17:27",
        "17:57",
        "18:27",
        "18:57",
        "19:22",
        "19:52",
        "20:23",
        "21:02",
        "21:32",
        "22:02",
        "22:42"
    ],
    "saturday": [
        "7:03",
        "7:45",
        "8:15",
        "8:45",
        "9:22",
        "9:56",
        "10:36",
        "11:18",
        "12:00",
        "12:40",
        "13:20",
        "14:00",
        "14:40",
        "15:20",
        "16:00",
        "16:40",
        "17:20",
        "18:00",
        "18:40",
        "19:15",
        "19:38",
        "20:37",
        "21:47"
    ],
    "holiday": [
        "7:03",
        "7:45",
        "8:15",
        "8:45",
        "9:22",
        "9:56",
        "10:36",
        "11:18",
        "12:00",
        "12:40",
        "13:20",
        "14:00",
        "14:40",
        "15:20",
        "16:00",
        "16:40",
        "17:20",
        "18:00",
        "18:40",
        "19:15",
        "19:38",
        "20:37",
        "21:47"
    ],
    "url": "https://www.kanachu.co.jp/dia/diagram/timetable01_js/course:0000803821-26/node:00126510/kt:0/lname:/"
}
