{
    "date": "2026/01/16",
    "name": "細谷戸第4",
    "position": "-",
    "system": "瀬31",
    "destinations": [
        "細谷戸第3",
        "細谷戸第2",
        "細谷戸第1",
        "東台(横浜市瀬谷区)",
        "幼稚園前(横浜市瀬谷区)",
        "相沢",
        "瀬谷駅"
    ],
    "weekday": [
        "6:03",
        "6:25",
        "6:38",
        "7:00",
        "7:13",
        "7:31",
        "7:48",
        "8:03",
        "8:28",
        "8:59",
        "9:13",
        "9:28",
        "9:45",
        "10:26",
        "10:47",
        "10:57",
        "11:27",
        "11:42",
        "12:15",
        "12:45",
        "13:00",
        "13:28",
        "14:15",
        "14:45",
        "15:10",
        "15:45",
        "16:10",
        "16:30",
        "16:50",
        "17:10",
        "17:30",
        "17:50",
        "18:10",
        "18:25",
        "18:40",
        "19:10",
        "19:40",
        "20:10",
        "20:40",
        "21:10",
        "21:40",
        "22:10",
        "22:40"
    ],
    "saturday": [
        "6:03",
        "6:35",
        "7:07",
        "7:39",
        "8:11",
        "8:43",
        "9:03",
        "9:23",
        "9:43",
        "10:03",
        "10:23",
        "10:43",
        "11:02",
        "11:34",
        "12:06",
        "12:38",
        "13:10",
        "13:42",
        "14:14",
        "14:46",
        "15:18",
        "15:50",
        "16:22",
        "16:54",
        "17:26",
        "17:58",
        "18:30",
        "19:02",
        "19:34",
        "20:06",
        "20:38",
        "21:10",
        "21:42"
    ],
    "holiday": [
        "6:03",
        "6:35",
        "7:07",
        "7:39",
        "8:11",
        "8:43",
        "9:03",
        "9:23",
        "9:43",
        "10:03",
        "10:23",
        "10:43",
        "11:02",
        "11:34",
        "12:06",
        "12:38",
        "13:10",
        "13:42",
        "14:14",
        "14:46",
        "15:18",
        "15:50",
        "16:22",
        "16:54",
        "17:26",
        "17:58",
        "18:30",
        "19:02",
        "19:34",
        "20:06",
        "20:38",
        "21:10",
        "21:42"
    ],
    "url": "https://www.kanachu.co.jp/dia/diagram/timetable01_js/course:0000804273-2/node:00129790/kt:0/lname:/"
}
