{
    "date": "2026/01/16",
    "name": "細谷戸第2",
    "position": "-",
    "system": "瀬31",
    "destinations": [
        "細谷戸第1",
        "東台(横浜市瀬谷区)",
        "幼稚園前(横浜市瀬谷区)",
        "相沢",
        "瀬谷駅"
    ],
    "weekday": [
        "6:06",
        "6:28",
        "6:41",
        "7:03",
        "7:16",
        "7:34",
        "7:51",
        "8:06",
        "8:31",
        "9:02",
        "9:16",
        "9:31",
        "9:48",
        "10:29",
        "10:50",
        "11:00",
        "11:30",
        "11:45",
        "12:18",
        "12:48",
        "13:03",
        "13:31",
        "14:18",
        "14:48",
        "15:13",
        "15:48",
        "16:13",
        "16:33",
        "16:53",
        "17:13",
        "17:33",
        "17:53",
        "18:13",
        "18:28",
        "18:43",
        "19:13",
        "19:43",
        "20:11",
        "20:41",
        "21:11",
        "21:41",
        "22:11",
        "22:41"
    ],
    "saturday": [
        "6:04",
        "6:36",
        "7:08",
        "7:40",
        "8:12",
        "8:44",
        "9:06",
        "9:26",
        "9:46",
        "10:06",
        "10:26",
        "10:46",
        "11:05",
        "11:37",
        "12:09",
        "12:41",
        "13:13",
        "13:45",
        "14:17",
        "14:49",
        "15:21",
        "15:53",
        "16:25",
        "16:57",
        "17:29",
        "18:01",
        "18:33",
        "19:05",
        "19:37",
        "20:07",
        "20:39",
        "21:11",
        "21:43"
    ],
    "holiday": [
        "6:04",
        "6:36",
        "7:08",
        "7:40",
        "8:12",
        "8:44",
        "9:06",
        "9:26",
        "9:46",
        "10:06",
        "10:26",
        "10:46",
        "11:05",
        "11:37",
        "12:09",
        "12:41",
        "13:13",
        "13:45",
        "14:17",
        "14:49",
        "15:21",
        "15:53",
        "16:25",
        "16:57",
        "17:29",
        "18:01",
        "18:33",
        "19:05",
        "19:37",
        "20:07",
        "20:39",
        "21:11",
        "21:43"
    ],
    "url": "https://www.kanachu.co.jp/dia/diagram/timetable01_js/course:0000804273-4/node:00129788/kt:0/lname:/"
}
