{
    "date": "2025/04/01",
    "name": "滝の沢(町田市)",
    "position": "-",
    "system": "町39",
    "destinations": [
        "木曽住宅",
        "三家(町田市)",
        "木曽(町田市)",
        "忠生公園入口",
        "上宿(町田市)",
        "下根岸(町田市)",
        "根岸(根岸町/町田市)",
        "忠生都営住宅前",
        "桜美林学園東",
        "尾根緑道入口",
        "市立室内プール",
        "日大三高入口",
        "日影橋",
        "図師大橋",
        "図師",
        "並木(町田市)",
        "神学校(町田市)",
        "野津田車庫"
    ],
    "weekday": [
        "8:08",
        "8:36",
        "8:51",
        "9:10",
        "9:34",
        "10:19",
        "11:09",
        "12:07",
        "12:17",
        "12:54",
        "13:31",
        "14:33",
        "15:15",
        "16:07",
        "17:10",
        "18:05",
        "18:58",
        "19:59",
        "20:37"
    ],
    "saturday": [
        "8:37",
        "9:28",
        "10:28",
        "11:14",
        "11:59",
        "12:49",
        "13:44",
        "14:30",
        "15:30",
        "16:35",
        "17:35",
        "18:35",
        "19:34",
        "20:33"
    ],
    "holiday": [
        "8:42",
        "9:29",
        "10:29",
        "11:15",
        "12:00",
        "12:50",
        "13:17",
        "13:50",
        "14:30",
        "15:27",
        "16:45",
        "17:45",
        "18:35",
        "19:32",
        "20:32"
    ],
    "url": "https://www.kanachu.co.jp/dia/diagram/timetable01_js/course:0000802468-7/node:00129361/kt:0/lname:/"
}
