{
    "date": "2025/04/01",
    "name": "図師",
    "position": "-",
    "system": "町39",
    "destinations": [
        "並木(町田市)",
        "神学校(町田市)",
        "野津田車庫"
    ],
    "weekday": [
        "8:27",
        "8:55",
        "9:10",
        "9:29",
        "9:53",
        "10:38",
        "11:28",
        "12:26",
        "12:36",
        "13:13",
        "13:50",
        "14:52",
        "15:34",
        "16:26",
        "17:29",
        "18:24",
        "19:17",
        "20:18",
        "20:56"
    ],
    "saturday": [
        "8:56",
        "9:47",
        "10:47",
        "11:33",
        "12:18",
        "13:08",
        "14:03",
        "14:49",
        "15:49",
        "16:54",
        "17:54",
        "18:54",
        "19:53",
        "20:52"
    ],
    "holiday": [
        "9:01",
        "9:48",
        "10:48",
        "11:34",
        "12:19",
        "13:09",
        "13:36",
        "14:09",
        "14:49",
        "15:46",
        "17:04",
        "18:04",
        "18:54",
        "19:51",
        "20:51"
    ],
    "url": "https://www.kanachu.co.jp/dia/diagram/timetable01_js/course:0000802468-22/node:00129370/kt:0/lname:/"
}
