{
    "date": "2025/10/20",
    "name": "南町田グランベリーパーク駅",
    "position": "-",
    "system": "町89",
    "destinations": [
        "南町田北",
        "南町田四丁目",
        "町谷(町田市)",
        "定方寺公園入口",
        "西田峯山公園前",
        "西田(町田市)",
        "かわせみ会館前",
        "都営金森アパート前",
        "防災いこいの広場入口",
        "金森二丁目西",
        "南橋(町田市)",
        "三塚",
        "町田ターミナル前",
        "町田バスセンター"
    ],
    "weekday": [
        "6:20",
        "6:45",
        "7:10",
        "7:35",
        "8:00",
        "8:30",
        "9:20",
        "10:00",
        "11:00",
        "12:20",
        "13:00",
        "14:00",
        "15:00",
        "16:00",
        "17:20",
        "18:05",
        "18:45",
        "19:25",
        "20:10",
        "20:49",
        "21:31",
        "22:10"
    ],
    "saturday": [
        "6:40",
        "7:20",
        "8:00",
        "8:40",
        "10:00",
        "11:20",
        "12:40",
        "13:40",
        "15:40",
        "16:55",
        "18:15",
        "18:57",
        "20:25"
    ],
    "holiday": [
        "6:40",
        "7:20",
        "8:00",
        "8:40",
        "10:00",
        "11:20",
        "12:40",
        "13:40",
        "15:40",
        "16:55",
        "18:15",
        "18:57",
        "20:25"
    ],
    "url": "https://www.kanachu.co.jp/dia/diagram/timetable01_js/course:0000803201-1/node:00129730/kt:0/lname:/"
}
