{
    "date": "2025/10/20",
    "name": "南町田北",
    "position": "-",
    "system": "町89",
    "destinations": [
        "南町田四丁目",
        "町谷(町田市)",
        "定方寺公園入口",
        "西田峯山公園前",
        "西田(町田市)",
        "かわせみ会館前",
        "都営金森アパート前",
        "防災いこいの広場入口",
        "金森二丁目西",
        "南橋(町田市)",
        "三塚",
        "町田ターミナル前",
        "町田バスセンター"
    ],
    "weekday": [
        "6:23",
        "6:48",
        "7:13",
        "7:38",
        "8:03",
        "8:33",
        "9:23",
        "10:03",
        "11:03",
        "12:23",
        "13:03",
        "14:03",
        "15:03",
        "16:03",
        "17:23",
        "18:08",
        "18:48",
        "19:28",
        "20:13",
        "20:52",
        "21:34",
        "22:13"
    ],
    "saturday": [
        "6:43",
        "7:23",
        "8:03",
        "8:43",
        "10:03",
        "11:23",
        "12:43",
        "13:43",
        "15:43",
        "16:58",
        "18:18",
        "19:00",
        "20:28"
    ],
    "holiday": [
        "6:43",
        "7:23",
        "8:03",
        "8:43",
        "10:03",
        "11:23",
        "12:43",
        "13:43",
        "15:43",
        "16:58",
        "18:18",
        "19:00",
        "20:28"
    ],
    "url": "https://www.kanachu.co.jp/dia/diagram/timetable01_js/course:0000803201-2/node:00129799/kt:0/lname:/"
}
