{
    "date": "2025/07/27",
    "name": "今川町",
    "position": "-",
    "system": "秦18",
    "destinations": [
        "諏訪町(秦野市)",
        "南公民館前(秦野市)",
        "白笹稲荷神社入口",
        "畑中(秦野市)",
        "南町(秦野市)",
        "出雲大社入口",
        "三協町入口",
        "農協本所前",
        "南中原",
        "白山塚",
        "日立製作所(秦野市)",
        "堀川東",
        "桜土手(秦野市)",
        "堀川小学校前(秦野市)",
        "渋沢駅北口"
    ],
    "weekday": [
        "7:02",
        "8:16",
        "10:27",
        "11:19",
        "14:09",
        "15:02",
        "18:43",
        "19:51"
    ],
    "saturday": [
        "8:33",
        "10:24",
        "17:02",
        "18:38"
    ],
    "holiday": [
        "8:33",
        "10:24",
        "17:02",
        "18:38"
    ],
    "url": "https://www.kanachu.co.jp/dia/diagram/timetable01_js/course:0000800410-3/node:00130134/kt:0/lname:/"
}
