{
    "date": "2025/07/27",
    "name": "堀川小学校前(秦野市)",
    "position": "-",
    "system": "秦18",
    "destinations": [
        "渋沢駅北口"
    ],
    "weekday": [
        "7:17",
        "8:31",
        "10:42",
        "11:34",
        "14:24",
        "15:17",
        "18:58",
        "20:06"
    ],
    "saturday": [
        "8:48",
        "10:39",
        "17:17",
        "18:53"
    ],
    "holiday": [
        "8:48",
        "10:39",
        "17:17",
        "18:53"
    ],
    "url": "https://www.kanachu.co.jp/dia/diagram/timetable01_js/course:0000800410-17/node:00128008/kt:0/lname:/"
}
