{
    "date": "2025/08/04",
    "name": "坂下(町田街道側/町田市)",
    "position": "-",
    "system": "橋63",
    "destinations": [
        "堺農協前",
        "堺中学校前",
        "堺市民センター前",
        "相原(町田市)",
        "相原駅西口",
        "諏訪神社前(町田市)",
        "相原小学校前",
        "開都",
        "相原十字路",
        "根岸(相原町/町田市)",
        "境橋(町田市)",
        "円林寺前",
        "水の口(町田市)",
        "法政大学入口",
        "法政大学(町田市)",
        "公会堂前(町田市)",
        "大戸橋",
        "上大戸",
        "ネイチャーファクトリー東京町田",
        "大戸(相模原市緑区)"
    ],
    "weekday": [
        "7:01",
        "8:05",
        "9:12",
        "9:56",
        "10:47",
        "11:25",
        "12:09",
        "13:04",
        "13:44",
        "14:29",
        "15:40",
        "16:14",
        "16:44",
        "17:29",
        "18:19",
        "19:04"
    ],
    "saturday": [
        "7:46",
        "8:26",
        "9:12",
        "10:14",
        "10:49",
        "11:32",
        "12:23",
        "13:03",
        "13:49",
        "14:43",
        "15:23",
        "16:03",
        "16:46",
        "17:32"
    ],
    "holiday": [
        "7:46",
        "8:26",
        "9:12",
        "10:10",
        "10:49",
        "11:32",
        "12:23",
        "13:03",
        "13:49",
        "14:43",
        "15:23",
        "16:03",
        "16:46",
        "17:32"
    ],
    "url": "https://www.kanachu.co.jp/dia/diagram/timetable01_js/course:0000803034-7/node:00021470/kt:0/lname:/"
}
