{
    "date": "2025/08/04",
    "name": "法政大学入口",
    "position": "-",
    "system": "橋63",
    "destinations": [
        "法政大学(町田市)",
        "公会堂前(町田市)",
        "大戸橋",
        "上大戸",
        "ネイチャーファクトリー東京町田",
        "大戸(相模原市緑区)"
    ],
    "weekday": [
        "7:22",
        "8:33",
        "9:33",
        "10:17",
        "11:08",
        "11:46",
        "12:30",
        "13:25",
        "14:05",
        "14:50",
        "16:01",
        "16:35",
        "17:05",
        "17:53",
        "18:43",
        "19:28"
    ],
    "saturday": [
        "8:07",
        "8:47",
        "9:33",
        "10:35",
        "11:10",
        "11:53",
        "12:44",
        "13:24",
        "14:10",
        "15:04",
        "15:44",
        "16:24",
        "17:07",
        "17:53"
    ],
    "holiday": [
        "8:07",
        "8:47",
        "9:33",
        "10:31",
        "11:10",
        "11:53",
        "12:44",
        "13:24",
        "14:10",
        "15:04",
        "15:44",
        "16:24",
        "17:07",
        "17:53"
    ],
    "url": "https://www.kanachu.co.jp/dia/diagram/timetable01_js/course:0000803034-21/node:00130508/kt:0/lname:/"
}
