{
    "date": "2025/08/04",
    "name": "法政大学(町田市)",
    "position": "-",
    "system": "橋63",
    "destinations": [
        "公会堂前(町田市)",
        "大戸橋",
        "上大戸",
        "ネイチャーファクトリー東京町田",
        "大戸(相模原市緑区)"
    ],
    "weekday": [
        "7:25",
        "8:36",
        "9:36",
        "10:20",
        "11:11",
        "11:49",
        "12:33",
        "13:28",
        "14:08",
        "14:53",
        "16:04",
        "16:38",
        "17:08",
        "17:56",
        "18:46",
        "19:31"
    ],
    "saturday": [
        "8:10",
        "8:50",
        "9:36",
        "10:38",
        "11:13",
        "11:56",
        "12:47",
        "13:27",
        "14:13",
        "15:07",
        "15:47",
        "16:27",
        "17:10",
        "17:56"
    ],
    "holiday": [
        "8:10",
        "8:50",
        "9:36",
        "10:34",
        "11:13",
        "11:56",
        "12:47",
        "13:27",
        "14:13",
        "15:07",
        "15:47",
        "16:27",
        "17:10",
        "17:56"
    ],
    "url": "https://www.kanachu.co.jp/dia/diagram/timetable01_js/course:0000803034-22/node:00021279/kt:0/lname:/"
}
