{
    "date": "2025/11/16",
    "name": "本町(伊勢原市)",
    "position": "-",
    "system": "伊13",
    "destinations": [
        "大神宮前",
        "片町十字路",
        "片町(伊勢原市)",
        "峰岸",
        "市光前",
        "〆引",
        "道灌塚前",
        "山王原(伊勢原市)",
        "石倉橋",
        "石倉(伊勢原市)",
        "御伊勢の森",
        "産業能率大学"
    ],
    "weekday": [
        "8:15",
        "8:21",
        "8:27",
        "8:33",
        "8:37",
        "8:41",
        "10:09",
        "10:17",
        "10:25",
        "10:28",
        "10:31",
        "10:34",
        "10:37",
        "12:21",
        "12:36",
        "12:51",
        "13:36",
        "14:31",
        "14:41"
    ],
    "saturday": [],
    "holiday": [],
    "url": "https://www.kanachu.co.jp/dia/diagram/timetable01_js/course:0000800943-2/node:00128128/kt:0/lname:/"
}
