{
    "date": "2025/04/01",
    "name": "森野二丁目",
    "position": "-",
    "system": "町53",
    "destinations": [
        "保健所入口",
        "中町二丁目",
        "町田郵便局前",
        "体育館前(町田市)",
        "菅原神社前(町田市)",
        "第三小学校前(町田市)",
        "ひなた村",
        "本町田",
        "今井谷戸",
        "四季彩の杜西園前",
        "薬師池",
        "薬師ヶ丘",
        "野津田神社入口",
        "袋橋",
        "綾部入口",
        "川島入口(町田市)",
        "大蔵(鶴川郵便局前/町田市)",
        "鶴川市民センター入口",
        "下大蔵",
        "金井入口",
        "上能ヶ谷",
        "鶴川駅西口",
        "鶴川駅"
    ],
    "weekday": [
        "5:55",
        "6:15",
        "6:50",
        "7:17",
        "7:41",
        "8:17",
        "9:18",
        "10:15",
        "11:15",
        "12:15",
        "13:15",
        "14:15",
        "15:15",
        "16:15",
        "17:15",
        "18:12",
        "19:12",
        "20:15"
    ],
    "saturday": [
        "6:10",
        "6:35",
        "7:20",
        "7:40",
        "8:20",
        "9:15",
        "10:15",
        "11:15",
        "12:15",
        "13:15",
        "14:15",
        "15:15",
        "16:15",
        "17:15",
        "18:20",
        "19:20",
        "20:20"
    ],
    "holiday": [
        "6:10",
        "6:35",
        "7:20",
        "7:40",
        "8:20",
        "9:15",
        "10:15",
        "11:15",
        "12:15",
        "13:15",
        "14:15",
        "15:15",
        "16:15",
        "17:15",
        "18:20",
        "19:20",
        "20:20"
    ],
    "url": "https://www.kanachu.co.jp/dia/diagram/timetable01_js/course:0000803450-2/node:00129417/kt:0/lname:/"
}
