{
    "date": "2025/04/01",
    "name": "体育館前(町田市)",
    "position": "-",
    "system": "町53",
    "destinations": [
        "菅原神社前(町田市)",
        "第三小学校前(町田市)",
        "ひなた村",
        "本町田",
        "今井谷戸",
        "四季彩の杜西園前",
        "薬師池",
        "薬師ヶ丘",
        "野津田神社入口",
        "袋橋",
        "綾部入口",
        "川島入口(町田市)",
        "大蔵(鶴川郵便局前/町田市)",
        "鶴川市民センター入口",
        "下大蔵",
        "金井入口",
        "上能ヶ谷",
        "鶴川駅西口",
        "鶴川駅"
    ],
    "weekday": [
        "6:00",
        "6:20",
        "6:55",
        "7:23",
        "7:47",
        "8:23",
        "9:24",
        "10:21",
        "11:21",
        "12:21",
        "13:21",
        "14:21",
        "15:21",
        "16:21",
        "17:21",
        "18:18",
        "19:18",
        "20:21"
    ],
    "saturday": [
        "6:15",
        "6:40",
        "7:25",
        "7:46",
        "8:26",
        "9:21",
        "10:21",
        "11:21",
        "12:21",
        "13:21",
        "14:21",
        "15:21",
        "16:21",
        "17:21",
        "18:26",
        "19:26",
        "20:26"
    ],
    "holiday": [
        "6:15",
        "6:40",
        "7:25",
        "7:45",
        "8:25",
        "9:21",
        "10:21",
        "11:21",
        "12:21",
        "13:21",
        "14:21",
        "15:21",
        "16:21",
        "17:21",
        "18:26",
        "19:26",
        "20:25"
    ],
    "url": "https://www.kanachu.co.jp/dia/diagram/timetable01_js/course:0000803450-6/node:00129421/kt:0/lname:/"
}
