{
    "date": "2025/04/01",
    "name": "菅原神社前(町田市)",
    "position": "-",
    "system": "町53",
    "destinations": [
        "第三小学校前(町田市)",
        "ひなた村",
        "本町田",
        "今井谷戸",
        "四季彩の杜西園前",
        "薬師池",
        "薬師ヶ丘",
        "野津田神社入口",
        "袋橋",
        "綾部入口",
        "川島入口(町田市)",
        "大蔵(鶴川郵便局前/町田市)",
        "鶴川市民センター入口",
        "下大蔵",
        "金井入口",
        "上能ヶ谷",
        "鶴川駅西口",
        "鶴川駅"
    ],
    "weekday": [
        "6:01",
        "6:21",
        "6:56",
        "7:24",
        "7:48",
        "8:24",
        "9:25",
        "10:22",
        "11:22",
        "12:22",
        "13:22",
        "14:22",
        "15:22",
        "16:22",
        "17:22",
        "18:19",
        "19:19",
        "20:22"
    ],
    "saturday": [
        "6:16",
        "6:41",
        "7:26",
        "7:47",
        "8:27",
        "9:22",
        "10:22",
        "11:22",
        "12:22",
        "13:22",
        "14:22",
        "15:22",
        "16:22",
        "17:22",
        "18:27",
        "19:27",
        "20:27"
    ],
    "holiday": [
        "6:16",
        "6:41",
        "7:26",
        "7:46",
        "8:26",
        "9:22",
        "10:22",
        "11:22",
        "12:22",
        "13:22",
        "14:22",
        "15:22",
        "16:22",
        "17:22",
        "18:27",
        "19:27",
        "20:26"
    ],
    "url": "https://www.kanachu.co.jp/dia/diagram/timetable01_js/course:0000803450-7/node:00129422/kt:0/lname:/"
}
