{
    "date": "2025/04/01",
    "name": "薬師池",
    "position": "-",
    "system": "町53",
    "destinations": [
        "薬師ヶ丘",
        "野津田神社入口",
        "袋橋",
        "綾部入口",
        "川島入口(町田市)",
        "大蔵(鶴川郵便局前/町田市)",
        "鶴川市民センター入口",
        "下大蔵",
        "金井入口",
        "上能ヶ谷",
        "鶴川駅西口",
        "鶴川駅"
    ],
    "weekday": [
        "6:07",
        "6:27",
        "7:02",
        "7:32",
        "7:56",
        "8:32",
        "9:32",
        "10:29",
        "11:29",
        "12:29",
        "13:29",
        "14:29",
        "15:30",
        "16:30",
        "17:30",
        "18:27",
        "19:27",
        "20:30"
    ],
    "saturday": [
        "6:22",
        "6:47",
        "7:32",
        "7:55",
        "8:35",
        "9:30",
        "10:30",
        "11:30",
        "12:30",
        "13:30",
        "14:30",
        "15:30",
        "16:30",
        "17:30",
        "18:35",
        "19:35",
        "20:35"
    ],
    "holiday": [
        "6:22",
        "6:47",
        "7:32",
        "7:53",
        "8:33",
        "9:30",
        "10:30",
        "11:30",
        "12:30",
        "13:30",
        "14:30",
        "15:30",
        "16:30",
        "17:30",
        "18:35",
        "19:35",
        "20:32"
    ],
    "url": "https://www.kanachu.co.jp/dia/diagram/timetable01_js/course:0000803450-13/node:00129427/kt:0/lname:/"
}
