{
    "date": "2025/04/01",
    "name": "薬師ヶ丘",
    "position": "-",
    "system": "町53",
    "destinations": [
        "野津田神社入口",
        "袋橋",
        "綾部入口",
        "川島入口(町田市)",
        "大蔵(鶴川郵便局前/町田市)",
        "鶴川市民センター入口",
        "下大蔵",
        "金井入口",
        "上能ヶ谷",
        "鶴川駅西口",
        "鶴川駅"
    ],
    "weekday": [
        "6:09",
        "6:29",
        "7:04",
        "7:34",
        "7:58",
        "8:34",
        "9:35",
        "10:32",
        "11:32",
        "12:32",
        "13:32",
        "14:32",
        "15:32",
        "16:32",
        "17:32",
        "18:29",
        "19:29",
        "20:32"
    ],
    "saturday": [
        "6:24",
        "6:49",
        "7:34",
        "7:57",
        "8:37",
        "9:32",
        "10:32",
        "11:32",
        "12:32",
        "13:32",
        "14:32",
        "15:32",
        "16:32",
        "17:32",
        "18:37",
        "19:37",
        "20:37"
    ],
    "holiday": [
        "6:24",
        "6:49",
        "7:34",
        "7:55",
        "8:35",
        "9:32",
        "10:32",
        "11:32",
        "12:32",
        "13:32",
        "14:32",
        "15:32",
        "16:32",
        "17:32",
        "18:37",
        "19:37",
        "20:34"
    ],
    "url": "https://www.kanachu.co.jp/dia/diagram/timetable01_js/course:0000803450-14/node:00129428/kt:0/lname:/"
}
