{
    "date": "2025/04/01",
    "name": "袋橋",
    "position": "-",
    "system": "町53",
    "destinations": [
        "綾部入口",
        "川島入口(町田市)",
        "大蔵(鶴川郵便局前/町田市)",
        "鶴川市民センター入口",
        "下大蔵",
        "金井入口",
        "上能ヶ谷",
        "鶴川駅西口",
        "鶴川駅"
    ],
    "weekday": [
        "6:13",
        "6:33",
        "7:09",
        "7:39",
        "8:03",
        "8:39",
        "9:39",
        "10:36",
        "11:36",
        "12:36",
        "13:36",
        "14:36",
        "15:36",
        "16:36",
        "17:36",
        "18:33",
        "19:33",
        "20:36"
    ],
    "saturday": [
        "6:28",
        "6:53",
        "7:39",
        "8:02",
        "8:42",
        "9:37",
        "10:37",
        "11:36",
        "12:36",
        "13:36",
        "14:36",
        "15:36",
        "16:36",
        "17:36",
        "18:41",
        "19:41",
        "20:41"
    ],
    "holiday": [
        "6:27",
        "6:52",
        "7:38",
        "7:59",
        "8:39",
        "9:36",
        "10:36",
        "11:36",
        "12:36",
        "13:36",
        "14:36",
        "15:36",
        "16:36",
        "17:36",
        "18:41",
        "19:41",
        "20:37"
    ],
    "url": "https://www.kanachu.co.jp/dia/diagram/timetable01_js/course:0000803450-16/node:00129430/kt:0/lname:/"
}
