{
    "date": "2025/04/01",
    "name": "金井入口",
    "position": "-",
    "system": "町53",
    "destinations": [
        "上能ヶ谷",
        "鶴川駅西口",
        "鶴川駅"
    ],
    "weekday": [
        "6:20",
        "6:40",
        "7:16",
        "7:46",
        "8:10",
        "8:46",
        "9:46",
        "10:43",
        "11:43",
        "12:43",
        "13:43",
        "14:43",
        "15:43",
        "16:43",
        "17:43",
        "18:40",
        "19:40",
        "20:43"
    ],
    "saturday": [
        "6:34",
        "6:59",
        "7:46",
        "8:09",
        "8:49",
        "9:44",
        "10:44",
        "11:43",
        "12:43",
        "13:43",
        "14:43",
        "15:43",
        "16:43",
        "17:43",
        "18:48",
        "19:47",
        "20:47"
    ],
    "holiday": [
        "6:33",
        "6:58",
        "7:45",
        "8:06",
        "8:46",
        "9:43",
        "10:43",
        "11:43",
        "12:43",
        "13:43",
        "14:43",
        "15:43",
        "16:43",
        "17:43",
        "18:48",
        "19:47",
        "20:43"
    ],
    "url": "https://www.kanachu.co.jp/dia/diagram/timetable01_js/course:0000803450-22/node:00129438/kt:0/lname:/"
}
