{
    "date": "2025/04/01",
    "name": "上能ヶ谷",
    "position": "-",
    "system": "町53",
    "destinations": [
        "鶴川駅西口",
        "鶴川駅"
    ],
    "weekday": [
        "6:21",
        "6:41",
        "7:17",
        "7:47",
        "8:11",
        "8:47",
        "9:47",
        "10:44",
        "11:44",
        "12:44",
        "13:44",
        "14:44",
        "15:44",
        "16:44",
        "17:44",
        "18:41",
        "19:41",
        "20:44"
    ],
    "saturday": [
        "6:35",
        "7:00",
        "7:47",
        "8:10",
        "8:50",
        "9:45",
        "10:45",
        "11:44",
        "12:44",
        "13:44",
        "14:44",
        "15:44",
        "16:44",
        "17:44",
        "18:49",
        "19:48",
        "20:48"
    ],
    "holiday": [
        "6:34",
        "6:59",
        "7:46",
        "8:07",
        "8:47",
        "9:44",
        "10:44",
        "11:44",
        "12:44",
        "13:44",
        "14:44",
        "15:44",
        "16:44",
        "17:44",
        "18:49",
        "19:48",
        "20:44"
    ],
    "url": "https://www.kanachu.co.jp/dia/diagram/timetable01_js/course:0000803450-23/node:00129439/kt:0/lname:/"
}
