{
    "date": "2025/11/16",
    "name": "今宿小学校入口",
    "position": "-",
    "system": "間01",
    "destinations": [
        "今宿(横浜市旭区)",
        "筑池",
        "農協前(横浜市旭区)",
        "都岡町",
        "下宿(横浜市旭区)",
        "川井宿",
        "福泉寺前(横浜市旭区)",
        "宮の下(横浜市旭区)",
        "長源寺前(横浜市旭区)",
        "上川井町",
        "大貫橋",
        "亀甲山",
        "桜山(横浜市旭区)",
        "卸センター前",
        "笹原(横浜市瀬谷区)",
        "瀬谷入口",
        "観音寺前(大和市)",
        "下鶴間",
        "諏訪神社",
        "山王原(大和市)",
        "長堀公園前",
        "鶴間二丁目",
        "鶴間駅東口"
    ],
    "weekday": [
        "6:08",
        "6:38",
        "6:50",
        "7:25",
        "8:05",
        "8:40",
        "9:17",
        "9:43",
        "10:15",
        "11:17",
        "12:25",
        "13:25",
        "14:25",
        "15:25",
        "16:25",
        "17:25",
        "18:25",
        "19:25",
        "20:06"
    ],
    "saturday": [
        "6:13",
        "7:00",
        "7:28",
        "7:55",
        "8:19",
        "8:57",
        "9:19",
        "10:10",
        "11:10",
        "12:10",
        "13:10",
        "14:10",
        "15:10",
        "16:10",
        "17:10",
        "18:10",
        "19:10"
    ],
    "holiday": [
        "6:19",
        "7:21",
        "8:08",
        "9:13",
        "10:10",
        "11:10",
        "12:10",
        "13:10",
        "14:10",
        "15:10",
        "16:10",
        "17:10",
        "18:10",
        "19:10"
    ],
    "url": "https://www.kanachu.co.jp/dia/diagram/timetable01_js/course:0000803919-5/node:00129717/kt:0/lname:/"
}
