{
    "date": "2025/11/16",
    "name": "筑池",
    "position": "-",
    "system": "間01",
    "destinations": [
        "農協前(横浜市旭区)",
        "都岡町",
        "下宿(横浜市旭区)",
        "川井宿",
        "福泉寺前(横浜市旭区)",
        "宮の下(横浜市旭区)",
        "長源寺前(横浜市旭区)",
        "上川井町",
        "大貫橋",
        "亀甲山",
        "桜山(横浜市旭区)",
        "卸センター前",
        "笹原(横浜市瀬谷区)",
        "瀬谷入口",
        "観音寺前(大和市)",
        "下鶴間",
        "諏訪神社",
        "山王原(大和市)",
        "長堀公園前",
        "鶴間二丁目",
        "鶴間駅東口"
    ],
    "weekday": [
        "6:10",
        "6:40",
        "6:52",
        "7:27",
        "8:07",
        "8:42",
        "9:19",
        "9:45",
        "10:17",
        "11:19",
        "12:27",
        "13:27",
        "14:27",
        "15:27",
        "16:27",
        "17:27",
        "18:27",
        "19:27",
        "20:08"
    ],
    "saturday": [
        "6:15",
        "7:02",
        "7:30",
        "7:57",
        "8:21",
        "8:59",
        "9:21",
        "10:12",
        "11:12",
        "12:12",
        "13:12",
        "14:12",
        "15:12",
        "16:12",
        "17:12",
        "18:12",
        "19:12"
    ],
    "holiday": [
        "6:21",
        "7:23",
        "8:10",
        "9:15",
        "10:12",
        "11:12",
        "12:12",
        "13:12",
        "14:12",
        "15:12",
        "16:12",
        "17:12",
        "18:12",
        "19:12"
    ],
    "url": "https://www.kanachu.co.jp/dia/diagram/timetable01_js/course:0000803919-7/node:00129715/kt:0/lname:/"
}
