{
    "date": "2025/11/16",
    "name": "本町(伊勢原市)",
    "position": "-",
    "system": "伊23",
    "destinations": [
        "大神宮前",
        "片町十字路",
        "片町(伊勢原市)",
        "共済会館入口",
        "りんどう寮前",
        "川上(伊勢原市)",
        "専修大学入口(伊勢原市)",
        "長竹(伊勢原市)",
        "温泉入口(伊勢原市)",
        "一之郷",
        "中丸(伊勢原市)",
        "神成松",
        "産業能率大学"
    ],
    "weekday": [
        "9:36",
        "11:41",
        "15:56",
        "16:36",
        "17:36",
        "21:21"
    ],
    "saturday": [
        "8:36",
        "10:36",
        "12:31",
        "14:36",
        "16:31",
        "19:58"
    ],
    "holiday": [
        "8:36",
        "10:36",
        "12:31",
        "14:36",
        "16:31",
        "19:58"
    ],
    "url": "https://www.kanachu.co.jp/dia/diagram/timetable01_js/course:0000801594-2/node:00128128/kt:0/lname:/"
}
