{
    "date": "2025/11/16",
    "name": "片町(伊勢原市)",
    "position": "-",
    "system": "伊23",
    "destinations": [
        "共済会館入口",
        "りんどう寮前",
        "川上(伊勢原市)",
        "専修大学入口(伊勢原市)",
        "長竹(伊勢原市)",
        "温泉入口(伊勢原市)",
        "一之郷",
        "中丸(伊勢原市)",
        "神成松",
        "産業能率大学"
    ],
    "weekday": [
        "9:38",
        "11:43",
        "15:58",
        "16:38",
        "17:38",
        "21:23"
    ],
    "saturday": [
        "8:38",
        "10:38",
        "12:33",
        "14:38",
        "16:33",
        "20:00"
    ],
    "holiday": [
        "8:38",
        "10:38",
        "12:33",
        "14:38",
        "16:33",
        "20:00"
    ],
    "url": "https://www.kanachu.co.jp/dia/diagram/timetable01_js/course:0000801594-5/node:00128144/kt:0/lname:/"
}
