{
    "date": "2025/11/16",
    "name": "川上(伊勢原市)",
    "position": "-",
    "system": "伊23",
    "destinations": [
        "専修大学入口(伊勢原市)",
        "長竹(伊勢原市)",
        "温泉入口(伊勢原市)",
        "一之郷",
        "中丸(伊勢原市)",
        "神成松",
        "産業能率大学"
    ],
    "weekday": [
        "9:42",
        "11:47",
        "16:02",
        "16:42",
        "17:42",
        "21:27"
    ],
    "saturday": [
        "8:42",
        "10:42",
        "12:37",
        "14:42",
        "16:37",
        "20:04"
    ],
    "holiday": [
        "8:42",
        "10:42",
        "12:37",
        "14:42",
        "16:37",
        "20:04"
    ],
    "url": "https://www.kanachu.co.jp/dia/diagram/timetable01_js/course:0000801594-8/node:00128174/kt:0/lname:/"
}
