{
    "date": "2025/11/16",
    "name": "専修大学入口(伊勢原市)",
    "position": "-",
    "system": "伊23",
    "destinations": [
        "長竹(伊勢原市)",
        "温泉入口(伊勢原市)",
        "一之郷",
        "中丸(伊勢原市)",
        "神成松",
        "産業能率大学"
    ],
    "weekday": [
        "9:43",
        "11:48",
        "16:03",
        "16:43",
        "17:43",
        "21:28"
    ],
    "saturday": [
        "8:43",
        "10:43",
        "12:38",
        "14:43",
        "16:38",
        "20:05"
    ],
    "holiday": [
        "8:43",
        "10:43",
        "12:38",
        "14:43",
        "16:38",
        "20:05"
    ],
    "url": "https://www.kanachu.co.jp/dia/diagram/timetable01_js/course:0000801594-9/node:00128175/kt:0/lname:/"
}
