{
    "date": "2025/11/16",
    "name": "温泉入口(伊勢原市)",
    "position": "-",
    "system": "伊23",
    "destinations": [
        "一之郷",
        "中丸(伊勢原市)",
        "神成松",
        "産業能率大学"
    ],
    "weekday": [
        "9:46",
        "11:51",
        "16:06",
        "16:46",
        "17:46",
        "21:31"
    ],
    "saturday": [
        "8:46",
        "10:46",
        "12:41",
        "14:46",
        "16:41",
        "20:08"
    ],
    "holiday": [
        "8:46",
        "10:46",
        "12:41",
        "14:46",
        "16:41",
        "20:08"
    ],
    "url": "https://www.kanachu.co.jp/dia/diagram/timetable01_js/course:0000801594-11/node:00128177/kt:0/lname:/"
}
