{
    "date": "2026/01/16",
    "name": "向原(横浜市瀬谷区)",
    "position": "-",
    "system": "境11",
    "destinations": [
        "原店(横浜市瀬谷区)",
        "阿久和山谷",
        "西村(横浜市瀬谷区)",
        "宮沢(横浜市瀬谷区)"
    ],
    "weekday": [
        "6:08",
        "6:20",
        "6:30",
        "6:55",
        "7:10",
        "7:16",
        "7:22",
        "7:28",
        "7:41",
        "7:49",
        "8:06",
        "8:14",
        "8:26",
        "8:48",
        "8:58",
        "9:23",
        "9:38",
        "10:08",
        "10:38",
        "10:53",
        "11:23",
        "11:53",
        "12:08",
        "12:38",
        "13:08",
        "13:23",
        "13:53",
        "14:23",
        "14:38",
        "15:08",
        "15:38",
        "15:53",
        "16:23",
        "16:53",
        "17:08",
        "17:38",
        "18:08",
        "18:38",
        "18:48",
        "19:08",
        "19:18",
        "19:43",
        "20:13",
        "21:03",
        "21:28",
        "21:58",
        "22:28",
        "23:11"
    ],
    "saturday": [
        "6:08",
        "6:45",
        "7:38",
        "8:08",
        "8:38",
        "8:53",
        "9:23",
        "9:53",
        "10:08",
        "10:38",
        "11:08",
        "11:23",
        "11:53",
        "12:23",
        "12:38",
        "13:08",
        "13:38",
        "13:53",
        "14:23",
        "14:53",
        "15:08",
        "15:38",
        "16:08",
        "16:23",
        "16:53",
        "17:23",
        "17:38",
        "18:08",
        "18:38",
        "18:53",
        "19:23",
        "19:53",
        "20:08",
        "20:38",
        "21:18",
        "22:03",
        "22:38",
        "23:08"
    ],
    "holiday": [
        "6:08",
        "6:45",
        "7:38",
        "8:08",
        "8:38",
        "8:53",
        "9:23",
        "9:53",
        "10:08",
        "10:38",
        "11:08",
        "11:23",
        "11:53",
        "12:23",
        "12:38",
        "13:08",
        "13:38",
        "13:53",
        "14:23",
        "14:53",
        "15:08",
        "15:38",
        "16:08",
        "16:23",
        "16:53",
        "17:23",
        "17:38",
        "18:08",
        "18:38",
        "18:53",
        "19:23",
        "19:53",
        "20:08",
        "20:38",
        "21:18",
        "22:03",
        "22:38",
        "23:08"
    ],
    "url": "https://www.kanachu.co.jp/dia/diagram/timetable01_js/course:0000803955-9/node:00126947/kt:0/lname:/"
}
