{
    "date": "2026/01/16",
    "name": "阿久和山谷",
    "position": "-",
    "system": "境11",
    "destinations": [
        "西村(横浜市瀬谷区)",
        "宮沢(横浜市瀬谷区)"
    ],
    "weekday": [
        "6:10",
        "6:22",
        "6:32",
        "6:57",
        "7:12",
        "7:18",
        "7:24",
        "7:30",
        "7:43",
        "7:51",
        "8:08",
        "8:16",
        "8:28",
        "8:50",
        "9:00",
        "9:25",
        "9:40",
        "10:10",
        "10:40",
        "10:55",
        "11:25",
        "11:55",
        "12:10",
        "12:40",
        "13:10",
        "13:25",
        "13:55",
        "14:25",
        "14:40",
        "15:10",
        "15:40",
        "15:55",
        "16:25",
        "16:55",
        "17:10",
        "17:40",
        "18:10",
        "18:40",
        "18:50",
        "19:10",
        "19:20",
        "19:45",
        "20:15",
        "21:05",
        "21:30",
        "22:00",
        "22:30",
        "23:13"
    ],
    "saturday": [
        "6:10",
        "6:47",
        "7:40",
        "8:10",
        "8:40",
        "8:55",
        "9:25",
        "9:55",
        "10:10",
        "10:40",
        "11:10",
        "11:25",
        "11:55",
        "12:25",
        "12:40",
        "13:10",
        "13:40",
        "13:55",
        "14:25",
        "14:55",
        "15:10",
        "15:40",
        "16:10",
        "16:25",
        "16:55",
        "17:25",
        "17:40",
        "18:10",
        "18:40",
        "18:55",
        "19:25",
        "19:55",
        "20:10",
        "20:40",
        "21:20",
        "22:05",
        "22:40",
        "23:10"
    ],
    "holiday": [
        "6:10",
        "6:47",
        "7:40",
        "8:10",
        "8:40",
        "8:55",
        "9:25",
        "9:55",
        "10:10",
        "10:40",
        "11:10",
        "11:25",
        "11:55",
        "12:25",
        "12:40",
        "13:10",
        "13:40",
        "13:55",
        "14:25",
        "14:55",
        "15:10",
        "15:40",
        "16:10",
        "16:25",
        "16:55",
        "17:25",
        "17:40",
        "18:10",
        "18:40",
        "18:55",
        "19:25",
        "19:55",
        "20:10",
        "20:40",
        "21:20",
        "22:05",
        "22:40",
        "23:10"
    ],
    "url": "https://www.kanachu.co.jp/dia/diagram/timetable01_js/course:0000803955-11/node:00126699/kt:0/lname:/"
}
