{
    "date": "2026/01/16",
    "name": "西四丁目(愛甲郡愛川町)",
    "position": "-",
    "system": "厚61",
    "destinations": [
        "西三丁目(愛甲郡愛川町)",
        "西二丁目(愛甲郡愛川町)",
        "西一丁目(厚木市)",
        "南中央通り",
        "東一丁目(厚木市)",
        "団地入口(厚木市)",
        "藤塚(厚木市)",
        "山際",
        "中平(厚木市)",
        "依知小学校前",
        "関口(厚木市)",
        "蓮生寺(厚木市)",
        "追分(厚木市)",
        "下依知入口",
        "金田神社前",
        "金田(厚木市)",
        "金田下宿",
        "積水ソフランウイズ前",
        "鮎津橋",
        "元町(厚木市)",
        "小田急通り",
        "厚木バスセンター"
    ],
    "weekday": [
        "6:09",
        "6:49",
        "7:08",
        "7:44",
        "8:04",
        "8:24",
        "18:04",
        "18:34",
        "19:04",
        "19:39",
        "20:29",
        "20:54",
        "21:29"
    ],
    "saturday": [
        "6:04",
        "6:24",
        "7:06",
        "7:42",
        "8:06",
        "8:42",
        "9:06",
        "9:30",
        "10:06",
        "10:30",
        "11:09",
        "11:39",
        "12:24",
        "13:09",
        "13:39",
        "14:24",
        "15:09",
        "15:39",
        "16:24",
        "17:09",
        "17:39",
        "18:25",
        "19:05",
        "20:10",
        "20:55"
    ],
    "holiday": [
        "6:14",
        "7:09",
        "8:09",
        "9:09",
        "10:09",
        "11:09",
        "12:09",
        "13:09",
        "14:09",
        "15:09",
        "16:09",
        "17:09",
        "18:09",
        "19:10",
        "20:00",
        "20:55"
    ],
    "url": "https://www.kanachu.co.jp/dia/diagram/timetable01_js/course:0000804038-5/node:00128371/kt:0/lname:/"
}
