{
    "date": "2026/01/16",
    "name": "団地入口(厚木市)",
    "position": "-",
    "system": "厚61",
    "destinations": [
        "藤塚(厚木市)",
        "山際",
        "中平(厚木市)",
        "依知小学校前",
        "関口(厚木市)",
        "蓮生寺(厚木市)",
        "追分(厚木市)",
        "下依知入口",
        "金田神社前",
        "金田(厚木市)",
        "金田下宿",
        "積水ソフランウイズ前",
        "鮎津橋",
        "元町(厚木市)",
        "小田急通り",
        "厚木バスセンター"
    ],
    "weekday": [
        "6:15",
        "6:55",
        "7:14",
        "7:50",
        "8:10",
        "8:30",
        "18:10",
        "18:40",
        "19:10",
        "19:45",
        "20:35",
        "21:00",
        "21:35"
    ],
    "saturday": [
        "6:10",
        "6:30",
        "7:12",
        "7:48",
        "8:12",
        "8:48",
        "9:12",
        "9:36",
        "10:12",
        "10:36",
        "11:15",
        "11:45",
        "12:30",
        "13:15",
        "13:45",
        "14:30",
        "15:15",
        "15:45",
        "16:30",
        "17:15",
        "17:45",
        "18:31",
        "19:11",
        "20:16",
        "21:01"
    ],
    "holiday": [
        "6:20",
        "7:15",
        "8:15",
        "9:15",
        "10:15",
        "11:15",
        "12:15",
        "13:15",
        "14:15",
        "15:15",
        "16:15",
        "17:15",
        "18:15",
        "19:16",
        "20:06",
        "21:01"
    ],
    "url": "https://www.kanachu.co.jp/dia/diagram/timetable01_js/course:0000804038-11/node:00128365/kt:0/lname:/"
}
