{
    "system": "厚61",
    "busstops": [
        {
            "index": "1",
            "id": "00128375",
            "name": "春日台団地",
            "lat": "35.527673",
            "lng": "139.330857"
        },
        {
            "index": "2",
            "id": "00128374",
            "name": "春日台三丁目(愛甲郡愛川町)",
            "lat": "35.526509",
            "lng": "139.333364"
        },
        {
            "index": "3",
            "id": "00128373",
            "name": "春日台一丁目",
            "lat": "35.524887",
            "lng": "139.33658"
        },
        {
            "index": "4",
            "id": "00128372",
            "name": "春日台入口",
            "lat": "35.523625",
            "lng": "139.339681"
        },
        {
            "index": "5",
            "id": "00128371",
            "name": "西四丁目(愛甲郡愛川町)",
            "lat": "35.518991",
            "lng": "139.342247"
        },
        {
            "index": "6",
            "id": "00128370",
            "name": "西三丁目(愛甲郡愛川町)",
            "lat": "35.517496",
            "lng": "139.342799"
        },
        {
            "index": "7",
            "id": "00128369",
            "name": "西二丁目(愛甲郡愛川町)",
            "lat": "35.513388",
            "lng": "139.344306"
        },
        {
            "index": "8",
            "id": "00128368",
            "name": "西一丁目(厚木市)",
            "lat": "35.508113",
            "lng": "139.347339"
        },
        {
            "index": "9",
            "id": "00128367",
            "name": "南中央通り",
            "lat": "35.508764",
            "lng": "139.350155"
        },
        {
            "index": "10",
            "id": "00128366",
            "name": "東一丁目(厚木市)",
            "lat": "35.509797",
            "lng": "139.354273"
        },
        {
            "index": "11",
            "id": "00128365",
            "name": "団地入口(厚木市)",
            "lat": "35.510444",
            "lng": "139.35688"
        },
        {
            "index": "12",
            "id": "00128356",
            "name": "藤塚(厚木市)",
            "lat": "35.510128",
            "lng": "139.358605"
        },
        {
            "index": "13",
            "id": "00128355",
            "name": "山際",
            "lat": "35.503974",
            "lng": "139.361182"
        },
        {
            "index": "14",
            "id": "00128354",
            "name": "中平(厚木市)",
            "lat": "35.496391",
            "lng": "139.363154"
        },
        {
            "index": "15",
            "id": "00128353",
            "name": "依知小学校前",
            "lat": "35.490337",
            "lng": "139.364447"
        },
        {
            "index": "16",
            "id": "00128352",
            "name": "関口(厚木市)",
            "lat": "35.484715",
            "lng": "139.365361"
        },
        {
            "index": "17",
            "id": "00128351",
            "name": "蓮生寺(厚木市)",
            "lat": "35.480515",
            "lng": "139.36604"
        },
        {
            "index": "18",
            "id": "00128350",
            "name": "追分(厚木市)",
            "lat": "35.475596",
            "lng": "139.367208"
        },
        {
            "index": "19",
            "id": "00128349",
            "name": "下依知入口",
            "lat": "35.470019",
            "lng": "139.368058"
        },
        {
            "index": "20",
            "id": "00128348",
            "name": "金田神社前",
            "lat": "35.466422",
            "lng": "139.36828"
        },
        {
            "index": "21",
            "id": "00128347",
            "name": "金田(厚木市)",
            "lat": "35.46312",
            "lng": "139.368089"
        },
        {
            "index": "22",
            "id": "00128346",
            "name": "金田下宿",
            "lat": "35.460377",
            "lng": "139.367716"
        },
        {
            "index": "23",
            "id": "00128345",
            "name": "積水ソフランウイズ前",
            "lat": "35.454246",
            "lng": "139.368998"
        },
        {
            "index": "24",
            "id": "00128344",
            "name": "鮎津橋",
            "lat": "35.451565",
            "lng": "139.365876"
        },
        {
            "index": "25",
            "id": "00128343",
            "name": "元町(厚木市)",
            "lat": "35.447783",
            "lng": "139.366351"
        },
        {
            "index": "26",
            "id": "00128340",
            "name": "小田急通り",
            "lat": "35.444622",
            "lng": "139.366445"
        },
        {
            "index": "27",
            "id": "00128256",
            "name": "厚木バスセンター",
            "lat": "35.441107",
            "lng": "139.36685"
        }
    ],
    "route_url": "https://www.kanachu.co.jp/dia/route/index/cid:0000804038/"
}
