{
    "date": "2025/10/20",
    "name": "座間下宿",
    "position": "-",
    "system": "下02",
    "destinations": [
        "座間電話局前",
        "鈴鹿(座間市)",
        "星谷観音前",
        "座間駅",
        "天台(座間市)",
        "立野台公園北",
        "立野台",
        "立野台下",
        "栗原神社前",
        "栗原交番前",
        "下栗原",
        "さがみ野駅北口"
    ],
    "weekday": [
        "7:08",
        "8:22",
        "9:44",
        "11:04",
        "12:29",
        "13:44",
        "15:04",
        "16:29"
    ],
    "saturday": [
        "9:49",
        "11:09",
        "12:29",
        "13:49",
        "15:09",
        "16:29"
    ],
    "holiday": [
        "9:49",
        "11:09",
        "12:29",
        "13:49",
        "15:09",
        "16:29"
    ],
    "url": "https://www.kanachu.co.jp/dia/diagram/timetable01_js/course:0000800397-5/node:00128546/kt:0/lname:/"
}
