{
    "date": "2025/10/20",
    "name": "立野台下",
    "position": "-",
    "system": "下02",
    "destinations": [
        "栗原神社前",
        "栗原交番前",
        "下栗原",
        "さがみ野駅北口"
    ],
    "weekday": [
        "7:21",
        "8:35",
        "9:57",
        "11:17",
        "12:42",
        "13:57",
        "15:17",
        "16:42"
    ],
    "saturday": [
        "10:02",
        "11:22",
        "12:42",
        "14:02",
        "15:22",
        "16:42"
    ],
    "holiday": [
        "10:02",
        "11:22",
        "12:42",
        "14:02",
        "15:22",
        "16:42"
    ],
    "url": "https://www.kanachu.co.jp/dia/diagram/timetable01_js/course:0000800397-13/node:00128575/kt:0/lname:/"
}
