{
    "date": "2025/10/20",
    "name": "栗原神社前",
    "position": "-",
    "system": "下02",
    "destinations": [
        "栗原交番前",
        "下栗原",
        "さがみ野駅北口"
    ],
    "weekday": [
        "7:23",
        "8:37",
        "9:59",
        "11:19",
        "12:44",
        "13:59",
        "15:19",
        "16:44"
    ],
    "saturday": [
        "10:04",
        "11:24",
        "12:44",
        "14:04",
        "15:24",
        "16:44"
    ],
    "holiday": [
        "10:04",
        "11:24",
        "12:44",
        "14:04",
        "15:24",
        "16:44"
    ],
    "url": "https://www.kanachu.co.jp/dia/diagram/timetable01_js/course:0000800397-14/node:00129881/kt:0/lname:/"
}
