{
    "date": "2025/10/20",
    "name": "鶴間駅東口",
    "position": "-",
    "system": "間13",
    "destinations": [
        "鶴間二丁目",
        "オークシティ前",
        "市立病院(大和市)",
        "市役所市立病院前",
        "職業安定所前(大和市)",
        "郵便局前(大和市)",
        "市民活動拠点ベテルギウス前",
        "豊川稲荷前(大和市)",
        "新橋通り(大和市)",
        "大和駅西口"
    ],
    "weekday": [
        "9:01",
        "14:03",
        "14:55",
        "18:12",
        "18:58",
        "19:50"
    ],
    "saturday": [],
    "holiday": [],
    "url": "https://www.kanachu.co.jp/dia/diagram/timetable01_js/course:0000803795-1/node:00129523/kt:0/lname:/"
}
