{
    "date": "2025/10/20",
    "name": "鶴間二丁目",
    "position": "-",
    "system": "間13",
    "destinations": [
        "オークシティ前",
        "市立病院(大和市)",
        "市役所市立病院前",
        "職業安定所前(大和市)",
        "郵便局前(大和市)",
        "市民活動拠点ベテルギウス前",
        "豊川稲荷前(大和市)",
        "新橋通り(大和市)",
        "大和駅西口"
    ],
    "weekday": [
        "9:02",
        "14:04",
        "14:56",
        "18:13",
        "18:59",
        "19:51"
    ],
    "saturday": [],
    "holiday": [],
    "url": "https://www.kanachu.co.jp/dia/diagram/timetable01_js/course:0000803795-2/node:00129524/kt:0/lname:/"
}
