{
    "date": "2025/10/20",
    "name": "市立病院(大和市)",
    "position": "-",
    "system": "間13",
    "destinations": [
        "市役所市立病院前",
        "職業安定所前(大和市)",
        "郵便局前(大和市)",
        "市民活動拠点ベテルギウス前",
        "豊川稲荷前(大和市)",
        "新橋通り(大和市)",
        "大和駅西口"
    ],
    "weekday": [
        "9:06",
        "14:08",
        "15:00",
        "18:17",
        "19:03",
        "19:55"
    ],
    "saturday": [],
    "holiday": [],
    "url": "https://www.kanachu.co.jp/dia/diagram/timetable01_js/course:0000803795-4/node:00129741/kt:0/lname:/"
}
