{
    "date": "2025/11/16",
    "name": "善波",
    "position": "-",
    "system": "伊58",
    "destinations": [
        "善波西玉",
        "笠谷戸",
        "坪ノ内",
        "大住台",
        "谷戸岡",
        "桜坂(伊勢原市)",
        "串橋入口",
        "神戸(伊勢原市)",
        "白根公民館前",
        "白根",
        "八雲神社前(伊勢原市)",
        "板戸",
        "大神宮前",
        "本町(伊勢原市)",
        "伊勢原駅北口"
    ],
    "weekday": [
        "7:50",
        "15:34",
        "16:25"
    ],
    "saturday": [],
    "holiday": [],
    "url": "https://www.kanachu.co.jp/dia/diagram/timetable01_js/course:0000801374-1/node:00127856/kt:0/lname:/"
}
