{
    "date": "2025/11/16",
    "name": "串橋入口",
    "position": "-",
    "system": "伊58",
    "destinations": [
        "神戸(伊勢原市)",
        "白根公民館前",
        "白根",
        "八雲神社前(伊勢原市)",
        "板戸",
        "大神宮前",
        "本町(伊勢原市)",
        "伊勢原駅北口"
    ],
    "weekday": [
        "8:00",
        "15:43",
        "16:34"
    ],
    "saturday": [],
    "holiday": [],
    "url": "https://www.kanachu.co.jp/dia/diagram/timetable01_js/course:0000801374-8/node:00128135/kt:0/lname:/"
}
