{
    "date": "2025/07/12",
    "name": "辻堂駅北口",
    "position": "-",
    "system": "藤09",
    "destinations": [
        "神台公園前",
        "羽鳥郵便局前",
        "明治中学校前",
        "汲田",
        "住宅前(藤沢市明治)",
        "梅ヶ枝通り",
        "湘南台",
        "引地橋",
        "一中入口(藤沢市)",
        "湘南高校前",
        "台町(藤沢市)",
        "白旗交差点",
        "本町小学校前(藤沢市)",
        "南仲通り二丁目",
        "南仲通り",
        "相生町(藤沢市)",
        "三富士町",
        "藤沢駅北口"
    ],
    "weekday": [
        "7:25",
        "8:00",
        "8:25",
        "16:10",
        "18:13",
        "20:05"
    ],
    "saturday": [
        "7:48",
        "9:53",
        "11:48",
        "13:53",
        "15:53",
        "17:55",
        "19:48"
    ],
    "holiday": [
        "7:48",
        "9:53",
        "11:48",
        "13:53",
        "15:53",
        "17:55",
        "19:48"
    ],
    "url": "https://www.kanachu.co.jp/dia/diagram/timetable01_js/course:0000801502-1/node:00129934/kt:0/lname:/"
}
