{
    "date": "2025/07/12",
    "name": "羽鳥郵便局前",
    "position": "-",
    "system": "藤09",
    "destinations": [
        "明治中学校前",
        "汲田",
        "住宅前(藤沢市明治)",
        "梅ヶ枝通り",
        "湘南台",
        "引地橋",
        "一中入口(藤沢市)",
        "湘南高校前",
        "台町(藤沢市)",
        "白旗交差点",
        "本町小学校前(藤沢市)",
        "南仲通り二丁目",
        "南仲通り",
        "相生町(藤沢市)",
        "三富士町",
        "藤沢駅北口"
    ],
    "weekday": [
        "7:27",
        "8:02",
        "8:27",
        "16:12",
        "18:15",
        "20:07"
    ],
    "saturday": [
        "7:50",
        "9:55",
        "11:50",
        "13:55",
        "15:55",
        "17:57",
        "19:50"
    ],
    "holiday": [
        "7:50",
        "9:55",
        "11:50",
        "13:55",
        "15:55",
        "17:57",
        "19:50"
    ],
    "url": "https://www.kanachu.co.jp/dia/diagram/timetable01_js/course:0000801502-3/node:00127086/kt:0/lname:/"
}
