{
    "date": "2025/07/12",
    "name": "明治中学校前",
    "position": "-",
    "system": "藤09",
    "destinations": [
        "汲田",
        "住宅前(藤沢市明治)",
        "梅ヶ枝通り",
        "湘南台",
        "引地橋",
        "一中入口(藤沢市)",
        "湘南高校前",
        "台町(藤沢市)",
        "白旗交差点",
        "本町小学校前(藤沢市)",
        "南仲通り二丁目",
        "南仲通り",
        "相生町(藤沢市)",
        "三富士町",
        "藤沢駅北口"
    ],
    "weekday": [
        "7:28",
        "8:03",
        "8:28",
        "16:13",
        "18:16",
        "20:08"
    ],
    "saturday": [
        "7:51",
        "9:56",
        "11:51",
        "13:56",
        "15:56",
        "17:58",
        "19:51"
    ],
    "holiday": [
        "7:51",
        "9:56",
        "11:51",
        "13:56",
        "15:56",
        "17:58",
        "19:51"
    ],
    "url": "https://www.kanachu.co.jp/dia/diagram/timetable01_js/course:0000801502-4/node:00127085/kt:0/lname:/"
}
