{
    "date": "2025/07/12",
    "name": "梅ヶ枝通り",
    "position": "-",
    "system": "藤09",
    "destinations": [
        "湘南台",
        "引地橋",
        "一中入口(藤沢市)",
        "湘南高校前",
        "台町(藤沢市)",
        "白旗交差点",
        "本町小学校前(藤沢市)",
        "南仲通り二丁目",
        "南仲通り",
        "相生町(藤沢市)",
        "三富士町",
        "藤沢駅北口"
    ],
    "weekday": [
        "7:30",
        "8:05",
        "8:30",
        "16:15",
        "18:18",
        "20:10"
    ],
    "saturday": [
        "7:53",
        "9:58",
        "11:53",
        "13:58",
        "15:58",
        "18:00",
        "19:53"
    ],
    "holiday": [
        "7:53",
        "9:58",
        "11:53",
        "13:58",
        "15:58",
        "18:00",
        "19:53"
    ],
    "url": "https://www.kanachu.co.jp/dia/diagram/timetable01_js/course:0000801502-7/node:00127088/kt:0/lname:/"
}
