{
    "date": "2025/07/12",
    "name": "湘南台",
    "position": "-",
    "system": "藤09",
    "destinations": [
        "引地橋",
        "一中入口(藤沢市)",
        "湘南高校前",
        "台町(藤沢市)",
        "白旗交差点",
        "本町小学校前(藤沢市)",
        "南仲通り二丁目",
        "南仲通り",
        "相生町(藤沢市)",
        "三富士町",
        "藤沢駅北口"
    ],
    "weekday": [
        "7:31",
        "8:06",
        "8:31",
        "16:16",
        "18:19",
        "20:11"
    ],
    "saturday": [
        "7:54",
        "9:59",
        "11:54",
        "13:59",
        "15:59",
        "18:01",
        "19:54"
    ],
    "holiday": [
        "7:54",
        "9:59",
        "11:54",
        "13:59",
        "15:59",
        "18:01",
        "19:54"
    ],
    "url": "https://www.kanachu.co.jp/dia/diagram/timetable01_js/course:0000801502-8/node:00127087/kt:0/lname:/"
}
