{
    "date": "2025/01/14",
    "name": "上瀬谷小学校入口",
    "position": "-",
    "system": "瀬03",
    "destinations": [
        "八幡神社前(横浜市瀬谷区)",
        "上瀬谷住宅前",
        "マークスプリングス"
    ],
    "weekday": [
        "6:15",
        "6:47",
        "7:17",
        "7:47",
        "8:15",
        "12:07",
        "15:02",
        "16:02",
        "16:32",
        "17:42",
        "18:47",
        "19:47",
        "21:02",
        "21:47",
        "22:32"
    ],
    "saturday": [
        "7:59",
        "16:02",
        "16:27",
        "17:27",
        "18:47",
        "19:47"
    ],
    "holiday": [
        "7:59",
        "16:02",
        "16:27",
        "17:27",
        "18:47",
        "19:47"
    ],
    "url": "https://www.kanachu.co.jp/dia/diagram/timetable01_js/course:0000802455-7/node:00129654/kt:0/lname:/"
}
