{
    "date": "2025/04/01",
    "name": "台町(秦野市)",
    "position": "-",
    "system": "秦45",
    "destinations": [
        "片町通り",
        "上宿通り",
        "大川橋(秦野市)",
        "まほろば大橋",
        "秦野駅"
    ],
    "weekday": [
        "6:46",
        "7:12",
        "8:36",
        "11:38",
        "16:34",
        "17:36",
        "19:51",
        "20:45"
    ],
    "saturday": [
        "12:33",
        "18:43",
        "20:42"
    ],
    "holiday": [
        "12:33",
        "18:43",
        "20:42"
    ],
    "url": "https://www.kanachu.co.jp/dia/diagram/timetable01_js/course:0000803662-16/node:00127719/kt:0/lname:/"
}
