{
    "date": "2024/09/02",
    "name": "西が岡三丁目",
    "position": "-",
    "system": "戸79",
    "destinations": [
        "白百合台団地",
        "領家中学校前",
        "戸塚斎場前",
        "鳥が丘小学校入口",
        "鳥が丘南",
        "谷戸矢部入口",
        "踊場",
        "矢沢(横浜市戸塚区)",
        "戸塚駅西口",
        "戸塚バスセンター"
    ],
    "weekday": [
        "5:48",
        "6:18",
        "6:42",
        "7:06",
        "7:21",
        "7:36",
        "7:56",
        "8:21",
        "8:56",
        "9:26",
        "9:56",
        "10:26",
        "10:56",
        "11:36",
        "12:16",
        "12:56",
        "13:36",
        "14:16",
        "14:56",
        "15:36",
        "16:16",
        "16:56",
        "17:26",
        "17:56",
        "18:26",
        "18:56",
        "19:26",
        "19:56",
        "20:26",
        "21:07"
    ],
    "saturday": [
        "6:38",
        "7:38",
        "8:21",
        "8:56",
        "9:31",
        "10:11",
        "10:51",
        "11:31",
        "12:11",
        "12:51",
        "13:31",
        "14:11",
        "14:51",
        "15:31",
        "16:11",
        "16:51",
        "17:31",
        "18:11",
        "18:51",
        "19:31",
        "20:48"
    ],
    "holiday": [
        "6:38",
        "7:38",
        "8:21",
        "8:56",
        "9:31",
        "10:11",
        "10:51",
        "11:31",
        "12:11",
        "12:51",
        "13:31",
        "14:11",
        "14:51",
        "15:31",
        "16:11",
        "16:51",
        "17:31",
        "18:11",
        "18:51",
        "19:31",
        "20:48"
    ],
    "url": "https://www.kanachu.co.jp/dia/diagram/timetable01_js/course:0000803585-5/node:00126694/kt:0/lname:/"
}
