{
    "date": "2024/09/02",
    "name": "白百合台団地",
    "position": "-",
    "system": "戸79",
    "destinations": [
        "領家中学校前",
        "戸塚斎場前",
        "鳥が丘小学校入口",
        "鳥が丘南",
        "谷戸矢部入口",
        "踊場",
        "矢沢(横浜市戸塚区)",
        "戸塚駅西口",
        "戸塚バスセンター"
    ],
    "weekday": [
        "5:49",
        "6:19",
        "6:43",
        "7:07",
        "7:22",
        "7:37",
        "7:57",
        "8:22",
        "8:57",
        "9:27",
        "9:57",
        "10:27",
        "10:57",
        "11:37",
        "12:17",
        "12:57",
        "13:37",
        "14:17",
        "14:57",
        "15:37",
        "16:17",
        "16:57",
        "17:27",
        "17:57",
        "18:27",
        "18:57",
        "19:27",
        "19:57",
        "20:27",
        "21:08"
    ],
    "saturday": [
        "6:39",
        "7:39",
        "8:22",
        "8:57",
        "9:32",
        "10:12",
        "10:52",
        "11:32",
        "12:12",
        "12:52",
        "13:32",
        "14:12",
        "14:52",
        "15:32",
        "16:12",
        "16:52",
        "17:32",
        "18:12",
        "18:52",
        "19:32",
        "20:49"
    ],
    "holiday": [
        "6:39",
        "7:39",
        "8:22",
        "8:57",
        "9:32",
        "10:12",
        "10:52",
        "11:32",
        "12:12",
        "12:52",
        "13:32",
        "14:12",
        "14:52",
        "15:32",
        "16:12",
        "16:52",
        "17:32",
        "18:12",
        "18:52",
        "19:32",
        "20:49"
    ],
    "url": "https://www.kanachu.co.jp/dia/diagram/timetable01_js/course:0000803585-6/node:00126693/kt:0/lname:/"
}
