{
    "date": "2024/09/02",
    "name": "戸塚斎場前",
    "position": "-",
    "system": "戸79",
    "destinations": [
        "鳥が丘小学校入口",
        "鳥が丘南",
        "谷戸矢部入口",
        "踊場",
        "矢沢(横浜市戸塚区)",
        "戸塚駅西口",
        "戸塚バスセンター"
    ],
    "weekday": [
        "5:52",
        "6:22",
        "6:46",
        "7:10",
        "7:25",
        "7:40",
        "8:00",
        "8:25",
        "9:00",
        "9:30",
        "10:00",
        "10:30",
        "11:00",
        "11:40",
        "12:20",
        "13:00",
        "13:40",
        "14:20",
        "15:00",
        "15:40",
        "16:20",
        "17:00",
        "17:30",
        "18:00",
        "18:30",
        "19:00",
        "19:30",
        "20:00",
        "20:30",
        "21:11"
    ],
    "saturday": [
        "6:42",
        "7:42",
        "8:25",
        "9:00",
        "9:35",
        "10:15",
        "10:55",
        "11:35",
        "12:15",
        "12:55",
        "13:35",
        "14:15",
        "14:55",
        "15:35",
        "16:15",
        "16:55",
        "17:35",
        "18:15",
        "18:55",
        "19:35",
        "20:52"
    ],
    "holiday": [
        "6:42",
        "7:42",
        "8:25",
        "9:00",
        "9:35",
        "10:15",
        "10:55",
        "11:35",
        "12:15",
        "12:55",
        "13:35",
        "14:15",
        "14:55",
        "15:35",
        "16:15",
        "16:55",
        "17:35",
        "18:15",
        "18:55",
        "19:35",
        "20:52"
    ],
    "url": "https://www.kanachu.co.jp/dia/diagram/timetable01_js/course:0000803585-8/node:00126910/kt:0/lname:/"
}
