{
    "date": "2024/09/02",
    "name": "谷戸矢部入口",
    "position": "-",
    "system": "戸79",
    "destinations": [
        "踊場",
        "矢沢(横浜市戸塚区)",
        "戸塚駅西口",
        "戸塚バスセンター"
    ],
    "weekday": [
        "5:54",
        "6:24",
        "6:48",
        "7:13",
        "7:28",
        "7:43",
        "8:03",
        "8:28",
        "9:03",
        "9:33",
        "10:03",
        "10:33",
        "11:03",
        "11:43",
        "12:23",
        "13:03",
        "13:43",
        "14:23",
        "15:03",
        "15:43",
        "16:23",
        "17:03",
        "17:33",
        "18:03",
        "18:33",
        "19:02",
        "19:32",
        "20:02",
        "20:32",
        "21:13"
    ],
    "saturday": [
        "6:44",
        "7:45",
        "8:28",
        "9:03",
        "9:38",
        "10:18",
        "10:58",
        "11:38",
        "12:18",
        "12:58",
        "13:38",
        "14:18",
        "14:58",
        "15:38",
        "16:18",
        "16:58",
        "17:38",
        "18:18",
        "18:58",
        "19:37",
        "20:54"
    ],
    "holiday": [
        "6:44",
        "7:45",
        "8:28",
        "9:03",
        "9:38",
        "10:18",
        "10:58",
        "11:38",
        "12:18",
        "12:58",
        "13:38",
        "14:18",
        "14:58",
        "15:38",
        "16:18",
        "16:58",
        "17:38",
        "18:18",
        "18:58",
        "19:37",
        "20:54"
    ],
    "url": "https://www.kanachu.co.jp/dia/diagram/timetable01_js/course:0000803585-11/node:00126857/kt:0/lname:/"
}
