{
    "date": "2024/09/02",
    "name": "柳明",
    "position": "-",
    "system": "戸13",
    "destinations": [
        "阿久和山谷",
        "阿久和坂上",
        "阿久和",
        "中村(横浜市瀬谷区)",
        "大中村",
        "相模新橋",
        "観音寺前(横浜市泉区)",
        "新橋町(横浜市泉区)",
        "下新橋",
        "まほろば",
        "岡津橋",
        "岡津",
        "下岡津",
        "日の森",
        "上矢部",
        "上矢部インター",
        "富士橋",
        "不動坂(横浜市戸塚区)",
        "ブリヂストン前",
        "元町(横浜市戸塚区)",
        "戸塚駅西口",
        "戸塚バスセンター"
    ],
    "weekday": [
        "5:20",
        "5:32",
        "5:39",
        "5:55",
        "6:01",
        "6:18",
        "6:34",
        "8:05"
    ],
    "saturday": [
        "5:24",
        "5:44",
        "5:59",
        "6:29",
        "7:05"
    ],
    "holiday": [
        "5:35",
        "6:00",
        "6:35"
    ],
    "url": "https://www.kanachu.co.jp/dia/diagram/timetable01_js/course:0000803559-4/node:00126700/kt:0/lname:/"
}
