{
    "date": "2024/09/02",
    "name": "まほろば",
    "position": "-",
    "system": "戸13",
    "destinations": [
        "岡津橋",
        "岡津",
        "下岡津",
        "日の森",
        "上矢部",
        "上矢部インター",
        "富士橋",
        "不動坂(横浜市戸塚区)",
        "ブリヂストン前",
        "元町(横浜市戸塚区)",
        "戸塚駅西口",
        "戸塚バスセンター"
    ],
    "weekday": [
        "5:31",
        "5:43",
        "5:50",
        "6:06",
        "6:12",
        "6:29",
        "6:45",
        "8:17"
    ],
    "saturday": [
        "5:35",
        "5:55",
        "6:10",
        "6:40",
        "7:17"
    ],
    "holiday": [
        "5:46",
        "6:11",
        "6:46"
    ],
    "url": "https://www.kanachu.co.jp/dia/diagram/timetable01_js/course:0000803559-14/node:00126920/kt:0/lname:/"
}
