{
    "date": "2024/09/02",
    "name": "不動坂(横浜市戸塚区)",
    "position": "-",
    "system": "戸13",
    "destinations": [
        "ブリヂストン前",
        "元町(横浜市戸塚区)",
        "戸塚駅西口",
        "戸塚バスセンター"
    ],
    "weekday": [
        "5:42",
        "5:54",
        "6:01",
        "6:17",
        "6:23",
        "6:40",
        "6:56",
        "8:32"
    ],
    "saturday": [
        "5:44",
        "6:04",
        "6:19",
        "6:49",
        "7:31"
    ],
    "holiday": [
        "5:55",
        "6:20",
        "6:55"
    ],
    "url": "https://www.kanachu.co.jp/dia/diagram/timetable01_js/course:0000803559-22/node:00126613/kt:0/lname:/"
}
