{
    "date": "2024/09/02",
    "name": "元町(横浜市戸塚区)",
    "position": "-",
    "system": "戸13",
    "destinations": [
        "戸塚駅西口",
        "戸塚バスセンター"
    ],
    "weekday": [
        "5:45",
        "5:57",
        "6:04",
        "6:20",
        "6:26",
        "6:43",
        "6:59",
        "8:36"
    ],
    "saturday": [
        "5:47",
        "6:07",
        "6:22",
        "6:52",
        "7:34"
    ],
    "holiday": [
        "5:58",
        "6:23",
        "6:58"
    ],
    "url": "https://www.kanachu.co.jp/dia/diagram/timetable01_js/course:0000803559-24/node:00126611/kt:0/lname:/"
}
