{
    "date": "2025/04/01",
    "name": "菅原神社前(町田市)",
    "position": "-",
    "system": "町41",
    "destinations": [
        "養運寺",
        "市立博物館前(町田市)",
        "ゆうき山",
        "金井小学校入口",
        "藤の台東",
        "藤の台団地"
    ],
    "weekday": [
        "9:16",
        "9:46",
        "10:16",
        "10:46",
        "11:16",
        "11:46",
        "12:16",
        "12:46",
        "13:16",
        "13:46",
        "14:16",
        "14:46",
        "15:20",
        "15:53",
        "16:19",
        "16:43",
        "16:55",
        "17:19",
        "17:43",
        "17:55",
        "18:17",
        "18:41",
        "19:05",
        "19:17",
        "19:41",
        "20:05",
        "20:32",
        "21:02"
    ],
    "saturday": [
        "9:36",
        "10:06",
        "10:36",
        "11:06",
        "11:36",
        "12:06",
        "12:17",
        "12:42",
        "13:12",
        "13:42",
        "14:12",
        "14:42",
        "15:12",
        "15:47",
        "16:22",
        "16:50",
        "17:20",
        "17:50",
        "18:20",
        "18:50",
        "19:20",
        "19:59",
        "20:19",
        "20:58"
    ],
    "holiday": [
        "9:36",
        "10:06",
        "10:36",
        "11:06",
        "11:36",
        "12:06",
        "12:17",
        "12:42",
        "13:12",
        "13:42",
        "14:12",
        "14:42",
        "15:12",
        "15:47",
        "16:22",
        "16:50",
        "17:20",
        "17:50",
        "18:20",
        "19:00",
        "19:19",
        "19:59",
        "20:19"
    ],
    "url": "https://www.kanachu.co.jp/dia/diagram/timetable01_js/course:0000802672-8/node:00129422/kt:0/lname:/"
}
