{
    "date": "2025/03/15",
    "name": "諸之木",
    "position": "-",
    "system": "辻34",
    "destinations": [
        "刈込(藤沢市)",
        "湘南ライフタウン",
        "滝の沢不動前",
        "滝の沢(藤沢市)",
        "駒寄",
        "二番構保健医療センター",
        "ライフタウン中央(藤沢市)",
        "大庭小学校",
        "小糸",
        "南センター前(藤沢市)",
        "西高校前(藤沢市)",
        "有藤",
        "大庭隧道",
        "城南一丁目",
        "羽鳥一丁目",
        "神台公園前",
        "辻堂駅北口"
    ],
    "weekday": [
        "15:21",
        "16:05",
        "16:47",
        "16:57",
        "17:07",
        "17:27",
        "17:47",
        "18:27",
        "19:52",
        "20:15",
        "21:15"
    ],
    "saturday": [],
    "holiday": [],
    "url": "https://www.kanachu.co.jp/dia/diagram/timetable01_js/course:0000802607-3/node:00129987/kt:0/lname:/"
}
