{
    "date": "2025/03/15",
    "name": "有藤",
    "position": "-",
    "system": "辻34",
    "destinations": [
        "大庭隧道",
        "城南一丁目",
        "羽鳥一丁目",
        "神台公園前",
        "辻堂駅北口"
    ],
    "weekday": [
        "15:37",
        "16:21",
        "17:03",
        "17:13",
        "17:23",
        "17:43",
        "18:03",
        "18:43",
        "20:07",
        "20:30",
        "21:30"
    ],
    "saturday": [],
    "holiday": [],
    "url": "https://www.kanachu.co.jp/dia/diagram/timetable01_js/course:0000802607-15/node:00129938/kt:0/lname:/"
}
