{
    "date": "2025/03/15",
    "name": "神台公園前",
    "position": "-",
    "system": "辻34",
    "destinations": [
        "辻堂駅北口"
    ],
    "weekday": [
        "15:40",
        "16:24",
        "17:06",
        "17:16",
        "17:26",
        "17:46",
        "18:06",
        "18:46",
        "20:10",
        "20:33",
        "21:33"
    ],
    "saturday": [],
    "holiday": [],
    "url": "https://www.kanachu.co.jp/dia/diagram/timetable01_js/course:0000802607-19/node:00130068/kt:0/lname:/"
}
