{
    "system": "町33",
    "destination": "下山崎",
    "stations": [
        {
            "name": "町田バスセンター",
            "file": "01_machida_bus_center_3.json"
        },
        {
            "name": "町田市役所市民ホール前",
            "file": ""
        },
        {
            "name": "妙延寺(町田市)",
            "file": ""
        },
        {
            "name": "森野五丁目",
            "file": ""
        },
        {
            "name": "森野六丁目",
            "file": ""
        },
        {
            "name": "桧台入口",
            "file": ""
        },
        {
            "name": "木曽都営入口",
            "file": ""
        },
        {
            "name": "境川団地入口",
            "file": ""
        },
        {
            "name": "境川団地中央",
            "file": ""
        },
        {
            "name": "境川団地",
            "file": ""
        },
        {
            "name": "横町(町田市)",
            "file": ""
        },
        {
            "name": "木曽南団地",
            "file": ""
        },
        {
            "name": "町田総合高校前",
            "file": ""
        },
        {
            "name": "秋葉神社入口",
            "file": ""
        },
        {
            "name": "忠生公園前",
            "file": ""
        },
        {
            "name": "山崎小学校前(東京都)",
            "file": ""
        },
        {
            "name": "上山崎",
            "file": ""
        },
        {
            "name": "山崎高校入口",
            "file": ""
        },
        {
            "name": "下山崎(町田市)",
            "file": ""
        }
    ]
}
