{
    "date": "2025/11/16",
    "name": "馬入ふれあい公園入口",
    "position": "-",
    "system": "平09",
    "destinations": [
        "長瀞",
        "馬入境",
        "古河電工前(平塚市)",
        "関西ペイント前(平塚市)",
        "工業団地(平塚市)",
        "全農前",
        "小松前",
        "小松電子前",
        "東八幡工業団地",
        "東八幡五丁目",
        "不動ケミカル前",
        "工業団地(平塚市)",
        "関西ペイント前(平塚市)",
        "古河電工前(平塚市)",
        "馬入境",
        "長瀞",
        "馬入ふれあい公園入口",
        "工業団地入口(平塚市)",
        "馬入橋",
        "蔵屋敷",
        "松原(平塚市)",
        "四ツ角(平塚市)",
        "平塚駅北口"
    ],
    "weekday": [
        "9:23",
        "10:03",
        "10:33",
        "11:03",
        "11:33",
        "12:03",
        "12:33",
        "13:03",
        "13:33",
        "14:03",
        "14:33",
        "15:03",
        "15:33",
        "16:03",
        "16:23",
        "16:43",
        "17:00",
        "17:24",
        "17:34",
        "17:44",
        "17:51",
        "18:00",
        "18:18",
        "18:34",
        "18:44",
        "18:58",
        "19:16",
        "19:41",
        "20:16",
        "20:56",
        "21:51"
    ],
    "saturday": [
        "9:41",
        "10:41",
        "11:41",
        "12:41",
        "13:41",
        "14:41",
        "15:41",
        "16:41",
        "17:41",
        "18:41"
    ],
    "holiday": [
        "9:41",
        "10:41",
        "11:41",
        "12:41",
        "13:41",
        "14:41",
        "15:41",
        "16:41",
        "17:16",
        "18:16"
    ],
    "url": "https://www.kanachu.co.jp/dia/diagram/timetable01_js/course:0000802445-7/node:00127712/kt:0/lname:/"
}
