{
    "date": "2025/11/16",
    "name": "小松前",
    "position": "-",
    "system": "平09",
    "destinations": [
        "小松電子前",
        "東八幡工業団地",
        "東八幡五丁目",
        "不動ケミカル前",
        "工業団地(平塚市)",
        "関西ペイント前(平塚市)",
        "古河電工前(平塚市)",
        "馬入境",
        "長瀞",
        "馬入ふれあい公園入口",
        "工業団地入口(平塚市)",
        "馬入橋",
        "蔵屋敷",
        "松原(平塚市)",
        "四ツ角(平塚市)",
        "平塚駅北口"
    ],
    "weekday": [
        "9:27",
        "10:07",
        "10:37",
        "11:07",
        "11:37",
        "12:07",
        "12:37",
        "13:07",
        "13:37",
        "14:07",
        "14:37",
        "15:07",
        "15:37",
        "16:07",
        "16:27",
        "16:47",
        "17:04",
        "17:28",
        "17:38",
        "17:48",
        "17:55",
        "18:04",
        "18:22",
        "18:38",
        "18:48",
        "19:02",
        "19:20",
        "19:45",
        "20:20",
        "21:00",
        "21:55"
    ],
    "saturday": [
        "9:45",
        "10:45",
        "11:45",
        "12:45",
        "13:45",
        "14:45",
        "15:45",
        "16:45",
        "17:45",
        "18:45"
    ],
    "holiday": [
        "9:45",
        "10:45",
        "11:45",
        "12:45",
        "13:45",
        "14:45",
        "15:45",
        "16:45",
        "17:20",
        "18:20"
    ],
    "url": "https://www.kanachu.co.jp/dia/diagram/timetable01_js/course:0000802445-14/node:00127675/kt:0/lname:/"
}
