{
    "date": "2025/05/11",
    "name": "関の下",
    "position": "-",
    "system": "港61",
    "destinations": [
        "上大岡駅",
        "最戸橋",
        "越戸橋(横浜市港南区)",
        "向田橋",
        "南小学校前(横浜市南区)",
        "弘明寺",
        "通町三丁目",
        "通町一丁目",
        "蒔田駅前",
        "宮元町一丁目",
        "お三の宮",
        "吉野町駅前",
        "吉野町一丁目",
        "阪東橋",
        "横浜橋",
        "曙町(横浜市中区)",
        "長者町五丁目",
        "羽衣町(横浜市中区)",
        "尾上町(横浜市中区)",
        "本町四丁目(横浜市中区)",
        "横浜市役所前",
        "桜木町駅前",
        "紅葉坂",
        "雪見橋",
        "花咲橋",
        "高島町",
        "横浜駅改札口前",
        "横浜駅東口"
    ],
    "weekday": [
        "5:36",
        "8:02",
        "9:59",
        "11:27",
        "13:22",
        "15:27",
        "17:10",
        "19:30"
    ],
    "saturday": [
        "7:51",
        "9:29",
        "11:45",
        "13:36",
        "15:36",
        "17:01"
    ],
    "holiday": [
        "7:51",
        "9:29",
        "11:45",
        "13:36",
        "15:36",
        "17:01"
    ],
    "url": "https://www.kanachu.co.jp/dia/diagram/timetable01_js/course:0000800372-12/node:00102671/kt:0/lname:/"
}
