{
    "date": "2025/05/11",
    "name": "羽衣町(横浜市中区)",
    "position": "-",
    "system": "港61",
    "destinations": [
        "尾上町(横浜市中区)",
        "本町四丁目(横浜市中区)",
        "横浜市役所前",
        "桜木町駅前",
        "紅葉坂",
        "雪見橋",
        "花咲橋",
        "高島町",
        "横浜駅改札口前",
        "横浜駅東口"
    ],
    "weekday": [
        "5:57",
        "8:30",
        "10:27",
        "11:55",
        "13:50",
        "15:55",
        "17:38",
        "19:55"
    ],
    "saturday": [
        "8:17",
        "9:56",
        "12:12",
        "14:03",
        "16:03",
        "17:28"
    ],
    "holiday": [
        "8:17",
        "9:56",
        "12:12",
        "14:03",
        "16:03",
        "17:28"
    ],
    "url": "https://www.kanachu.co.jp/dia/diagram/timetable01_js/course:0000800372-30/node:00102910/kt:0/lname:/"
}
