{
    "date": "2025/05/11",
    "name": "高島町",
    "position": "-",
    "system": "港61",
    "destinations": [
        "横浜駅改札口前",
        "横浜駅東口"
    ],
    "weekday": [
        "6:07",
        "8:44",
        "10:40",
        "12:08",
        "14:03",
        "16:08",
        "17:51",
        "20:05"
    ],
    "saturday": [
        "8:31",
        "10:10",
        "12:27",
        "14:18",
        "16:18",
        "17:43"
    ],
    "holiday": [
        "8:31",
        "10:10",
        "12:27",
        "14:18",
        "16:18",
        "17:43"
    ],
    "url": "https://www.kanachu.co.jp/dia/diagram/timetable01_js/course:0000800372-38/node:00102695/kt:0/lname:/"
}
