{
    "date": "2024/12/16",
    "name": "小野路",
    "position": "-",
    "system": "鶴32",
    "destinations": [
        "中宿(町田市)",
        "小野神社前(町田市)",
        "新屋敷(町田市)",
        "サンシティ町田",
        "五反田(町田市)",
        "下堤(町田市)",
        "岩子山",
        "井の花",
        "大蔵(鶴川郵便局前/町田市)",
        "鶴川市民センター入口",
        "下大蔵",
        "金井入口",
        "上能ヶ谷",
        "鶴川駅西口",
        "鶴川駅"
    ],
    "weekday": [
        "6:32"
    ],
    "saturday": [
        "6:02"
    ],
    "holiday": [
        "6:07"
    ],
    "url": "https://www.kanachu.co.jp/dia/diagram/timetable01_js/course:0000803482-3/node:00130077/kt:0/lname:/"
}
