{
    "date": "2024/12/16",
    "name": "鶴川市民センター入口",
    "position": "-",
    "system": "鶴32",
    "destinations": [
        "下大蔵",
        "金井入口",
        "上能ヶ谷",
        "鶴川駅西口",
        "鶴川駅"
    ],
    "weekday": [
        "6:42"
    ],
    "saturday": [
        "6:12"
    ],
    "holiday": [
        "6:17"
    ],
    "url": "https://www.kanachu.co.jp/dia/diagram/timetable01_js/course:0000803482-13/node:00129436/kt:0/lname:/"
}
