{
    "date": "2025/11/16",
    "name": "伊勢原駅北口",
    "position": "-",
    "system": "伊59",
    "destinations": [
        "本町(伊勢原市)",
        "大神宮前",
        "板戸",
        "八雲神社前(伊勢原市)",
        "白根",
        "白根公民館前",
        "神戸(伊勢原市)",
        "串橋入口",
        "桜坂(伊勢原市)",
        "坪ノ内",
        "大住台",
        "谷戸岡",
        "笠窪",
        "鶴巻温泉駅"
    ],
    "weekday": [
        "6:00",
        "6:30",
        "6:55",
        "7:40",
        "8:25",
        "9:25",
        "10:25",
        "11:25",
        "12:25",
        "13:25",
        "14:25",
        "15:25",
        "16:25",
        "17:15",
        "17:45",
        "18:15",
        "19:15",
        "20:15"
    ],
    "saturday": [
        "7:05",
        "8:05",
        "9:05",
        "10:05",
        "11:05",
        "12:05",
        "13:05",
        "14:05",
        "15:05",
        "16:05",
        "17:05",
        "18:05",
        "19:05",
        "20:05"
    ],
    "holiday": [
        "7:05",
        "8:05",
        "9:05",
        "10:05",
        "11:05",
        "12:05",
        "13:05",
        "14:05",
        "15:05",
        "16:05",
        "17:05",
        "18:05",
        "19:05",
        "20:05"
    ],
    "url": "https://www.kanachu.co.jp/dia/diagram/timetable01_js/course:0000801005-1/node:00128127/kt:0/lname:/"
}
