{
    "date": "2025/11/16",
    "name": "本町(伊勢原市)",
    "position": "-",
    "system": "伊59",
    "destinations": [
        "大神宮前",
        "板戸",
        "八雲神社前(伊勢原市)",
        "白根",
        "白根公民館前",
        "神戸(伊勢原市)",
        "串橋入口",
        "桜坂(伊勢原市)",
        "坪ノ内",
        "大住台",
        "谷戸岡",
        "笠窪",
        "鶴巻温泉駅"
    ],
    "weekday": [
        "6:01",
        "6:31",
        "6:56",
        "7:41",
        "8:26",
        "9:26",
        "10:26",
        "11:26",
        "12:26",
        "13:26",
        "14:26",
        "15:26",
        "16:26",
        "17:16",
        "17:46",
        "18:16",
        "19:16",
        "20:16"
    ],
    "saturday": [
        "7:06",
        "8:06",
        "9:06",
        "10:06",
        "11:06",
        "12:06",
        "13:06",
        "14:06",
        "15:06",
        "16:06",
        "17:06",
        "18:06",
        "19:06",
        "20:06"
    ],
    "holiday": [
        "7:06",
        "8:06",
        "9:06",
        "10:06",
        "11:06",
        "12:06",
        "13:06",
        "14:06",
        "15:06",
        "16:06",
        "17:06",
        "18:06",
        "19:06",
        "20:06"
    ],
    "url": "https://www.kanachu.co.jp/dia/diagram/timetable01_js/course:0000801005-2/node:00128128/kt:0/lname:/"
}
