{
    "date": "2025/11/16",
    "name": "板戸",
    "position": "-",
    "system": "伊59",
    "destinations": [
        "八雲神社前(伊勢原市)",
        "白根",
        "白根公民館前",
        "神戸(伊勢原市)",
        "串橋入口",
        "桜坂(伊勢原市)",
        "坪ノ内",
        "大住台",
        "谷戸岡",
        "笠窪",
        "鶴巻温泉駅"
    ],
    "weekday": [
        "6:04",
        "6:34",
        "6:59",
        "7:44",
        "8:29",
        "9:29",
        "10:29",
        "11:29",
        "12:29",
        "13:29",
        "14:29",
        "15:29",
        "16:29",
        "17:19",
        "17:49",
        "18:19",
        "19:19",
        "20:19"
    ],
    "saturday": [
        "7:09",
        "8:09",
        "9:09",
        "10:09",
        "11:09",
        "12:09",
        "13:09",
        "14:09",
        "15:09",
        "16:09",
        "17:09",
        "18:09",
        "19:09",
        "20:09"
    ],
    "holiday": [
        "7:09",
        "8:09",
        "9:09",
        "10:09",
        "11:09",
        "12:09",
        "13:09",
        "14:09",
        "15:09",
        "16:09",
        "17:09",
        "18:09",
        "19:09",
        "20:09"
    ],
    "url": "https://www.kanachu.co.jp/dia/diagram/timetable01_js/course:0000801005-4/node:00128130/kt:0/lname:/"
}
