{
    "system": "舞01",
    "busstops": [
        {
            "index": "1",
            "id": "00102365",
            "name": "上永谷駅",
            "lat": "35.400853",
            "lng": "139.571649"
        },
        {
            "index": "2",
            "id": "00103100",
            "name": "丸山台(横浜市港南区)",
            "lat": "35.397987",
            "lng": "139.567718"
        },
        {
            "index": "3",
            "id": "00103094",
            "name": "丸山台中学校前",
            "lat": "35.396273",
            "lng": "139.564609"
        },
        {
            "index": "4",
            "id": "00102959",
            "name": "日限山",
            "lat": "35.397581",
            "lng": "139.561932"
        },
        {
            "index": "5",
            "id": "00130221",
            "name": "スポーツ公園前",
            "lat": "35.400412",
            "lng": "139.557662"
        },
        {
            "index": "6",
            "id": "00130220",
            "name": "舞岡地区センター前",
            "lat": "35.403473",
            "lng": "139.553652"
        },
        {
            "index": "7",
            "id": "00130219",
            "name": "リサーチパーク入口",
            "lat": "35.405788",
            "lng": "139.552845"
        },
        {
            "index": "8",
            "id": "00126646",
            "name": "舞岡",
            "lat": "35.409496",
            "lng": "139.550737"
        }
    ],
    "route_url": "https://www.kanachu.co.jp/dia/route/index/cid:0000803978/"
}
