{
    "date": "2025/08/30",
    "name": "上大岡駅",
    "position": "-",
    "system": "",
    "destinations": [
        "慰霊堂入口",
        "桜岡小学校前",
        "最戸町",
        "南が丘中学校前",
        "別所宮下",
        "普門院前",
        "水道橋下",
        "芹が谷山谷",
        "芹が谷",
        "せりぎんタウン",
        "芹が谷団地前",
        "永谷地区センター前",
        "平戸(横浜市港南区)",
        "下永谷(横浜市港南区)",
        "般若寺橋",
        "中永谷",
        "水田(横浜市港南区)",
        "日限地蔵入口",
        "上永谷中学校前",
        "島越",
        "上永谷住宅入口",
        "南高校前(横浜市港南区)",
        "月見ヶ丘団地前",
        "室ノ木(横浜市港南区)",
        "港南区総合庁舎前",
        "笹下港南中央通り",
        "関の下",
        "上大岡駅"
    ],
    "weekday": [
        "6:25",
        "6:40",
        "7:38",
        "7:49",
        "8:13",
        "8:43",
        "9:13",
        "9:43",
        "10:13",
        "11:08",
        "11:48",
        "12:08",
        "12:48",
        "13:08",
        "13:48",
        "14:08",
        "14:48",
        "15:08",
        "15:48",
        "16:08",
        "16:42",
        "17:06",
        "17:42",
        "18:06",
        "22:15"
    ],
    "saturday": [
        "7:51",
        "8:08",
        "8:43",
        "9:13",
        "9:43",
        "10:13",
        "10:48",
        "11:09",
        "11:48",
        "12:09",
        "12:44",
        "13:09",
        "13:44",
        "14:09",
        "14:44",
        "15:09",
        "15:44",
        "16:07",
        "16:45",
        "17:07",
        "17:45",
        "18:07",
        "21:48"
    ],
    "holiday": [
        "8:08",
        "8:48",
        "9:08",
        "9:48",
        "10:08",
        "10:48",
        "11:08",
        "11:48",
        "12:08",
        "12:48",
        "13:09",
        "13:44",
        "14:09",
        "14:44",
        "15:09",
        "15:44",
        "16:09",
        "16:44",
        "17:09",
        "17:44",
        "18:10",
        "19:10",
        "22:05"
    ],
    "url": "https://www.kanachu.co.jp/dia/diagram/timetable01_js/course:0000803871-1/node:00102366/kt:0/lname:/"
}
