{
    "date": "2025/08/30",
    "name": "桜岡小学校前",
    "position": "-",
    "system": "",
    "destinations": [
        "最戸町",
        "南が丘中学校前",
        "別所宮下",
        "普門院前",
        "水道橋下",
        "芹が谷山谷",
        "芹が谷",
        "せりぎんタウン",
        "芹が谷団地前",
        "永谷地区センター前",
        "平戸(横浜市港南区)",
        "下永谷(横浜市港南区)",
        "般若寺橋",
        "中永谷",
        "水田(横浜市港南区)",
        "日限地蔵入口",
        "上永谷中学校前",
        "島越",
        "上永谷住宅入口",
        "南高校前(横浜市港南区)",
        "月見ヶ丘団地前",
        "室ノ木(横浜市港南区)",
        "港南区総合庁舎前",
        "笹下港南中央通り",
        "関の下",
        "上大岡駅"
    ],
    "weekday": [
        "6:28",
        "6:43",
        "7:41",
        "7:52",
        "8:16",
        "8:46",
        "9:16",
        "9:46",
        "10:16",
        "11:11",
        "11:51",
        "12:11",
        "12:51",
        "13:11",
        "13:51",
        "14:11",
        "14:51",
        "15:11",
        "15:51",
        "16:11",
        "16:45",
        "17:09",
        "17:45",
        "18:09",
        "22:17"
    ],
    "saturday": [
        "7:53",
        "8:11",
        "8:46",
        "9:16",
        "9:46",
        "10:16",
        "10:51",
        "11:12",
        "11:51",
        "12:12",
        "12:47",
        "13:12",
        "13:47",
        "14:12",
        "14:47",
        "15:12",
        "15:47",
        "16:10",
        "16:48",
        "17:10",
        "17:48",
        "18:10",
        "21:50"
    ],
    "holiday": [
        "8:11",
        "8:51",
        "9:11",
        "9:51",
        "10:11",
        "10:51",
        "11:11",
        "11:51",
        "12:11",
        "12:51",
        "13:12",
        "13:47",
        "14:12",
        "14:47",
        "15:12",
        "15:47",
        "16:12",
        "16:47",
        "17:12",
        "17:47",
        "18:13",
        "19:13",
        "22:07"
    ],
    "url": "https://www.kanachu.co.jp/dia/diagram/timetable01_js/course:0000803871-3/node:00126560/kt:0/lname:/"
}
