{
    "date": "2025/08/30",
    "name": "最戸町",
    "position": "-",
    "system": "",
    "destinations": [
        "南が丘中学校前",
        "別所宮下",
        "普門院前",
        "水道橋下",
        "芹が谷山谷",
        "芹が谷",
        "せりぎんタウン",
        "芹が谷団地前",
        "永谷地区センター前",
        "平戸(横浜市港南区)",
        "下永谷(横浜市港南区)",
        "般若寺橋",
        "中永谷",
        "水田(横浜市港南区)",
        "日限地蔵入口",
        "上永谷中学校前",
        "島越",
        "上永谷住宅入口",
        "南高校前(横浜市港南区)",
        "月見ヶ丘団地前",
        "室ノ木(横浜市港南区)",
        "港南区総合庁舎前",
        "笹下港南中央通り",
        "関の下",
        "上大岡駅"
    ],
    "weekday": [
        "6:30",
        "6:45",
        "7:43",
        "7:54",
        "8:18",
        "8:48",
        "9:18",
        "9:48",
        "10:18",
        "11:13",
        "11:53",
        "12:13",
        "12:53",
        "13:13",
        "13:53",
        "14:13",
        "14:53",
        "15:13",
        "15:53",
        "16:13",
        "16:47",
        "17:11",
        "17:47",
        "18:11",
        "22:19"
    ],
    "saturday": [
        "7:55",
        "8:13",
        "8:48",
        "9:18",
        "9:48",
        "10:18",
        "10:53",
        "11:14",
        "11:53",
        "12:14",
        "12:49",
        "13:14",
        "13:49",
        "14:14",
        "14:49",
        "15:14",
        "15:49",
        "16:12",
        "16:50",
        "17:12",
        "17:50",
        "18:12",
        "21:52"
    ],
    "holiday": [
        "8:13",
        "8:53",
        "9:13",
        "9:53",
        "10:13",
        "10:53",
        "11:13",
        "11:53",
        "12:13",
        "12:53",
        "13:14",
        "13:49",
        "14:14",
        "14:49",
        "15:14",
        "15:49",
        "16:14",
        "16:49",
        "17:14",
        "17:49",
        "18:15",
        "19:15",
        "22:09"
    ],
    "url": "https://www.kanachu.co.jp/dia/diagram/timetable01_js/course:0000803871-4/node:00126561/kt:0/lname:/"
}
