{
    "date": "2025/08/30",
    "name": "別所宮下",
    "position": "-",
    "system": "71",
    "destinations": [
        "普門院前",
        "水道橋下",
        "芹が谷山谷",
        "芹が谷",
        "せりぎんタウン",
        "芹が谷団地前",
        "永谷地区センター前",
        "平戸(横浜市港南区)",
        "下永谷(横浜市港南区)",
        "般若寺橋",
        "中永谷",
        "水田(横浜市港南区)",
        "日限地蔵入口",
        "上永谷中学校前",
        "島越",
        "上永谷住宅入口",
        "南高校前(横浜市港南区)",
        "月見ヶ丘団地前",
        "室ノ木(横浜市港南区)",
        "港南区総合庁舎前",
        "笹下港南中央通り",
        "関の下",
        "上大岡駅"
    ],
    "weekday": [
        "6:32",
        "6:47",
        "7:46",
        "7:57",
        "8:21",
        "8:51",
        "9:21",
        "9:51",
        "10:21",
        "11:16",
        "11:56",
        "12:16",
        "12:56",
        "13:16",
        "13:56",
        "14:16",
        "14:56",
        "15:16",
        "15:56",
        "16:16",
        "16:50",
        "17:14",
        "17:50",
        "18:14",
        "22:21"
    ],
    "saturday": [
        "7:57",
        "8:16",
        "8:51",
        "9:21",
        "9:51",
        "10:21",
        "10:56",
        "11:17",
        "11:56",
        "12:17",
        "12:52",
        "13:17",
        "13:52",
        "14:17",
        "14:52",
        "15:17",
        "15:52",
        "16:15",
        "16:53",
        "17:15",
        "17:53",
        "18:15",
        "21:54"
    ],
    "holiday": [
        "8:16",
        "8:56",
        "9:16",
        "9:56",
        "10:16",
        "10:56",
        "11:16",
        "11:56",
        "12:16",
        "12:56",
        "13:17",
        "13:52",
        "14:17",
        "14:52",
        "15:17",
        "15:52",
        "16:17",
        "16:52",
        "17:17",
        "17:52",
        "18:18",
        "19:18",
        "22:11"
    ],
    "url": "https://www.kanachu.co.jp/dia/diagram/timetable01_js/course:0000803871-6/node:00126563/kt:0/lname:/"
}
