{
    "date": "2025/08/30",
    "name": "水道橋下",
    "position": "-",
    "system": "71",
    "destinations": [
        "芹が谷山谷",
        "芹が谷",
        "せりぎんタウン",
        "芹が谷団地前",
        "永谷地区センター前",
        "平戸(横浜市港南区)",
        "下永谷(横浜市港南区)",
        "般若寺橋",
        "中永谷",
        "水田(横浜市港南区)",
        "日限地蔵入口",
        "上永谷中学校前",
        "島越",
        "上永谷住宅入口",
        "南高校前(横浜市港南区)",
        "月見ヶ丘団地前",
        "室ノ木(横浜市港南区)",
        "港南区総合庁舎前",
        "笹下港南中央通り",
        "関の下",
        "上大岡駅"
    ],
    "weekday": [
        "6:34",
        "6:49",
        "7:49",
        "8:00",
        "8:24",
        "8:54",
        "9:24",
        "9:54",
        "10:24",
        "11:19",
        "11:59",
        "12:19",
        "12:59",
        "13:19",
        "13:59",
        "14:19",
        "14:59",
        "15:19",
        "15:59",
        "16:19",
        "16:53",
        "17:17",
        "17:53",
        "18:17",
        "22:23"
    ],
    "saturday": [
        "7:59",
        "8:19",
        "8:54",
        "9:24",
        "9:54",
        "10:24",
        "10:59",
        "11:20",
        "11:59",
        "12:20",
        "12:55",
        "13:20",
        "13:55",
        "14:20",
        "14:55",
        "15:20",
        "15:55",
        "16:18",
        "16:56",
        "17:18",
        "17:56",
        "18:18",
        "21:56"
    ],
    "holiday": [
        "8:19",
        "8:59",
        "9:19",
        "9:59",
        "10:19",
        "10:59",
        "11:19",
        "11:59",
        "12:19",
        "12:59",
        "13:20",
        "13:55",
        "14:20",
        "14:55",
        "15:20",
        "15:55",
        "16:20",
        "16:55",
        "17:20",
        "17:55",
        "18:21",
        "19:21",
        "22:13"
    ],
    "url": "https://www.kanachu.co.jp/dia/diagram/timetable01_js/course:0000803871-8/node:00126565/kt:0/lname:/"
}
