{
    "date": "2025/08/30",
    "name": "芹が谷山谷",
    "position": "-",
    "system": "",
    "destinations": [
        "芹が谷",
        "せりぎんタウン",
        "芹が谷団地前",
        "永谷地区センター前",
        "平戸(横浜市港南区)",
        "下永谷(横浜市港南区)",
        "般若寺橋",
        "中永谷",
        "水田(横浜市港南区)",
        "日限地蔵入口",
        "上永谷中学校前",
        "島越",
        "上永谷住宅入口",
        "南高校前(横浜市港南区)",
        "月見ヶ丘団地前",
        "室ノ木(横浜市港南区)",
        "港南区総合庁舎前",
        "笹下港南中央通り",
        "関の下",
        "上大岡駅"
    ],
    "weekday": [
        "6:36",
        "6:51",
        "7:51",
        "8:02",
        "8:26",
        "8:56",
        "9:26",
        "9:56",
        "10:26",
        "11:21",
        "12:01",
        "12:21",
        "13:01",
        "13:21",
        "14:01",
        "14:21",
        "15:01",
        "15:21",
        "16:01",
        "16:21",
        "16:55",
        "17:19",
        "17:55",
        "18:19",
        "22:25"
    ],
    "saturday": [
        "8:01",
        "8:21",
        "8:56",
        "9:26",
        "9:56",
        "10:26",
        "11:01",
        "11:22",
        "12:01",
        "12:22",
        "12:57",
        "13:22",
        "13:57",
        "14:22",
        "14:57",
        "15:22",
        "15:57",
        "16:20",
        "16:58",
        "17:20",
        "17:58",
        "18:20",
        "21:58"
    ],
    "holiday": [
        "8:21",
        "9:01",
        "9:21",
        "10:01",
        "10:21",
        "11:01",
        "11:21",
        "12:01",
        "12:21",
        "13:01",
        "13:22",
        "13:57",
        "14:22",
        "14:57",
        "15:22",
        "15:57",
        "16:22",
        "16:57",
        "17:22",
        "17:57",
        "18:23",
        "19:23",
        "22:15"
    ],
    "url": "https://www.kanachu.co.jp/dia/diagram/timetable01_js/course:0000803871-9/node:00126566/kt:0/lname:/"
}
