{
    "date": "2025/08/30",
    "name": "芹が谷",
    "position": "-",
    "system": "71",
    "destinations": [
        "せりぎんタウン",
        "芹が谷団地前",
        "永谷地区センター前",
        "平戸(横浜市港南区)",
        "下永谷(横浜市港南区)",
        "般若寺橋",
        "中永谷",
        "水田(横浜市港南区)",
        "日限地蔵入口",
        "上永谷中学校前",
        "島越",
        "上永谷住宅入口",
        "南高校前(横浜市港南区)",
        "月見ヶ丘団地前",
        "室ノ木(横浜市港南区)",
        "港南区総合庁舎前",
        "笹下港南中央通り",
        "関の下",
        "上大岡駅"
    ],
    "weekday": [
        "6:38",
        "6:53",
        "7:53",
        "8:04",
        "8:28",
        "8:58",
        "9:28",
        "9:58",
        "10:28",
        "11:23",
        "12:03",
        "12:23",
        "13:03",
        "13:23",
        "14:03",
        "14:23",
        "15:03",
        "15:23",
        "16:03",
        "16:23",
        "16:57",
        "17:21",
        "17:57",
        "18:21",
        "22:27"
    ],
    "saturday": [
        "8:03",
        "8:23",
        "8:58",
        "9:28",
        "9:58",
        "10:28",
        "11:03",
        "11:24",
        "12:03",
        "12:24",
        "12:59",
        "13:24",
        "13:59",
        "14:24",
        "14:59",
        "15:24",
        "15:59",
        "16:22",
        "17:00",
        "17:22",
        "18:00",
        "18:22",
        "22:00"
    ],
    "holiday": [
        "8:23",
        "9:03",
        "9:23",
        "10:03",
        "10:23",
        "11:03",
        "11:23",
        "12:03",
        "12:23",
        "13:03",
        "13:24",
        "13:59",
        "14:24",
        "14:59",
        "15:24",
        "15:59",
        "16:24",
        "16:59",
        "17:24",
        "17:59",
        "18:25",
        "19:25",
        "22:17"
    ],
    "url": "https://www.kanachu.co.jp/dia/diagram/timetable01_js/course:0000803871-10/node:00126567/kt:0/lname:/"
}
