{
    "date": "2025/08/30",
    "name": "せりぎんタウン",
    "position": "-",
    "system": "",
    "destinations": [
        "芹が谷団地前",
        "永谷地区センター前",
        "平戸(横浜市港南区)",
        "下永谷(横浜市港南区)",
        "般若寺橋",
        "中永谷",
        "水田(横浜市港南区)",
        "日限地蔵入口",
        "上永谷中学校前",
        "島越",
        "上永谷住宅入口",
        "南高校前(横浜市港南区)",
        "月見ヶ丘団地前",
        "室ノ木(横浜市港南区)",
        "港南区総合庁舎前",
        "笹下港南中央通り",
        "関の下",
        "上大岡駅"
    ],
    "weekday": [
        "6:39",
        "6:54",
        "7:54",
        "8:05",
        "8:29",
        "8:59",
        "9:29",
        "9:59",
        "10:29",
        "11:24",
        "12:04",
        "12:24",
        "13:04",
        "13:24",
        "14:04",
        "14:24",
        "15:04",
        "15:24",
        "16:04",
        "16:24",
        "16:58",
        "17:22",
        "17:58",
        "18:22",
        "22:28"
    ],
    "saturday": [
        "8:04",
        "8:24",
        "8:59",
        "9:29",
        "9:59",
        "10:29",
        "11:04",
        "11:25",
        "12:04",
        "12:25",
        "13:00",
        "13:25",
        "14:00",
        "14:25",
        "15:00",
        "15:25",
        "16:00",
        "16:23",
        "17:01",
        "17:23",
        "18:01",
        "18:23",
        "22:01"
    ],
    "holiday": [
        "8:24",
        "9:04",
        "9:24",
        "10:04",
        "10:24",
        "11:04",
        "11:24",
        "12:04",
        "12:24",
        "13:04",
        "13:25",
        "14:00",
        "14:25",
        "15:00",
        "15:25",
        "16:00",
        "16:25",
        "17:00",
        "17:25",
        "18:00",
        "18:26",
        "19:26",
        "22:18"
    ],
    "url": "https://www.kanachu.co.jp/dia/diagram/timetable01_js/course:0000803871-11/node:00126568/kt:0/lname:/"
}
