{
    "date": "2025/08/30",
    "name": "水田(横浜市港南区)",
    "position": "-",
    "system": "",
    "destinations": [
        "日限地蔵入口",
        "上永谷中学校前",
        "島越",
        "上永谷住宅入口",
        "南高校前(横浜市港南区)",
        "月見ヶ丘団地前",
        "室ノ木(横浜市港南区)",
        "港南区総合庁舎前",
        "笹下港南中央通り",
        "関の下",
        "上大岡駅"
    ],
    "weekday": [
        "6:46",
        "7:01",
        "8:03",
        "8:14",
        "8:38",
        "9:08",
        "9:38",
        "10:08",
        "10:38",
        "11:33",
        "12:13",
        "12:33",
        "13:13",
        "13:33",
        "14:13",
        "14:33",
        "15:13",
        "15:33",
        "16:13",
        "16:33",
        "17:07",
        "17:31",
        "18:07",
        "18:31",
        "22:35"
    ],
    "saturday": [
        "8:13",
        "8:33",
        "9:08",
        "9:38",
        "10:08",
        "10:38",
        "11:13",
        "11:34",
        "12:13",
        "12:34",
        "13:09",
        "13:34",
        "14:09",
        "14:34",
        "15:09",
        "15:34",
        "16:09",
        "16:32",
        "17:10",
        "17:32",
        "18:10",
        "18:32",
        "22:08"
    ],
    "holiday": [
        "8:33",
        "9:13",
        "9:33",
        "10:13",
        "10:33",
        "11:13",
        "11:33",
        "12:13",
        "12:33",
        "13:13",
        "13:34",
        "14:09",
        "14:34",
        "15:09",
        "15:34",
        "16:09",
        "16:34",
        "17:09",
        "17:34",
        "18:09",
        "18:35",
        "19:34",
        "22:25"
    ],
    "url": "https://www.kanachu.co.jp/dia/diagram/timetable01_js/course:0000803871-18/node:00102646/kt:0/lname:/"
}
