{
    "date": "2025/08/30",
    "name": "島越",
    "position": "-",
    "system": "",
    "destinations": [
        "上永谷住宅入口",
        "南高校前(横浜市港南区)",
        "月見ヶ丘団地前",
        "室ノ木(横浜市港南区)",
        "港南区総合庁舎前",
        "笹下港南中央通り",
        "関の下",
        "上大岡駅"
    ],
    "weekday": [
        "6:50",
        "7:05",
        "8:08",
        "8:19",
        "8:43",
        "9:13",
        "9:43",
        "10:13",
        "10:43",
        "11:38",
        "12:18",
        "12:38",
        "13:18",
        "13:38",
        "14:18",
        "14:38",
        "15:18",
        "15:38",
        "16:18",
        "16:38",
        "17:12",
        "17:36",
        "18:12",
        "18:36",
        "22:39"
    ],
    "saturday": [
        "8:18",
        "8:38",
        "9:13",
        "9:43",
        "10:13",
        "10:43",
        "11:18",
        "11:39",
        "12:18",
        "12:39",
        "13:14",
        "13:39",
        "14:14",
        "14:39",
        "15:14",
        "15:39",
        "16:14",
        "16:37",
        "17:15",
        "17:37",
        "18:15",
        "18:37",
        "22:12"
    ],
    "holiday": [
        "8:38",
        "9:18",
        "9:38",
        "10:18",
        "10:38",
        "11:18",
        "11:38",
        "12:18",
        "12:38",
        "13:18",
        "13:39",
        "14:14",
        "14:39",
        "15:14",
        "15:39",
        "16:14",
        "16:39",
        "17:14",
        "17:39",
        "18:14",
        "18:40",
        "19:38",
        "22:29"
    ],
    "url": "https://www.kanachu.co.jp/dia/diagram/timetable01_js/course:0000803871-21/node:00126571/kt:0/lname:/"
}
