{
    "date": "2025/08/30",
    "name": "南高校前(横浜市港南区)",
    "position": "-",
    "system": "",
    "destinations": [
        "月見ヶ丘団地前",
        "室ノ木(横浜市港南区)",
        "港南区総合庁舎前",
        "笹下港南中央通り",
        "関の下",
        "上大岡駅"
    ],
    "weekday": [
        "6:52",
        "7:07",
        "8:10",
        "8:21",
        "8:45",
        "9:15",
        "9:45",
        "10:15",
        "10:45",
        "11:40",
        "12:20",
        "12:40",
        "13:20",
        "13:40",
        "14:20",
        "14:40",
        "15:20",
        "15:40",
        "16:20",
        "16:40",
        "17:14",
        "17:38",
        "18:14",
        "18:38",
        "22:41"
    ],
    "saturday": [
        "8:20",
        "8:40",
        "9:15",
        "9:45",
        "10:15",
        "10:45",
        "11:20",
        "11:41",
        "12:20",
        "12:41",
        "13:16",
        "13:41",
        "14:16",
        "14:41",
        "15:16",
        "15:41",
        "16:16",
        "16:39",
        "17:17",
        "17:39",
        "18:17",
        "18:39",
        "22:14"
    ],
    "holiday": [
        "8:40",
        "9:20",
        "9:40",
        "10:20",
        "10:40",
        "11:20",
        "11:40",
        "12:20",
        "12:40",
        "13:20",
        "13:41",
        "14:16",
        "14:41",
        "15:16",
        "15:41",
        "16:16",
        "16:41",
        "17:16",
        "17:41",
        "18:16",
        "18:42",
        "19:40",
        "22:31"
    ],
    "url": "https://www.kanachu.co.jp/dia/diagram/timetable01_js/course:0000803871-23/node:00113527/kt:0/lname:/"
}
