{
    "date": "2025/08/30",
    "name": "港南区総合庁舎前",
    "position": "-",
    "system": "",
    "destinations": [
        "笹下港南中央通り",
        "関の下",
        "上大岡駅"
    ],
    "weekday": [
        "6:57",
        "7:12",
        "8:15",
        "8:26",
        "8:50",
        "9:20",
        "9:50",
        "10:20",
        "10:50",
        "11:45",
        "12:25",
        "12:45",
        "13:25",
        "13:45",
        "14:25",
        "14:45",
        "15:25",
        "15:45",
        "16:25",
        "16:45",
        "17:19",
        "17:43",
        "18:19",
        "18:43",
        "22:45"
    ],
    "saturday": [
        "8:25",
        "8:45",
        "9:20",
        "9:50",
        "10:20",
        "10:50",
        "11:25",
        "11:46",
        "12:25",
        "12:46",
        "13:21",
        "13:46",
        "14:21",
        "14:46",
        "15:21",
        "15:46",
        "16:21",
        "16:44",
        "17:22",
        "17:44",
        "18:22",
        "18:44",
        "22:18"
    ],
    "holiday": [
        "8:45",
        "9:25",
        "9:45",
        "10:25",
        "10:45",
        "11:25",
        "11:45",
        "12:25",
        "12:45",
        "13:25",
        "13:46",
        "14:21",
        "14:46",
        "15:21",
        "15:46",
        "16:21",
        "16:46",
        "17:21",
        "17:46",
        "18:21",
        "18:47",
        "19:44",
        "22:35"
    ],
    "url": "https://www.kanachu.co.jp/dia/diagram/timetable01_js/course:0000803871-26/node:00102499/kt:0/lname:/"
}
