{
    "date": "2025/08/30",
    "name": "笹下港南中央通り",
    "position": "-",
    "system": "71",
    "destinations": [
        "関の下",
        "上大岡駅"
    ],
    "weekday": [
        "6:58",
        "7:13",
        "8:16",
        "8:27",
        "8:51",
        "9:21",
        "9:51",
        "10:21",
        "10:51",
        "11:46",
        "12:26",
        "12:46",
        "13:26",
        "13:46",
        "14:26",
        "14:46",
        "15:26",
        "15:46",
        "16:26",
        "16:46",
        "17:20",
        "17:44",
        "18:20",
        "18:44",
        "22:46"
    ],
    "saturday": [
        "8:26",
        "8:46",
        "9:21",
        "9:51",
        "10:21",
        "10:51",
        "11:26",
        "11:47",
        "12:26",
        "12:47",
        "13:22",
        "13:47",
        "14:22",
        "14:47",
        "15:22",
        "15:47",
        "16:22",
        "16:45",
        "17:23",
        "17:45",
        "18:23",
        "18:45",
        "22:19"
    ],
    "holiday": [
        "8:46",
        "9:26",
        "9:46",
        "10:26",
        "10:46",
        "11:26",
        "11:46",
        "12:26",
        "12:46",
        "13:26",
        "13:47",
        "14:22",
        "14:47",
        "15:22",
        "15:47",
        "16:22",
        "16:47",
        "17:22",
        "17:47",
        "18:22",
        "18:48",
        "19:45",
        "22:36"
    ],
    "url": "https://www.kanachu.co.jp/dia/diagram/timetable01_js/course:0000803871-27/node:00126558/kt:0/lname:/"
}
