{
    "date": "2020/11/24",
    "name": "田谷(横浜市栄区)",
    "position": "-",
    "system": "船21",
    "destinations": [
        "常勝寺(横浜市栄区)",
        "青少年センター前(横浜市栄区)",
        "千秀小学校前",
        "神社前(横浜市栄区)",
        "小雀",
        "庚申塚(横浜市戸塚区)",
        "原宿四ツ角",
        "横浜医療センター前",
        "三叉路(横浜市戸塚区)",
        "深谷(横浜市戸塚区)",
        "クラブ前(横浜市戸塚区)",
        "汲沢入口",
        "深谷小入口",
        "住宅前(横浜市泉区)",
        "通信隊前",
        "高砂苑前",
        "萩丸",
        "西原(横浜市泉区)",
        "立場ターミナル"
    ],
    "weekday": [
        "8:43",
        "9:27"
    ],
    "saturday": [],
    "holiday": [],
    "url": "https://www.kanachu.co.jp/dia/diagram/timetable01_js/course:0000800281-6/node:00126850/kt:0/lname:/"
}
