{
    "date": "2020/11/24",
    "name": "原宿四ツ角",
    "position": "-",
    "system": "船21",
    "destinations": [
        "横浜医療センター前",
        "三叉路(横浜市戸塚区)",
        "深谷(横浜市戸塚区)",
        "クラブ前(横浜市戸塚区)",
        "汲沢入口",
        "深谷小入口",
        "住宅前(横浜市泉区)",
        "通信隊前",
        "高砂苑前",
        "萩丸",
        "西原(横浜市泉区)",
        "立場ターミナル"
    ],
    "weekday": [
        "8:51",
        "9:35"
    ],
    "saturday": [],
    "holiday": [],
    "url": "https://www.kanachu.co.jp/dia/diagram/timetable01_js/course:0000800281-13/node:00126927/kt:0/lname:/"
}
