{
    "date": "2026/01/16",
    "name": "駒寄",
    "position": "-",
    "system": "辻34",
    "destinations": [
        "二番構保健医療センター",
        "ライフタウン中央(藤沢市)",
        "大庭小学校",
        "小糸",
        "南センター前(藤沢市)",
        "西高校前(藤沢市)",
        "有藤",
        "大庭隧道",
        "城南一丁目",
        "神台公園前",
        "辻堂駅北口"
    ],
    "weekday": [],
    "saturday": [
        "12:48",
        "13:08",
        "13:28",
        "13:48",
        "14:08",
        "14:28",
        "14:48",
        "15:28",
        "15:48",
        "16:28",
        "16:48",
        "17:28",
        "17:48",
        "18:28",
        "18:48",
        "19:46"
    ],
    "holiday": [],
    "url": "https://www.kanachu.co.jp/dia/diagram/timetable01_js/course:0000804108-8/node:00129945/kt:0/lname:/"
}
