{
    "date": "2026/01/16",
    "name": "二番構保健医療センター",
    "position": "-",
    "system": "辻34",
    "destinations": [
        "ライフタウン中央(藤沢市)",
        "大庭小学校",
        "小糸",
        "南センター前(藤沢市)",
        "西高校前(藤沢市)",
        "有藤",
        "大庭隧道",
        "城南一丁目",
        "神台公園前",
        "辻堂駅北口"
    ],
    "weekday": [],
    "saturday": [
        "12:49",
        "13:09",
        "13:29",
        "13:49",
        "14:09",
        "14:29",
        "14:49",
        "15:29",
        "15:49",
        "16:29",
        "16:49",
        "17:29",
        "17:49",
        "18:29",
        "18:49",
        "19:47"
    ],
    "holiday": [],
    "url": "https://www.kanachu.co.jp/dia/diagram/timetable01_js/course:0000804108-9/node:00129944/kt:0/lname:/"
}
