{
    "date": "2026/01/16",
    "name": "ライフタウン中央(藤沢市)",
    "position": "-",
    "system": "辻34",
    "destinations": [
        "大庭小学校",
        "小糸",
        "南センター前(藤沢市)",
        "西高校前(藤沢市)",
        "有藤",
        "大庭隧道",
        "城南一丁目",
        "神台公園前",
        "辻堂駅北口"
    ],
    "weekday": [],
    "saturday": [
        "12:50",
        "13:10",
        "13:30",
        "13:50",
        "14:10",
        "14:30",
        "14:50",
        "15:30",
        "15:50",
        "16:30",
        "16:50",
        "17:30",
        "17:50",
        "18:30",
        "18:50",
        "19:48"
    ],
    "holiday": [],
    "url": "https://www.kanachu.co.jp/dia/diagram/timetable01_js/course:0000804108-10/node:00129943/kt:0/lname:/"
}
