{
    "date": "2023/07/01",
    "name": "東真土",
    "position": "-",
    "system": "平15",
    "destinations": [
        "田村団地入口",
        "神田小学校前(平塚市)",
        "大神(新道/平塚市)",
        "ツインシティ大神",
        "戸田(新道/厚木市)",
        "酒井(新道/厚木市)",
        "岡田電話局前",
        "岡田一本杉(新道/厚木市)",
        "本厚木駅南口"
    ],
    "weekday": [
        "9:36",
        "10:36",
        "11:36",
        "12:36",
        "13:36",
        "14:36",
        "15:36",
        "16:39",
        "17:39",
        "18:39",
        "19:40"
    ],
    "saturday": [
        "9:36",
        "10:06",
        "10:36",
        "11:08",
        "11:36",
        "12:08",
        "12:36",
        "13:07",
        "13:36",
        "14:06",
        "14:36",
        "15:06",
        "15:36",
        "16:09",
        "16:39",
        "17:09",
        "17:39",
        "18:09",
        "18:39",
        "19:40"
    ],
    "holiday": [
        "9:36",
        "10:06",
        "10:36",
        "11:08",
        "11:36",
        "12:08",
        "12:36",
        "13:07",
        "13:36",
        "14:06",
        "14:36",
        "15:06",
        "15:36",
        "16:09",
        "16:39",
        "17:09",
        "17:39",
        "18:09",
        "18:39",
        "19:40"
    ],
    "url": "https://www.kanachu.co.jp/dia/diagram/timetable01_js/course:0000803316-2/node:00127628/kt:0/lname:/"
}
