{
    "date": "2023/07/01",
    "name": "ツインシティ大神",
    "position": "-",
    "system": "平15",
    "destinations": [
        "戸田(新道/厚木市)",
        "酒井(新道/厚木市)",
        "岡田電話局前",
        "岡田一本杉(新道/厚木市)",
        "本厚木駅南口"
    ],
    "weekday": [
        "9:52",
        "10:52",
        "11:52",
        "12:52",
        "13:52",
        "14:52",
        "15:52",
        "16:52",
        "17:52",
        "18:52",
        "19:52"
    ],
    "saturday": [
        "9:52",
        "10:22",
        "10:52",
        "11:24",
        "11:52",
        "12:24",
        "12:52",
        "13:23",
        "13:52",
        "14:22",
        "14:52",
        "15:22",
        "15:52",
        "16:22",
        "16:52",
        "17:22",
        "17:52",
        "18:22",
        "18:52",
        "19:52"
    ],
    "holiday": [
        "9:52",
        "10:22",
        "10:52",
        "11:24",
        "11:52",
        "12:24",
        "12:52",
        "13:23",
        "13:52",
        "14:22",
        "14:52",
        "15:22",
        "15:52",
        "16:22",
        "16:52",
        "17:22",
        "17:52",
        "18:22",
        "18:52",
        "19:52"
    ],
    "url": "https://www.kanachu.co.jp/dia/diagram/timetable01_js/course:0000803316-6/node:00130528/kt:0/lname:/"
}
