{
    "date": "2023/07/01",
    "name": "酒井(新道/厚木市)",
    "position": "-",
    "system": "平157",
    "destinations": [
        "岡田電話局前",
        "岡田一本杉(新道/厚木市)",
        "本厚木駅南口"
    ],
    "weekday": [
        "10:01",
        "11:01",
        "12:01",
        "13:01",
        "14:01",
        "15:01",
        "16:01",
        "16:59",
        "17:59",
        "18:59",
        "19:57"
    ],
    "saturday": [
        "10:01",
        "10:31",
        "11:01",
        "11:33",
        "12:01",
        "12:33",
        "13:01",
        "13:32",
        "14:01",
        "14:31",
        "15:01",
        "15:31",
        "16:01",
        "16:29",
        "16:59",
        "17:29",
        "17:59",
        "18:29",
        "18:59",
        "19:57"
    ],
    "holiday": [
        "10:01",
        "10:31",
        "11:01",
        "11:33",
        "12:01",
        "12:33",
        "13:01",
        "13:32",
        "14:01",
        "14:31",
        "15:01",
        "15:31",
        "16:01",
        "16:29",
        "16:59",
        "17:29",
        "17:59",
        "18:29",
        "18:59",
        "19:57"
    ],
    "url": "https://www.kanachu.co.jp/dia/diagram/timetable01_js/course:0000803316-8/node:00128625/kt:0/lname:/"
}
