{
    "date": "2025/05/11",
    "name": "六浦",
    "position": "-",
    "system": "金24",
    "destinations": [
        "大道小学校前",
        "大道(横浜市金沢区)",
        "西大道",
        "住宅前(横浜市金沢区)",
        "大道中学校前",
        "朝比奈",
        "相武隧道",
        "隧道東口",
        "横浜霊園前",
        "森の家前",
        "上郷(横浜市栄区)",
        "長倉町",
        "庄戸入口",
        "庄戸(横浜市栄区)",
        "中島(横浜市栄区)",
        "西ヶ谷入口",
        "西ヶ谷",
        "上郷ネオポリス"
    ],
    "weekday": [
        "8:10",
        "9:50",
        "13:47",
        "15:17",
        "16:47",
        "18:17",
        "19:47",
        "21:27"
    ],
    "saturday": [
        "9:10",
        "10:41",
        "12:23",
        "13:53",
        "15:13",
        "17:03",
        "18:33"
    ],
    "holiday": [
        "9:10",
        "10:41",
        "12:23",
        "13:53",
        "15:13",
        "17:03",
        "18:33"
    ],
    "url": "https://www.kanachu.co.jp/dia/diagram/timetable01_js/course:0000802820-5/node:00113599/kt:0/lname:/"
}
