{
    "date": "2025/05/11",
    "name": "大道(横浜市金沢区)",
    "position": "-",
    "system": "金24",
    "destinations": [
        "西大道",
        "住宅前(横浜市金沢区)",
        "大道中学校前",
        "朝比奈",
        "相武隧道",
        "隧道東口",
        "横浜霊園前",
        "森の家前",
        "上郷(横浜市栄区)",
        "長倉町",
        "庄戸入口",
        "庄戸(横浜市栄区)",
        "中島(横浜市栄区)",
        "西ヶ谷入口",
        "西ヶ谷",
        "上郷ネオポリス"
    ],
    "weekday": [
        "8:12",
        "9:53",
        "13:50",
        "15:20",
        "16:50",
        "18:20",
        "19:49",
        "21:29"
    ],
    "saturday": [
        "9:13",
        "10:44",
        "12:26",
        "13:56",
        "15:16",
        "17:06",
        "18:36"
    ],
    "holiday": [
        "9:13",
        "10:44",
        "12:26",
        "13:56",
        "15:16",
        "17:06",
        "18:36"
    ],
    "url": "https://www.kanachu.co.jp/dia/diagram/timetable01_js/course:0000802820-7/node:00113601/kt:0/lname:/"
}
