{
    "date": "2025/05/11",
    "name": "住宅前(横浜市金沢区)",
    "position": "-",
    "system": "金24",
    "destinations": [
        "大道中学校前",
        "朝比奈",
        "相武隧道",
        "隧道東口",
        "横浜霊園前",
        "森の家前",
        "上郷(横浜市栄区)",
        "長倉町",
        "庄戸入口",
        "庄戸(横浜市栄区)",
        "中島(横浜市栄区)",
        "西ヶ谷入口",
        "西ヶ谷",
        "上郷ネオポリス"
    ],
    "weekday": [
        "8:13",
        "9:55",
        "13:52",
        "15:22",
        "16:52",
        "18:22",
        "19:50",
        "21:30"
    ],
    "saturday": [
        "9:15",
        "10:46",
        "12:28",
        "13:58",
        "15:18",
        "17:08",
        "18:38"
    ],
    "holiday": [
        "9:15",
        "10:46",
        "12:28",
        "13:58",
        "15:18",
        "17:08",
        "18:38"
    ],
    "url": "https://www.kanachu.co.jp/dia/diagram/timetable01_js/course:0000802820-9/node:00113603/kt:0/lname:/"
}
