{
    "date": "2025/05/11",
    "name": "隧道東口",
    "position": "-",
    "system": "金24",
    "destinations": [
        "横浜霊園前",
        "森の家前",
        "上郷(横浜市栄区)",
        "長倉町",
        "庄戸入口",
        "庄戸(横浜市栄区)",
        "中島(横浜市栄区)",
        "西ヶ谷入口",
        "西ヶ谷",
        "上郷ネオポリス"
    ],
    "weekday": [
        "8:17",
        "10:00",
        "13:57",
        "15:27",
        "16:57",
        "18:27",
        "19:54",
        "21:34"
    ],
    "saturday": [
        "9:20",
        "10:52",
        "12:34",
        "14:04",
        "15:24",
        "17:14",
        "18:44"
    ],
    "holiday": [
        "9:20",
        "10:52",
        "12:34",
        "14:04",
        "15:24",
        "17:14",
        "18:44"
    ],
    "url": "https://www.kanachu.co.jp/dia/diagram/timetable01_js/course:0000802820-13/node:00126522/kt:0/lname:/"
}
