{
    "date": "2025/05/11",
    "name": "森の家前",
    "position": "-",
    "system": "金24",
    "destinations": [
        "上郷(横浜市栄区)",
        "長倉町",
        "庄戸入口",
        "庄戸(横浜市栄区)",
        "中島(横浜市栄区)",
        "西ヶ谷入口",
        "西ヶ谷",
        "上郷ネオポリス"
    ],
    "weekday": [
        "8:19",
        "10:02",
        "13:59",
        "15:29",
        "16:59",
        "18:29",
        "19:56",
        "21:36"
    ],
    "saturday": [
        "9:22",
        "10:54",
        "12:36",
        "14:06",
        "15:26",
        "17:16",
        "18:46"
    ],
    "holiday": [
        "9:22",
        "10:54",
        "12:36",
        "14:06",
        "15:26",
        "17:16",
        "18:46"
    ],
    "url": "https://www.kanachu.co.jp/dia/diagram/timetable01_js/course:0000802820-15/node:00126520/kt:0/lname:/"
}
