{
    "date": "2025/05/11",
    "name": "中島(横浜市栄区)",
    "position": "-",
    "system": "金24",
    "destinations": [
        "西ヶ谷入口",
        "西ヶ谷",
        "上郷ネオポリス"
    ],
    "weekday": [
        "8:25",
        "10:08",
        "14:05",
        "15:35",
        "17:05",
        "18:35",
        "20:02",
        "21:42"
    ],
    "saturday": [
        "9:28",
        "11:00",
        "12:42",
        "14:12",
        "15:32",
        "17:22",
        "18:52"
    ],
    "holiday": [
        "9:28",
        "11:00",
        "12:42",
        "14:12",
        "15:32",
        "17:22",
        "18:52"
    ],
    "url": "https://www.kanachu.co.jp/dia/diagram/timetable01_js/course:0000802820-20/node:00126516/kt:0/lname:/"
}
