{
    "date": "2026/01/16",
    "name": "大川橋(秦野市)",
    "position": "-",
    "system": "秦52",
    "destinations": [
        "上宿通り",
        "大道(秦野市)",
        "上大道",
        "宮前(秦野市)",
        "宮上(秦野市)",
        "榎木堂",
        "六反地",
        "田原入口",
        "高砂(秦野市)",
        "高砂車庫前"
    ],
    "weekday": [
        "7:37",
        "8:36",
        "9:08",
        "9:41",
        "11:06",
        "12:06",
        "14:01",
        "15:01",
        "20:16"
    ],
    "saturday": [
        "10:56",
        "11:26",
        "11:56",
        "12:56",
        "13:26",
        "15:26",
        "17:31"
    ],
    "holiday": [
        "10:56",
        "11:26",
        "11:56",
        "12:56",
        "13:26",
        "15:26",
        "17:31"
    ],
    "url": "https://www.kanachu.co.jp/dia/diagram/timetable01_js/course:0000804133-2/node:00127716/kt:0/lname:/"
}
