{
    "date": "2026/01/16",
    "name": "上大道",
    "position": "-",
    "system": "秦52",
    "destinations": [
        "宮前(秦野市)",
        "宮上(秦野市)",
        "榎木堂",
        "六反地",
        "田原入口",
        "高砂(秦野市)",
        "高砂車庫前"
    ],
    "weekday": [
        "7:41",
        "8:40",
        "9:12",
        "9:45",
        "11:10",
        "12:10",
        "14:05",
        "15:05",
        "20:20"
    ],
    "saturday": [
        "11:00",
        "11:30",
        "12:00",
        "13:00",
        "13:30",
        "15:30",
        "17:35"
    ],
    "holiday": [
        "11:00",
        "11:30",
        "12:00",
        "13:00",
        "13:30",
        "15:30",
        "17:35"
    ],
    "url": "https://www.kanachu.co.jp/dia/diagram/timetable01_js/course:0000804133-5/node:00127877/kt:0/lname:/"
}
