{
    "date": "2024/03/16",
    "name": "神奈中多摩車庫",
    "position": "-",
    "system": "橋80",
    "destinations": [
        "沼入口(町田市)",
        "御嶽堂",
        "片所",
        "坂本橋(町田市)",
        "田端(町田市)",
        "堂の前(町田市)",
        "三ツ目(町田市)",
        "久保ヶ谷戸",
        "寿橋",
        "寿町(相模原市緑区)",
        "旭農協前",
        "橋本駅北口"
    ],
    "weekday": [
        "5:20",
        "5:44",
        "6:06",
        "6:32",
        "7:08"
    ],
    "saturday": [
        "5:43",
        "7:07"
    ],
    "holiday": [
        "5:37",
        "6:55"
    ],
    "url": "https://www.kanachu.co.jp/dia/diagram/timetable01_js/course:0000803491-1/node:00130122/kt:0/lname:/"
}
