{
    "date": "2024/03/16",
    "name": "御嶽堂",
    "position": "-",
    "system": "橋80",
    "destinations": [
        "片所",
        "坂本橋(町田市)",
        "田端(町田市)",
        "堂の前(町田市)",
        "三ツ目(町田市)",
        "久保ヶ谷戸",
        "寿橋",
        "寿町(相模原市緑区)",
        "旭農協前",
        "橋本駅北口"
    ],
    "weekday": [
        "5:25",
        "5:49",
        "6:11",
        "6:37",
        "7:13"
    ],
    "saturday": [
        "5:48",
        "7:12"
    ],
    "holiday": [
        "5:42",
        "7:00"
    ],
    "url": "https://www.kanachu.co.jp/dia/diagram/timetable01_js/course:0000803491-3/node:00130092/kt:0/lname:/"
}
