{
    "date": "2024/03/16",
    "name": "片所",
    "position": "-",
    "system": "橋80",
    "destinations": [
        "坂本橋(町田市)",
        "田端(町田市)",
        "堂の前(町田市)",
        "三ツ目(町田市)",
        "久保ヶ谷戸",
        "寿橋",
        "寿町(相模原市緑区)",
        "旭農協前",
        "橋本駅北口"
    ],
    "weekday": [
        "5:26",
        "5:50",
        "6:12",
        "6:38",
        "7:14"
    ],
    "saturday": [
        "5:49",
        "7:13"
    ],
    "holiday": [
        "5:43",
        "7:01"
    ],
    "url": "https://www.kanachu.co.jp/dia/diagram/timetable01_js/course:0000803491-4/node:00130091/kt:0/lname:/"
}
