{
    "date": "2025/01/14",
    "name": "戸室住宅前",
    "position": "-",
    "system": "厚17",
    "destinations": [
        "戸室神社下",
        "戸室",
        "林(厚木市)",
        "穴口橋",
        "及川",
        "千頭",
        "上千頭",
        "ゴルフ場入口(厚木市)",
        "小鮎久保",
        "光福寺(厚木市)",
        "飯盛山",
        "宮の里入口",
        "宮の里東",
        "宮の里センター",
        "宮の里(厚木市)"
    ],
    "weekday": [
        "6:42",
        "7:17",
        "7:32",
        "8:00",
        "8:25",
        "17:10",
        "17:40",
        "18:10",
        "18:35",
        "19:08",
        "19:38",
        "20:08",
        "21:18",
        "22:08"
    ],
    "saturday": [
        "6:47",
        "8:08",
        "17:08",
        "18:08",
        "19:07",
        "20:07",
        "21:07"
    ],
    "holiday": [
        "6:47",
        "8:08",
        "17:08",
        "18:08",
        "19:07",
        "20:07",
        "21:07"
    ],
    "url": "https://www.kanachu.co.jp/dia/diagram/timetable01_js/course:0000803341-4/node:00128509/kt:0/lname:/"
}
