{
    "date": "2025/01/14",
    "name": "あつぎ大通り",
    "position": "-",
    "system": "厚25",
    "destinations": [
        "市役所入口(厚木市)",
        "合同庁舎前(厚木市)",
        "厚木高校前",
        "アステモ[Astemo]前〔旧:日立アステモ前〕",
        "アンリツ前",
        "緑ヶ丘入口(厚木市)",
        "緑ヶ丘一丁目(厚木市)",
        "緑ヶ丘中央(厚木市)",
        "緑ヶ丘小学校前(厚木市)",
        "緑ヶ丘(厚木市)",
        "緑ヶ丘三丁目(厚木市)"
    ],
    "weekday": [
        "8:41",
        "19:54",
        "20:24",
        "23:01"
    ],
    "saturday": [],
    "holiday": [
        "22:37"
    ],
    "url": "https://www.kanachu.co.jp/dia/diagram/timetable01_js/course:0000802956-3/node:00128257/kt:0/lname:/"
}
