{
    "date": "2025/01/14",
    "name": "アステモ[Astemo]前〔旧:日立アステモ前〕",
    "position": "-",
    "system": "厚25",
    "destinations": [
        "アンリツ前",
        "緑ヶ丘入口(厚木市)",
        "緑ヶ丘一丁目(厚木市)",
        "緑ヶ丘中央(厚木市)",
        "緑ヶ丘小学校前(厚木市)",
        "緑ヶ丘(厚木市)",
        "緑ヶ丘三丁目(厚木市)"
    ],
    "weekday": [
        "8:47",
        "19:59",
        "20:29",
        "23:06"
    ],
    "saturday": [],
    "holiday": [
        "22:42"
    ],
    "url": "https://www.kanachu.co.jp/dia/diagram/timetable01_js/course:0000802956-7/node:00128441/kt:0/lname:/"
}
