{
    "date": "2025/04/01",
    "name": "商工会議所前",
    "position": "-",
    "system": "平14",
    "destinations": [
        "教会前(平塚市)",
        "なぎさプロムナード",
        "高浜高校前",
        "第二公園",
        "稲荷山(平塚市)",
        "高浜台",
        "須賀西町",
        "札の辻(平塚市)",
        "須賀四ツ角",
        "新地(平塚市)",
        "長姫町",
        "明神前(平塚市)",
        "打越(平塚市)",
        "平塚駅南口"
    ],
    "weekday": [
        "9:09",
        "10:09",
        "11:09",
        "12:09",
        "13:09",
        "14:09",
        "15:09",
        "16:06",
        "16:36",
        "17:06",
        "17:37",
        "18:06",
        "18:37",
        "19:05",
        "19:37",
        "20:12",
        "20:36",
        "21:03",
        "21:27"
    ],
    "saturday": [
        "9:09",
        "10:09",
        "11:09",
        "12:09",
        "13:10",
        "14:10",
        "15:10",
        "16:06",
        "16:38",
        "17:06",
        "17:38",
        "18:09",
        "18:38",
        "19:08",
        "19:37",
        "20:07",
        "20:36",
        "21:06",
        "21:26"
    ],
    "holiday": [
        "9:09",
        "10:09",
        "11:09",
        "12:09",
        "13:10",
        "14:10",
        "15:10",
        "16:06",
        "16:38",
        "17:06",
        "17:38",
        "18:09",
        "18:38",
        "19:08",
        "19:37",
        "20:07",
        "20:36",
        "21:06",
        "21:26"
    ],
    "url": "https://www.kanachu.co.jp/dia/diagram/timetable01_js/course:0000803781-2/node:00127423/kt:0/lname:/"
}
