{
    "date": "2025/04/01",
    "name": "なぎさプロムナード",
    "position": "-",
    "system": "平14",
    "destinations": [
        "高浜高校前",
        "第二公園",
        "稲荷山(平塚市)",
        "高浜台",
        "須賀西町",
        "札の辻(平塚市)",
        "須賀四ツ角",
        "新地(平塚市)",
        "長姫町",
        "明神前(平塚市)",
        "打越(平塚市)",
        "平塚駅南口"
    ],
    "weekday": [
        "9:10",
        "10:10",
        "11:10",
        "12:10",
        "13:10",
        "14:10",
        "15:10",
        "16:07",
        "16:37",
        "17:07",
        "17:38",
        "18:07",
        "18:38",
        "19:06",
        "19:38",
        "20:13",
        "20:37",
        "21:04",
        "21:28"
    ],
    "saturday": [
        "9:10",
        "10:10",
        "11:10",
        "12:10",
        "13:11",
        "14:11",
        "15:11",
        "16:07",
        "16:39",
        "17:07",
        "17:39",
        "18:10",
        "18:39",
        "19:09",
        "19:38",
        "20:08",
        "20:37",
        "21:07",
        "21:27"
    ],
    "holiday": [
        "9:10",
        "10:10",
        "11:10",
        "12:10",
        "13:11",
        "14:11",
        "15:11",
        "16:07",
        "16:39",
        "17:07",
        "17:39",
        "18:10",
        "18:39",
        "19:09",
        "19:38",
        "20:08",
        "20:37",
        "21:07",
        "21:27"
    ],
    "url": "https://www.kanachu.co.jp/dia/diagram/timetable01_js/course:0000803781-4/node:00127425/kt:0/lname:/"
}
