{
    "date": "2025/04/01",
    "name": "第二公園",
    "position": "-",
    "system": "平14",
    "destinations": [
        "稲荷山(平塚市)",
        "高浜台",
        "須賀西町",
        "札の辻(平塚市)",
        "須賀四ツ角",
        "新地(平塚市)",
        "長姫町",
        "明神前(平塚市)",
        "打越(平塚市)",
        "平塚駅南口"
    ],
    "weekday": [
        "9:12",
        "10:12",
        "11:12",
        "12:12",
        "13:12",
        "14:12",
        "15:12",
        "16:09",
        "16:39",
        "17:09",
        "17:40",
        "18:09",
        "18:40",
        "19:08",
        "19:40",
        "20:15",
        "20:39",
        "21:06",
        "21:30"
    ],
    "saturday": [
        "9:12",
        "10:12",
        "11:12",
        "12:12",
        "13:13",
        "14:13",
        "15:13",
        "16:09",
        "16:41",
        "17:09",
        "17:41",
        "18:12",
        "18:41",
        "19:11",
        "19:40",
        "20:10",
        "20:39",
        "21:09",
        "21:29"
    ],
    "holiday": [
        "9:12",
        "10:12",
        "11:12",
        "12:12",
        "13:13",
        "14:13",
        "15:13",
        "16:09",
        "16:41",
        "17:09",
        "17:41",
        "18:12",
        "18:41",
        "19:11",
        "19:40",
        "20:10",
        "20:39",
        "21:09",
        "21:29"
    ],
    "url": "https://www.kanachu.co.jp/dia/diagram/timetable01_js/course:0000803781-6/node:00127437/kt:0/lname:/"
}
