{
    "date": "2025/04/01",
    "name": "新地(平塚市)",
    "position": "-",
    "system": "平14",
    "destinations": [
        "長姫町",
        "明神前(平塚市)",
        "打越(平塚市)",
        "平塚駅南口"
    ],
    "weekday": [
        "9:18",
        "10:18",
        "11:18",
        "12:18",
        "13:18",
        "14:18",
        "15:18",
        "16:15",
        "16:45",
        "17:14",
        "17:45",
        "18:14",
        "18:45",
        "19:13",
        "19:45",
        "20:20",
        "20:44",
        "21:11",
        "21:35"
    ],
    "saturday": [
        "9:18",
        "10:18",
        "11:18",
        "12:18",
        "13:19",
        "14:18",
        "15:18",
        "16:14",
        "16:46",
        "17:14",
        "17:46",
        "18:17",
        "18:46",
        "19:16",
        "19:45",
        "20:15",
        "20:44",
        "21:14",
        "21:34"
    ],
    "holiday": [
        "9:18",
        "10:18",
        "11:18",
        "12:18",
        "13:19",
        "14:18",
        "15:18",
        "16:14",
        "16:46",
        "17:14",
        "17:46",
        "18:17",
        "18:46",
        "19:16",
        "19:45",
        "20:15",
        "20:44",
        "21:14",
        "21:34"
    ],
    "url": "https://www.kanachu.co.jp/dia/diagram/timetable01_js/course:0000803781-12/node:00127431/kt:0/lname:/"
}
