{
    "date": "2025/04/01",
    "name": "明神前(平塚市)",
    "position": "-",
    "system": "平14",
    "destinations": [
        "打越(平塚市)",
        "平塚駅南口"
    ],
    "weekday": [
        "9:19",
        "10:19",
        "11:19",
        "12:19",
        "13:19",
        "14:19",
        "15:19",
        "16:16",
        "16:46",
        "17:15",
        "17:46",
        "18:15",
        "18:46",
        "19:14",
        "19:46",
        "20:21",
        "20:45",
        "21:12",
        "21:36"
    ],
    "saturday": [
        "9:19",
        "10:19",
        "11:19",
        "12:19",
        "13:20",
        "14:19",
        "15:19",
        "16:15",
        "16:47",
        "17:15",
        "17:47",
        "18:18",
        "18:47",
        "19:17",
        "19:46",
        "20:16",
        "20:45",
        "21:15",
        "21:35"
    ],
    "holiday": [
        "9:19",
        "10:19",
        "11:19",
        "12:19",
        "13:20",
        "14:19",
        "15:19",
        "16:15",
        "16:47",
        "17:15",
        "17:47",
        "18:18",
        "18:47",
        "19:17",
        "19:46",
        "20:16",
        "20:45",
        "21:15",
        "21:35"
    ],
    "url": "https://www.kanachu.co.jp/dia/diagram/timetable01_js/course:0000803781-14/node:00127428/kt:0/lname:/"
}
