{
    "date": "2025/04/19",
    "name": "団地入口(相模原市南区)",
    "position": "-",
    "system": "大53",
    "destinations": [
        "東通り(相模原市南区)",
        "大沼小学校前",
        "大沼",
        "オルガノ前",
        "大野台入口",
        "麻溝台入口",
        "麻溝台高校",
        "北里大学病院・北里大学"
    ],
    "weekday": [
        "10:29",
        "10:54",
        "11:29",
        "11:59",
        "12:19",
        "12:59",
        "13:59",
        "14:29",
        "15:24",
        "16:24",
        "16:54",
        "18:24",
        "18:47",
        "19:18",
        "19:48",
        "19:58",
        "20:48"
    ],
    "saturday": [
        "10:44",
        "12:39",
        "14:22",
        "15:22",
        "16:39",
        "18:39"
    ],
    "holiday": [
        "11:24",
        "12:39",
        "14:24",
        "15:24",
        "17:59",
        "18:59"
    ],
    "url": "https://www.kanachu.co.jp/dia/diagram/timetable01_js/course:0000801893-5/node:00129193/kt:0/lname:/"
}
