{
    "date": "2025/04/01",
    "name": "三ヶ木新宿",
    "position": "-",
    "system": "三55",
    "destinations": [
        "青山(相模原市緑区)",
        "津久井クリーンセンター前",
        "鮑子取入口",
        "地蔵前(相模原市緑区)",
        "橋野沢",
        "前戸",
        "牧馬入口",
        "梶野",
        "青野原",
        "上原(相模原市緑区)",
        "青和学園前",
        "青野原診療所前",
        "東開戸",
        "焼山登山口",
        "西野々(相模原市緑区)",
        "伏馬田入口",
        "夫婦園",
        "荒井(相模原市緑区)",
        "平丸",
        "橋津原",
        "青根公民館前",
        "東野(相模原市緑区)"
    ],
    "weekday": [
        "10:01",
        "14:56",
        "16:51"
    ],
    "saturday": [],
    "holiday": [],
    "url": "https://www.kanachu.co.jp/dia/diagram/timetable01_js/course:0000803767-3/node:00128752/kt:0/lname:/"
}
