{
    "date": "2025/04/01",
    "name": "上原(相模原市緑区)",
    "position": "-",
    "system": "三55",
    "destinations": [
        "青和学園前",
        "青野原診療所前",
        "東開戸",
        "焼山登山口",
        "西野々(相模原市緑区)",
        "伏馬田入口",
        "夫婦園",
        "荒井(相模原市緑区)",
        "平丸",
        "橋津原",
        "青根公民館前",
        "東野(相模原市緑区)"
    ],
    "weekday": [
        "10:12",
        "15:07",
        "17:02"
    ],
    "saturday": [],
    "holiday": [],
    "url": "https://www.kanachu.co.jp/dia/diagram/timetable01_js/course:0000803767-13/node:00128762/kt:0/lname:/"
}
