{
    "date": "2025/04/01",
    "name": "東開戸",
    "position": "-",
    "system": "三55",
    "destinations": [
        "焼山登山口",
        "西野々(相模原市緑区)",
        "伏馬田入口",
        "夫婦園",
        "荒井(相模原市緑区)",
        "平丸",
        "橋津原",
        "青根公民館前",
        "東野(相模原市緑区)"
    ],
    "weekday": [
        "10:15",
        "15:10",
        "17:05"
    ],
    "saturday": [],
    "holiday": [],
    "url": "https://www.kanachu.co.jp/dia/diagram/timetable01_js/course:0000803767-16/node:00128765/kt:0/lname:/"
}
