{
    "date": "2025/11/16",
    "name": "毛利台団地",
    "position": "-",
    "system": "愛20",
    "destinations": [
        "愛名入口",
        "上長谷(厚木市)",
        "毛利台南入口",
        "仲町(厚木市長谷)",
        "柳町(厚木市)",
        "依胡田",
        "仲田(厚木市)",
        "坊中(厚木市)",
        "愛甲石田駅"
    ],
    "weekday": [
        "6:20",
        "7:00",
        "7:30",
        "8:00",
        "8:30",
        "9:00",
        "10:00",
        "11:00",
        "12:00",
        "13:00",
        "14:00",
        "15:00",
        "16:00",
        "17:00",
        "18:00",
        "19:00",
        "20:00"
    ],
    "saturday": [
        "7:00",
        "8:00",
        "9:00",
        "10:00",
        "11:00",
        "12:00",
        "13:00",
        "14:00",
        "15:00",
        "16:00",
        "17:00",
        "18:00",
        "19:00",
        "20:00"
    ],
    "holiday": [
        "7:00",
        "8:00",
        "9:00",
        "10:00",
        "11:00",
        "12:00",
        "13:00",
        "14:00",
        "15:00",
        "16:00",
        "17:00",
        "18:00",
        "19:00",
        "20:00"
    ],
    "url": "https://www.kanachu.co.jp/dia/diagram/timetable01_js/course:0000800868-1/node:00128523/kt:0/lname:/"
}
