{
    "date": "2025/11/16",
    "name": "毛利台南入口",
    "position": "-",
    "system": "愛20",
    "destinations": [
        "仲町(厚木市長谷)",
        "柳町(厚木市)",
        "依胡田",
        "仲田(厚木市)",
        "坊中(厚木市)",
        "愛甲石田駅"
    ],
    "weekday": [
        "6:22",
        "7:02",
        "7:32",
        "8:02",
        "8:32",
        "9:02",
        "10:02",
        "11:02",
        "12:02",
        "13:02",
        "14:02",
        "15:02",
        "16:02",
        "17:02",
        "18:02",
        "19:02",
        "20:02"
    ],
    "saturday": [
        "7:02",
        "8:02",
        "9:02",
        "10:02",
        "11:02",
        "12:02",
        "13:02",
        "14:02",
        "15:02",
        "16:02",
        "17:02",
        "18:02",
        "19:02",
        "20:02"
    ],
    "holiday": [
        "7:02",
        "8:02",
        "9:02",
        "10:02",
        "11:02",
        "12:02",
        "13:02",
        "14:02",
        "15:02",
        "16:02",
        "17:02",
        "18:02",
        "19:02",
        "20:02"
    ],
    "url": "https://www.kanachu.co.jp/dia/diagram/timetable01_js/course:0000800868-4/node:00128659/kt:0/lname:/"
}
