{
    "date": "2026/01/16",
    "name": "立場駅",
    "position": "-",
    "system": "い12",
    "destinations": [
        "三ツ俣",
        "横浜泉郵便局前",
        "芝原(横浜市泉区)",
        "富士塚(横浜市泉区)",
        "泉警察署前",
        "いずみ野駅",
        "グリーンハイム前",
        "松陽高校前",
        "三家(横浜市泉区)",
        "早稲田(横浜市泉区)",
        "ひなた山第一",
        "ひなた山バザール前",
        "ひなた山第二",
        "下瀬谷坂上",
        "下瀬谷"
    ],
    "weekday": [
        "21:46",
        "22:59"
    ],
    "saturday": [
        "21:21",
        "22:21"
    ],
    "holiday": [
        "21:21",
        "22:21"
    ],
    "url": "https://www.kanachu.co.jp/dia/diagram/timetable01_js/course:0000803977-2/node:00126908/kt:0/lname:/"
}
