{
    "date": "2025/11/16",
    "name": "桜ヶ丘",
    "position": "-",
    "system": "平29",
    "destinations": [
        "上平塚",
        "神明下",
        "山下団地入口",
        "山下団地",
        "山下団地入口",
        "南河内(平塚市)",
        "勝原小学校前(平塚市)",
        "高村団地"
    ],
    "weekday": [
        "6:21",
        "6:53",
        "7:09",
        "7:30",
        "7:50",
        "7:58",
        "8:08",
        "8:25",
        "8:55",
        "9:53",
        "10:56",
        "11:56",
        "12:56",
        "13:56",
        "14:56",
        "15:46",
        "16:06",
        "16:46",
        "17:06",
        "17:35",
        "17:45",
        "18:00",
        "18:14",
        "18:24",
        "18:36",
        "18:48",
        "19:00",
        "19:15",
        "19:28",
        "19:43",
        "20:00",
        "20:15",
        "20:30",
        "20:50",
        "21:00",
        "21:30",
        "22:00",
        "22:30",
        "23:03",
        "23:42"
    ],
    "saturday": [
        "6:54",
        "7:24",
        "7:54",
        "8:54",
        "9:54",
        "10:54",
        "11:54",
        "12:54",
        "13:54",
        "14:54",
        "15:54",
        "16:54",
        "17:44",
        "18:04",
        "18:24",
        "18:44",
        "19:04",
        "19:24",
        "19:54",
        "20:24",
        "20:54",
        "21:24",
        "21:59",
        "22:29",
        "23:04"
    ],
    "holiday": [
        "6:54",
        "7:24",
        "7:54",
        "8:54",
        "9:54",
        "10:54",
        "11:54",
        "12:54",
        "13:54",
        "14:54",
        "15:54",
        "16:54",
        "17:44",
        "18:04",
        "18:24",
        "18:44",
        "19:04",
        "19:24",
        "19:54",
        "20:24",
        "20:54",
        "21:24",
        "21:59",
        "22:29",
        "23:04"
    ],
    "url": "https://www.kanachu.co.jp/dia/diagram/timetable01_js/course:0000803354-9/node:00127571/kt:0/lname:/"
}
