{
    "date": "2025/11/16",
    "name": "山下団地入口",
    "position": "-",
    "system": "平29",
    "destinations": [
        "南河内(平塚市)",
        "勝原小学校前(平塚市)",
        "高村団地"
    ],
    "weekday": [
        "6:27",
        "6:59",
        "7:15",
        "7:36",
        "7:56",
        "8:04",
        "8:14",
        "8:31",
        "9:01",
        "9:59",
        "11:02",
        "12:02",
        "13:02",
        "14:02",
        "15:02",
        "15:52",
        "16:12",
        "16:52",
        "17:12",
        "17:41",
        "17:51",
        "18:06",
        "18:20",
        "18:30",
        "18:42",
        "18:54",
        "19:06",
        "19:21",
        "19:34",
        "19:49",
        "20:06",
        "20:21",
        "20:36",
        "20:56",
        "21:06",
        "21:36",
        "22:06",
        "22:36",
        "23:09",
        "23:48"
    ],
    "saturday": [
        "7:00",
        "7:30",
        "8:00",
        "9:00",
        "10:00",
        "11:00",
        "12:00",
        "13:00",
        "14:00",
        "15:00",
        "16:00",
        "17:00",
        "17:50",
        "18:10",
        "18:30",
        "18:50",
        "19:10",
        "19:30",
        "20:00",
        "20:30",
        "21:00",
        "21:30",
        "22:05",
        "22:35",
        "23:10"
    ],
    "holiday": [
        "7:00",
        "7:30",
        "8:00",
        "9:00",
        "10:00",
        "11:00",
        "12:00",
        "13:00",
        "14:00",
        "15:00",
        "16:00",
        "17:00",
        "17:50",
        "18:10",
        "18:30",
        "18:50",
        "19:10",
        "19:30",
        "20:00",
        "20:30",
        "21:00",
        "21:30",
        "22:05",
        "22:35",
        "23:10"
    ],
    "url": "https://www.kanachu.co.jp/dia/diagram/timetable01_js/course:0000803354-14/node:00127574/kt:0/lname:/"
}
