{
    "date": "2025/11/16",
    "name": "南河内(平塚市)",
    "position": "-",
    "system": "平29",
    "destinations": [
        "勝原小学校前(平塚市)",
        "高村団地"
    ],
    "weekday": [
        "6:28",
        "7:00",
        "7:16",
        "7:37",
        "7:57",
        "8:05",
        "8:15",
        "8:32",
        "9:02",
        "10:00",
        "11:03",
        "12:03",
        "13:03",
        "14:03",
        "15:03",
        "15:53",
        "16:13",
        "16:53",
        "17:13",
        "17:42",
        "17:52",
        "18:07",
        "18:21",
        "18:31",
        "18:43",
        "18:55",
        "19:07",
        "19:22",
        "19:35",
        "19:50",
        "20:07",
        "20:22",
        "20:37",
        "20:57",
        "21:07",
        "21:37",
        "22:07",
        "22:37",
        "23:10",
        "23:49"
    ],
    "saturday": [
        "7:01",
        "7:31",
        "8:01",
        "9:01",
        "10:01",
        "11:01",
        "12:01",
        "13:01",
        "14:01",
        "15:01",
        "16:01",
        "17:01",
        "17:51",
        "18:11",
        "18:31",
        "18:51",
        "19:11",
        "19:31",
        "20:01",
        "20:31",
        "21:01",
        "21:31",
        "22:06",
        "22:36",
        "23:11"
    ],
    "holiday": [
        "7:01",
        "7:31",
        "8:01",
        "9:01",
        "10:01",
        "11:01",
        "12:01",
        "13:01",
        "14:01",
        "15:01",
        "16:01",
        "17:01",
        "17:51",
        "18:11",
        "18:31",
        "18:51",
        "19:11",
        "19:31",
        "20:01",
        "20:31",
        "21:01",
        "21:31",
        "22:06",
        "22:36",
        "23:11"
    ],
    "url": "https://www.kanachu.co.jp/dia/diagram/timetable01_js/course:0000803354-15/node:00127576/kt:0/lname:/"
}
