{
    "system": "平29",
    "busstops": [
        {
            "index": "1",
            "id": "00127464",
            "name": "平塚駅北口",
            "lat": "35.328931",
            "lng": "139.351159"
        },
        {
            "index": "2",
            "id": "00127465",
            "name": "銀座通り(平塚市)",
            "lat": "35.329601",
            "lng": "139.348024"
        },
        {
            "index": "3",
            "id": "00127466",
            "name": "平塚文化芸術ホール前",
            "lat": "35.328853",
            "lng": "139.344531"
        },
        {
            "index": "4",
            "id": "00127467",
            "name": "八間通り",
            "lat": "35.327918",
            "lng": "139.340189"
        },
        {
            "index": "5",
            "id": "00127468",
            "name": "豊田道",
            "lat": "35.327492",
            "lng": "139.338433"
        },
        {
            "index": "6",
            "id": "00127469",
            "name": "柳町(平塚市)",
            "lat": "35.326218",
            "lng": "139.334583"
        },
        {
            "index": "7",
            "id": "00127470",
            "name": "古花水",
            "lat": "35.325518",
            "lng": "139.332584"
        },
        {
            "index": "8",
            "id": "00127570",
            "name": "桜ヶ丘公園(平塚市)",
            "lat": "35.328551",
            "lng": "139.328551"
        },
        {
            "index": "9",
            "id": "00127571",
            "name": "桜ヶ丘",
            "lat": "35.329595",
            "lng": "139.327904"
        },
        {
            "index": "10",
            "id": "00127572",
            "name": "上平塚",
            "lat": "35.333643",
            "lng": "139.324335"
        },
        {
            "index": "11",
            "id": "00127573",
            "name": "神明下",
            "lat": "35.335266",
            "lng": "139.317418"
        },
        {
            "index": "12",
            "id": "00127574",
            "name": "山下団地入口",
            "lat": "35.334743",
            "lng": "139.314671"
        },
        {
            "index": "13",
            "id": "00127575",
            "name": "山下団地",
            "lat": "35.332067",
            "lng": "139.316151"
        },
        {
            "index": "14",
            "id": "00127574",
            "name": "山下団地入口",
            "lat": "35.335268",
            "lng": "139.314027"
        },
        {
            "index": "15",
            "id": "00127576",
            "name": "南河内(平塚市)",
            "lat": "35.335503",
            "lng": "139.311639"
        },
        {
            "index": "16",
            "id": "00127577",
            "name": "勝原小学校前(平塚市)",
            "lat": "35.334324",
            "lng": "139.307331"
        },
        {
            "index": "17",
            "id": "00127578",
            "name": "高村団地",
            "lat": "35.332755",
            "lng": "139.308063"
        }
    ],
    "route_url": "https://www.kanachu.co.jp/dia/route/index/cid:0000803354/"
}
