{
    "date": "2025/01/14",
    "name": "細谷戸第1",
    "position": "-",
    "system": "瀬31",
    "destinations": [
        "東台(横浜市瀬谷区)",
        "幼稚園前(横浜市瀬谷区)",
        "相沢",
        "瀬谷駅"
    ],
    "weekday": [
        "6:07",
        "6:29",
        "6:42",
        "7:04",
        "7:17",
        "7:35",
        "7:52",
        "8:07",
        "8:32",
        "9:03",
        "9:17",
        "9:32",
        "9:49",
        "10:30",
        "10:51",
        "11:01",
        "11:31",
        "11:46",
        "12:19",
        "12:49",
        "13:04",
        "13:32",
        "14:19",
        "14:49",
        "15:14",
        "15:49",
        "16:14",
        "16:34",
        "16:54",
        "17:14",
        "17:34",
        "17:54",
        "18:14",
        "18:29",
        "18:44",
        "19:14",
        "19:44",
        "20:12",
        "20:42",
        "21:12",
        "21:42",
        "22:12",
        "22:42"
    ],
    "saturday": [
        "6:05",
        "6:37",
        "7:09",
        "7:41",
        "8:13",
        "8:45",
        "9:07",
        "9:27",
        "9:47",
        "10:07",
        "10:27",
        "10:47",
        "11:06",
        "11:38",
        "12:10",
        "12:42",
        "13:14",
        "13:46",
        "14:18",
        "14:50",
        "15:22",
        "15:54",
        "16:26",
        "16:58",
        "17:30",
        "18:02",
        "18:34",
        "19:06",
        "19:38",
        "20:08",
        "20:40",
        "21:12",
        "21:44"
    ],
    "holiday": [
        "6:05",
        "6:37",
        "7:09",
        "7:41",
        "8:13",
        "8:45",
        "9:07",
        "9:27",
        "9:47",
        "10:07",
        "10:27",
        "10:47",
        "11:06",
        "11:38",
        "12:10",
        "12:42",
        "13:14",
        "13:46",
        "14:18",
        "14:50",
        "15:22",
        "15:54",
        "16:26",
        "16:58",
        "17:30",
        "18:02",
        "18:34",
        "19:06",
        "19:38",
        "20:08",
        "20:40",
        "21:12",
        "21:44"
    ],
    "url": "https://www.kanachu.co.jp/dia/diagram/timetable01_js/course:0000800230-5/node:00129787/kt:0/lname:/"
}
