{
    "date": "2025/02/03",
    "name": "岡田(新道/厚木市)",
    "position": "-",
    "system": "厚10",
    "destinations": [
        "岡田一本杉(新道/厚木市)",
        "本厚木駅東口",
        "厚木バスセンター"
    ],
    "weekday": [
        "8:20",
        "8:35",
        "9:00",
        "9:47",
        "10:17"
    ],
    "saturday": [],
    "holiday": [],
    "url": "https://www.kanachu.co.jp/dia/diagram/timetable01_js/course:0000801443-3/node:00128633/kt:0/lname:/"
}
