{
    "date": "2021/04/01",
    "name": "河原橋(相模原市緑区)",
    "position": "-",
    "system": "橋06",
    "destinations": [
        "小倉(相模原市緑区)",
        "小倉橋(相模原市緑区)",
        "久保沢",
        "城山総合事務所入口",
        "原宿(相模原市緑区)",
        "東原宿",
        "森の上",
        "二本松(相模原市緑区)",
        "相原中央",
        "相原台",
        "大西(相模原市緑区)",
        "上町(相模原市緑区)",
        "緑区合同庁舎前(相模原市緑区)",
        "橋本二丁目",
        "橋本駅南口"
    ],
    "weekday": [
        "6:09",
        "11:34",
        "13:34",
        "17:44"
    ],
    "saturday": [
        "7:54",
        "12:54",
        "16:49"
    ],
    "holiday": [
        "7:54",
        "12:54",
        "16:49"
    ],
    "url": "https://www.kanachu.co.jp/dia/diagram/timetable01_js/course:0000803047-13/node:00128981/kt:0/lname:/"
}
