{
    "date": "2021/04/01",
    "name": "相原台",
    "position": "-",
    "system": "橋06",
    "destinations": [
        "大西(相模原市緑区)",
        "上町(相模原市緑区)",
        "緑区合同庁舎前(相模原市緑区)",
        "橋本二丁目",
        "橋本駅南口"
    ],
    "weekday": [
        "6:21",
        "11:46",
        "13:46",
        "17:56"
    ],
    "saturday": [
        "8:06",
        "13:06",
        "17:01"
    ],
    "holiday": [
        "8:06",
        "13:06",
        "17:01"
    ],
    "url": "https://www.kanachu.co.jp/dia/diagram/timetable01_js/course:0000803047-23/node:00128966/kt:0/lname:/"
}
