{
    "date": "2025/07/27",
    "name": "舟道",
    "position": "-",
    "system": "秦55",
    "destinations": [
        "中舟道",
        "下舟道",
        "土橋(秦野市)",
        "宮の上(秦野市)",
        "保健福祉センター前(秦野市)",
        "平沢(秦野市清水町)",
        "上今川町",
        "桜橋入口",
        "今川町",
        "今泉(秦野市)",
        "秦野駅"
    ],
    "weekday": [
        "6:07",
        "6:27",
        "6:47",
        "7:07",
        "7:27",
        "7:49",
        "8:07",
        "8:32",
        "9:17",
        "10:02",
        "10:42",
        "11:17",
        "12:02",
        "12:42",
        "13:02",
        "13:47",
        "14:34",
        "15:17",
        "15:57",
        "16:40",
        "17:22",
        "17:44",
        "18:08",
        "18:32",
        "18:59",
        "20:00",
        "20:37"
    ],
    "saturday": [
        "7:12",
        "7:57",
        "8:42",
        "9:35",
        "10:36",
        "11:35",
        "12:34",
        "13:34",
        "14:34",
        "15:35",
        "16:35",
        "17:35",
        "18:24"
    ],
    "holiday": [
        "7:12",
        "7:57",
        "8:42",
        "9:35",
        "10:36",
        "11:35",
        "12:34",
        "13:34",
        "14:34",
        "15:35",
        "16:35",
        "17:35",
        "18:24"
    ],
    "url": "https://www.kanachu.co.jp/dia/diagram/timetable01_js/course:0000803779-3/node:00130141/kt:0/lname:/"
}
