{
    "date": "2025/07/27",
    "name": "上今川町",
    "position": "-",
    "system": "秦55",
    "destinations": [
        "桜橋入口",
        "今川町",
        "今泉(秦野市)",
        "秦野駅"
    ],
    "weekday": [
        "6:15",
        "6:35",
        "6:55",
        "7:15",
        "7:35",
        "7:57",
        "8:15",
        "8:40",
        "9:25",
        "10:10",
        "10:50",
        "11:25",
        "12:10",
        "12:50",
        "13:10",
        "13:55",
        "14:42",
        "15:25",
        "16:05",
        "16:48",
        "17:30",
        "17:52",
        "18:16",
        "18:40",
        "19:07",
        "20:08",
        "20:45"
    ],
    "saturday": [
        "7:20",
        "8:05",
        "8:50",
        "9:43",
        "10:44",
        "11:43",
        "12:42",
        "13:42",
        "14:42",
        "15:43",
        "16:43",
        "17:43",
        "18:32"
    ],
    "holiday": [
        "7:20",
        "8:05",
        "8:50",
        "9:43",
        "10:44",
        "11:43",
        "12:42",
        "13:42",
        "14:42",
        "15:43",
        "16:43",
        "17:43",
        "18:32"
    ],
    "url": "https://www.kanachu.co.jp/dia/diagram/timetable01_js/course:0000803779-10/node:00130136/kt:0/lname:/"
}
