{
    "date": "2025/07/27",
    "name": "今川町",
    "position": "-",
    "system": "秦55",
    "destinations": [
        "今泉(秦野市)",
        "秦野駅"
    ],
    "weekday": [
        "6:17",
        "6:37",
        "6:57",
        "7:17",
        "7:37",
        "7:59",
        "8:17",
        "8:42",
        "9:27",
        "10:12",
        "10:52",
        "11:27",
        "12:12",
        "12:52",
        "13:12",
        "13:57",
        "14:44",
        "15:27",
        "16:07",
        "16:50",
        "17:32",
        "17:54",
        "18:18",
        "18:42",
        "19:09",
        "20:10",
        "20:47"
    ],
    "saturday": [
        "7:22",
        "8:07",
        "8:52",
        "9:45",
        "10:46",
        "11:45",
        "12:44",
        "13:44",
        "14:44",
        "15:45",
        "16:45",
        "17:45",
        "18:34"
    ],
    "holiday": [
        "7:22",
        "8:07",
        "8:52",
        "9:45",
        "10:46",
        "11:45",
        "12:44",
        "13:44",
        "14:44",
        "15:45",
        "16:45",
        "17:45",
        "18:34"
    ],
    "url": "https://www.kanachu.co.jp/dia/diagram/timetable01_js/course:0000803779-12/node:00130134/kt:0/lname:/"
}
