{
    "date": "2025/01/14",
    "name": "愛川町役場",
    "position": "-",
    "system": "厚66",
    "destinations": [
        "箕輪(愛甲郡愛川町)",
        "東中学校前(愛甲郡愛川町)",
        "中津(愛甲郡愛川町)",
        "局前(愛甲郡愛川町)",
        "一本松(愛甲郡愛川町)",
        "運輸支局入口(愛甲郡愛川町)",
        "桜台(愛甲郡愛川町)",
        "坂本(愛甲郡愛川町)",
        "下川入",
        "才戸橋",
        "上三田",
        "十軒村",
        "睦合北公民館前",
        "清源院前",
        "山王坂下(厚木市)",
        "山王坂上",
        "宿原入口",
        "糀屋前(厚木市)",
        "松蓮寺",
        "妻田薬師",
        "中村入口(厚木市)",
        "妻田",
        "三家入口(厚木市)",
        "木売場",
        "市立病院前(厚木市)",
        "税務署入口(厚木市)",
        "市役所入口(厚木市)",
        "本厚木駅",
        "厚木バスセンター"
    ],
    "weekday": [
        "6:00",
        "6:30",
        "7:00",
        "7:20",
        "7:45",
        "8:20",
        "9:05",
        "9:53",
        "10:40",
        "11:40",
        "12:40",
        "13:40",
        "14:40",
        "15:40",
        "16:42",
        "17:45",
        "18:45",
        "19:45",
        "20:27"
    ],
    "saturday": [
        "6:00",
        "6:40",
        "7:10",
        "7:45",
        "8:20",
        "9:05",
        "10:05",
        "11:05",
        "12:05",
        "13:05",
        "14:05",
        "15:05",
        "16:05",
        "17:05",
        "18:05",
        "18:45",
        "19:25"
    ],
    "holiday": [
        "6:05",
        "7:05",
        "8:05",
        "9:05",
        "10:05",
        "11:05",
        "12:05",
        "13:05",
        "14:05",
        "15:05",
        "16:05",
        "17:05",
        "18:05"
    ],
    "url": "https://www.kanachu.co.jp/dia/diagram/timetable01_js/course:0000801848-2/node:00128520/kt:0/lname:/"
}
