{
    "date": "2025/01/14",
    "name": "才戸橋",
    "position": "-",
    "system": "厚66",
    "destinations": [
        "上三田",
        "十軒村",
        "睦合北公民館前",
        "清源院前",
        "山王坂下(厚木市)",
        "山王坂上",
        "宿原入口",
        "糀屋前(厚木市)",
        "松蓮寺",
        "妻田薬師",
        "中村入口(厚木市)",
        "妻田",
        "三家入口(厚木市)",
        "木売場",
        "市立病院前(厚木市)",
        "税務署入口(厚木市)",
        "市役所入口(厚木市)",
        "本厚木駅",
        "厚木バスセンター"
    ],
    "weekday": [
        "6:12",
        "6:42",
        "7:12",
        "7:33",
        "7:59",
        "8:34",
        "9:17",
        "10:05",
        "10:52",
        "11:52",
        "12:52",
        "13:52",
        "14:52",
        "15:52",
        "16:56",
        "17:59",
        "18:59",
        "19:57",
        "20:39"
    ],
    "saturday": [
        "6:11",
        "6:51",
        "7:21",
        "7:56",
        "8:31",
        "9:16",
        "10:16",
        "11:16",
        "12:16",
        "13:16",
        "14:16",
        "15:16",
        "16:16",
        "17:16",
        "18:16",
        "18:56",
        "19:36"
    ],
    "holiday": [
        "6:16",
        "7:16",
        "8:16",
        "9:16",
        "10:16",
        "11:16",
        "12:16",
        "13:16",
        "14:16",
        "15:16",
        "16:16",
        "17:16",
        "18:16"
    ],
    "url": "https://www.kanachu.co.jp/dia/diagram/timetable01_js/course:0000801848-12/node:00128318/kt:0/lname:/"
}
