{
    "date": "2025/01/14",
    "name": "上三田",
    "position": "-",
    "system": "厚66",
    "destinations": [
        "十軒村",
        "睦合北公民館前",
        "清源院前",
        "山王坂下(厚木市)",
        "山王坂上",
        "宿原入口",
        "糀屋前(厚木市)",
        "松蓮寺",
        "妻田薬師",
        "中村入口(厚木市)",
        "妻田",
        "三家入口(厚木市)",
        "木売場",
        "市立病院前(厚木市)",
        "税務署入口(厚木市)",
        "市役所入口(厚木市)",
        "本厚木駅",
        "厚木バスセンター"
    ],
    "weekday": [
        "6:15",
        "6:45",
        "7:15",
        "7:36",
        "8:02",
        "8:37",
        "9:20",
        "10:08",
        "10:55",
        "11:55",
        "12:55",
        "13:55",
        "14:55",
        "15:55",
        "16:59",
        "18:02",
        "19:02",
        "20:00",
        "20:42"
    ],
    "saturday": [
        "6:14",
        "6:54",
        "7:24",
        "7:59",
        "8:34",
        "9:19",
        "10:19",
        "11:19",
        "12:19",
        "13:19",
        "14:19",
        "15:19",
        "16:19",
        "17:19",
        "18:19",
        "18:59",
        "19:39"
    ],
    "holiday": [
        "6:19",
        "7:19",
        "8:19",
        "9:19",
        "10:19",
        "11:19",
        "12:19",
        "13:19",
        "14:19",
        "15:19",
        "16:19",
        "17:19",
        "18:19"
    ],
    "url": "https://www.kanachu.co.jp/dia/diagram/timetable01_js/course:0000801848-13/node:00128317/kt:0/lname:/"
}
