{
    "date": "2025/01/14",
    "name": "山王坂下(厚木市)",
    "position": "-",
    "system": "厚66",
    "destinations": [
        "山王坂上",
        "宿原入口",
        "糀屋前(厚木市)",
        "松蓮寺",
        "妻田薬師",
        "中村入口(厚木市)",
        "妻田",
        "三家入口(厚木市)",
        "木売場",
        "市立病院前(厚木市)",
        "税務署入口(厚木市)",
        "市役所入口(厚木市)",
        "本厚木駅",
        "厚木バスセンター"
    ],
    "weekday": [
        "6:19",
        "6:49",
        "7:19",
        "7:41",
        "8:07",
        "8:42",
        "9:24",
        "10:12",
        "10:59",
        "11:59",
        "12:59",
        "13:59",
        "14:59",
        "15:59",
        "17:04",
        "18:07",
        "19:06",
        "20:04",
        "20:46"
    ],
    "saturday": [
        "6:17",
        "6:57",
        "7:27",
        "8:02",
        "8:37",
        "9:22",
        "10:22",
        "11:22",
        "12:22",
        "13:22",
        "14:22",
        "15:22",
        "16:22",
        "17:22",
        "18:22",
        "19:02",
        "19:42"
    ],
    "holiday": [
        "6:22",
        "7:22",
        "8:22",
        "9:22",
        "10:22",
        "11:22",
        "12:22",
        "13:22",
        "14:22",
        "15:22",
        "16:22",
        "17:22",
        "18:22"
    ],
    "url": "https://www.kanachu.co.jp/dia/diagram/timetable01_js/course:0000801848-17/node:00128313/kt:0/lname:/"
}
