{
    "date": "2025/01/14",
    "name": "松蓮寺",
    "position": "-",
    "system": "厚66",
    "destinations": [
        "妻田薬師",
        "中村入口(厚木市)",
        "妻田",
        "三家入口(厚木市)",
        "木売場",
        "市立病院前(厚木市)",
        "税務署入口(厚木市)",
        "市役所入口(厚木市)",
        "本厚木駅",
        "厚木バスセンター"
    ],
    "weekday": [
        "6:25",
        "6:55",
        "7:25",
        "7:47",
        "8:13",
        "8:48",
        "9:30",
        "10:18",
        "11:05",
        "12:05",
        "13:05",
        "14:05",
        "15:05",
        "16:05",
        "17:10",
        "18:13",
        "19:12",
        "20:10",
        "20:52"
    ],
    "saturday": [
        "6:23",
        "7:03",
        "7:33",
        "8:08",
        "8:43",
        "9:28",
        "10:28",
        "11:28",
        "12:28",
        "13:28",
        "14:28",
        "15:28",
        "16:28",
        "17:28",
        "18:28",
        "19:08",
        "19:48"
    ],
    "holiday": [
        "6:28",
        "7:28",
        "8:28",
        "9:28",
        "10:28",
        "11:28",
        "12:28",
        "13:28",
        "14:28",
        "15:28",
        "16:28",
        "17:28",
        "18:28"
    ],
    "url": "https://www.kanachu.co.jp/dia/diagram/timetable01_js/course:0000801848-21/node:00128265/kt:0/lname:/"
}
