{
    "date": "2025/01/14",
    "name": "妻田",
    "position": "-",
    "system": "厚66",
    "destinations": [
        "三家入口(厚木市)",
        "木売場",
        "市立病院前(厚木市)",
        "税務署入口(厚木市)",
        "市役所入口(厚木市)",
        "本厚木駅",
        "厚木バスセンター"
    ],
    "weekday": [
        "6:30",
        "7:00",
        "7:30",
        "7:54",
        "8:20",
        "8:55",
        "9:37",
        "10:25",
        "11:12",
        "12:12",
        "13:12",
        "14:12",
        "15:12",
        "16:12",
        "17:17",
        "18:20",
        "19:17",
        "20:15",
        "20:57"
    ],
    "saturday": [
        "6:26",
        "7:06",
        "7:38",
        "8:13",
        "8:48",
        "9:34",
        "10:34",
        "11:34",
        "12:34",
        "13:34",
        "14:34",
        "15:36",
        "16:36",
        "17:36",
        "18:36",
        "19:13",
        "19:53"
    ],
    "holiday": [
        "6:31",
        "7:31",
        "8:32",
        "9:32",
        "10:34",
        "11:34",
        "12:34",
        "13:34",
        "14:34",
        "15:36",
        "16:36",
        "17:36",
        "18:36"
    ],
    "url": "https://www.kanachu.co.jp/dia/diagram/timetable01_js/course:0000801848-24/node:00128262/kt:0/lname:/"
}
