{
    "date": "2025/01/14",
    "name": "市立病院前(厚木市)",
    "position": "-",
    "system": "厚66",
    "destinations": [
        "税務署入口(厚木市)",
        "市役所入口(厚木市)",
        "本厚木駅",
        "厚木バスセンター"
    ],
    "weekday": [
        "6:34",
        "7:04",
        "7:35",
        "8:00",
        "8:26",
        "9:01",
        "9:41",
        "10:29",
        "11:16",
        "12:16",
        "13:16",
        "14:16",
        "15:16",
        "16:17",
        "17:22",
        "18:25",
        "19:20",
        "20:18",
        "21:00"
    ],
    "saturday": [
        "6:29",
        "7:09",
        "7:42",
        "8:17",
        "8:52",
        "9:39",
        "10:39",
        "11:39",
        "12:39",
        "13:39",
        "14:39",
        "15:40",
        "16:40",
        "17:40",
        "18:40",
        "19:16",
        "19:56"
    ],
    "holiday": [
        "6:34",
        "7:34",
        "8:35",
        "9:35",
        "10:39",
        "11:39",
        "12:39",
        "13:39",
        "14:39",
        "15:40",
        "16:40",
        "17:40",
        "18:40"
    ],
    "url": "https://www.kanachu.co.jp/dia/diagram/timetable01_js/course:0000801848-27/node:00128259/kt:0/lname:/"
}
