{
    "system": "厚66",
    "busstops": [
        {
            "index": "1",
            "id": "00128700",
            "name": "愛川バスセンター",
            "lat": "35.529744",
            "lng": "139.320114"
        },
        {
            "index": "2",
            "id": "00128520",
            "name": "愛川町役場",
            "lat": "35.528732",
            "lng": "139.321121"
        },
        {
            "index": "3",
            "id": "00128326",
            "name": "箕輪(愛甲郡愛川町)",
            "lat": "35.526206",
            "lng": "139.323685"
        },
        {
            "index": "4",
            "id": "00128325",
            "name": "東中学校前(愛甲郡愛川町)",
            "lat": "35.523158",
            "lng": "139.327683"
        },
        {
            "index": "5",
            "id": "00128324",
            "name": "中津(愛甲郡愛川町)",
            "lat": "35.519246",
            "lng": "139.331407"
        },
        {
            "index": "6",
            "id": "00128323",
            "name": "局前(愛甲郡愛川町)",
            "lat": "35.516831",
            "lng": "139.33365"
        },
        {
            "index": "7",
            "id": "00128322",
            "name": "一本松(愛甲郡愛川町)",
            "lat": "35.514108",
            "lng": "139.336615"
        },
        {
            "index": "8",
            "id": "00128321",
            "name": "運輸支局入口(愛甲郡愛川町)",
            "lat": "35.509802",
            "lng": "139.339001"
        },
        {
            "index": "9",
            "id": "00128320",
            "name": "桜台(愛甲郡愛川町)",
            "lat": "35.50666",
            "lng": "139.340114"
        },
        {
            "index": "10",
            "id": "00128319",
            "name": "坂本(愛甲郡愛川町)",
            "lat": "35.501768",
            "lng": "139.340929"
        },
        {
            "index": "11",
            "id": "00128310",
            "name": "下川入",
            "lat": "35.498199",
            "lng": "139.345759"
        },
        {
            "index": "12",
            "id": "00128318",
            "name": "才戸橋",
            "lat": "35.496807",
            "lng": "139.342512"
        },
        {
            "index": "13",
            "id": "00128317",
            "name": "上三田",
            "lat": "35.490546",
            "lng": "139.346052"
        },
        {
            "index": "14",
            "id": "00128316",
            "name": "十軒村",
            "lat": "35.486382",
            "lng": "139.347962"
        },
        {
            "index": "15",
            "id": "00128315",
            "name": "睦合北公民館前",
            "lat": "35.483184",
            "lng": "139.351537"
        },
        {
            "index": "16",
            "id": "00128314",
            "name": "清源院前",
            "lat": "35.480242",
            "lng": "139.351264"
        },
        {
            "index": "17",
            "id": "00128313",
            "name": "山王坂下(厚木市)",
            "lat": "35.477099",
            "lng": "139.352009"
        },
        {
            "index": "18",
            "id": "00128312",
            "name": "山王坂上",
            "lat": "35.476077",
            "lng": "139.345473"
        },
        {
            "index": "19",
            "id": "00128267",
            "name": "宿原入口",
            "lat": "35.474574",
            "lng": "139.344987"
        },
        {
            "index": "20",
            "id": "00128266",
            "name": "糀屋前(厚木市)",
            "lat": "35.472994",
            "lng": "139.346533"
        },
        {
            "index": "21",
            "id": "00128265",
            "name": "松蓮寺",
            "lat": "35.469138",
            "lng": "139.349959"
        },
        {
            "index": "22",
            "id": "00128264",
            "name": "妻田薬師",
            "lat": "35.464717",
            "lng": "139.355991"
        },
        {
            "index": "23",
            "id": "00128263",
            "name": "中村入口(厚木市)",
            "lat": "35.461193",
            "lng": "139.357702"
        },
        {
            "index": "24",
            "id": "00128262",
            "name": "妻田",
            "lat": "35.458099",
            "lng": "139.359472"
        },
        {
            "index": "25",
            "id": "00128261",
            "name": "三家入口(厚木市)",
            "lat": "35.454084",
            "lng": "139.359576"
        },
        {
            "index": "26",
            "id": "00128260",
            "name": "木売場",
            "lat": "35.452468",
            "lng": "139.359907"
        },
        {
            "index": "27",
            "id": "00128259",
            "name": "市立病院前(厚木市)",
            "lat": "35.447478",
            "lng": "139.361283"
        },
        {
            "index": "28",
            "id": "00128258",
            "name": "税務署入口(厚木市)",
            "lat": "35.446455",
            "lng": "139.361174"
        },
        {
            "index": "29",
            "id": "00128396",
            "name": "市役所入口(厚木市)",
            "lat": "35.442124",
            "lng": "139.361848"
        },
        {
            "index": "30",
            "id": "00025684",
            "name": "本厚木駅",
            "lat": "35.440542",
            "lng": "139.363859"
        },
        {
            "index": "31",
            "id": "00128256",
            "name": "厚木バスセンター",
            "lat": "35.441107",
            "lng": "139.36685"
        }
    ],
    "route_url": "https://www.kanachu.co.jp/dia/route/index/cid:0000801848/"
}
