{
    "date": "2025/10/20",
    "name": "長津田三丁目",
    "position": "-",
    "system": "津02",
    "destinations": [
        "堀の内(横浜市青葉区)",
        "あかね台入口(横浜市青葉区)",
        "熊の谷公園",
        "あかね台北",
        "奈良三丁目",
        "しあわせ野",
        "成瀬台二丁目",
        "野村住宅中央",
        "成瀬台"
    ],
    "weekday": [
        "8:06",
        "8:21",
        "9:11",
        "10:11",
        "11:11",
        "11:41",
        "12:11",
        "13:11",
        "14:11",
        "15:11",
        "16:11",
        "16:41",
        "17:06",
        "17:26",
        "17:46",
        "18:06",
        "18:26",
        "18:46",
        "19:26",
        "19:46",
        "20:26",
        "21:01",
        "21:36",
        "22:36",
        "23:09",
        "23:51"
    ],
    "saturday": [
        "10:41",
        "11:41",
        "12:41",
        "13:41",
        "14:41",
        "15:41",
        "16:41",
        "17:16",
        "17:46",
        "18:06",
        "18:26",
        "19:06",
        "19:46",
        "20:41",
        "21:26"
    ],
    "holiday": [
        "10:41",
        "11:41",
        "12:41",
        "13:41",
        "14:41",
        "15:41",
        "16:41",
        "17:16",
        "17:46",
        "18:06",
        "18:26",
        "19:06",
        "19:46",
        "20:41",
        "21:26"
    ],
    "url": "https://www.kanachu.co.jp/dia/diagram/timetable01_js/course:0000802354-2/node:00130357/kt:0/lname:/"
}
