{
    "date": "2025/10/20",
    "name": "熊の谷公園",
    "position": "-",
    "system": "津02",
    "destinations": [
        "あかね台北",
        "奈良三丁目",
        "しあわせ野",
        "成瀬台二丁目",
        "野村住宅中央",
        "成瀬台"
    ],
    "weekday": [
        "8:11",
        "8:26",
        "9:16",
        "10:16",
        "11:16",
        "11:46",
        "12:16",
        "13:16",
        "14:16",
        "15:16",
        "16:16",
        "16:46",
        "17:11",
        "17:31",
        "17:51",
        "18:11",
        "18:31",
        "18:51",
        "19:31",
        "19:51",
        "20:31",
        "21:06",
        "21:41",
        "22:41",
        "23:14",
        "23:56"
    ],
    "saturday": [
        "10:46",
        "11:46",
        "12:46",
        "13:46",
        "14:46",
        "15:46",
        "16:46",
        "17:21",
        "17:51",
        "18:11",
        "18:31",
        "19:11",
        "19:51",
        "20:46",
        "21:31"
    ],
    "holiday": [
        "10:46",
        "11:46",
        "12:46",
        "13:46",
        "14:46",
        "15:46",
        "16:46",
        "17:21",
        "17:51",
        "18:11",
        "18:31",
        "19:11",
        "19:51",
        "20:46",
        "21:31"
    ],
    "url": "https://www.kanachu.co.jp/dia/diagram/timetable01_js/course:0000802354-5/node:00019241/kt:0/lname:/"
}
