{
    "date": "2025/10/20",
    "name": "成瀬台二丁目",
    "position": "-",
    "system": "津02",
    "destinations": [
        "野村住宅中央",
        "成瀬台"
    ],
    "weekday": [
        "8:16",
        "8:31",
        "9:21",
        "10:21",
        "11:21",
        "11:51",
        "12:21",
        "13:21",
        "14:21",
        "15:21",
        "16:21",
        "16:51",
        "17:16",
        "17:36",
        "17:56",
        "18:16",
        "18:36",
        "18:56",
        "19:36",
        "19:56",
        "20:36",
        "21:11",
        "21:46",
        "22:46",
        "23:19",
        "24:01"
    ],
    "saturday": [
        "10:51",
        "11:51",
        "12:51",
        "13:51",
        "14:51",
        "15:51",
        "16:51",
        "17:26",
        "17:56",
        "18:16",
        "18:36",
        "19:16",
        "19:56",
        "20:51",
        "21:36"
    ],
    "holiday": [
        "10:51",
        "11:51",
        "12:51",
        "13:51",
        "14:51",
        "15:51",
        "16:51",
        "17:26",
        "17:56",
        "18:16",
        "18:36",
        "19:16",
        "19:56",
        "20:51",
        "21:36"
    ],
    "url": "https://www.kanachu.co.jp/dia/diagram/timetable01_js/course:0000802354-9/node:00129601/kt:0/lname:/"
}
