{
    "date": "2025/04/19",
    "name": "南中前(相模原市南区)",
    "position": "-",
    "system": "大53",
    "destinations": [
        "小沼(相模原市南区)",
        "団地入口(相模原市南区)",
        "東通り(相模原市南区)",
        "大沼小学校前",
        "大沼",
        "オルガノ前",
        "大野台入口",
        "麻溝台入口",
        "麻溝台高校",
        "北里大学病院・北里大学"
    ],
    "weekday": [
        "6:43",
        "6:53",
        "7:04",
        "7:14",
        "7:24",
        "7:29",
        "7:39",
        "7:54",
        "8:16",
        "8:39",
        "8:47",
        "9:07",
        "9:17",
        "9:30",
        "9:52"
    ],
    "saturday": [
        "6:42",
        "7:13",
        "7:23",
        "7:53",
        "8:03",
        "8:33",
        "9:18",
        "9:33",
        "9:48"
    ],
    "holiday": [
        "8:25"
    ],
    "url": "https://www.kanachu.co.jp/dia/diagram/timetable01_js/course:0000801899-2/node:00129205/kt:0/lname:/"
}
