{
    "date": "2025/04/19",
    "name": "団地入口(相模原市南区)",
    "position": "-",
    "system": "大53",
    "destinations": [
        "東通り(相模原市南区)",
        "大沼小学校前",
        "大沼",
        "オルガノ前",
        "大野台入口",
        "麻溝台入口",
        "麻溝台高校",
        "北里大学病院・北里大学"
    ],
    "weekday": [
        "6:45",
        "6:55",
        "7:06",
        "7:16",
        "7:26",
        "7:31",
        "7:41",
        "7:56",
        "8:18",
        "8:41",
        "8:49",
        "9:09",
        "9:19",
        "9:32",
        "9:54"
    ],
    "saturday": [
        "6:44",
        "7:15",
        "7:25",
        "7:55",
        "8:05",
        "8:35",
        "9:20",
        "9:35",
        "9:50"
    ],
    "holiday": [
        "8:27"
    ],
    "url": "https://www.kanachu.co.jp/dia/diagram/timetable01_js/course:0000801899-4/node:00129193/kt:0/lname:/"
}
