{
    "date": "2025/04/19",
    "name": "東通り(相模原市南区)",
    "position": "-",
    "system": "大53",
    "destinations": [
        "大沼小学校前",
        "大沼",
        "オルガノ前",
        "大野台入口",
        "麻溝台入口",
        "麻溝台高校",
        "北里大学病院・北里大学"
    ],
    "weekday": [
        "6:46",
        "6:56",
        "7:07",
        "7:17",
        "7:27",
        "7:32",
        "7:42",
        "7:57",
        "8:19",
        "8:42",
        "8:50",
        "9:10",
        "9:20",
        "9:33",
        "9:55"
    ],
    "saturday": [
        "6:45",
        "7:16",
        "7:26",
        "7:56",
        "8:06",
        "8:36",
        "9:21",
        "9:36",
        "9:51"
    ],
    "holiday": [
        "8:28"
    ],
    "url": "https://www.kanachu.co.jp/dia/diagram/timetable01_js/course:0000801899-5/node:00129237/kt:0/lname:/"
}
