{
    "system": "大53",
    "busstops": [
        {
            "index": "1",
            "id": "00114298",
            "name": "相模大野駅北口",
            "lat": "35.531268",
            "lng": "139.436263"
        },
        {
            "index": "2",
            "id": "00129205",
            "name": "南中前(相模原市南区)",
            "lat": "35.537014",
            "lng": "139.429937"
        },
        {
            "index": "3",
            "id": "00129137",
            "name": "小沼(相模原市南区)",
            "lat": "35.538813",
            "lng": "139.429745"
        },
        {
            "index": "4",
            "id": "00129193",
            "name": "団地入口(相模原市南区)",
            "lat": "35.537833",
            "lng": "139.426155"
        },
        {
            "index": "5",
            "id": "00129237",
            "name": "東通り(相模原市南区)",
            "lat": "35.53762",
            "lng": "139.423725"
        },
        {
            "index": "6",
            "id": "00129088",
            "name": "大沼小学校前",
            "lat": "35.537545",
            "lng": "139.418858"
        },
        {
            "index": "7",
            "id": "00129089",
            "name": "大沼",
            "lat": "35.537928",
            "lng": "139.415201"
        },
        {
            "index": "8",
            "id": "00129197",
            "name": "オルガノ前",
            "lat": "35.538332",
            "lng": "139.410941"
        },
        {
            "index": "9",
            "id": "00129093",
            "name": "大野台入口",
            "lat": "35.538061",
            "lng": "139.40798"
        },
        {
            "index": "10",
            "id": "00129121",
            "name": "麻溝台入口",
            "lat": "35.537581",
            "lng": "139.403131"
        },
        {
            "index": "11",
            "id": "00129064",
            "name": "麻溝台高校",
            "lat": "35.537079",
            "lng": "139.397622"
        },
        {
            "index": "12",
            "id": "00129119",
            "name": "北里大学病院・北里大学",
            "lat": "35.537508",
            "lng": "139.393391"
        }
    ],
    "route_url": "https://www.kanachu.co.jp/dia/route/index/cid:0000801899/"
}
