{
    "date": "2025/05/11",
    "name": "稲荷森",
    "position": "-",
    "system": "船15",
    "destinations": [
        "中野町",
        "本郷(横浜市栄区)",
        "本郷小学校前",
        "南河内(横浜市栄区)",
        "天神橋(横浜市栄区)",
        "栄警察署前",
        "公田",
        "鎌倉女子大前",
        "平島(鎌倉市)",
        "笠間十字路",
        "笠間町",
        "岩井口",
        "大船駅(横浜市栄区)"
    ],
    "weekday": [
        "5:39",
        "5:56",
        "6:07",
        "7:32",
        "17:22",
        "18:17",
        "18:54",
        "19:45"
    ],
    "saturday": [
        "5:52",
        "6:12",
        "12:33",
        "17:13",
        "17:53"
    ],
    "holiday": [
        "5:52",
        "6:12",
        "12:33",
        "17:13",
        "17:53"
    ],
    "url": "https://www.kanachu.co.jp/dia/diagram/timetable01_js/course:0000803824-3/node:00126512/kt:0/lname:/"
}
