{
    "date": "2025/05/11",
    "name": "本郷(横浜市栄区)",
    "position": "-",
    "system": "船15",
    "destinations": [
        "本郷小学校前",
        "南河内(横浜市栄区)",
        "天神橋(横浜市栄区)",
        "栄警察署前",
        "公田",
        "鎌倉女子大前",
        "平島(鎌倉市)",
        "笠間十字路",
        "笠間町",
        "岩井口",
        "大船駅(横浜市栄区)"
    ],
    "weekday": [
        "5:40",
        "5:57",
        "6:08",
        "7:34",
        "17:24",
        "18:19",
        "18:56",
        "19:47"
    ],
    "saturday": [
        "5:53",
        "6:13",
        "12:35",
        "17:15",
        "17:55"
    ],
    "holiday": [
        "5:53",
        "6:13",
        "12:35",
        "17:15",
        "17:55"
    ],
    "url": "https://www.kanachu.co.jp/dia/diagram/timetable01_js/course:0000803824-5/node:00126510/kt:0/lname:/"
}
