{
    "date": "2025/05/11",
    "name": "栄警察署前",
    "position": "-",
    "system": "船15",
    "destinations": [
        "公田",
        "鎌倉女子大前",
        "平島(鎌倉市)",
        "笠間十字路",
        "笠間町",
        "岩井口",
        "大船駅(横浜市栄区)"
    ],
    "weekday": [
        "5:44",
        "6:01",
        "6:12",
        "7:39",
        "17:28",
        "18:23",
        "19:00",
        "19:51"
    ],
    "saturday": [
        "5:57",
        "6:17",
        "12:40",
        "17:20",
        "18:00"
    ],
    "holiday": [
        "5:57",
        "6:17",
        "12:40",
        "17:20",
        "18:00"
    ],
    "url": "https://www.kanachu.co.jp/dia/diagram/timetable01_js/course:0000803824-9/node:00126609/kt:0/lname:/"
}
