{
    "date": "2025/05/11",
    "name": "平島(鎌倉市)",
    "position": "-",
    "system": "船15",
    "destinations": [
        "笠間十字路",
        "笠間町",
        "岩井口",
        "大船駅(横浜市栄区)"
    ],
    "weekday": [
        "5:47",
        "6:04",
        "6:15",
        "7:43",
        "17:32",
        "18:27",
        "19:04",
        "19:55"
    ],
    "saturday": [
        "6:00",
        "6:20",
        "12:45",
        "17:25",
        "18:05"
    ],
    "holiday": [
        "6:00",
        "6:20",
        "12:45",
        "17:25",
        "18:05"
    ],
    "url": "https://www.kanachu.co.jp/dia/diagram/timetable01_js/course:0000803824-12/node:00126504/kt:0/lname:/"
}
