{
    "date": "2025/05/11",
    "name": "笠間十字路",
    "position": "-",
    "system": "船15",
    "destinations": [
        "笠間町",
        "岩井口",
        "大船駅(横浜市栄区)"
    ],
    "weekday": [
        "5:48",
        "6:05",
        "6:16",
        "7:45",
        "17:34",
        "18:29",
        "19:06",
        "19:57"
    ],
    "saturday": [
        "6:01",
        "6:21",
        "12:46",
        "17:26",
        "18:06"
    ],
    "holiday": [
        "6:01",
        "6:21",
        "12:46",
        "17:26",
        "18:06"
    ],
    "url": "https://www.kanachu.co.jp/dia/diagram/timetable01_js/course:0000803824-13/node:00126503/kt:0/lname:/"
}
