{
    "date": "2025/05/11",
    "name": "笠間町",
    "position": "-",
    "system": "船15",
    "destinations": [
        "岩井口",
        "大船駅(横浜市栄区)"
    ],
    "weekday": [
        "5:49",
        "6:06",
        "6:17",
        "7:46",
        "17:35",
        "18:30",
        "19:07",
        "19:58"
    ],
    "saturday": [
        "6:02",
        "6:22",
        "12:47",
        "17:27",
        "18:07"
    ],
    "holiday": [
        "6:02",
        "6:22",
        "12:47",
        "17:27",
        "18:07"
    ],
    "url": "https://www.kanachu.co.jp/dia/diagram/timetable01_js/course:0000803824-14/node:00126502/kt:0/lname:/"
}
