{
    "date": "2025/07/03",
    "name": "浜見平団地",
    "position": "-",
    "system": "茅38",
    "destinations": [
        "団地中央(茅ケ崎市)",
        "西浜高校前",
        "南湖入口",
        "西浜(茅ケ崎市)",
        "海水浴場前(茅ケ崎市)",
        "市営プール前(茅ケ崎市)",
        "茅ヶ崎公園野球場",
        "茅ヶ崎駅入口",
        "東海岸南三丁目",
        "東海岸",
        "会館前(茅ケ崎市)",
        "幸町(茅ケ崎市)",
        "茅ヶ崎駅南口"
    ],
    "weekday": [
        "8:57",
        "10:07",
        "11:18",
        "12:29",
        "13:39",
        "14:49",
        "15:59",
        "17:09",
        "18:19",
        "19:27"
    ],
    "saturday": [
        "8:37",
        "9:49",
        "10:59",
        "12:09",
        "13:19",
        "14:29",
        "15:39",
        "16:49",
        "17:59",
        "19:09"
    ],
    "holiday": [
        "8:37",
        "9:49",
        "10:59",
        "12:09",
        "13:19",
        "14:29",
        "15:39",
        "16:49",
        "17:59",
        "19:09"
    ],
    "url": "https://www.kanachu.co.jp/dia/diagram/timetable01_js/course:0000803826-2/node:00127260/kt:0/lname:/"
}
