{
    "date": "2025/07/03",
    "name": "西浜高校前",
    "position": "-",
    "system": "茅38",
    "destinations": [
        "南湖入口",
        "西浜(茅ケ崎市)",
        "海水浴場前(茅ケ崎市)",
        "市営プール前(茅ケ崎市)",
        "茅ヶ崎公園野球場",
        "茅ヶ崎駅入口",
        "東海岸南三丁目",
        "東海岸",
        "会館前(茅ケ崎市)",
        "幸町(茅ケ崎市)",
        "茅ヶ崎駅南口"
    ],
    "weekday": [
        "8:59",
        "10:09",
        "11:20",
        "12:31",
        "13:41",
        "14:51",
        "16:01",
        "17:11",
        "18:21",
        "19:29"
    ],
    "saturday": [
        "8:39",
        "9:51",
        "11:01",
        "12:11",
        "13:21",
        "14:31",
        "15:41",
        "16:51",
        "18:01",
        "19:11"
    ],
    "holiday": [
        "8:39",
        "9:51",
        "11:01",
        "12:11",
        "13:21",
        "14:31",
        "15:41",
        "16:51",
        "18:01",
        "19:11"
    ],
    "url": "https://www.kanachu.co.jp/dia/diagram/timetable01_js/course:0000803826-4/node:00127255/kt:0/lname:/"
}
