{
    "date": "2025/07/03",
    "name": "南湖入口",
    "position": "-",
    "system": "茅38",
    "destinations": [
        "西浜(茅ケ崎市)",
        "海水浴場前(茅ケ崎市)",
        "市営プール前(茅ケ崎市)",
        "茅ヶ崎公園野球場",
        "茅ヶ崎駅入口",
        "東海岸南三丁目",
        "東海岸",
        "会館前(茅ケ崎市)",
        "幸町(茅ケ崎市)",
        "茅ヶ崎駅南口"
    ],
    "weekday": [
        "9:00",
        "10:10",
        "11:21",
        "12:32",
        "13:42",
        "14:52",
        "16:02",
        "17:12",
        "18:22",
        "19:30"
    ],
    "saturday": [
        "8:40",
        "9:52",
        "11:02",
        "12:12",
        "13:22",
        "14:32",
        "15:42",
        "16:52",
        "18:02",
        "19:12"
    ],
    "holiday": [
        "8:40",
        "9:52",
        "11:02",
        "12:12",
        "13:22",
        "14:32",
        "15:42",
        "16:52",
        "18:02",
        "19:12"
    ],
    "url": "https://www.kanachu.co.jp/dia/diagram/timetable01_js/course:0000803826-5/node:00127254/kt:0/lname:/"
}
