{
    "date": "2025/07/03",
    "name": "海水浴場前(茅ケ崎市)",
    "position": "-",
    "system": "茅38",
    "destinations": [
        "市営プール前(茅ケ崎市)",
        "茅ヶ崎公園野球場",
        "茅ヶ崎駅入口",
        "東海岸南三丁目",
        "東海岸",
        "会館前(茅ケ崎市)",
        "幸町(茅ケ崎市)",
        "茅ヶ崎駅南口"
    ],
    "weekday": [
        "9:01",
        "10:11",
        "11:22",
        "12:33",
        "13:43",
        "14:53",
        "16:03",
        "17:13",
        "18:23",
        "19:31"
    ],
    "saturday": [
        "8:41",
        "9:53",
        "11:03",
        "12:13",
        "13:23",
        "14:33",
        "15:43",
        "16:53",
        "18:03",
        "19:13"
    ],
    "holiday": [
        "8:41",
        "9:53",
        "11:03",
        "12:13",
        "13:23",
        "14:33",
        "15:43",
        "16:53",
        "18:03",
        "19:13"
    ],
    "url": "https://www.kanachu.co.jp/dia/diagram/timetable01_js/course:0000803826-7/node:00127250/kt:0/lname:/"
}
