{
    "date": "2025/07/03",
    "name": "茅ヶ崎公園野球場",
    "position": "-",
    "system": "茅38",
    "destinations": [
        "茅ヶ崎駅入口",
        "東海岸南三丁目",
        "東海岸",
        "会館前(茅ケ崎市)",
        "幸町(茅ケ崎市)",
        "茅ヶ崎駅南口"
    ],
    "weekday": [
        "9:03",
        "10:13",
        "11:24",
        "12:35",
        "13:45",
        "14:55",
        "16:05",
        "17:15",
        "18:25",
        "19:33"
    ],
    "saturday": [
        "8:43",
        "9:55",
        "11:05",
        "12:15",
        "13:25",
        "14:35",
        "15:45",
        "16:55",
        "18:05",
        "19:15"
    ],
    "holiday": [
        "8:43",
        "9:55",
        "11:05",
        "12:15",
        "13:25",
        "14:35",
        "15:45",
        "16:55",
        "18:05",
        "19:15"
    ],
    "url": "https://www.kanachu.co.jp/dia/diagram/timetable01_js/course:0000803826-9/node:00127248/kt:0/lname:/"
}
