{
    "date": "2025/04/19",
    "name": "清新中学校前",
    "position": "-",
    "system": "相36",
    "destinations": [
        "グッディプレイス前",
        "さがみ夢大通り",
        "相模原駅南口"
    ],
    "weekday": [
        "6:16",
        "7:08",
        "7:48",
        "8:13",
        "9:11",
        "10:11",
        "11:11",
        "12:11",
        "13:11",
        "14:11",
        "15:11",
        "16:11",
        "17:13",
        "18:13",
        "19:11"
    ],
    "saturday": [
        "8:11",
        "9:11",
        "10:11",
        "13:11",
        "14:11",
        "17:11",
        "18:11",
        "19:11"
    ],
    "holiday": [
        "8:11",
        "9:11",
        "10:11",
        "13:11",
        "14:11",
        "17:11",
        "18:11",
        "19:11"
    ],
    "url": "https://www.kanachu.co.jp/dia/diagram/timetable01_js/course:0000802365-7/node:00129175/kt:0/lname:/"
}
