{
    "system": "相36",
    "busstops": [
        {
            "index": "1",
            "id": "00129162",
            "name": "下九沢団地",
            "lat": "35.57333",
            "lng": "139.348149"
        },
        {
            "index": "2",
            "id": "00129318",
            "name": "下九沢団地入口",
            "lat": "35.573994",
            "lng": "139.349119"
        },
        {
            "index": "3",
            "id": "00129213",
            "name": "日電寮前",
            "lat": "35.576398",
            "lng": "139.349146"
        },
        {
            "index": "4",
            "id": "00129156",
            "name": "昭和電線前",
            "lat": "35.576189",
            "lng": "139.355098"
        },
        {
            "index": "5",
            "id": "00129173",
            "name": "清新六丁目",
            "lat": "35.575399",
            "lng": "139.359141"
        },
        {
            "index": "6",
            "id": "00129172",
            "name": "清新中央",
            "lat": "35.574252",
            "lng": "139.361443"
        },
        {
            "index": "7",
            "id": "00129175",
            "name": "清新中学校前",
            "lat": "35.573032",
            "lng": "139.363782"
        },
        {
            "index": "8",
            "id": "00129230",
            "name": "グッディプレイス前",
            "lat": "35.574814",
            "lng": "139.366182"
        },
        {
            "index": "9",
            "id": "00129080",
            "name": "さがみ夢大通り",
            "lat": "35.577995",
            "lng": "139.368831"
        },
        {
            "index": "10",
            "id": "00129335",
            "name": "相模原駅南口",
            "lat": "35.580691",
            "lng": "139.371167"
        }
    ],
    "route_url": "https://www.kanachu.co.jp/dia/route/index/cid:0000802365/"
}
