{
    "date": "2025/11/16",
    "name": "三福寺前",
    "position": "-",
    "system": "平86",
    "destinations": [
        "藤田電機前(伊勢原市)",
        "西沼目",
        "つきみの団地",
        "沼目",
        "大田小学校前",
        "下谷(伊勢原市)",
        "沖小稲葉",
        "小稲葉",
        "下小稲葉",
        "枝大島入口",
        "横内上",
        "横内四ツ角",
        "横内公民館入口",
        "横内下",
        "横内団地前",
        "今里(平塚市)",
        "坂口(平塚市)",
        "市場前(平塚市)",
        "大野農協前",
        "西真土",
        "大野中学校前",
        "伊勢山(平塚市)",
        "中原中宿",
        "中原東(平塚市)",
        "西新町(平塚市)",
        "平塚球場",
        "総合公園(平塚市)",
        "美術館入口(平塚市)",
        "江陽中学校前(平塚市)",
        "崇善小学校前",
        "明石町(平塚市)",
        "明石町一丁目",
        "四ツ角(平塚市)",
        "平塚駅北口"
    ],
    "weekday": [
        "5:40",
        "5:55",
        "6:10",
        "6:40",
        "7:00",
        "7:20",
        "7:40",
        "8:00",
        "8:30",
        "9:30",
        "10:30",
        "11:15",
        "12:15",
        "13:15",
        "14:05",
        "15:05",
        "15:25",
        "16:05",
        "16:25",
        "17:07",
        "17:37",
        "18:07",
        "18:37",
        "19:10",
        "19:40"
    ],
    "saturday": [
        "6:25",
        "7:25",
        "8:25",
        "9:25",
        "10:25",
        "11:25",
        "12:25",
        "13:25",
        "14:25",
        "15:25",
        "16:25",
        "17:25",
        "18:25",
        "19:27"
    ],
    "holiday": [
        "6:25",
        "7:25",
        "8:25",
        "9:25",
        "10:25",
        "11:25",
        "12:25",
        "13:25",
        "14:25",
        "15:25",
        "16:25",
        "17:25",
        "18:25",
        "19:27"
    ],
    "url": "https://www.kanachu.co.jp/dia/diagram/timetable01_js/course:0000802521-3/node:00128095/kt:0/lname:/"
}
