{
    "date": "2025/11/16",
    "name": "西沼目",
    "position": "-",
    "system": "平86",
    "destinations": [
        "つきみの団地",
        "沼目",
        "大田小学校前",
        "下谷(伊勢原市)",
        "沖小稲葉",
        "小稲葉",
        "下小稲葉",
        "枝大島入口",
        "横内上",
        "横内四ツ角",
        "横内公民館入口",
        "横内下",
        "横内団地前",
        "今里(平塚市)",
        "坂口(平塚市)",
        "市場前(平塚市)",
        "大野農協前",
        "西真土",
        "大野中学校前",
        "伊勢山(平塚市)",
        "中原中宿",
        "中原東(平塚市)",
        "西新町(平塚市)",
        "平塚球場",
        "総合公園(平塚市)",
        "美術館入口(平塚市)",
        "江陽中学校前(平塚市)",
        "崇善小学校前",
        "明石町(平塚市)",
        "明石町一丁目",
        "四ツ角(平塚市)",
        "平塚駅北口"
    ],
    "weekday": [
        "5:42",
        "5:57",
        "6:12",
        "6:42",
        "7:02",
        "7:22",
        "7:42",
        "8:02",
        "8:32",
        "9:32",
        "10:32",
        "11:17",
        "12:17",
        "13:17",
        "14:07",
        "15:07",
        "15:27",
        "16:07",
        "16:27",
        "17:09",
        "17:39",
        "18:09",
        "18:39",
        "19:12",
        "19:42"
    ],
    "saturday": [
        "6:27",
        "7:27",
        "8:27",
        "9:27",
        "10:27",
        "11:27",
        "12:27",
        "13:27",
        "14:27",
        "15:27",
        "16:27",
        "17:27",
        "18:27",
        "19:29"
    ],
    "holiday": [
        "6:27",
        "7:27",
        "8:27",
        "9:27",
        "10:27",
        "11:27",
        "12:27",
        "13:27",
        "14:27",
        "15:27",
        "16:27",
        "17:27",
        "18:27",
        "19:29"
    ],
    "url": "https://www.kanachu.co.jp/dia/diagram/timetable01_js/course:0000802521-5/node:00128097/kt:0/lname:/"
}
