{
    "date": "2025/11/16",
    "name": "つきみの団地",
    "position": "-",
    "system": "平86",
    "destinations": [
        "沼目",
        "大田小学校前",
        "下谷(伊勢原市)",
        "沖小稲葉",
        "小稲葉",
        "下小稲葉",
        "枝大島入口",
        "横内上",
        "横内四ツ角",
        "横内公民館入口",
        "横内下",
        "横内団地前",
        "今里(平塚市)",
        "坂口(平塚市)",
        "市場前(平塚市)",
        "大野農協前",
        "西真土",
        "大野中学校前",
        "伊勢山(平塚市)",
        "中原中宿",
        "中原東(平塚市)",
        "西新町(平塚市)",
        "平塚球場",
        "総合公園(平塚市)",
        "美術館入口(平塚市)",
        "江陽中学校前(平塚市)",
        "崇善小学校前",
        "明石町(平塚市)",
        "明石町一丁目",
        "四ツ角(平塚市)",
        "平塚駅北口"
    ],
    "weekday": [
        "5:43",
        "5:58",
        "6:13",
        "6:43",
        "7:03",
        "7:23",
        "7:43",
        "8:03",
        "8:33",
        "9:33",
        "10:33",
        "11:18",
        "12:18",
        "13:18",
        "14:08",
        "15:08",
        "15:28",
        "16:08",
        "16:28",
        "17:10",
        "17:40",
        "18:10",
        "18:40",
        "19:13",
        "19:43"
    ],
    "saturday": [
        "6:28",
        "7:28",
        "8:28",
        "9:28",
        "10:28",
        "11:28",
        "12:28",
        "13:28",
        "14:28",
        "15:28",
        "16:28",
        "17:28",
        "18:28",
        "19:30"
    ],
    "holiday": [
        "6:28",
        "7:28",
        "8:28",
        "9:28",
        "10:28",
        "11:28",
        "12:28",
        "13:28",
        "14:28",
        "15:28",
        "16:28",
        "17:28",
        "18:28",
        "19:30"
    ],
    "url": "https://www.kanachu.co.jp/dia/diagram/timetable01_js/course:0000802521-6/node:00128098/kt:0/lname:/"
}
