{
    "date": "2025/11/16",
    "name": "枝大島入口",
    "position": "-",
    "system": "平86",
    "destinations": [
        "横内上",
        "横内四ツ角",
        "横内公民館入口",
        "横内下",
        "横内団地前",
        "今里(平塚市)",
        "坂口(平塚市)",
        "市場前(平塚市)",
        "大野農協前",
        "西真土",
        "大野中学校前",
        "伊勢山(平塚市)",
        "中原中宿",
        "中原東(平塚市)",
        "西新町(平塚市)",
        "平塚球場",
        "総合公園(平塚市)",
        "美術館入口(平塚市)",
        "江陽中学校前(平塚市)",
        "崇善小学校前",
        "明石町(平塚市)",
        "明石町一丁目",
        "四ツ角(平塚市)",
        "平塚駅北口"
    ],
    "weekday": [
        "5:50",
        "6:05",
        "6:20",
        "6:50",
        "7:10",
        "7:30",
        "7:50",
        "8:10",
        "8:40",
        "9:40",
        "10:40",
        "11:25",
        "12:25",
        "13:25",
        "14:15",
        "15:15",
        "15:35",
        "16:15",
        "16:35",
        "17:17",
        "17:47",
        "18:17",
        "18:47",
        "19:20",
        "19:50"
    ],
    "saturday": [
        "6:35",
        "7:35",
        "8:35",
        "9:35",
        "10:35",
        "11:35",
        "12:35",
        "13:35",
        "14:35",
        "15:35",
        "16:35",
        "17:35",
        "18:35",
        "19:37"
    ],
    "holiday": [
        "6:35",
        "7:35",
        "8:35",
        "9:35",
        "10:35",
        "11:35",
        "12:35",
        "13:35",
        "14:35",
        "15:35",
        "16:35",
        "17:35",
        "18:35",
        "19:37"
    ],
    "url": "https://www.kanachu.co.jp/dia/diagram/timetable01_js/course:0000802521-13/node:00127618/kt:0/lname:/"
}
