{
    "date": "2025/11/16",
    "name": "坂口(平塚市)",
    "position": "-",
    "system": "平86",
    "destinations": [
        "市場前(平塚市)",
        "大野農協前",
        "西真土",
        "大野中学校前",
        "伊勢山(平塚市)",
        "中原中宿",
        "中原東(平塚市)",
        "西新町(平塚市)",
        "平塚球場",
        "総合公園(平塚市)",
        "美術館入口(平塚市)",
        "江陽中学校前(平塚市)",
        "崇善小学校前",
        "明石町(平塚市)",
        "明石町一丁目",
        "四ツ角(平塚市)",
        "平塚駅北口"
    ],
    "weekday": [
        "5:57",
        "6:12",
        "6:27",
        "6:57",
        "7:17",
        "7:37",
        "7:57",
        "8:17",
        "8:47",
        "9:47",
        "10:47",
        "11:32",
        "12:32",
        "13:32",
        "14:22",
        "15:22",
        "15:42",
        "16:22",
        "16:42",
        "17:24",
        "17:54",
        "18:24",
        "18:54",
        "19:27",
        "19:57"
    ],
    "saturday": [
        "6:42",
        "7:42",
        "8:42",
        "9:42",
        "10:42",
        "11:42",
        "12:42",
        "13:42",
        "14:42",
        "15:42",
        "16:42",
        "17:42",
        "18:42",
        "19:44"
    ],
    "holiday": [
        "6:42",
        "7:42",
        "8:42",
        "9:42",
        "10:42",
        "11:42",
        "12:42",
        "13:42",
        "14:42",
        "15:42",
        "16:42",
        "17:42",
        "18:42",
        "19:44"
    ],
    "url": "https://www.kanachu.co.jp/dia/diagram/timetable01_js/course:0000802521-20/node:00127611/kt:0/lname:/"
}
