{
    "date": "2025/11/16",
    "name": "市場前(平塚市)",
    "position": "-",
    "system": "平86",
    "destinations": [
        "大野農協前",
        "西真土",
        "大野中学校前",
        "伊勢山(平塚市)",
        "中原中宿",
        "中原東(平塚市)",
        "西新町(平塚市)",
        "平塚球場",
        "総合公園(平塚市)",
        "美術館入口(平塚市)",
        "江陽中学校前(平塚市)",
        "崇善小学校前",
        "明石町(平塚市)",
        "明石町一丁目",
        "四ツ角(平塚市)",
        "平塚駅北口"
    ],
    "weekday": [
        "5:58",
        "6:13",
        "6:28",
        "6:58",
        "7:18",
        "7:38",
        "7:58",
        "8:18",
        "8:48",
        "9:48",
        "10:48",
        "11:33",
        "12:33",
        "13:33",
        "14:23",
        "15:23",
        "15:43",
        "16:23",
        "16:43",
        "17:25",
        "17:55",
        "18:25",
        "18:55",
        "19:28",
        "19:58"
    ],
    "saturday": [
        "6:43",
        "7:43",
        "8:43",
        "9:43",
        "10:43",
        "11:43",
        "12:43",
        "13:43",
        "14:43",
        "15:43",
        "16:43",
        "17:43",
        "18:43",
        "19:45"
    ],
    "holiday": [
        "6:43",
        "7:43",
        "8:43",
        "9:43",
        "10:43",
        "11:43",
        "12:43",
        "13:43",
        "14:43",
        "15:43",
        "16:43",
        "17:43",
        "18:43",
        "19:45"
    ],
    "url": "https://www.kanachu.co.jp/dia/diagram/timetable01_js/course:0000802521-21/node:00127610/kt:0/lname:/"
}
