{
    "date": "2025/11/16",
    "name": "伊勢山(平塚市)",
    "position": "-",
    "system": "平86",
    "destinations": [
        "中原中宿",
        "中原東(平塚市)",
        "西新町(平塚市)",
        "平塚球場",
        "総合公園(平塚市)",
        "美術館入口(平塚市)",
        "江陽中学校前(平塚市)",
        "崇善小学校前",
        "明石町(平塚市)",
        "明石町一丁目",
        "四ツ角(平塚市)",
        "平塚駅北口"
    ],
    "weekday": [
        "6:03",
        "6:18",
        "6:33",
        "7:03",
        "7:23",
        "7:43",
        "8:03",
        "8:23",
        "8:53",
        "9:53",
        "10:53",
        "11:38",
        "12:38",
        "13:38",
        "14:28",
        "15:28",
        "15:48",
        "16:28",
        "16:48",
        "17:30",
        "18:00",
        "18:30",
        "19:00",
        "19:33",
        "20:03"
    ],
    "saturday": [
        "6:48",
        "7:48",
        "8:48",
        "9:48",
        "10:48",
        "11:48",
        "12:48",
        "13:48",
        "14:48",
        "15:48",
        "16:48",
        "17:48",
        "18:48",
        "19:50"
    ],
    "holiday": [
        "6:48",
        "7:48",
        "8:48",
        "9:48",
        "10:48",
        "11:48",
        "12:48",
        "13:48",
        "14:48",
        "15:48",
        "16:48",
        "17:48",
        "18:48",
        "19:50"
    ],
    "url": "https://www.kanachu.co.jp/dia/diagram/timetable01_js/course:0000802521-25/node:00127605/kt:0/lname:/"
}
