{
    "date": "2025/11/16",
    "name": "中原東(平塚市)",
    "position": "-",
    "system": "平86",
    "destinations": [
        "西新町(平塚市)",
        "平塚球場",
        "総合公園(平塚市)",
        "美術館入口(平塚市)",
        "江陽中学校前(平塚市)",
        "崇善小学校前",
        "明石町(平塚市)",
        "明石町一丁目",
        "四ツ角(平塚市)",
        "平塚駅北口"
    ],
    "weekday": [
        "6:05",
        "6:20",
        "6:35",
        "7:05",
        "7:25",
        "7:45",
        "8:05",
        "8:25",
        "8:55",
        "9:55",
        "10:55",
        "11:40",
        "12:40",
        "13:40",
        "14:30",
        "15:30",
        "15:50",
        "16:30",
        "16:50",
        "17:32",
        "18:02",
        "18:32",
        "19:02",
        "19:35",
        "20:05"
    ],
    "saturday": [
        "6:50",
        "7:50",
        "8:50",
        "9:50",
        "10:50",
        "11:50",
        "12:50",
        "13:50",
        "14:50",
        "15:50",
        "16:50",
        "17:50",
        "18:50",
        "19:52"
    ],
    "holiday": [
        "6:50",
        "7:50",
        "8:50",
        "9:50",
        "10:50",
        "11:50",
        "12:50",
        "13:50",
        "14:50",
        "15:50",
        "16:50",
        "17:50",
        "18:50",
        "19:52"
    ],
    "url": "https://www.kanachu.co.jp/dia/diagram/timetable01_js/course:0000802521-27/node:00127603/kt:0/lname:/"
}
