{
    "date": "2025/11/16",
    "name": "美術館入口(平塚市)",
    "position": "-",
    "system": "平86",
    "destinations": [
        "江陽中学校前(平塚市)",
        "崇善小学校前",
        "明石町(平塚市)",
        "明石町一丁目",
        "四ツ角(平塚市)",
        "平塚駅北口"
    ],
    "weekday": [
        "6:09",
        "6:24",
        "6:39",
        "7:10",
        "7:30",
        "7:50",
        "8:10",
        "8:30",
        "9:00",
        "9:59",
        "10:59",
        "11:44",
        "12:44",
        "13:44",
        "14:34",
        "15:34",
        "15:54",
        "16:34",
        "16:55",
        "17:37",
        "18:07",
        "18:37",
        "19:07",
        "19:39",
        "20:09"
    ],
    "saturday": [
        "6:54",
        "7:54",
        "8:54",
        "9:54",
        "10:54",
        "11:54",
        "12:54",
        "13:54",
        "14:54",
        "15:54",
        "16:54",
        "17:54",
        "18:54",
        "19:56"
    ],
    "holiday": [
        "6:54",
        "7:54",
        "8:54",
        "9:54",
        "10:54",
        "11:54",
        "12:54",
        "13:54",
        "14:54",
        "15:54",
        "16:54",
        "17:54",
        "18:54",
        "19:56"
    ],
    "url": "https://www.kanachu.co.jp/dia/diagram/timetable01_js/course:0000802521-31/node:00127599/kt:0/lname:/"
}
