{
    "date": "2025/11/16",
    "name": "明石町(平塚市)",
    "position": "-",
    "system": "平86",
    "destinations": [
        "明石町一丁目",
        "四ツ角(平塚市)",
        "平塚駅北口"
    ],
    "weekday": [
        "6:12",
        "6:27",
        "6:42",
        "7:13",
        "7:33",
        "7:53",
        "8:13",
        "8:33",
        "9:03",
        "10:02",
        "11:02",
        "11:47",
        "12:47",
        "13:47",
        "14:37",
        "15:37",
        "15:57",
        "16:37",
        "16:58",
        "17:40",
        "18:10",
        "18:40",
        "19:10",
        "19:42",
        "20:12"
    ],
    "saturday": [
        "6:57",
        "7:57",
        "8:57",
        "9:57",
        "10:57",
        "11:57",
        "12:57",
        "13:57",
        "14:57",
        "15:57",
        "16:57",
        "17:57",
        "18:57",
        "19:59"
    ],
    "holiday": [
        "6:57",
        "7:57",
        "8:57",
        "9:57",
        "10:57",
        "11:57",
        "12:57",
        "13:57",
        "14:57",
        "15:57",
        "16:57",
        "17:57",
        "18:57",
        "19:59"
    ],
    "url": "https://www.kanachu.co.jp/dia/diagram/timetable01_js/course:0000802521-34/node:00127458/kt:0/lname:/"
}
