{
    "system": "平86",
    "busstops": [
        {
            "index": "1",
            "id": "00128056",
            "name": "伊勢原駅南口",
            "lat": "35.395403",
            "lng": "139.313482"
        },
        {
            "index": "2",
            "id": "00128057",
            "name": "下宿(伊勢原市)",
            "lat": "35.393768",
            "lng": "139.31519"
        },
        {
            "index": "3",
            "id": "00128095",
            "name": "三福寺前",
            "lat": "35.394053",
            "lng": "139.317253"
        },
        {
            "index": "4",
            "id": "00128096",
            "name": "藤田電機前(伊勢原市)",
            "lat": "35.394021",
            "lng": "139.320496"
        },
        {
            "index": "5",
            "id": "00128097",
            "name": "西沼目",
            "lat": "35.392188",
            "lng": "139.325707"
        },
        {
            "index": "6",
            "id": "00128098",
            "name": "つきみの団地",
            "lat": "35.392101",
            "lng": "139.328822"
        },
        {
            "index": "7",
            "id": "00128099",
            "name": "沼目",
            "lat": "35.391908",
            "lng": "139.331212"
        },
        {
            "index": "8",
            "id": "00128100",
            "name": "大田小学校前",
            "lat": "35.390575",
            "lng": "139.336396"
        },
        {
            "index": "9",
            "id": "00128118",
            "name": "下谷(伊勢原市)",
            "lat": "35.391331",
            "lng": "139.338537"
        },
        {
            "index": "10",
            "id": "00128119",
            "name": "沖小稲葉",
            "lat": "35.390581",
            "lng": "139.343405"
        },
        {
            "index": "11",
            "id": "00128120",
            "name": "小稲葉",
            "lat": "35.389538",
            "lng": "139.350191"
        },
        {
            "index": "12",
            "id": "00127619",
            "name": "下小稲葉",
            "lat": "35.388344",
            "lng": "139.352579"
        },
        {
            "index": "13",
            "id": "00127618",
            "name": "枝大島入口",
            "lat": "35.38614",
            "lng": "139.352731"
        },
        {
            "index": "14",
            "id": "00127617",
            "name": "横内上",
            "lat": "35.377964",
            "lng": "139.353066"
        },
        {
            "index": "15",
            "id": "00127616",
            "name": "横内四ツ角",
            "lat": "35.375729",
            "lng": "139.35277"
        },
        {
            "index": "16",
            "id": "00127615",
            "name": "横内公民館入口",
            "lat": "35.373137",
            "lng": "139.350886"
        },
        {
            "index": "17",
            "id": "00127614",
            "name": "横内下",
            "lat": "35.370646",
            "lng": "139.350394"
        },
        {
            "index": "18",
            "id": "00127613",
            "name": "横内団地前",
            "lat": "35.365887",
            "lng": "139.349995"
        },
        {
            "index": "19",
            "id": "00127612",
            "name": "今里(平塚市)",
            "lat": "35.362052",
            "lng": "139.35114"
        },
        {
            "index": "20",
            "id": "00127611",
            "name": "坂口(平塚市)",
            "lat": "35.360413",
            "lng": "139.351043"
        },
        {
            "index": "21",
            "id": "00127610",
            "name": "市場前(平塚市)",
            "lat": "35.357929",
            "lng": "139.350746"
        },
        {
            "index": "22",
            "id": "00127609",
            "name": "大野農協前",
            "lat": "35.355259",
            "lng": "139.349464"
        },
        {
            "index": "23",
            "id": "00127608",
            "name": "西真土",
            "lat": "35.353214",
            "lng": "139.344647"
        },
        {
            "index": "24",
            "id": "00127607",
            "name": "大野中学校前",
            "lat": "35.352432",
            "lng": "139.341748"
        },
        {
            "index": "25",
            "id": "00127605",
            "name": "伊勢山(平塚市)",
            "lat": "35.350682",
            "lng": "139.335816"
        },
        {
            "index": "26",
            "id": "00127604",
            "name": "中原中宿",
            "lat": "35.348384",
            "lng": "139.336774"
        },
        {
            "index": "27",
            "id": "00127603",
            "name": "中原東(平塚市)",
            "lat": "35.34544",
            "lng": "139.337988"
        },
        {
            "index": "28",
            "id": "00127602",
            "name": "西新町(平塚市)",
            "lat": "35.34561",
            "lng": "139.341044"
        },
        {
            "index": "29",
            "id": "00127601",
            "name": "平塚球場",
            "lat": "35.345337",
            "lng": "139.344604"
        },
        {
            "index": "30",
            "id": "00127600",
            "name": "総合公園(平塚市)",
            "lat": "35.341195",
            "lng": "139.345521"
        },
        {
            "index": "31",
            "id": "00127599",
            "name": "美術館入口(平塚市)",
            "lat": "35.337783",
            "lng": "139.346282"
        },
        {
            "index": "32",
            "id": "00127598",
            "name": "江陽中学校前(平塚市)",
            "lat": "35.335617",
            "lng": "139.346665"
        },
        {
            "index": "33",
            "id": "00127597",
            "name": "崇善小学校前",
            "lat": "35.333384",
            "lng": "139.346774"
        },
        {
            "index": "34",
            "id": "00127458",
            "name": "明石町(平塚市)",
            "lat": "35.331841",
            "lng": "139.347093"
        },
        {
            "index": "35",
            "id": "00127457",
            "name": "明石町一丁目",
            "lat": "35.331473",
            "lng": "139.348777"
        },
        {
            "index": "36",
            "id": "00127190",
            "name": "四ツ角(平塚市)",
            "lat": "35.330399",
            "lng": "139.350432"
        },
        {
            "index": "37",
            "id": "00127464",
            "name": "平塚駅北口",
            "lat": "35.329255",
            "lng": "139.350287"
        }
    ],
    "route_url": "https://www.kanachu.co.jp/dia/route/index/cid:0000802521/"
}
