{
    "date": "2025/10/06",
    "name": "相模湖駅",
    "position": "-",
    "system": "湖28",
    "destinations": [
        "桂北小学校前",
        "平野(相模原市緑区)",
        "小原(相模原市緑区)",
        "底沢",
        "千木良",
        "千木良小学校前",
        "千木良診療所前",
        "宿村",
        "津久井やまゆり園前",
        "赤馬",
        "桂橋(相模原市緑区)",
        "若柳",
        "下阿津",
        "阿津",
        "寸沢嵐",
        "寸沢嵐遺跡前",
        "沼本",
        "道志橋",
        "桜木(相模原市緑区)",
        "三ヶ木"
    ],
    "weekday": [
        "6:55",
        "7:57",
        "8:40",
        "9:34",
        "10:39",
        "11:51",
        "12:51",
        "13:30",
        "14:50",
        "15:40",
        "16:38",
        "17:36",
        "18:37",
        "19:37",
        "21:33"
    ],
    "saturday": [
        "6:55",
        "7:48",
        "8:48",
        "10:35",
        "12:11",
        "13:12",
        "14:22",
        "15:32",
        "16:42",
        "17:35",
        "18:38",
        "20:03",
        "21:13"
    ],
    "holiday": [
        "6:55",
        "7:48",
        "8:48",
        "10:35",
        "12:11",
        "13:12",
        "14:22",
        "15:32",
        "16:42",
        "17:35",
        "18:38",
        "20:03",
        "21:13"
    ],
    "url": "https://www.kanachu.co.jp/dia/diagram/timetable01_js/course:0000803804-1/node:00128918/kt:0/lname:/"
}
