{
    "date": "2025/08/04",
    "name": "久保沢",
    "position": "-",
    "system": "橋08",
    "destinations": [
        "谷ヶ原",
        "都井沢",
        "若葉台中央(相模原市緑区)",
        "若葉台住宅"
    ],
    "weekday": [
        "20:28",
        "21:08",
        "21:28",
        "22:08",
        "22:38"
    ],
    "saturday": [
        "20:29",
        "21:09",
        "21:29",
        "22:14",
        "22:44"
    ],
    "holiday": [
        "20:29",
        "21:09",
        "21:29",
        "22:14"
    ],
    "url": "https://www.kanachu.co.jp/dia/diagram/timetable01_js/course:0000801261-14/node:00128959/kt:0/lname:/"
}
