{
    "date": "2025/08/04",
    "name": "谷ヶ原",
    "position": "-",
    "system": "橋08",
    "destinations": [
        "都井沢",
        "若葉台中央(相模原市緑区)",
        "若葉台住宅"
    ],
    "weekday": [
        "20:29",
        "21:09",
        "21:29",
        "22:09",
        "22:39"
    ],
    "saturday": [
        "20:30",
        "21:10",
        "21:30",
        "22:15",
        "22:45"
    ],
    "holiday": [
        "20:30",
        "21:10",
        "21:30",
        "22:15"
    ],
    "url": "https://www.kanachu.co.jp/dia/diagram/timetable01_js/course:0000801261-15/node:00128958/kt:0/lname:/"
}
