{
    "date": "2025/08/04",
    "name": "若葉台中央(相模原市緑区)",
    "position": "-",
    "system": "橋08",
    "destinations": [
        "若葉台住宅"
    ],
    "weekday": [
        "20:32",
        "21:12",
        "21:32",
        "22:12",
        "22:42"
    ],
    "saturday": [
        "20:33",
        "21:13",
        "21:33",
        "22:18",
        "22:48"
    ],
    "holiday": [
        "20:33",
        "21:13",
        "21:33",
        "22:18"
    ],
    "url": "https://www.kanachu.co.jp/dia/diagram/timetable01_js/course:0000801261-17/node:00128873/kt:0/lname:/"
}
