{
    "system": "橋08",
    "busstops": [
        {
            "index": "1",
            "id": "00128969",
            "name": "橋本駅北口",
            "lat": "35.595826",
            "lng": "139.344451"
        },
        {
            "index": "2",
            "id": "00020098",
            "name": "旭農協前",
            "lat": "35.597185",
            "lng": "139.34619"
        },
        {
            "index": "3",
            "id": "00020095",
            "name": "旭小学校前(相模原市緑区)",
            "lat": "35.599098",
            "lng": "139.343655"
        },
        {
            "index": "4",
            "id": "00020335",
            "name": "香福寺前",
            "lat": "35.600287",
            "lng": "139.341339"
        },
        {
            "index": "5",
            "id": "00128968",
            "name": "上町(相模原市緑区)",
            "lat": "35.597906",
            "lng": "139.334771"
        },
        {
            "index": "6",
            "id": "00128967",
            "name": "大西(相模原市緑区)",
            "lat": "35.598241",
            "lng": "139.330491"
        },
        {
            "index": "7",
            "id": "00128966",
            "name": "相原台",
            "lat": "35.598383",
            "lng": "139.328313"
        },
        {
            "index": "8",
            "id": "00128965",
            "name": "相原中央",
            "lat": "35.598479",
            "lng": "139.325669"
        },
        {
            "index": "9",
            "id": "00128964",
            "name": "二本松(相模原市緑区)",
            "lat": "35.59845",
            "lng": "139.321176"
        },
        {
            "index": "10",
            "id": "00128963",
            "name": "森の上",
            "lat": "35.598283",
            "lng": "139.3169"
        },
        {
            "index": "11",
            "id": "00128962",
            "name": "東原宿",
            "lat": "35.597417",
            "lng": "139.312352"
        },
        {
            "index": "12",
            "id": "00128961",
            "name": "原宿(相模原市緑区)",
            "lat": "35.596918",
            "lng": "139.309052"
        },
        {
            "index": "13",
            "id": "00128960",
            "name": "城山総合事務所入口",
            "lat": "35.595949",
            "lng": "139.305037"
        },
        {
            "index": "14",
            "id": "00128959",
            "name": "久保沢",
            "lat": "35.593195",
            "lng": "139.300428"
        },
        {
            "index": "15",
            "id": "00128958",
            "name": "谷ヶ原",
            "lat": "35.591496",
            "lng": "139.294011"
        },
        {
            "index": "16",
            "id": "00128957",
            "name": "都井沢",
            "lat": "35.591277",
            "lng": "139.291648"
        },
        {
            "index": "17",
            "id": "00128873",
            "name": "若葉台中央(相模原市緑区)",
            "lat": "35.59551",
            "lng": "139.293591"
        },
        {
            "index": "18",
            "id": "00128874",
            "name": "若葉台住宅",
            "lat": "35.596608",
            "lng": "139.290584"
        }
    ],
    "route_url": "https://www.kanachu.co.jp/dia/route/index/cid:0000801261/"
}
