{
    "date": "2026/01/16",
    "name": "慶応大学",
    "position": "-",
    "system": "湘25",
    "destinations": [
        "慶応大学本館前",
        "慶応中高等部前"
    ],
    "weekday": [
        "7:19",
        "7:26",
        "7:32",
        "7:38",
        "7:43",
        "7:50",
        "7:56",
        "8:02",
        "8:08",
        "8:13",
        "8:17",
        "8:21",
        "8:26",
        "8:33",
        "8:41",
        "8:47",
        "8:54",
        "8:59",
        "9:04",
        "9:09",
        "9:14",
        "9:21",
        "9:29",
        "9:37",
        "9:45",
        "9:57",
        "10:21",
        "10:31",
        "10:51",
        "12:09",
        "12:19",
        "12:29",
        "12:54",
        "13:14",
        "13:29",
        "13:39",
        "14:14",
        "14:34",
        "15:01",
        "15:21",
        "15:49",
        "16:03",
        "16:10",
        "16:17",
        "16:36",
        "16:46",
        "16:56",
        "17:03",
        "17:11",
        "17:19",
        "17:27",
        "17:37",
        "17:47",
        "17:55",
        "18:02",
        "18:09",
        "18:17",
        "18:33",
        "18:41",
        "18:48",
        "18:55",
        "19:02",
        "19:09",
        "19:22",
        "19:37",
        "20:02"
    ],
    "saturday": [
        "7:26",
        "7:32",
        "7:38",
        "7:43",
        "7:50",
        "7:56",
        "8:02",
        "8:08",
        "8:13",
        "8:17",
        "8:21",
        "8:26",
        "8:33",
        "8:42",
        "8:51",
        "9:00",
        "9:08",
        "9:19",
        "9:31",
        "9:44",
        "10:09",
        "10:24",
        "11:09",
        "11:24",
        "11:44",
        "12:09",
        "12:24",
        "12:39",
        "12:49",
        "13:09",
        "13:20",
        "13:27",
        "13:34",
        "13:41",
        "13:59",
        "14:07",
        "14:15",
        "14:23",
        "14:32",
        "14:42",
        "14:59",
        "15:19",
        "15:39",
        "16:14",
        "16:29",
        "16:44",
        "17:14",
        "17:29",
        "17:44",
        "18:24",
        "18:39",
        "19:12",
        "19:29"
    ],
    "holiday": [],
    "url": "https://www.kanachu.co.jp/dia/diagram/timetable01_js/course:0000804278-3/node:00129985/kt:0/lname:/"
}
