{
    "date": "2025/01/14",
    "name": "松蓮寺",
    "position": "-",
    "system": "厚08",
    "destinations": [
        "妻田薬師",
        "中村入口(厚木市)",
        "妻田",
        "三家入口(厚木市)",
        "木売場",
        "市立病院前(厚木市)",
        "税務署入口(厚木市)",
        "市役所入口(厚木市)",
        "本厚木駅",
        "厚木バスセンター"
    ],
    "weekday": [
        "5:15",
        "5:34",
        "5:44",
        "5:53",
        "6:00",
        "6:05",
        "6:34",
        "6:41",
        "6:57",
        "7:00",
        "7:06",
        "7:11",
        "7:16",
        "7:31",
        "7:35",
        "7:41",
        "7:45",
        "7:57",
        "8:00",
        "8:21",
        "8:38",
        "9:55",
        "10:05",
        "10:42",
        "10:50",
        "10:55",
        "11:02",
        "11:35",
        "11:40",
        "11:55",
        "12:02",
        "12:20",
        "12:53",
        "13:38",
        "13:53",
        "14:38",
        "14:53",
        "15:18",
        "15:53",
        "16:23",
        "16:38",
        "17:42",
        "17:55",
        "18:52",
        "19:02",
        "19:58",
        "20:36",
        "21:10"
    ],
    "saturday": [
        "5:20",
        "5:45",
        "6:05",
        "6:50",
        "7:08",
        "7:45",
        "8:45",
        "9:15",
        "9:45",
        "9:54",
        "10:15",
        "10:25",
        "11:05",
        "11:15",
        "11:20",
        "11:50",
        "12:50",
        "13:05",
        "13:20",
        "13:50",
        "14:05",
        "14:50",
        "15:20",
        "15:25",
        "16:05",
        "16:20",
        "16:42",
        "17:20",
        "17:45",
        "18:45",
        "20:08",
        "21:27"
    ],
    "holiday": [
        "5:20",
        "5:55",
        "6:20",
        "7:20",
        "7:45",
        "8:05",
        "8:45",
        "9:05",
        "9:15",
        "9:25",
        "9:45",
        "10:05",
        "10:20",
        "11:05",
        "11:15",
        "11:23",
        "11:50",
        "12:20",
        "12:50",
        "13:20",
        "13:50",
        "15:45",
        "16:20",
        "17:20",
        "17:45",
        "18:20",
        "20:50",
        "21:20",
        "21:50"
    ],
    "url": "https://www.kanachu.co.jp/dia/diagram/timetable01_js/course:0000800352-1/node:00128265/kt:0/lname:/"
}
