{
    "date": "2025/01/14",
    "name": "妻田",
    "position": "-",
    "system": "厚08",
    "destinations": [
        "三家入口(厚木市)",
        "木売場",
        "市立病院前(厚木市)",
        "税務署入口(厚木市)",
        "市役所入口(厚木市)",
        "本厚木駅",
        "厚木バスセンター"
    ],
    "weekday": [
        "5:20",
        "5:39",
        "5:49",
        "5:58",
        "6:05",
        "6:10",
        "6:39",
        "6:46",
        "7:02",
        "7:05",
        "7:11",
        "7:16",
        "7:21",
        "7:38",
        "7:42",
        "7:48",
        "7:52",
        "8:04",
        "8:07",
        "8:28",
        "8:45",
        "10:02",
        "10:12",
        "10:49",
        "10:57",
        "11:02",
        "11:09",
        "11:42",
        "11:47",
        "12:02",
        "12:09",
        "12:27",
        "13:00",
        "13:45",
        "14:00",
        "14:45",
        "15:00",
        "15:25",
        "16:00",
        "16:30",
        "16:45",
        "17:49",
        "18:02",
        "18:59",
        "19:07",
        "20:03",
        "20:41",
        "21:15"
    ],
    "saturday": [
        "5:23",
        "5:48",
        "6:08",
        "6:53",
        "7:11",
        "7:50",
        "8:50",
        "9:21",
        "9:51",
        "10:00",
        "10:21",
        "10:31",
        "11:11",
        "11:21",
        "11:26",
        "11:56",
        "12:56",
        "13:11",
        "13:26",
        "13:56",
        "14:11",
        "14:56",
        "15:28",
        "15:33",
        "16:13",
        "16:28",
        "16:50",
        "17:28",
        "17:53",
        "18:53",
        "20:13",
        "21:32"
    ],
    "holiday": [
        "5:23",
        "5:58",
        "6:23",
        "7:23",
        "7:48",
        "8:09",
        "8:49",
        "9:09",
        "9:19",
        "9:29",
        "9:49",
        "10:11",
        "10:26",
        "11:11",
        "11:21",
        "11:29",
        "11:56",
        "12:26",
        "12:56",
        "13:26",
        "13:56",
        "15:53",
        "16:28",
        "17:28",
        "17:53",
        "18:28",
        "20:55",
        "21:25",
        "21:55"
    ],
    "url": "https://www.kanachu.co.jp/dia/diagram/timetable01_js/course:0000800352-4/node:00128262/kt:0/lname:/"
}
