{
    "date": "2025/01/14",
    "name": "木売場",
    "position": "-",
    "system": "厚08",
    "destinations": [
        "市立病院前(厚木市)",
        "税務署入口(厚木市)",
        "市役所入口(厚木市)",
        "本厚木駅",
        "厚木バスセンター"
    ],
    "weekday": [
        "5:22",
        "5:41",
        "5:51",
        "6:00",
        "6:07",
        "6:12",
        "6:41",
        "6:48",
        "7:04",
        "7:07",
        "7:13",
        "7:18",
        "7:23",
        "7:41",
        "7:45",
        "7:51",
        "7:55",
        "8:07",
        "8:10",
        "8:31",
        "8:48",
        "10:04",
        "10:14",
        "10:51",
        "10:59",
        "11:04",
        "11:11",
        "11:44",
        "11:49",
        "12:04",
        "12:11",
        "12:29",
        "13:02",
        "13:47",
        "14:02",
        "14:47",
        "15:02",
        "15:27",
        "16:02",
        "16:32",
        "16:47",
        "17:51",
        "18:04",
        "19:01",
        "19:09",
        "20:05",
        "20:43",
        "21:17"
    ],
    "saturday": [
        "5:25",
        "5:50",
        "6:10",
        "6:55",
        "7:13",
        "7:52",
        "8:52",
        "9:24",
        "9:54",
        "10:03",
        "10:24",
        "10:34",
        "11:14",
        "11:24",
        "11:29",
        "11:59",
        "12:59",
        "13:14",
        "13:29",
        "13:59",
        "14:14",
        "14:59",
        "15:30",
        "15:35",
        "16:15",
        "16:30",
        "16:52",
        "17:30",
        "17:55",
        "18:55",
        "20:15",
        "21:34"
    ],
    "holiday": [
        "5:25",
        "6:00",
        "6:25",
        "7:25",
        "7:50",
        "8:11",
        "8:51",
        "9:11",
        "9:21",
        "9:31",
        "9:51",
        "10:13",
        "10:28",
        "11:13",
        "11:23",
        "11:31",
        "11:58",
        "12:28",
        "12:58",
        "13:28",
        "13:58",
        "15:55",
        "16:30",
        "17:30",
        "17:55",
        "18:30",
        "20:57",
        "21:27",
        "21:57"
    ],
    "url": "https://www.kanachu.co.jp/dia/diagram/timetable01_js/course:0000800352-6/node:00128260/kt:0/lname:/"
}
