{
    "date": "2025/01/14",
    "name": "市立病院前(厚木市)",
    "position": "-",
    "system": "厚08",
    "destinations": [
        "税務署入口(厚木市)",
        "市役所入口(厚木市)",
        "本厚木駅",
        "厚木バスセンター"
    ],
    "weekday": [
        "5:24",
        "5:43",
        "5:53",
        "6:02",
        "6:09",
        "6:14",
        "6:43",
        "6:50",
        "7:06",
        "7:09",
        "7:15",
        "7:20",
        "7:25",
        "7:44",
        "7:48",
        "7:54",
        "7:58",
        "8:10",
        "8:13",
        "8:34",
        "8:51",
        "10:06",
        "10:16",
        "10:53",
        "11:01",
        "11:06",
        "11:13",
        "11:46",
        "11:51",
        "12:06",
        "12:13",
        "12:31",
        "13:04",
        "13:49",
        "14:04",
        "14:49",
        "15:04",
        "15:29",
        "16:05",
        "16:35",
        "16:50",
        "17:54",
        "18:07",
        "19:02",
        "19:10",
        "20:06",
        "20:44",
        "21:18"
    ],
    "saturday": [
        "5:26",
        "5:51",
        "6:11",
        "6:56",
        "7:14",
        "7:54",
        "8:54",
        "9:26",
        "9:56",
        "10:05",
        "10:26",
        "10:36",
        "11:16",
        "11:26",
        "11:31",
        "12:01",
        "13:01",
        "13:16",
        "13:31",
        "14:01",
        "14:16",
        "15:01",
        "15:32",
        "15:37",
        "16:17",
        "16:32",
        "16:54",
        "17:32",
        "17:57",
        "18:57",
        "20:16",
        "21:35"
    ],
    "holiday": [
        "5:26",
        "6:01",
        "6:26",
        "7:26",
        "7:51",
        "8:12",
        "8:52",
        "9:12",
        "9:22",
        "9:32",
        "9:52",
        "10:16",
        "10:31",
        "11:16",
        "11:26",
        "11:34",
        "12:01",
        "12:31",
        "13:01",
        "13:31",
        "14:01",
        "15:57",
        "16:32",
        "17:32",
        "17:57",
        "18:32",
        "20:59",
        "21:29",
        "21:59"
    ],
    "url": "https://www.kanachu.co.jp/dia/diagram/timetable01_js/course:0000800352-7/node:00128259/kt:0/lname:/"
}
