{
    "date": "2025/01/14",
    "name": "税務署入口(厚木市)",
    "position": "-",
    "system": "厚08",
    "destinations": [
        "市役所入口(厚木市)",
        "本厚木駅",
        "厚木バスセンター"
    ],
    "weekday": [
        "5:25",
        "5:44",
        "5:54",
        "6:03",
        "6:10",
        "6:15",
        "6:44",
        "6:51",
        "7:07",
        "7:10",
        "7:16",
        "7:21",
        "7:26",
        "7:45",
        "7:49",
        "7:55",
        "7:59",
        "8:11",
        "8:14",
        "8:35",
        "8:52",
        "10:07",
        "10:17",
        "10:54",
        "11:02",
        "11:07",
        "11:14",
        "11:47",
        "11:52",
        "12:07",
        "12:14",
        "12:32",
        "13:05",
        "13:50",
        "14:05",
        "14:50",
        "15:05",
        "15:30",
        "16:06",
        "16:36",
        "16:51",
        "17:55",
        "18:08",
        "19:03",
        "19:11",
        "20:07",
        "20:45",
        "21:19"
    ],
    "saturday": [
        "5:27",
        "5:52",
        "6:12",
        "6:57",
        "7:15",
        "7:55",
        "8:55",
        "9:27",
        "9:57",
        "10:06",
        "10:27",
        "10:37",
        "11:17",
        "11:27",
        "11:32",
        "12:02",
        "13:02",
        "13:17",
        "13:32",
        "14:02",
        "14:17",
        "15:02",
        "15:33",
        "15:38",
        "16:18",
        "16:33",
        "16:55",
        "17:33",
        "17:58",
        "18:58",
        "20:17",
        "21:36"
    ],
    "holiday": [
        "5:27",
        "6:02",
        "6:27",
        "7:27",
        "7:52",
        "8:13",
        "8:53",
        "9:13",
        "9:23",
        "9:33",
        "9:53",
        "10:17",
        "10:32",
        "11:17",
        "11:27",
        "11:35",
        "12:02",
        "12:32",
        "13:02",
        "13:32",
        "14:02",
        "15:58",
        "16:33",
        "17:33",
        "17:58",
        "18:33",
        "21:00",
        "21:30",
        "22:00"
    ],
    "url": "https://www.kanachu.co.jp/dia/diagram/timetable01_js/course:0000800352-8/node:00128258/kt:0/lname:/"
}
