{
    "date": "2025/01/14",
    "name": "市役所入口(厚木市)",
    "position": "-",
    "system": "厚08",
    "destinations": [
        "本厚木駅",
        "厚木バスセンター"
    ],
    "weekday": [
        "5:27",
        "5:46",
        "5:56",
        "6:05",
        "6:12",
        "6:17",
        "6:46",
        "6:53",
        "7:09",
        "7:12",
        "7:18",
        "7:23",
        "7:28",
        "7:48",
        "7:52",
        "7:58",
        "8:02",
        "8:14",
        "8:17",
        "8:38",
        "8:55",
        "10:09",
        "10:19",
        "10:56",
        "11:04",
        "11:09",
        "11:16",
        "11:49",
        "11:54",
        "12:09",
        "12:16",
        "12:34",
        "13:07",
        "13:52",
        "14:07",
        "14:52",
        "15:07",
        "15:32",
        "16:09",
        "16:39",
        "16:54",
        "17:58",
        "18:11",
        "19:05",
        "19:13",
        "20:09",
        "20:47",
        "21:21"
    ],
    "saturday": [
        "5:29",
        "5:54",
        "6:14",
        "6:59",
        "7:17",
        "7:57",
        "8:57",
        "9:29",
        "9:59",
        "10:08",
        "10:29",
        "10:39",
        "11:19",
        "11:29",
        "11:34",
        "12:04",
        "13:04",
        "13:19",
        "13:34",
        "14:04",
        "14:19",
        "15:05",
        "15:36",
        "15:41",
        "16:21",
        "16:36",
        "16:58",
        "17:36",
        "18:01",
        "19:01",
        "20:19",
        "21:38"
    ],
    "holiday": [
        "5:29",
        "6:04",
        "6:29",
        "7:29",
        "7:54",
        "8:15",
        "8:55",
        "9:15",
        "9:25",
        "9:35",
        "9:55",
        "10:19",
        "10:34",
        "11:19",
        "11:29",
        "11:37",
        "12:04",
        "12:34",
        "13:04",
        "13:34",
        "14:04",
        "16:00",
        "16:35",
        "17:35",
        "18:00",
        "18:35",
        "21:02",
        "21:32",
        "22:02"
    ],
    "url": "https://www.kanachu.co.jp/dia/diagram/timetable01_js/course:0000800352-9/node:00128396/kt:0/lname:/"
}
