{
    "date": "2025/07/27",
    "name": "中丸橋(秦野市)",
    "position": "-",
    "system": "秦21",
    "destinations": [
        "久保(秦野市)",
        "才戸入口",
        "小蓑毛",
        "鳥居前(秦野市)",
        "青年橋",
        "蓑毛中",
        "蓑毛",
        "菜の花台",
        "表丹沢林道入口",
        "ヤビツ峠"
    ],
    "weekday": [
        "8:36"
    ],
    "saturday": [
        "7:31",
        "7:55",
        "8:35",
        "9:15",
        "14:41",
        "15:46"
    ],
    "holiday": [
        "7:31",
        "7:55",
        "8:35",
        "9:15",
        "14:41",
        "15:46"
    ],
    "url": "https://www.kanachu.co.jp/dia/diagram/timetable01_js/course:0000801327-13/node:00127844/kt:0/lname:/"
}
