{
    "date": "2025/07/27",
    "name": "青年橋",
    "position": "-",
    "system": "秦21",
    "destinations": [
        "蓑毛中",
        "蓑毛",
        "菜の花台",
        "表丹沢林道入口",
        "ヤビツ峠"
    ],
    "weekday": [
        "8:39"
    ],
    "saturday": [
        "7:34",
        "7:58",
        "8:38",
        "9:18",
        "14:44",
        "15:49"
    ],
    "holiday": [
        "7:34",
        "7:58",
        "8:38",
        "9:18",
        "14:44",
        "15:49"
    ],
    "url": "https://www.kanachu.co.jp/dia/diagram/timetable01_js/course:0000801327-18/node:00127849/kt:0/lname:/"
}
