{
    "date": "2025/07/27",
    "name": "二宮駅南口",
    "position": "-",
    "system": "平47",
    "destinations": [
        "秦野道",
        "塩海橋",
        "下町(中郡二宮町)",
        "変電所前(中郡大磯町)",
        "槇の木",
        "国府新宿",
        "大磯プリンスホテル入口",
        "中丸(中郡大磯町)",
        "城山公園前(中郡大磯町)",
        "八坂神社(中郡大磯町)",
        "白岩大門",
        "統監道",
        "大磯小学校前",
        "大磯駅",
        "図書館前(中郡大磯町)",
        "大磯局前",
        "山王町(中郡大磯町)",
        "長者町(中郡大磯町)",
        "化粧坂",
        "花水",
        "古花水",
        "柳町(平塚市)",
        "豊田道",
        "八間通り",
        "平塚文化芸術ホール前",
        "銀座通り(平塚市)",
        "平塚駅北口"
    ],
    "weekday": [
        "5:45",
        "6:20",
        "6:45",
        "7:06",
        "7:28",
        "7:57",
        "8:27",
        "8:57",
        "9:25",
        "9:55",
        "10:25",
        "10:55",
        "11:27",
        "12:27",
        "12:55",
        "13:27",
        "13:56",
        "14:27",
        "15:27",
        "15:55",
        "16:27",
        "16:55",
        "17:27",
        "17:57",
        "18:18",
        "18:45",
        "19:24",
        "19:43",
        "20:13",
        "20:53"
    ],
    "saturday": [
        "6:26",
        "7:06",
        "7:36",
        "8:05",
        "8:35",
        "8:56",
        "9:30",
        "10:05",
        "10:35",
        "11:05",
        "11:35",
        "12:05",
        "12:35",
        "13:05",
        "13:35",
        "14:05",
        "14:35",
        "15:05",
        "15:35",
        "16:05",
        "16:35",
        "17:05",
        "17:32",
        "18:02",
        "18:32",
        "19:02",
        "19:32",
        "20:44"
    ],
    "holiday": [
        "6:26",
        "7:06",
        "7:36",
        "8:05",
        "8:35",
        "8:56",
        "9:30",
        "10:05",
        "10:35",
        "11:05",
        "11:35",
        "12:05",
        "12:35",
        "13:05",
        "13:35",
        "14:05",
        "14:35",
        "15:05",
        "15:35",
        "16:05",
        "16:35",
        "17:05",
        "17:32",
        "18:02",
        "18:32",
        "19:02",
        "19:32",
        "20:44"
    ],
    "url": "https://www.kanachu.co.jp/dia/diagram/timetable01_js/course:0000803812-1/node:00127489/kt:0/lname:/"
}
