{
    "date": "2025/07/27",
    "name": "中丸(中郡大磯町)",
    "position": "-",
    "system": "平47",
    "destinations": [
        "城山公園前(中郡大磯町)",
        "八坂神社(中郡大磯町)",
        "白岩大門",
        "統監道",
        "大磯小学校前",
        "大磯駅",
        "図書館前(中郡大磯町)",
        "大磯局前",
        "山王町(中郡大磯町)",
        "長者町(中郡大磯町)",
        "化粧坂",
        "花水",
        "古花水",
        "柳町(平塚市)",
        "豊田道",
        "八間通り",
        "平塚文化芸術ホール前",
        "銀座通り(平塚市)",
        "平塚駅北口"
    ],
    "weekday": [
        "5:50",
        "6:25",
        "6:50",
        "7:11",
        "7:33",
        "8:03",
        "8:33",
        "9:03",
        "9:31",
        "10:01",
        "10:31",
        "11:01",
        "11:33",
        "12:33",
        "13:01",
        "13:33",
        "14:02",
        "14:33",
        "15:33",
        "16:01",
        "16:33",
        "17:01",
        "17:33",
        "18:03",
        "18:24",
        "18:51",
        "19:30",
        "19:49",
        "20:19",
        "20:59"
    ],
    "saturday": [
        "6:32",
        "7:12",
        "7:42",
        "8:11",
        "8:41",
        "9:02",
        "9:36",
        "10:11",
        "10:41",
        "11:11",
        "11:41",
        "12:11",
        "12:41",
        "13:11",
        "13:41",
        "14:11",
        "14:41",
        "15:11",
        "15:41",
        "16:11",
        "16:41",
        "17:11",
        "17:38",
        "18:08",
        "18:38",
        "19:08",
        "19:38",
        "20:50"
    ],
    "holiday": [
        "6:32",
        "7:12",
        "7:42",
        "8:11",
        "8:41",
        "9:02",
        "9:36",
        "10:11",
        "10:41",
        "11:11",
        "11:41",
        "12:11",
        "12:41",
        "13:11",
        "13:41",
        "14:11",
        "14:41",
        "15:11",
        "15:41",
        "16:11",
        "16:41",
        "17:11",
        "17:38",
        "18:08",
        "18:38",
        "19:08",
        "19:38",
        "20:50"
    ],
    "url": "https://www.kanachu.co.jp/dia/diagram/timetable01_js/course:0000803812-9/node:00127481/kt:0/lname:/"
}
