{
    "date": "2025/07/27",
    "name": "統監道",
    "position": "-",
    "system": "平47",
    "destinations": [
        "大磯小学校前",
        "大磯駅",
        "図書館前(中郡大磯町)",
        "大磯局前",
        "山王町(中郡大磯町)",
        "長者町(中郡大磯町)",
        "化粧坂",
        "花水",
        "古花水",
        "柳町(平塚市)",
        "豊田道",
        "八間通り",
        "平塚文化芸術ホール前",
        "銀座通り(平塚市)",
        "平塚駅北口"
    ],
    "weekday": [
        "5:55",
        "6:30",
        "6:55",
        "7:16",
        "7:39",
        "8:09",
        "8:39",
        "9:08",
        "9:36",
        "10:06",
        "10:36",
        "11:06",
        "11:38",
        "12:38",
        "13:06",
        "13:38",
        "14:07",
        "14:38",
        "15:38",
        "16:06",
        "16:38",
        "17:06",
        "17:38",
        "18:08",
        "18:29",
        "18:56",
        "19:35",
        "19:54",
        "20:24",
        "21:04"
    ],
    "saturday": [
        "6:37",
        "7:17",
        "7:47",
        "8:16",
        "8:46",
        "9:07",
        "9:41",
        "10:16",
        "10:46",
        "11:16",
        "11:46",
        "12:16",
        "12:46",
        "13:16",
        "13:46",
        "14:16",
        "14:46",
        "15:16",
        "15:46",
        "16:16",
        "16:46",
        "17:16",
        "17:43",
        "18:13",
        "18:43",
        "19:13",
        "19:43",
        "20:55"
    ],
    "holiday": [
        "6:37",
        "7:17",
        "7:47",
        "8:16",
        "8:46",
        "9:07",
        "9:41",
        "10:16",
        "10:46",
        "11:16",
        "11:46",
        "12:16",
        "12:46",
        "13:16",
        "13:46",
        "14:16",
        "14:46",
        "15:16",
        "15:46",
        "16:16",
        "16:46",
        "17:16",
        "17:43",
        "18:13",
        "18:43",
        "19:13",
        "19:43",
        "20:55"
    ],
    "url": "https://www.kanachu.co.jp/dia/diagram/timetable01_js/course:0000803812-13/node:00127478/kt:0/lname:/"
}
