{
    "date": "2025/07/27",
    "name": "豊田道",
    "position": "-",
    "system": "平47",
    "destinations": [
        "八間通り",
        "平塚文化芸術ホール前",
        "銀座通り(平塚市)",
        "平塚駅北口"
    ],
    "weekday": [
        "6:07",
        "6:42",
        "7:07",
        "7:28",
        "7:55",
        "8:25",
        "8:55",
        "9:21",
        "9:49",
        "10:19",
        "10:49",
        "11:19",
        "11:51",
        "12:51",
        "13:19",
        "13:51",
        "14:20",
        "14:51",
        "15:51",
        "16:20",
        "16:52",
        "17:20",
        "17:52",
        "18:22",
        "18:43",
        "19:09",
        "19:48",
        "20:07",
        "20:37",
        "21:17"
    ],
    "saturday": [
        "6:50",
        "7:30",
        "8:00",
        "8:29",
        "8:59",
        "9:20",
        "9:54",
        "10:29",
        "10:59",
        "11:29",
        "11:59",
        "12:29",
        "12:59",
        "13:29",
        "13:59",
        "14:29",
        "14:59",
        "15:29",
        "15:59",
        "16:29",
        "16:59",
        "17:29",
        "17:56",
        "18:26",
        "18:56",
        "19:26",
        "19:56",
        "21:08"
    ],
    "holiday": [
        "6:50",
        "7:30",
        "8:00",
        "8:29",
        "8:59",
        "9:20",
        "9:54",
        "10:29",
        "10:59",
        "11:29",
        "11:59",
        "12:29",
        "12:59",
        "13:29",
        "13:59",
        "14:29",
        "14:59",
        "15:29",
        "15:59",
        "16:29",
        "16:59",
        "17:29",
        "17:56",
        "18:26",
        "18:56",
        "19:26",
        "19:56",
        "21:08"
    ],
    "url": "https://www.kanachu.co.jp/dia/diagram/timetable01_js/course:0000803812-24/node:00127468/kt:0/lname:/"
}
