{
    "date": "2020/05/11",
    "name": "長後市民センター前",
    "position": "-",
    "system": "長41",
    "destinations": [
        "住宅前(藤沢市下土棚)",
        "こぶし荘",
        "渋谷ノ里",
        "とどろき公園",
        "渋谷ヶ原",
        "東谷(藤沢市)",
        "湘南台駅西口"
    ],
    "weekday": [
        "8:41",
        "12:21",
        "15:51"
    ],
    "saturday": [
        "8:41",
        "12:21",
        "15:51"
    ],
    "holiday": [
        "8:41",
        "12:21",
        "15:51"
    ],
    "url": "https://www.kanachu.co.jp/dia/diagram/timetable01_js/course:0000800228-2/node:00129813/kt:0/lname:/"
}
