{
    "date": "2020/05/11",
    "name": "住宅前(藤沢市下土棚)",
    "position": "-",
    "system": "長41",
    "destinations": [
        "こぶし荘",
        "渋谷ノ里",
        "とどろき公園",
        "渋谷ヶ原",
        "東谷(藤沢市)",
        "湘南台駅西口"
    ],
    "weekday": [
        "8:42",
        "12:22",
        "15:52"
    ],
    "saturday": [
        "8:42",
        "12:22",
        "15:52"
    ],
    "holiday": [
        "8:42",
        "12:22",
        "15:52"
    ],
    "url": "https://www.kanachu.co.jp/dia/diagram/timetable01_js/course:0000800228-3/node:00130196/kt:0/lname:/"
}
