{
    "date": "2020/05/11",
    "name": "渋谷ヶ原",
    "position": "-",
    "system": "長41",
    "destinations": [
        "東谷(藤沢市)",
        "湘南台駅西口"
    ],
    "weekday": [
        "8:46",
        "12:26",
        "15:56"
    ],
    "saturday": [
        "8:46",
        "12:26",
        "15:56"
    ],
    "holiday": [
        "8:46",
        "12:26",
        "15:56"
    ],
    "url": "https://www.kanachu.co.jp/dia/diagram/timetable01_js/course:0000800228-7/node:00129980/kt:0/lname:/"
}
