{
    "date": "2024/12/16",
    "name": "平塚駅北口",
    "position": "-",
    "system": "平30",
    "destinations": [
        "四ツ角(平塚市)",
        "市役所前(ゴム前/平塚市)",
        "横浜ゴム前",
        "立野町(平塚市)",
        "追分(平塚市)",
        "江南高校前",
        "向原(平塚市)",
        "南原(平塚市)",
        "南原土手",
        "徳延神社前",
        "徳延",
        "河内(平塚市)",
        "坂間",
        "中沢橋",
        "めぐみが丘南",
        "めぐみが丘西",
        "めぐみが丘北",
        "湘南めぐみが丘"
    ],
    "weekday": [
        "6:32",
        "6:46",
        "7:00",
        "7:12",
        "7:29",
        "7:44",
        "7:58",
        "8:29",
        "8:59",
        "9:29",
        "9:59",
        "10:29",
        "10:55",
        "11:29",
        "11:59",
        "12:29",
        "12:55",
        "13:29",
        "13:55",
        "14:29",
        "14:59",
        "15:29",
        "16:04",
        "16:29",
        "16:46",
        "17:06",
        "17:26",
        "17:46",
        "18:08",
        "18:21",
        "18:38",
        "18:55",
        "19:11",
        "19:33",
        "19:51",
        "20:11",
        "20:33",
        "20:51",
        "21:13",
        "21:38",
        "22:10",
        "22:41",
        "23:30"
    ],
    "saturday": [
        "7:26",
        "8:05",
        "8:45",
        "9:25",
        "10:05",
        "10:45",
        "11:26",
        "12:05",
        "12:45",
        "13:25",
        "14:05",
        "14:45",
        "15:25",
        "16:04",
        "16:42",
        "17:22",
        "18:02",
        "18:43",
        "19:24",
        "20:10",
        "21:07",
        "22:07"
    ],
    "holiday": [
        "7:26",
        "8:05",
        "8:45",
        "9:25",
        "10:05",
        "10:45",
        "11:26",
        "12:05",
        "12:45",
        "13:25",
        "14:05",
        "14:45",
        "15:25",
        "16:04",
        "16:42",
        "17:22",
        "18:02",
        "18:43",
        "19:24",
        "20:10",
        "21:07",
        "22:07"
    ],
    "url": "https://www.kanachu.co.jp/dia/diagram/timetable01_js/course:0000801779-1/node:00127464/kt:0/lname:/"
}
