{
    "date": "2024/12/16",
    "name": "横浜ゴム前",
    "position": "-",
    "system": "平30",
    "destinations": [
        "立野町(平塚市)",
        "追分(平塚市)",
        "江南高校前",
        "向原(平塚市)",
        "南原(平塚市)",
        "南原土手",
        "徳延神社前",
        "徳延",
        "河内(平塚市)",
        "坂間",
        "中沢橋",
        "めぐみが丘南",
        "めぐみが丘西",
        "めぐみが丘北",
        "湘南めぐみが丘"
    ],
    "weekday": [
        "6:35",
        "6:49",
        "7:03",
        "7:15",
        "7:32",
        "7:47",
        "8:01",
        "8:32",
        "9:02",
        "9:32",
        "10:02",
        "10:32",
        "10:58",
        "11:32",
        "12:02",
        "12:32",
        "12:58",
        "13:32",
        "13:58",
        "14:32",
        "15:02",
        "15:32",
        "16:07",
        "16:32",
        "16:49",
        "17:09",
        "17:29",
        "17:49",
        "18:11",
        "18:24",
        "18:41",
        "18:58",
        "19:14",
        "19:36",
        "19:54",
        "20:14",
        "20:36",
        "20:54",
        "21:16",
        "21:41",
        "22:13",
        "22:44",
        "23:33"
    ],
    "saturday": [
        "7:29",
        "8:08",
        "8:48",
        "9:28",
        "10:08",
        "10:48",
        "11:29",
        "12:08",
        "12:48",
        "13:28",
        "14:08",
        "14:48",
        "15:28",
        "16:07",
        "16:45",
        "17:25",
        "18:05",
        "18:46",
        "19:27",
        "20:13",
        "21:10",
        "22:10"
    ],
    "holiday": [
        "7:29",
        "8:08",
        "8:48",
        "9:28",
        "10:08",
        "10:48",
        "11:29",
        "12:08",
        "12:48",
        "13:28",
        "14:08",
        "14:48",
        "15:28",
        "16:07",
        "16:45",
        "17:25",
        "18:05",
        "18:46",
        "19:27",
        "20:13",
        "21:10",
        "22:10"
    ],
    "url": "https://www.kanachu.co.jp/dia/diagram/timetable01_js/course:0000801779-4/node:00127554/kt:0/lname:/"
}
