{
    "date": "2024/12/16",
    "name": "江南高校前",
    "position": "-",
    "system": "平30",
    "destinations": [
        "向原(平塚市)",
        "南原(平塚市)",
        "南原土手",
        "徳延神社前",
        "徳延",
        "河内(平塚市)",
        "坂間",
        "中沢橋",
        "めぐみが丘南",
        "めぐみが丘西",
        "めぐみが丘北",
        "湘南めぐみが丘"
    ],
    "weekday": [
        "6:38",
        "6:52",
        "7:07",
        "7:19",
        "7:36",
        "7:51",
        "8:05",
        "8:36",
        "9:05",
        "9:35",
        "10:05",
        "10:35",
        "11:01",
        "11:35",
        "12:05",
        "12:35",
        "13:01",
        "13:35",
        "14:01",
        "14:35",
        "15:05",
        "15:35",
        "16:11",
        "16:36",
        "16:53",
        "17:13",
        "17:33",
        "17:53",
        "18:15",
        "18:28",
        "18:45",
        "19:02",
        "19:18",
        "19:40",
        "19:58",
        "20:18",
        "20:40",
        "20:58",
        "21:20",
        "21:45",
        "22:17",
        "22:48",
        "23:36"
    ],
    "saturday": [
        "7:32",
        "8:11",
        "8:51",
        "9:31",
        "10:11",
        "10:51",
        "11:32",
        "12:11",
        "12:51",
        "13:31",
        "14:11",
        "14:51",
        "15:31",
        "16:11",
        "16:49",
        "17:29",
        "18:09",
        "18:50",
        "19:30",
        "20:16",
        "21:13",
        "22:13"
    ],
    "holiday": [
        "7:32",
        "8:11",
        "8:51",
        "9:31",
        "10:11",
        "10:51",
        "11:32",
        "12:11",
        "12:51",
        "13:31",
        "14:11",
        "14:51",
        "15:31",
        "16:11",
        "16:49",
        "17:29",
        "18:09",
        "18:50",
        "19:30",
        "20:16",
        "21:13",
        "22:13"
    ],
    "url": "https://www.kanachu.co.jp/dia/diagram/timetable01_js/course:0000801779-7/node:00127557/kt:0/lname:/"
}
