{
    "date": "2024/12/16",
    "name": "南原土手",
    "position": "-",
    "system": "平30",
    "destinations": [
        "徳延神社前",
        "徳延",
        "河内(平塚市)",
        "坂間",
        "中沢橋",
        "めぐみが丘南",
        "めぐみが丘西",
        "めぐみが丘北",
        "湘南めぐみが丘"
    ],
    "weekday": [
        "6:42",
        "6:56",
        "7:12",
        "7:24",
        "7:41",
        "7:56",
        "8:10",
        "8:41",
        "9:09",
        "9:39",
        "10:09",
        "10:39",
        "11:05",
        "11:39",
        "12:09",
        "12:39",
        "13:05",
        "13:39",
        "14:05",
        "14:39",
        "15:09",
        "15:39",
        "16:16",
        "16:41",
        "16:58",
        "17:18",
        "17:38",
        "17:58",
        "18:20",
        "18:33",
        "18:50",
        "19:06",
        "19:22",
        "19:44",
        "20:02",
        "20:22",
        "20:44",
        "21:02",
        "21:24",
        "21:49",
        "22:21",
        "22:52",
        "23:40"
    ],
    "saturday": [
        "7:36",
        "8:15",
        "8:55",
        "9:35",
        "10:15",
        "10:55",
        "11:36",
        "12:15",
        "12:55",
        "13:35",
        "14:15",
        "14:55",
        "15:35",
        "16:16",
        "16:54",
        "17:34",
        "18:14",
        "18:55",
        "19:35",
        "20:21",
        "21:18",
        "22:18"
    ],
    "holiday": [
        "7:36",
        "8:15",
        "8:55",
        "9:35",
        "10:15",
        "10:55",
        "11:36",
        "12:15",
        "12:55",
        "13:35",
        "14:15",
        "14:55",
        "15:35",
        "16:16",
        "16:54",
        "17:34",
        "18:14",
        "18:55",
        "19:35",
        "20:21",
        "21:18",
        "22:18"
    ],
    "url": "https://www.kanachu.co.jp/dia/diagram/timetable01_js/course:0000801779-10/node:00127560/kt:0/lname:/"
}
