{
    "date": "2024/12/16",
    "name": "河内(平塚市)",
    "position": "-",
    "system": "平30",
    "destinations": [
        "坂間",
        "中沢橋",
        "めぐみが丘南",
        "めぐみが丘西",
        "めぐみが丘北",
        "湘南めぐみが丘"
    ],
    "weekday": [
        "6:46",
        "7:00",
        "7:16",
        "7:28",
        "7:45",
        "8:00",
        "8:14",
        "8:45",
        "9:13",
        "9:43",
        "10:13",
        "10:43",
        "11:09",
        "11:43",
        "12:13",
        "12:43",
        "13:09",
        "13:43",
        "14:09",
        "14:43",
        "15:13",
        "15:43",
        "16:20",
        "16:45",
        "17:02",
        "17:22",
        "17:42",
        "18:02",
        "18:24",
        "18:37",
        "18:54",
        "19:10",
        "19:26",
        "19:48",
        "20:06",
        "20:26",
        "20:48",
        "21:06",
        "21:28",
        "21:53",
        "22:25",
        "22:56",
        "23:44"
    ],
    "saturday": [
        "7:40",
        "8:19",
        "8:59",
        "9:39",
        "10:19",
        "10:59",
        "11:40",
        "12:19",
        "12:59",
        "13:39",
        "14:19",
        "14:59",
        "15:39",
        "16:20",
        "16:58",
        "17:38",
        "18:18",
        "18:59",
        "19:39",
        "20:25",
        "21:22",
        "22:22"
    ],
    "holiday": [
        "7:40",
        "8:19",
        "8:59",
        "9:39",
        "10:19",
        "10:59",
        "11:40",
        "12:19",
        "12:59",
        "13:39",
        "14:19",
        "14:59",
        "15:39",
        "16:20",
        "16:58",
        "17:38",
        "18:18",
        "18:59",
        "19:39",
        "20:25",
        "21:22",
        "22:22"
    ],
    "url": "https://www.kanachu.co.jp/dia/diagram/timetable01_js/course:0000801779-13/node:00127563/kt:0/lname:/"
}
