{
    "date": "2024/12/16",
    "name": "めぐみが丘西",
    "position": "-",
    "system": "平30",
    "destinations": [
        "めぐみが丘北",
        "湘南めぐみが丘"
    ],
    "weekday": [
        "6:52",
        "7:07",
        "7:24",
        "7:36",
        "7:53",
        "8:08",
        "8:22",
        "8:53",
        "9:20",
        "9:50",
        "10:20",
        "10:50",
        "11:16",
        "11:50",
        "12:20",
        "12:50",
        "13:16",
        "13:50",
        "14:16",
        "14:50",
        "15:20",
        "15:50",
        "16:28",
        "16:53",
        "17:10",
        "17:30",
        "17:50",
        "18:10",
        "18:32",
        "18:45",
        "19:02",
        "19:17",
        "19:33",
        "19:55",
        "20:13",
        "20:33",
        "20:55",
        "21:13",
        "21:35",
        "22:00",
        "22:32",
        "23:03",
        "23:50"
    ],
    "saturday": [
        "7:46",
        "8:25",
        "9:05",
        "9:46",
        "10:26",
        "11:06",
        "11:47",
        "12:26",
        "13:06",
        "13:46",
        "14:26",
        "15:06",
        "15:46",
        "16:28",
        "17:06",
        "17:46",
        "18:26",
        "19:06",
        "19:46",
        "20:32",
        "21:29",
        "22:29"
    ],
    "holiday": [
        "7:46",
        "8:25",
        "9:05",
        "9:46",
        "10:26",
        "11:06",
        "11:47",
        "12:26",
        "13:06",
        "13:46",
        "14:26",
        "15:06",
        "15:46",
        "16:28",
        "17:06",
        "17:46",
        "18:26",
        "19:06",
        "19:46",
        "20:32",
        "21:29",
        "22:29"
    ],
    "url": "https://www.kanachu.co.jp/dia/diagram/timetable01_js/course:0000801779-17/node:00127709/kt:0/lname:/"
}
