{
    "date": "2024/03/16",
    "name": "北二号(町田市)",
    "position": "-",
    "system": "古02",
    "destinations": [
        "北一号(町田市)",
        "給水塔前(山崎団地/町田市)",
        "山崎団地センター",
        "山崎団地入口",
        "木曽入口",
        "上横町",
        "境川団地",
        "境川団地中央",
        "鹿島神社入口",
        "古淵駅"
    ],
    "weekday": [
        "6:11",
        "6:41",
        "7:01",
        "7:26",
        "7:51",
        "8:17",
        "8:41",
        "9:08",
        "10:06",
        "11:06",
        "12:06",
        "13:06",
        "14:06",
        "15:06",
        "16:06",
        "17:06",
        "18:01",
        "18:51",
        "19:46",
        "20:46"
    ],
    "saturday": [
        "6:41",
        "7:02",
        "7:41",
        "8:21",
        "8:46",
        "9:31",
        "10:50",
        "11:46",
        "12:46",
        "15:46",
        "16:46",
        "17:46",
        "18:46"
    ],
    "holiday": [
        "8:01",
        "9:21",
        "10:46",
        "12:26",
        "14:06",
        "14:56"
    ],
    "url": "https://www.kanachu.co.jp/dia/diagram/timetable01_js/course:0000803362-2/node:00129391/kt:0/lname:/"
}
