{
    "date": "2024/03/16",
    "name": "山崎団地入口",
    "position": "-",
    "system": "古02",
    "destinations": [
        "木曽入口",
        "上横町",
        "境川団地",
        "境川団地中央",
        "鹿島神社入口",
        "古淵駅"
    ],
    "weekday": [
        "6:17",
        "6:47",
        "7:07",
        "7:32",
        "7:57",
        "8:23",
        "8:47",
        "9:14",
        "10:12",
        "11:12",
        "12:12",
        "13:12",
        "14:12",
        "15:12",
        "16:12",
        "17:12",
        "18:07",
        "18:57",
        "19:52",
        "20:52"
    ],
    "saturday": [
        "6:47",
        "7:08",
        "7:47",
        "8:27",
        "8:52",
        "9:37",
        "10:56",
        "11:52",
        "12:52",
        "15:52",
        "16:52",
        "17:52",
        "18:52"
    ],
    "holiday": [
        "8:07",
        "9:27",
        "10:52",
        "12:32",
        "14:12",
        "15:02"
    ],
    "url": "https://www.kanachu.co.jp/dia/diagram/timetable01_js/course:0000803362-6/node:00129387/kt:0/lname:/"
}
