{
    "date": "2024/03/16",
    "name": "鹿島神社入口",
    "position": "-",
    "system": "古02",
    "destinations": [
        "古淵駅"
    ],
    "weekday": [
        "6:23",
        "6:53",
        "7:13",
        "7:38",
        "8:03",
        "8:29",
        "8:53",
        "9:21",
        "10:19",
        "11:19",
        "12:19",
        "13:19",
        "14:19",
        "15:19",
        "16:18",
        "17:18",
        "18:13",
        "19:03",
        "19:58",
        "20:58"
    ],
    "saturday": [
        "6:53",
        "7:14",
        "7:53",
        "8:33",
        "8:58",
        "9:43",
        "11:02",
        "11:58",
        "12:58",
        "15:58",
        "16:58",
        "17:58",
        "18:58"
    ],
    "holiday": [
        "8:13",
        "9:33",
        "10:58",
        "12:38",
        "14:18",
        "15:08"
    ],
    "url": "https://www.kanachu.co.jp/dia/diagram/timetable01_js/course:0000803362-11/node:00129493/kt:0/lname:/"
}
