{
    "date": "2025/05/11",
    "name": "大道(横浜市金沢区)",
    "position": "-",
    "system": "金25",
    "destinations": [
        "西大道",
        "住宅前(横浜市金沢区)",
        "大道中学校前",
        "朝比奈",
        "相武隧道",
        "隧道東口",
        "横浜霊園前",
        "森の家前",
        "上郷(横浜市栄区)",
        "長倉町",
        "八軒谷戸",
        "西ヶ谷入口",
        "西ヶ谷",
        "上郷ネオポリス"
    ],
    "weekday": [
        "7:27",
        "8:06",
        "8:29",
        "10:50",
        "12:20"
    ],
    "saturday": [],
    "holiday": [],
    "url": "https://www.kanachu.co.jp/dia/diagram/timetable01_js/course:0000802821-7/node:00113601/kt:0/lname:/"
}
