{
    "date": "2025/05/11",
    "name": "相武隧道",
    "position": "-",
    "system": "金25",
    "destinations": [
        "隧道東口",
        "横浜霊園前",
        "森の家前",
        "上郷(横浜市栄区)",
        "長倉町",
        "八軒谷戸",
        "西ヶ谷入口",
        "西ヶ谷",
        "上郷ネオポリス"
    ],
    "weekday": [
        "7:31",
        "8:10",
        "8:33",
        "10:56",
        "12:26"
    ],
    "saturday": [],
    "holiday": [],
    "url": "https://www.kanachu.co.jp/dia/diagram/timetable01_js/course:0000802821-12/node:00113828/kt:0/lname:/"
}
