{
    "date": "2025/08/30",
    "name": "東戸塚駅東口",
    "position": "-",
    "system": "東10",
    "destinations": [
        "天王山橋",
        "前田ハイツ前",
        "川上小学校前(横浜市戸塚区)",
        "公園前(横浜市戸塚区)",
        "妙法寺(横浜市戸塚区)",
        "中村(横浜市戸塚区)",
        "さかえ橋",
        "横浜緑園高校入口",
        "西蓮寺(横浜市戸塚区)",
        "名瀬",
        "フェリス女学院",
        "緑園都市駅"
    ],
    "weekday": [
        "6:39",
        "6:52",
        "7:03",
        "7:15",
        "7:27",
        "7:38",
        "7:51",
        "8:01",
        "8:16",
        "8:44",
        "9:14",
        "9:44",
        "10:14",
        "10:44",
        "11:14",
        "11:44",
        "12:14",
        "12:44",
        "13:14",
        "13:44",
        "14:14",
        "14:44",
        "15:14",
        "15:44",
        "16:14",
        "16:44",
        "17:14",
        "17:44",
        "18:07",
        "18:37",
        "18:52",
        "19:07",
        "19:22",
        "19:37",
        "20:14",
        "20:44",
        "21:16",
        "21:40",
        "22:16",
        "22:41"
    ],
    "saturday": [
        "6:44",
        "7:14",
        "7:44",
        "8:14",
        "8:44",
        "9:14",
        "9:44",
        "10:14",
        "10:44",
        "11:14",
        "11:44",
        "12:14",
        "12:44",
        "13:14",
        "13:44",
        "14:14",
        "14:44",
        "15:14",
        "15:44",
        "16:14",
        "16:44",
        "17:14",
        "17:44",
        "18:14",
        "18:44",
        "19:16",
        "19:40",
        "20:16",
        "20:40",
        "21:19",
        "21:54"
    ],
    "holiday": [
        "6:44",
        "7:14",
        "7:44",
        "8:14",
        "8:44",
        "9:14",
        "9:44",
        "10:14",
        "10:44",
        "11:14",
        "11:44",
        "12:14",
        "12:44",
        "13:14",
        "13:44",
        "14:14",
        "14:44",
        "15:14",
        "15:44",
        "16:14",
        "16:44",
        "17:14",
        "17:44",
        "18:14",
        "18:44",
        "19:16",
        "19:40",
        "20:16",
        "20:40",
        "21:19",
        "21:54"
    ],
    "url": "https://www.kanachu.co.jp/dia/diagram/timetable01_js/course:0000803124-1/node:00126647/kt:0/lname:/"
}
