{
    "system": "藤66",
    "busstops": [
        {
            "index": "1",
            "id": "00126970",
            "name": "藤沢駅北口",
            "lat": "35.339374",
            "lng": "139.488059"
        },
        {
            "index": "2",
            "id": "00127019",
            "name": "遊行通り四丁目",
            "lat": "35.341392",
            "lng": "139.489165"
        },
        {
            "index": "3",
            "id": "00127009",
            "name": "遊行寺前",
            "lat": "35.346723",
            "lng": "139.48517"
        },
        {
            "index": "4",
            "id": "00127010",
            "name": "藤沢公民館前",
            "lat": "35.347552",
            "lng": "139.482737"
        },
        {
            "index": "5",
            "id": "00127011",
            "name": "本町消防出張所前",
            "lat": "35.347769",
            "lng": "139.481337"
        },
        {
            "index": "6",
            "id": "00127108",
            "name": "藤沢市民病院",
            "lat": "35.350418",
            "lng": "139.481887"
        },
        {
            "index": "7",
            "id": "00127012",
            "name": "白旗交差点",
            "lat": "35.347641",
            "lng": "139.47979"
        },
        {
            "index": "8",
            "id": "00127049",
            "name": "台町(藤沢市)",
            "lat": "35.347289",
            "lng": "139.476218"
        },
        {
            "index": "9",
            "id": "00127063",
            "name": "伊勢山入口",
            "lat": "35.350271",
            "lng": "139.474568"
        },
        {
            "index": "10",
            "id": "00127064",
            "name": "修道院下",
            "lat": "35.352718",
            "lng": "139.472037"
        },
        {
            "index": "11",
            "id": "00127065",
            "name": "修道院前",
            "lat": "35.355005",
            "lng": "139.468533"
        },
        {
            "index": "12",
            "id": "00127066",
            "name": "関東航空前",
            "lat": "35.356084",
            "lng": "139.467437"
        },
        {
            "index": "13",
            "id": "00127102",
            "name": "石原谷",
            "lat": "35.357434",
            "lng": "139.467504"
        },
        {
            "index": "14",
            "id": "00127067",
            "name": "荏原工業団地",
            "lat": "35.35854",
            "lng": "139.466376"
        },
        {
            "index": "15",
            "id": "00127101",
            "name": "茅山(藤沢市)",
            "lat": "35.361567",
            "lng": "139.467887"
        },
        {
            "index": "16",
            "id": "00127072",
            "name": "善行二丁目",
            "lat": "35.364106",
            "lng": "139.469466"
        },
        {
            "index": "17",
            "id": "00127073",
            "name": "善行駅",
            "lat": "35.363151",
            "lng": "139.472987"
        }
    ],
    "route_url": "https://www.kanachu.co.jp/dia/route/index/cid:0000803640/"
}
