{
    "date": "2025/03/15",
    "name": "二番構保健医療センター",
    "position": "-",
    "system": "辻34",
    "destinations": [
        "ライフタウン中央(藤沢市)",
        "大庭小学校",
        "小糸",
        "南センター前(藤沢市)",
        "西高校前(藤沢市)",
        "有藤",
        "大庭隧道",
        "城南一丁目",
        "羽鳥一丁目",
        "神台公園前",
        "辻堂駅北口"
    ],
    "weekday": [
        "7:13",
        "7:55",
        "8:27",
        "8:47",
        "9:12",
        "9:48",
        "10:08",
        "10:31",
        "10:55",
        "11:12",
        "11:31",
        "11:55",
        "12:12",
        "12:31",
        "12:55",
        "13:12",
        "13:31",
        "13:55",
        "14:12",
        "14:31",
        "14:55",
        "15:12"
    ],
    "saturday": [],
    "holiday": [],
    "url": "https://www.kanachu.co.jp/dia/diagram/timetable01_js/course:0000802602-8/node:00129944/kt:0/lname:/"
}
