{
    "date": "2025/03/15",
    "name": "小糸",
    "position": "-",
    "system": "辻34",
    "destinations": [
        "南センター前(藤沢市)",
        "西高校前(藤沢市)",
        "有藤",
        "大庭隧道",
        "城南一丁目",
        "羽鳥一丁目",
        "神台公園前",
        "辻堂駅北口"
    ],
    "weekday": [
        "7:16",
        "7:58",
        "8:30",
        "8:50",
        "9:15",
        "9:51",
        "10:11",
        "10:34",
        "10:58",
        "11:15",
        "11:34",
        "11:58",
        "12:15",
        "12:34",
        "12:58",
        "13:15",
        "13:34",
        "13:58",
        "14:15",
        "14:34",
        "14:58",
        "15:15"
    ],
    "saturday": [],
    "holiday": [],
    "url": "https://www.kanachu.co.jp/dia/diagram/timetable01_js/course:0000802602-11/node:00129941/kt:0/lname:/"
}
