{
    "date": "2025/03/15",
    "name": "南センター前(藤沢市)",
    "position": "-",
    "system": "辻34",
    "destinations": [
        "西高校前(藤沢市)",
        "有藤",
        "大庭隧道",
        "城南一丁目",
        "羽鳥一丁目",
        "神台公園前",
        "辻堂駅北口"
    ],
    "weekday": [
        "7:17",
        "7:59",
        "8:31",
        "8:51",
        "9:16",
        "9:52",
        "10:12",
        "10:35",
        "10:59",
        "11:16",
        "11:35",
        "11:59",
        "12:16",
        "12:35",
        "12:59",
        "13:16",
        "13:35",
        "13:59",
        "14:16",
        "14:35",
        "14:59",
        "15:16"
    ],
    "saturday": [],
    "holiday": [],
    "url": "https://www.kanachu.co.jp/dia/diagram/timetable01_js/course:0000802602-12/node:00129940/kt:0/lname:/"
}
