{
    "date": "2025/03/15",
    "name": "大庭隧道",
    "position": "-",
    "system": "辻34",
    "destinations": [
        "城南一丁目",
        "羽鳥一丁目",
        "神台公園前",
        "辻堂駅北口"
    ],
    "weekday": [
        "7:22",
        "8:04",
        "8:34",
        "8:54",
        "9:19",
        "9:55",
        "10:15",
        "10:38",
        "11:02",
        "11:19",
        "11:38",
        "12:02",
        "12:19",
        "12:38",
        "13:02",
        "13:19",
        "13:38",
        "14:02",
        "14:19",
        "14:38",
        "15:02",
        "15:19"
    ],
    "saturday": [],
    "holiday": [],
    "url": "https://www.kanachu.co.jp/dia/diagram/timetable01_js/course:0000802602-15/node:00129937/kt:0/lname:/"
}
