{
    "date": "2025/03/15",
    "name": "羽鳥一丁目",
    "position": "-",
    "system": "辻34",
    "destinations": [
        "神台公園前",
        "辻堂駅北口"
    ],
    "weekday": [
        "7:24",
        "8:06",
        "8:36",
        "8:56",
        "9:21",
        "9:57",
        "10:17",
        "10:40",
        "11:04",
        "11:21",
        "11:40",
        "12:04",
        "12:21",
        "12:40",
        "13:04",
        "13:21",
        "13:40",
        "14:04",
        "14:21",
        "14:40",
        "15:04",
        "15:21"
    ],
    "saturday": [],
    "holiday": [],
    "url": "https://www.kanachu.co.jp/dia/diagram/timetable01_js/course:0000802602-17/node:00129935/kt:0/lname:/"
}
