{
    "date": "2025/03/15",
    "name": "神台公園前",
    "position": "-",
    "system": "辻34",
    "destinations": [
        "辻堂駅北口"
    ],
    "weekday": [
        "7:25",
        "8:07",
        "8:37",
        "8:57",
        "9:22",
        "9:58",
        "10:18",
        "10:41",
        "11:05",
        "11:22",
        "11:41",
        "12:05",
        "12:22",
        "12:41",
        "13:05",
        "13:22",
        "13:41",
        "14:05",
        "14:22",
        "14:41",
        "15:05",
        "15:22"
    ],
    "saturday": [],
    "holiday": [],
    "url": "https://www.kanachu.co.jp/dia/diagram/timetable01_js/course:0000802602-18/node:00130068/kt:0/lname:/"
}
