{
    "date": "2012/09/07",
    "name": "茅ヶ崎駅南口",
    "position": "-",
    "system": "",
    "destinations": [
        "図書館前(茅ケ崎市)",
        "高砂通り中央",
        "恵泉幼稚園前",
        "福祉会館(茅ケ崎市)",
        "中海岸2丁目",
        "サザン通り北",
        "サザン通り中央",
        "サザン通り南",
        "サザンビーチ入口",
        "西浜(茅ケ崎市)",
        "西浜小学校前",
        "南湖6丁目",
        "ヨーロッパ村",
        "南湖東",
        "魚市場(茅ケ崎市)",
        "南湖会館",
        "金刀比羅神社前",
        "南湖3丁目",
        "上町入口",
        "海岸通り(茅ケ崎市)",
        "共恵",
        "茅ヶ崎小学校前",
        "ツインウェイブ",
        "茅ヶ崎駅南口",
        "幸町(茅ケ崎市)",
        "徳洲会病院前(茅ケ崎市)",
        "本村二丁目",
        "本村五丁目",
        "市立病院(茅ケ崎市)"
    ],
    "weekday": [
        "7:08",
        "7:38",
        "8:08",
        "8:38",
        "9:08",
        "9:38",
        "10:08",
        "10:38",
        "11:08",
        "11:38",
        "12:08",
        "12:38",
        "13:08",
        "13:38",
        "14:08",
        "14:38",
        "15:08",
        "15:38",
        "16:08",
        "16:38",
        "17:08",
        "17:38",
        "18:08",
        "18:38",
        "19:08",
        "19:38"
    ],
    "saturday": [
        "7:08",
        "7:38",
        "8:08",
        "8:38",
        "9:08",
        "9:38",
        "10:08",
        "10:38",
        "11:08",
        "11:38",
        "12:08",
        "12:38",
        "13:08",
        "13:38",
        "14:08",
        "14:38",
        "15:08",
        "15:38",
        "16:08",
        "16:38",
        "17:08",
        "17:38",
        "18:08",
        "18:38",
        "19:08",
        "19:38"
    ],
    "holiday": [
        "7:08",
        "7:38",
        "8:08",
        "8:38",
        "9:08",
        "9:38",
        "10:08",
        "10:38",
        "11:08",
        "11:38",
        "12:08",
        "12:38",
        "13:08",
        "13:38",
        "14:08",
        "14:38",
        "15:08",
        "15:38",
        "16:08",
        "16:38",
        "17:08",
        "17:38",
        "18:08",
        "18:38",
        "19:08",
        "19:38"
    ],
    "url": "https://www.kanachu.co.jp/dia/diagram/timetable01_js/course:0000800723-5/node:00127219/kt:0/lname:/"
}
