{
    "system": "コ01",
    "busstops": [
        {
            "index": "1",
            "id": "00127153",
            "name": "市立病院(茅ケ崎市)",
            "lat": "35.340266",
            "lng": "139.415108"
        },
        {
            "index": "2",
            "id": "00127316",
            "name": "本村五丁目",
            "lat": "35.339562",
            "lng": "139.413255"
        },
        {
            "index": "3",
            "id": "00127357",
            "name": "本村二丁目",
            "lat": "35.335192",
            "lng": "139.414679"
        },
        {
            "index": "4",
            "id": "00127242",
            "name": "徳洲会病院前(茅ケ崎市)",
            "lat": "35.331183",
            "lng": "139.412689"
        },
        {
            "index": "5",
            "id": "00127219",
            "name": "茅ヶ崎駅南口",
            "lat": "35.329783",
            "lng": "139.406791"
        },
        {
            "index": "6",
            "id": "00127289",
            "name": "図書館前(茅ケ崎市)",
            "lat": "35.326638",
            "lng": "139.405605"
        },
        {
            "index": "7",
            "id": "00127290",
            "name": "高砂通り中央",
            "lat": "35.32517",
            "lng": "139.405278"
        },
        {
            "index": "8",
            "id": "00127291",
            "name": "恵泉幼稚園前",
            "lat": "35.322822",
            "lng": "139.405377"
        },
        {
            "index": "9",
            "id": "00127292",
            "name": "福祉会館(茅ケ崎市)",
            "lat": "35.322312",
            "lng": "139.404102"
        },
        {
            "index": "10",
            "id": "00127293",
            "name": "中海岸2丁目",
            "lat": "35.323296",
            "lng": "139.403343"
        },
        {
            "index": "11",
            "id": "00127358",
            "name": "サザン通り北",
            "lat": "35.323344",
            "lng": "139.40106"
        },
        {
            "index": "12",
            "id": "00127294",
            "name": "サザン通り中央",
            "lat": "35.32182",
            "lng": "139.400278"
        },
        {
            "index": "13",
            "id": "00127295",
            "name": "サザン通り南",
            "lat": "35.31967",
            "lng": "139.399728"
        },
        {
            "index": "14",
            "id": "00127296",
            "name": "サザンビーチ入口",
            "lat": "35.318443",
            "lng": "139.399128"
        },
        {
            "index": "15",
            "id": "00127251",
            "name": "西浜(茅ケ崎市)",
            "lat": "35.318498",
            "lng": "139.39593"
        },
        {
            "index": "16",
            "id": "00127252",
            "name": "西浜小学校前",
            "lat": "35.320037",
            "lng": "139.394862"
        },
        {
            "index": "17",
            "id": "00127297",
            "name": "南湖6丁目",
            "lat": "35.320862",
            "lng": "139.394418"
        },
        {
            "index": "18",
            "id": "00127298",
            "name": "ヨーロッパ村",
            "lat": "35.321588",
            "lng": "139.396139"
        },
        {
            "index": "19",
            "id": "00127299",
            "name": "南湖東",
            "lat": "35.322207",
            "lng": "139.396838"
        },
        {
            "index": "20",
            "id": "00127300",
            "name": "魚市場(茅ケ崎市)",
            "lat": "35.323744",
            "lng": "139.394178"
        },
        {
            "index": "21",
            "id": "00127301",
            "name": "南湖会館",
            "lat": "35.324019",
            "lng": "139.392998"
        },
        {
            "index": "22",
            "id": "00127302",
            "name": "金刀比羅神社前",
            "lat": "35.326156",
            "lng": "139.39366"
        },
        {
            "index": "23",
            "id": "00127303",
            "name": "南湖3丁目",
            "lat": "35.327064",
            "lng": "139.39494"
        },
        {
            "index": "24",
            "id": "00127304",
            "name": "上町入口",
            "lat": "35.325812",
            "lng": "139.397848"
        },
        {
            "index": "25",
            "id": "00127305",
            "name": "海岸通り(茅ケ崎市)",
            "lat": "35.326662",
            "lng": "139.400154"
        },
        {
            "index": "26",
            "id": "00127306",
            "name": "共恵",
            "lat": "35.327121",
            "lng": "139.402747"
        },
        {
            "index": "27",
            "id": "00127307",
            "name": "茅ヶ崎小学校前",
            "lat": "35.327566",
            "lng": "139.403864"
        },
        {
            "index": "28",
            "id": "00127308",
            "name": "ツインウェイブ",
            "lat": "35.329469",
            "lng": "139.405061"
        },
        {
            "index": "29",
            "id": "00127219",
            "name": "茅ヶ崎駅南口",
            "lat": "35.329954",
            "lng": "139.406796"
        },
        {
            "index": "30",
            "id": "00127220",
            "name": "幸町(茅ケ崎市)",
            "lat": "35.32998",
            "lng": "139.409021"
        },
        {
            "index": "31",
            "id": "00127242",
            "name": "徳洲会病院前(茅ケ崎市)",
            "lat": "35.331599",
            "lng": "139.41322"
        },
        {
            "index": "32",
            "id": "00127357",
            "name": "本村二丁目",
            "lat": "35.335039",
            "lng": "139.41492"
        },
        {
            "index": "33",
            "id": "00127316",
            "name": "本村五丁目",
            "lat": "35.339754",
            "lng": "139.413377"
        },
        {
            "index": "34",
            "id": "00127153",
            "name": "市立病院(茅ケ崎市)",
            "lat": "35.340323",
            "lng": "139.414955"
        }
    ],
    "route_url": "https://www.kanachu.co.jp/dia/route/index/cid:0000800723/"
}
