{
    "date": "2025/10/20",
    "name": "相武台前駅南口",
    "position": "-",
    "system": "綾76",
    "destinations": [
        "小池坂上",
        "上小池",
        "下小池",
        "北向庚申前",
        "上栗原",
        "栗原小学校前",
        "栗原交番前",
        "下栗原",
        "さがみ野駅北口"
    ],
    "weekday": [
        "6:51",
        "7:19",
        "7:49",
        "8:19",
        "9:19",
        "10:19",
        "11:19",
        "12:19",
        "13:19",
        "14:19",
        "15:19",
        "16:19",
        "17:19",
        "17:49",
        "18:49",
        "19:49"
    ],
    "saturday": [
        "7:19",
        "8:19",
        "9:19",
        "10:19",
        "11:19",
        "12:19",
        "13:19",
        "14:19",
        "15:19",
        "16:19",
        "17:19",
        "18:28"
    ],
    "holiday": [
        "7:19",
        "8:19",
        "9:19",
        "10:19",
        "11:19",
        "12:19",
        "13:19",
        "14:19",
        "15:19",
        "16:19",
        "17:19",
        "18:28"
    ],
    "url": "https://www.kanachu.co.jp/dia/diagram/timetable01_js/course:0000800296-2/node:00129879/kt:0/lname:/"
}
