{
    "date": "2025/10/20",
    "name": "小池坂上",
    "position": "-",
    "system": "綾76",
    "destinations": [
        "上小池",
        "下小池",
        "北向庚申前",
        "上栗原",
        "栗原小学校前",
        "栗原交番前",
        "下栗原",
        "さがみ野駅北口"
    ],
    "weekday": [
        "6:52",
        "7:20",
        "7:50",
        "8:20",
        "9:20",
        "10:20",
        "11:20",
        "12:20",
        "13:20",
        "14:20",
        "15:20",
        "16:20",
        "17:20",
        "17:50",
        "18:50",
        "19:50"
    ],
    "saturday": [
        "7:20",
        "8:20",
        "9:20",
        "10:20",
        "11:20",
        "12:20",
        "13:20",
        "14:20",
        "15:20",
        "16:20",
        "17:20",
        "18:29"
    ],
    "holiday": [
        "7:20",
        "8:20",
        "9:20",
        "10:20",
        "11:20",
        "12:20",
        "13:20",
        "14:20",
        "15:20",
        "16:20",
        "17:20",
        "18:29"
    ],
    "url": "https://www.kanachu.co.jp/dia/diagram/timetable01_js/course:0000800296-3/node:00129878/kt:0/lname:/"
}
