{
    "system": "綾76",
    "busstops": [
        {
            "index": "1",
            "id": "00128551",
            "name": "相武台前駅",
            "lat": "35.498504",
            "lng": "139.407542"
        },
        {
            "index": "2",
            "id": "00129879",
            "name": "相武台前駅南口",
            "lat": "35.498773",
            "lng": "139.409846"
        },
        {
            "index": "3",
            "id": "00129878",
            "name": "小池坂上",
            "lat": "35.498695",
            "lng": "139.413462"
        },
        {
            "index": "4",
            "id": "00129877",
            "name": "上小池",
            "lat": "35.496364",
            "lng": "139.414412"
        },
        {
            "index": "5",
            "id": "00129876",
            "name": "下小池",
            "lat": "35.492231",
            "lng": "139.414584"
        },
        {
            "index": "6",
            "id": "00129875",
            "name": "北向庚申前",
            "lat": "35.487813",
            "lng": "139.415879"
        },
        {
            "index": "7",
            "id": "00129874",
            "name": "上栗原",
            "lat": "35.485654",
            "lng": "139.415934"
        },
        {
            "index": "8",
            "id": "00129873",
            "name": "栗原小学校前",
            "lat": "35.482582",
            "lng": "139.416924"
        },
        {
            "index": "9",
            "id": "00129880",
            "name": "栗原交番前",
            "lat": "35.479158",
            "lng": "139.418967"
        },
        {
            "index": "10",
            "id": "00129757",
            "name": "下栗原",
            "lat": "35.474192",
            "lng": "139.423341"
        },
        {
            "index": "11",
            "id": "00129756",
            "name": "さがみ野駅北口",
            "lat": "35.471755",
            "lng": "139.428103"
        }
    ],
    "route_url": "https://www.kanachu.co.jp/dia/route/index/cid:0000800296/"
}
