{
    "date": "2024/01/15",
    "name": "谷矢部中央",
    "position": "-",
    "system": "戸97",
    "destinations": [
        "道祖神前(横浜市戸塚区)",
        "鳥が丘中央",
        "鳥が丘第一公園",
        "領家中学校前",
        "領家三丁目(横浜市泉区)",
        "領家一丁目(横浜市泉区)",
        "諏訪久保",
        "第二工業団地",
        "第二工業団地中央",
        "ラムーナ横浜戸塚"
    ],
    "weekday": [
        "16:44",
        "17:11",
        "17:34",
        "17:56",
        "18:12",
        "18:32",
        "19:12",
        "20:04",
        "21:25"
    ],
    "saturday": [],
    "holiday": [],
    "url": "https://www.kanachu.co.jp/dia/diagram/timetable01_js/course:0000800054-5/node:00126901/kt:0/lname:/"
}
