{
    "date": "2024/01/15",
    "name": "領家中学校前",
    "position": "-",
    "system": "戸97",
    "destinations": [
        "領家三丁目(横浜市泉区)",
        "領家一丁目(横浜市泉区)",
        "諏訪久保",
        "第二工業団地",
        "第二工業団地中央",
        "ラムーナ横浜戸塚"
    ],
    "weekday": [
        "16:49",
        "17:16",
        "17:39",
        "18:01",
        "18:17",
        "18:37",
        "19:17",
        "20:09",
        "21:30"
    ],
    "saturday": [],
    "holiday": [],
    "url": "https://www.kanachu.co.jp/dia/diagram/timetable01_js/course:0000800054-9/node:00126710/kt:0/lname:/"
}
