{
    "date": "2024/01/15",
    "name": "領家三丁目(横浜市泉区)",
    "position": "-",
    "system": "戸97",
    "destinations": [
        "領家一丁目(横浜市泉区)",
        "諏訪久保",
        "第二工業団地",
        "第二工業団地中央",
        "ラムーナ横浜戸塚"
    ],
    "weekday": [
        "16:51",
        "17:18",
        "17:41",
        "18:03",
        "18:19",
        "18:39",
        "19:19",
        "20:11",
        "21:32"
    ],
    "saturday": [],
    "holiday": [],
    "url": "https://www.kanachu.co.jp/dia/diagram/timetable01_js/course:0000800054-10/node:00126713/kt:0/lname:/"
}
