{
    "date": "2024/01/15",
    "name": "第二工業団地",
    "position": "-",
    "system": "戸97",
    "destinations": [
        "第二工業団地中央",
        "ラムーナ横浜戸塚"
    ],
    "weekday": [
        "16:55",
        "17:22",
        "17:45",
        "18:07",
        "18:23",
        "18:43",
        "19:23",
        "20:15",
        "21:36"
    ],
    "saturday": [],
    "holiday": [],
    "url": "https://www.kanachu.co.jp/dia/diagram/timetable01_js/course:0000800054-13/node:00126913/kt:0/lname:/"
}
