{
    "date": "2024/03/16",
    "name": "中野町",
    "position": "-",
    "system": "港81",
    "destinations": [
        "稲荷森",
        "山手学院入口",
        "尾月",
        "上郷小学校前",
        "花篭公園前",
        "桂台中央",
        "桂山公園",
        "矢沢(横浜市栄区)",
        "犬山",
        "犬山南",
        "上之中央",
        "上之",
        "紅葉橋(横浜市栄区)",
        "本郷車庫前(横浜市栄区)",
        "山手学院入口",
        "稲荷森",
        "中野町",
        "元大橋",
        "若竹町(横浜市栄区)",
        "元大橋公園前",
        "港南台西公園",
        "横浜女子短期大学前",
        "港南台駅"
    ],
    "weekday": [
        "7:38",
        "8:49",
        "9:39",
        "9:52",
        "10:52",
        "11:52",
        "12:52"
    ],
    "saturday": [
        "7:32",
        "8:40",
        "9:24",
        "10:28",
        "11:33",
        "12:33"
    ],
    "holiday": [
        "7:32",
        "8:40",
        "9:24",
        "10:28",
        "11:33",
        "12:33"
    ],
    "url": "https://www.kanachu.co.jp/dia/diagram/timetable01_js/course:0000801376-7/node:00126511/kt:0/lname:/"
}
