{
    "date": "2024/03/16",
    "name": "花篭公園前",
    "position": "-",
    "system": "港81",
    "destinations": [
        "桂台中央",
        "桂山公園",
        "矢沢(横浜市栄区)",
        "犬山",
        "犬山南",
        "上之中央",
        "上之",
        "紅葉橋(横浜市栄区)",
        "本郷車庫前(横浜市栄区)",
        "山手学院入口",
        "稲荷森",
        "中野町",
        "元大橋",
        "若竹町(横浜市栄区)",
        "元大橋公園前",
        "港南台西公園",
        "横浜女子短期大学前",
        "港南台駅"
    ],
    "weekday": [
        "7:44",
        "8:55",
        "9:45",
        "9:58",
        "10:58",
        "11:58",
        "12:58"
    ],
    "saturday": [
        "7:38",
        "8:46",
        "9:30",
        "10:34",
        "11:39",
        "12:39"
    ],
    "holiday": [
        "7:38",
        "8:46",
        "9:30",
        "10:34",
        "11:39",
        "12:39"
    ],
    "url": "https://www.kanachu.co.jp/dia/diagram/timetable01_js/course:0000801376-12/node:00130228/kt:0/lname:/"
}
