{
    "date": "2024/03/16",
    "name": "犬山南",
    "position": "-",
    "system": "港81",
    "destinations": [
        "上之中央",
        "上之",
        "紅葉橋(横浜市栄区)",
        "本郷車庫前(横浜市栄区)",
        "山手学院入口",
        "稲荷森",
        "中野町",
        "元大橋",
        "若竹町(横浜市栄区)",
        "元大橋公園前",
        "港南台西公園",
        "横浜女子短期大学前",
        "港南台駅"
    ],
    "weekday": [
        "7:50",
        "9:01",
        "9:51",
        "10:04",
        "11:04",
        "12:04",
        "13:04"
    ],
    "saturday": [
        "7:44",
        "8:52",
        "9:36",
        "10:40",
        "11:45",
        "12:45"
    ],
    "holiday": [
        "7:44",
        "8:52",
        "9:36",
        "10:40",
        "11:45",
        "12:45"
    ],
    "url": "https://www.kanachu.co.jp/dia/diagram/timetable01_js/course:0000801376-17/node:00126533/kt:0/lname:/"
}
