{
    "date": "2024/03/16",
    "name": "元大橋公園前",
    "position": "-",
    "system": "港81",
    "destinations": [
        "港南台西公園",
        "横浜女子短期大学前",
        "港南台駅"
    ],
    "weekday": [
        "8:00",
        "9:11",
        "10:01",
        "10:14",
        "11:14",
        "12:14",
        "13:14"
    ],
    "saturday": [
        "7:54",
        "9:02",
        "9:46",
        "10:51",
        "11:56",
        "12:56"
    ],
    "holiday": [
        "7:54",
        "9:02",
        "9:46",
        "10:51",
        "11:56",
        "12:56"
    ],
    "url": "https://www.kanachu.co.jp/dia/diagram/timetable01_js/course:0000801376-27/node:00126548/kt:0/lname:/"
}
