{
    "system": "伊23",
    "busstops": [
        {
            "index": "1",
            "id": "00128164",
            "name": "産業能率大学",
            "lat": "35.415662",
            "lng": "139.287502"
        },
        {
            "index": "2",
            "id": "00128221",
            "name": "神成松",
            "lat": "35.416383",
            "lng": "139.285059"
        },
        {
            "index": "3",
            "id": "00128220",
            "name": "中丸(伊勢原市)",
            "lat": "35.418381",
            "lng": "139.287867"
        },
        {
            "index": "4",
            "id": "00128219",
            "name": "一之郷",
            "lat": "35.420378",
            "lng": "139.291161"
        },
        {
            "index": "5",
            "id": "00128177",
            "name": "温泉入口(伊勢原市)",
            "lat": "35.420414",
            "lng": "139.294391"
        },
        {
            "index": "6",
            "id": "00128176",
            "name": "長竹(伊勢原市)",
            "lat": "35.418182",
            "lng": "139.298832"
        },
        {
            "index": "7",
            "id": "00128175",
            "name": "専修大学入口(伊勢原市)",
            "lat": "35.415183",
            "lng": "139.303037"
        },
        {
            "index": "8",
            "id": "00128174",
            "name": "川上(伊勢原市)",
            "lat": "35.412485",
            "lng": "139.303499"
        },
        {
            "index": "9",
            "id": "00128173",
            "name": "りんどう寮前",
            "lat": "35.409091",
            "lng": "139.304491"
        },
        {
            "index": "10",
            "id": "00128223",
            "name": "共済会館入口",
            "lat": "35.407012",
            "lng": "139.304698"
        },
        {
            "index": "11",
            "id": "00128144",
            "name": "片町(伊勢原市)",
            "lat": "35.404184",
            "lng": "139.304116"
        },
        {
            "index": "12",
            "id": "00128143",
            "name": "片町十字路",
            "lat": "35.401637",
            "lng": "139.304438"
        },
        {
            "index": "13",
            "id": "00128129",
            "name": "大神宮前",
            "lat": "35.399561",
            "lng": "139.305091"
        },
        {
            "index": "14",
            "id": "00128128",
            "name": "本町(伊勢原市)",
            "lat": "35.397447",
            "lng": "139.309145"
        },
        {
            "index": "15",
            "id": "00128127",
            "name": "伊勢原駅北口",
            "lat": "35.39652",
            "lng": "139.313281"
        }
    ],
    "route_url": "https://www.kanachu.co.jp/dia/route/index/cid:0000803336/"
}
