{
    "date": "2025/08/30",
    "name": "戸塚駅東口",
    "position": "-",
    "system": "戸01",
    "destinations": [
        "矢部町",
        "元町(横浜市戸塚区)",
        "ブリヂストン前",
        "不動坂(横浜市戸塚区)",
        "ポーラ前(横浜市戸塚区)",
        "柏尾(横浜市戸塚区)",
        "赤関橋",
        "品濃口",
        "国道平戸",
        "坂下口",
        "山谷(横浜市戸塚区)",
        "六ツ川四丁目",
        "引越坂",
        "大池(横浜市南区)",
        "上六ツ川",
        "六ツ川町",
        "弘明寺口",
        "南永田",
        "住宅前(横浜市南区)",
        "井土ヶ谷",
        "井土ヶ谷下町"
    ],
    "weekday": [
        "20:20",
        "22:13"
    ],
    "saturday": [
        "19:00",
        "20:10",
        "21:51"
    ],
    "holiday": [
        "19:00",
        "20:10",
        "21:51"
    ],
    "url": "https://www.kanachu.co.jp/dia/diagram/timetable01_js/course:0000803410-1/node:00080742/kt:0/lname:/"
}
