{
    "date": "2025/08/30",
    "name": "品濃口",
    "position": "-",
    "system": "戸01",
    "destinations": [
        "国道平戸",
        "坂下口",
        "山谷(横浜市戸塚区)",
        "六ツ川四丁目",
        "引越坂",
        "大池(横浜市南区)",
        "上六ツ川",
        "六ツ川町",
        "弘明寺口",
        "南永田",
        "住宅前(横浜市南区)",
        "井土ヶ谷",
        "井土ヶ谷下町"
    ],
    "weekday": [
        "20:34",
        "22:27"
    ],
    "saturday": [
        "19:14",
        "20:24",
        "22:05"
    ],
    "holiday": [
        "19:14",
        "20:24",
        "22:05"
    ],
    "url": "https://www.kanachu.co.jp/dia/diagram/timetable01_js/course:0000803410-9/node:00126617/kt:0/lname:/"
}
