{
    "date": "2025/08/30",
    "name": "国道平戸",
    "position": "-",
    "system": "戸01",
    "destinations": [
        "坂下口",
        "山谷(横浜市戸塚区)",
        "六ツ川四丁目",
        "引越坂",
        "大池(横浜市南区)",
        "上六ツ川",
        "六ツ川町",
        "弘明寺口",
        "南永田",
        "住宅前(横浜市南区)",
        "井土ヶ谷",
        "井土ヶ谷下町"
    ],
    "weekday": [
        "20:36",
        "22:29"
    ],
    "saturday": [
        "19:16",
        "20:26",
        "22:07"
    ],
    "holiday": [
        "19:16",
        "20:26",
        "22:07"
    ],
    "url": "https://www.kanachu.co.jp/dia/diagram/timetable01_js/course:0000803410-10/node:00126618/kt:0/lname:/"
}
