{
    "date": "2025/08/30",
    "name": "坂下口",
    "position": "-",
    "system": "戸01",
    "destinations": [
        "山谷(横浜市戸塚区)",
        "六ツ川四丁目",
        "引越坂",
        "大池(横浜市南区)",
        "上六ツ川",
        "六ツ川町",
        "弘明寺口",
        "南永田",
        "住宅前(横浜市南区)",
        "井土ヶ谷",
        "井土ヶ谷下町"
    ],
    "weekday": [
        "20:38",
        "22:31"
    ],
    "saturday": [
        "19:18",
        "20:28",
        "22:09"
    ],
    "holiday": [
        "19:18",
        "20:28",
        "22:09"
    ],
    "url": "https://www.kanachu.co.jp/dia/diagram/timetable01_js/course:0000803410-11/node:00126619/kt:0/lname:/"
}
