{
    "date": "2025/08/30",
    "name": "大池(横浜市南区)",
    "position": "-",
    "system": "戸01",
    "destinations": [
        "上六ツ川",
        "六ツ川町",
        "弘明寺口",
        "南永田",
        "住宅前(横浜市南区)",
        "井土ヶ谷",
        "井土ヶ谷下町"
    ],
    "weekday": [
        "20:46",
        "22:39"
    ],
    "saturday": [
        "19:26",
        "20:36",
        "22:17"
    ],
    "holiday": [
        "19:26",
        "20:36",
        "22:17"
    ],
    "url": "https://www.kanachu.co.jp/dia/diagram/timetable01_js/course:0000803410-15/node:00126625/kt:0/lname:/"
}
