{
    "date": "2025/04/19",
    "name": "淵野辺駅南口",
    "position": "-",
    "system": "淵34",
    "destinations": [
        "淵野辺駅入口",
        "淵野辺十字路",
        "弥栄(相模原市中央区)",
        "栄公園前",
        "千代田(相模原市中央区)",
        "光が丘(相模原市中央区)",
        "上溝保育園前",
        "上溝団地",
        "光が丘三丁目(相模原市中央区)",
        "光が丘大通り",
        "光が丘小学校前",
        "光が丘一丁目(相模原市中央区)",
        "千代田(相模原市中央区)",
        "栄公園前",
        "弥栄(相模原市中央区)",
        "淵野辺十字路",
        "淵野辺駅入口",
        "淵野辺駅南口"
    ],
    "weekday": [
        "12:20",
        "13:00",
        "13:40",
        "14:20",
        "15:00",
        "15:40",
        "16:25",
        "16:45",
        "17:05",
        "17:25",
        "17:45",
        "18:05",
        "18:25",
        "18:45",
        "19:25",
        "19:45",
        "20:05",
        "20:35",
        "21:10",
        "21:45",
        "22:25"
    ],
    "saturday": [
        "12:20",
        "13:00",
        "13:40",
        "14:20",
        "15:00",
        "15:40",
        "16:20",
        "17:00",
        "17:40",
        "18:00",
        "18:40",
        "19:20",
        "19:55",
        "21:10",
        "21:45"
    ],
    "holiday": [
        "12:20",
        "12:58",
        "13:40",
        "14:20",
        "15:00",
        "15:40",
        "16:20",
        "17:00",
        "17:40",
        "18:00",
        "18:40",
        "19:20",
        "19:55",
        "20:35"
    ],
    "url": "https://www.kanachu.co.jp/dia/diagram/timetable01_js/course:0000802385-1/node:00129245/kt:0/lname:/"
}
