{
    "date": "2025/04/19",
    "name": "淵野辺駅入口",
    "position": "-",
    "system": "淵34",
    "destinations": [
        "淵野辺十字路",
        "弥栄(相模原市中央区)",
        "栄公園前",
        "千代田(相模原市中央区)",
        "光が丘(相模原市中央区)",
        "上溝保育園前",
        "上溝団地",
        "光が丘三丁目(相模原市中央区)",
        "光が丘大通り",
        "光が丘小学校前",
        "光が丘一丁目(相模原市中央区)",
        "千代田(相模原市中央区)",
        "栄公園前",
        "弥栄(相模原市中央区)",
        "淵野辺十字路",
        "淵野辺駅入口",
        "淵野辺駅南口"
    ],
    "weekday": [
        "12:21",
        "13:01",
        "13:41",
        "14:21",
        "15:01",
        "15:41",
        "16:26",
        "16:46",
        "17:06",
        "17:26",
        "17:46",
        "18:06",
        "18:26",
        "18:46",
        "19:26",
        "19:46",
        "20:06",
        "20:36",
        "21:11",
        "21:46",
        "22:26"
    ],
    "saturday": [
        "12:21",
        "13:01",
        "13:41",
        "14:21",
        "15:01",
        "15:41",
        "16:21",
        "17:01",
        "17:41",
        "18:01",
        "18:41",
        "19:21",
        "19:56",
        "21:11",
        "21:46"
    ],
    "holiday": [
        "12:21",
        "12:59",
        "13:41",
        "14:21",
        "15:01",
        "15:41",
        "16:21",
        "17:01",
        "17:41",
        "18:01",
        "18:41",
        "19:21",
        "19:56",
        "20:36"
    ],
    "url": "https://www.kanachu.co.jp/dia/diagram/timetable01_js/course:0000802385-2/node:00129125/kt:0/lname:/"
}
