{
    "date": "2025/04/19",
    "name": "淵野辺十字路",
    "position": "-",
    "system": "淵34",
    "destinations": [
        "弥栄(相模原市中央区)",
        "栄公園前",
        "千代田(相模原市中央区)",
        "光が丘(相模原市中央区)",
        "上溝保育園前",
        "上溝団地",
        "光が丘三丁目(相模原市中央区)",
        "光が丘大通り",
        "光が丘小学校前",
        "光が丘一丁目(相模原市中央区)",
        "千代田(相模原市中央区)",
        "栄公園前",
        "弥栄(相模原市中央区)",
        "淵野辺十字路",
        "淵野辺駅入口",
        "淵野辺駅南口"
    ],
    "weekday": [
        "12:23",
        "13:03",
        "13:43",
        "14:23",
        "15:03",
        "15:43",
        "16:28",
        "16:48",
        "17:08",
        "17:28",
        "17:48",
        "18:08",
        "18:28",
        "18:48",
        "19:28",
        "19:48",
        "20:08",
        "20:38",
        "21:13",
        "21:48",
        "22:28"
    ],
    "saturday": [
        "12:23",
        "13:03",
        "13:43",
        "14:23",
        "15:03",
        "15:43",
        "16:23",
        "17:03",
        "17:43",
        "18:03",
        "18:43",
        "19:23",
        "19:58",
        "21:13",
        "21:48"
    ],
    "holiday": [
        "12:23",
        "13:01",
        "13:43",
        "14:23",
        "15:03",
        "15:43",
        "16:23",
        "17:03",
        "17:43",
        "18:03",
        "18:43",
        "19:23",
        "19:58",
        "20:38"
    ],
    "url": "https://www.kanachu.co.jp/dia/diagram/timetable01_js/course:0000802385-3/node:00129248/kt:0/lname:/"
}
