{
    "date": "2025/04/19",
    "name": "光が丘三丁目(相模原市中央区)",
    "position": "-",
    "system": "淵34",
    "destinations": [
        "光が丘大通り",
        "光が丘小学校前",
        "光が丘一丁目(相模原市中央区)",
        "千代田(相模原市中央区)",
        "栄公園前",
        "弥栄(相模原市中央区)",
        "淵野辺十字路",
        "淵野辺駅入口",
        "淵野辺駅南口"
    ],
    "weekday": [
        "12:32",
        "13:12",
        "13:52",
        "14:32",
        "15:12",
        "15:52",
        "16:37",
        "16:57",
        "17:17",
        "17:37",
        "17:57",
        "18:17",
        "18:37",
        "18:57",
        "19:37",
        "19:57",
        "20:17",
        "20:47",
        "21:22",
        "21:57",
        "22:37"
    ],
    "saturday": [
        "12:32",
        "13:12",
        "13:52",
        "14:32",
        "15:12",
        "15:52",
        "16:32",
        "17:12",
        "17:52",
        "18:12",
        "18:52",
        "19:31",
        "20:06",
        "21:21",
        "21:56"
    ],
    "holiday": [
        "12:32",
        "13:10",
        "13:52",
        "14:32",
        "15:12",
        "15:52",
        "16:32",
        "17:12",
        "17:52",
        "18:12",
        "18:52",
        "19:31",
        "20:06",
        "20:46"
    ],
    "url": "https://www.kanachu.co.jp/dia/diagram/timetable01_js/course:0000802385-10/node:00129233/kt:0/lname:/"
}
