{
    "date": "2025/04/19",
    "name": "光が丘大通り",
    "position": "-",
    "system": "淵34",
    "destinations": [
        "光が丘小学校前",
        "光が丘一丁目(相模原市中央区)",
        "千代田(相模原市中央区)",
        "栄公園前",
        "弥栄(相模原市中央区)",
        "淵野辺十字路",
        "淵野辺駅入口",
        "淵野辺駅南口"
    ],
    "weekday": [
        "12:33",
        "13:13",
        "13:53",
        "14:33",
        "15:13",
        "15:53",
        "16:38",
        "16:58",
        "17:18",
        "17:38",
        "17:58",
        "18:18",
        "18:38",
        "18:58",
        "19:38",
        "19:58",
        "20:18",
        "20:48",
        "21:23",
        "21:58",
        "22:38"
    ],
    "saturday": [
        "12:33",
        "13:13",
        "13:53",
        "14:33",
        "15:13",
        "15:53",
        "16:33",
        "17:13",
        "17:53",
        "18:13",
        "18:53",
        "19:32",
        "20:07",
        "21:22",
        "21:57"
    ],
    "holiday": [
        "12:33",
        "13:11",
        "13:53",
        "14:33",
        "15:13",
        "15:53",
        "16:33",
        "17:13",
        "17:53",
        "18:13",
        "18:53",
        "19:32",
        "20:07",
        "20:47"
    ],
    "url": "https://www.kanachu.co.jp/dia/diagram/timetable01_js/course:0000802385-11/node:00129234/kt:0/lname:/"
}
