{
    "date": "2025/04/19",
    "name": "光が丘一丁目(相模原市中央区)",
    "position": "-",
    "system": "淵34",
    "destinations": [
        "千代田(相模原市中央区)",
        "栄公園前",
        "弥栄(相模原市中央区)",
        "淵野辺十字路",
        "淵野辺駅入口",
        "淵野辺駅南口"
    ],
    "weekday": [
        "12:36",
        "13:16",
        "13:56",
        "14:36",
        "15:16",
        "15:56",
        "16:41",
        "17:01",
        "17:21",
        "17:41",
        "18:01",
        "18:21",
        "18:41",
        "19:01",
        "19:41",
        "20:01",
        "20:21",
        "20:51",
        "21:26",
        "22:01",
        "22:41"
    ],
    "saturday": [
        "12:36",
        "13:16",
        "13:56",
        "14:36",
        "15:16",
        "15:56",
        "16:36",
        "17:16",
        "17:56",
        "18:16",
        "18:56",
        "19:35",
        "20:10",
        "21:25",
        "22:00"
    ],
    "holiday": [
        "12:36",
        "13:14",
        "13:56",
        "14:36",
        "15:16",
        "15:56",
        "16:36",
        "17:16",
        "17:56",
        "18:16",
        "18:56",
        "19:35",
        "20:10",
        "20:50"
    ],
    "url": "https://www.kanachu.co.jp/dia/diagram/timetable01_js/course:0000802385-13/node:00129232/kt:0/lname:/"
}
