{
    "date": "2026/01/16",
    "name": "藤沢ジャンボゴルフ前(藤沢市)",
    "position": "-",
    "system": "湘23",
    "destinations": [
        "遠藤(藤沢市)",
        "南大山",
        "工業団地入口(藤沢市)",
        "北警察署前(藤沢市)",
        "湘南台駅西口"
    ],
    "weekday": [
        "14:41",
        "15:01",
        "15:10",
        "15:52",
        "15:58",
        "16:20",
        "19:52",
        "20:07",
        "20:22",
        "20:37",
        "20:52",
        "21:02",
        "21:17",
        "21:37",
        "21:52",
        "22:37"
    ],
    "saturday": [
        "13:15",
        "13:19",
        "13:23",
        "14:22",
        "15:22",
        "16:22",
        "17:22",
        "18:22",
        "19:19",
        "19:49",
        "20:14"
    ],
    "holiday": [],
    "url": "https://www.kanachu.co.jp/dia/diagram/timetable01_js/course:0000804078-3/node:00129988/kt:0/lname:/"
}
