{
    "system": "湘23",
    "busstops": [
        {
            "index": "1",
            "id": "00129986",
            "name": "慶応大学本館前",
            "lat": "35.387522",
            "lng": "139.428306"
        },
        {
            "index": "2",
            "id": "00129985",
            "name": "慶応大学",
            "lat": "35.389359",
            "lng": "139.431599"
        },
        {
            "index": "3",
            "id": "00129988",
            "name": "藤沢ジャンボゴルフ前(藤沢市)",
            "lat": "35.390863",
            "lng": "139.437833"
        },
        {
            "index": "4",
            "id": "00129919",
            "name": "遠藤(藤沢市)",
            "lat": "35.391977",
            "lng": "139.44182"
        },
        {
            "index": "5",
            "id": "00129918",
            "name": "南大山",
            "lat": "35.393316",
            "lng": "139.447382"
        },
        {
            "index": "6",
            "id": "00129909",
            "name": "工業団地入口(藤沢市)",
            "lat": "35.394452",
            "lng": "139.451869"
        },
        {
            "index": "7",
            "id": "00129895",
            "name": "北警察署前(藤沢市)",
            "lat": "35.395948",
            "lng": "139.457964"
        },
        {
            "index": "8",
            "id": "00129893",
            "name": "湘南台駅西口",
            "lat": "35.396197",
            "lng": "139.465719"
        }
    ],
    "route_url": "https://www.kanachu.co.jp/dia/route/index/cid:0000804078/"
}
