{
    "date": "2025/05/11",
    "name": "栄警察署前",
    "position": "-",
    "system": "船08",
    "destinations": [
        "天神橋(横浜市栄区)",
        "南河内(横浜市栄区)",
        "本郷小学校前",
        "本郷(横浜市栄区)",
        "中野町",
        "稲荷森",
        "山手学院入口",
        "本郷車庫前(横浜市栄区)",
        "紅葉橋(横浜市栄区)",
        "光明寺(横浜市栄区)",
        "中島(横浜市栄区)",
        "八軒谷戸",
        "長倉町",
        "上郷(横浜市栄区)",
        "森の家前",
        "横浜霊園前",
        "隧道東口",
        "相武隧道",
        "朝比奈",
        "大道中学校前",
        "住宅前(横浜市金沢区)",
        "西大道",
        "大道(横浜市金沢区)",
        "大道小学校前",
        "六浦",
        "上行寺",
        "六浦橋",
        "金沢八景",
        "金沢八景駅"
    ],
    "weekday": [
        "6:27",
        "6:49",
        "7:10",
        "7:30",
        "7:50",
        "8:10",
        "8:30",
        "8:50",
        "9:10",
        "9:40",
        "10:10",
        "10:40",
        "11:10",
        "11:40",
        "12:10",
        "12:40",
        "13:10",
        "13:40",
        "14:10",
        "14:40",
        "15:10",
        "15:40",
        "16:10",
        "16:40",
        "17:10",
        "17:40",
        "18:10",
        "18:40",
        "19:15",
        "19:55",
        "20:24",
        "20:54",
        "21:33",
        "22:24"
    ],
    "saturday": [
        "6:39",
        "7:04",
        "7:32",
        "8:00",
        "8:35",
        "9:15",
        "9:55",
        "10:35",
        "11:15",
        "11:55",
        "12:35",
        "13:15",
        "13:55",
        "14:35",
        "15:16",
        "15:56",
        "16:36",
        "17:16",
        "17:56",
        "18:26",
        "18:56",
        "19:35",
        "20:41"
    ],
    "holiday": [
        "6:39",
        "7:04",
        "7:32",
        "8:00",
        "8:35",
        "9:15",
        "9:55",
        "10:35",
        "11:15",
        "11:55",
        "12:35",
        "13:15",
        "13:55",
        "14:35",
        "15:16",
        "15:56",
        "16:36",
        "17:16",
        "17:56",
        "18:26",
        "18:56",
        "19:35",
        "20:41"
    ],
    "url": "https://www.kanachu.co.jp/dia/diagram/timetable01_js/course:0000802827-9/node:00126609/kt:0/lname:/"
}
