{
    "date": "2025/05/11",
    "name": "上郷(横浜市栄区)",
    "position": "-",
    "system": "船08",
    "destinations": [
        "森の家前",
        "横浜霊園前",
        "隧道東口",
        "相武隧道",
        "朝比奈",
        "大道中学校前",
        "住宅前(横浜市金沢区)",
        "西大道",
        "大道(横浜市金沢区)",
        "大道小学校前",
        "六浦",
        "上行寺",
        "六浦橋",
        "金沢八景",
        "金沢八景駅"
    ],
    "weekday": [
        "6:43",
        "7:05",
        "7:26",
        "7:46",
        "8:06",
        "8:26",
        "8:46",
        "9:06",
        "9:26",
        "9:56",
        "10:26",
        "10:56",
        "11:26",
        "11:56",
        "12:26",
        "12:56",
        "13:26",
        "13:56",
        "14:26",
        "14:56",
        "15:26",
        "15:56",
        "16:26",
        "16:56",
        "17:26",
        "17:56",
        "18:26",
        "18:56",
        "19:29",
        "20:08",
        "20:37",
        "21:07",
        "21:46",
        "22:37"
    ],
    "saturday": [
        "6:53",
        "7:19",
        "7:47",
        "8:15",
        "8:50",
        "9:30",
        "10:12",
        "10:54",
        "11:34",
        "12:14",
        "12:54",
        "13:34",
        "14:14",
        "14:54",
        "15:34",
        "16:14",
        "16:54",
        "17:34",
        "18:14",
        "18:44",
        "19:11",
        "19:49",
        "20:54"
    ],
    "holiday": [
        "6:53",
        "7:19",
        "7:47",
        "8:15",
        "8:50",
        "9:30",
        "10:12",
        "10:54",
        "11:34",
        "12:14",
        "12:54",
        "13:34",
        "14:14",
        "14:54",
        "15:34",
        "16:14",
        "16:54",
        "17:34",
        "18:14",
        "18:44",
        "19:11",
        "19:49",
        "20:54"
    ],
    "url": "https://www.kanachu.co.jp/dia/diagram/timetable01_js/course:0000802827-23/node:00126519/kt:0/lname:/"
}
