{
    "date": "2025/05/11",
    "name": "横浜霊園前",
    "position": "-",
    "system": "船08",
    "destinations": [
        "隧道東口",
        "相武隧道",
        "朝比奈",
        "大道中学校前",
        "住宅前(横浜市金沢区)",
        "西大道",
        "大道(横浜市金沢区)",
        "大道小学校前",
        "六浦",
        "上行寺",
        "六浦橋",
        "金沢八景",
        "金沢八景駅"
    ],
    "weekday": [
        "6:44",
        "7:07",
        "7:28",
        "7:48",
        "8:08",
        "8:28",
        "8:48",
        "9:08",
        "9:28",
        "9:58",
        "10:28",
        "10:58",
        "11:28",
        "11:58",
        "12:28",
        "12:58",
        "13:28",
        "13:58",
        "14:28",
        "14:58",
        "15:28",
        "15:58",
        "16:28",
        "16:58",
        "17:28",
        "17:58",
        "18:28",
        "18:58",
        "19:31",
        "20:09",
        "20:38",
        "21:08",
        "21:47",
        "22:38"
    ],
    "saturday": [
        "6:54",
        "7:21",
        "7:49",
        "8:17",
        "8:52",
        "9:32",
        "10:14",
        "10:56",
        "11:36",
        "12:16",
        "12:56",
        "13:36",
        "14:16",
        "14:56",
        "15:36",
        "16:16",
        "16:56",
        "17:36",
        "18:16",
        "18:46",
        "19:13",
        "19:51",
        "20:56"
    ],
    "holiday": [
        "6:54",
        "7:21",
        "7:49",
        "8:17",
        "8:52",
        "9:32",
        "10:14",
        "10:56",
        "11:36",
        "12:16",
        "12:56",
        "13:36",
        "14:16",
        "14:56",
        "15:36",
        "16:16",
        "16:56",
        "17:36",
        "18:16",
        "18:46",
        "19:13",
        "19:51",
        "20:56"
    ],
    "url": "https://www.kanachu.co.jp/dia/diagram/timetable01_js/course:0000802827-25/node:00126521/kt:0/lname:/"
}
