{
    "date": "2025/05/11",
    "name": "朝比奈",
    "position": "-",
    "system": "船08",
    "destinations": [
        "大道中学校前",
        "住宅前(横浜市金沢区)",
        "西大道",
        "大道(横浜市金沢区)",
        "大道小学校前",
        "六浦",
        "上行寺",
        "六浦橋",
        "金沢八景",
        "金沢八景駅"
    ],
    "weekday": [
        "6:47",
        "7:11",
        "7:32",
        "7:52",
        "8:12",
        "8:32",
        "8:52",
        "9:13",
        "9:33",
        "10:03",
        "10:33",
        "11:03",
        "11:33",
        "12:03",
        "12:33",
        "13:03",
        "13:33",
        "14:03",
        "14:33",
        "15:03",
        "15:33",
        "16:03",
        "16:33",
        "17:03",
        "17:33",
        "18:03",
        "18:33",
        "19:03",
        "19:35",
        "20:12",
        "20:41",
        "21:11",
        "21:50",
        "22:41"
    ],
    "saturday": [
        "6:57",
        "7:25",
        "7:53",
        "8:21",
        "8:56",
        "9:36",
        "10:19",
        "11:01",
        "11:41",
        "12:21",
        "13:01",
        "13:41",
        "14:21",
        "15:01",
        "15:41",
        "16:21",
        "17:01",
        "17:41",
        "18:21",
        "18:51",
        "19:17",
        "19:55",
        "20:59"
    ],
    "holiday": [
        "6:57",
        "7:25",
        "7:53",
        "8:21",
        "8:56",
        "9:36",
        "10:19",
        "11:01",
        "11:41",
        "12:21",
        "13:01",
        "13:41",
        "14:21",
        "15:01",
        "15:41",
        "16:21",
        "17:01",
        "17:41",
        "18:21",
        "18:51",
        "19:17",
        "19:55",
        "20:59"
    ],
    "url": "https://www.kanachu.co.jp/dia/diagram/timetable01_js/course:0000802827-28/node:00113829/kt:0/lname:/"
}
