{
    "date": "2025/04/01",
    "name": "町田バスセンター",
    "position": "3番乗り場",
    "system": "町33",
    "destinations": [
        "町田市役所市民ホール前",
        "妙延寺(町田市)",
        "森野五丁目",
        "森野六丁目",
        "桧台入口",
        "木曽都営入口",
        "境川団地入口",
        "境川団地中央",
        "境川団地",
        "横町(町田市)",
        "木曽南団地",
        "町田総合高校前",
        "秋葉神社入口",
        "忠生公園前",
        "山崎小学校前(東京都)",
        "上山崎",
        "山崎高校入口",
        "下山崎(町田市)"
    ],
    "weekday": [
        "6:05",
        "6:20",
        "6:45",
        "7:09",
        "7:22",
        "7:48",
        "8:07",
        "8:20",
        "8:30",
        "8:55",
        "9:28",
        "10:00",
        "10:28",
        "11:10",
        "11:28",
        "12:08",
        "12:26",
        "13:08",
        "13:28",
        "14:08",
        "14:28",
        "15:08",
        "15:28",
        "16:03",
        "16:22",
        "16:42",
        "17:22",
        "17:42",
        "18:00",
        "18:20",
        "18:42",
        "19:00",
        "19:22",
        "19:42",
        "20:00",
        "20:30",
        "21:05",
        "21:38",
        "22:05",
        "22:35",
        "23:00",
        "23:30"
    ],
    "saturday": [
        "6:10",
        "7:10",
        "7:40",
        "8:10",
        "8:35",
        "8:50",
        "9:10",
        "9:28",
        "9:50",
        "10:10",
        "10:30",
        "10:50",
        "11:10",
        "11:30",
        "11:50",
        "12:08",
        "12:28",
        "12:50",
        "13:08",
        "13:28",
        "13:50",
        "14:10",
        "14:28",
        "14:50",
        "15:10",
        "15:28",
        "15:50",
        "16:08",
        "16:28",
        "16:50",
        "17:08",
        "17:28",
        "17:50",
        "18:08",
        "18:28",
        "18:50",
        "19:23",
        "19:50",
        "20:23",
        "20:50",
        "21:23",
        "21:50",
        "22:20",
        "23:00"
    ],
    "holiday": [
        "6:10",
        "7:10",
        "8:10",
        "8:40",
        "9:10",
        "9:35",
        "10:10",
        "10:35",
        "11:10",
        "11:30",
        "11:50",
        "12:10",
        "12:30",
        "12:50",
        "13:10",
        "13:30",
        "13:50",
        "14:10",
        "14:30",
        "14:50",
        "15:10",
        "15:30",
        "15:50",
        "16:10",
        "16:30",
        "16:50",
        "17:10",
        "17:30",
        "17:50",
        "18:10",
        "18:30",
        "18:50",
        "19:10",
        "19:42",
        "20:10",
        "20:42",
        "21:45",
        "22:40"
    ],
    "url": "https://www.kanachu.co.jp/dia/diagram/timetable01_js/course:0000802682-1/node:00025625/kt:0/lname:/"
}
