{
    "date": "2025/04/01",
    "name": "町田市役所市民ホール前",
    "position": "-",
    "system": "町33",
    "destinations": [
        "妙延寺(町田市)",
        "森野五丁目",
        "森野六丁目",
        "桧台入口",
        "木曽都営入口",
        "境川団地入口",
        "境川団地中央",
        "境川団地",
        "横町(町田市)",
        "木曽南団地",
        "町田総合高校前",
        "秋葉神社入口",
        "忠生公園前",
        "山崎小学校前(東京都)",
        "上山崎",
        "山崎高校入口",
        "下山崎(町田市)"
    ],
    "weekday": [
        "6:07",
        "6:22",
        "6:47",
        "7:11",
        "7:24",
        "7:50",
        "8:09",
        "8:22",
        "8:32",
        "8:57",
        "9:30",
        "10:02",
        "10:30",
        "11:12",
        "11:30",
        "12:10",
        "12:28",
        "13:10",
        "13:30",
        "14:10",
        "14:30",
        "15:10",
        "15:30",
        "16:05",
        "16:24",
        "16:44",
        "17:24",
        "17:44",
        "18:02",
        "18:22",
        "18:44",
        "19:02",
        "19:24",
        "19:44",
        "20:02",
        "20:32",
        "21:07",
        "21:40",
        "22:07",
        "22:37",
        "23:02",
        "23:31"
    ],
    "saturday": [
        "6:12",
        "7:12",
        "7:42",
        "8:12",
        "8:37",
        "8:52",
        "9:12",
        "9:30",
        "9:52",
        "10:12",
        "10:32",
        "10:52",
        "11:12",
        "11:32",
        "11:52",
        "12:10",
        "12:30",
        "12:52",
        "13:10",
        "13:30",
        "13:52",
        "14:12",
        "14:30",
        "14:52",
        "15:12",
        "15:30",
        "15:52",
        "16:10",
        "16:30",
        "16:52",
        "17:10",
        "17:30",
        "17:52",
        "18:10",
        "18:30",
        "18:52",
        "19:25",
        "19:52",
        "20:25",
        "20:52",
        "21:25",
        "21:52",
        "22:22",
        "23:02"
    ],
    "holiday": [
        "6:12",
        "7:12",
        "8:12",
        "8:42",
        "9:12",
        "9:37",
        "10:12",
        "10:37",
        "11:12",
        "11:32",
        "11:52",
        "12:12",
        "12:32",
        "12:52",
        "13:12",
        "13:32",
        "13:52",
        "14:12",
        "14:32",
        "14:52",
        "15:12",
        "15:32",
        "15:52",
        "16:12",
        "16:32",
        "16:52",
        "17:12",
        "17:32",
        "17:52",
        "18:12",
        "18:32",
        "18:52",
        "19:12",
        "19:44",
        "20:12",
        "20:44",
        "21:47",
        "22:42"
    ],
    "url": "https://www.kanachu.co.jp/dia/diagram/timetable01_js/course:0000802682-2/node:00129356/kt:0/lname:/"
}
