{
    "date": "2025/04/01",
    "name": "妙延寺(町田市)",
    "position": "-",
    "system": "町33",
    "destinations": [
        "森野五丁目",
        "森野六丁目",
        "桧台入口",
        "木曽都営入口",
        "境川団地入口",
        "境川団地中央",
        "境川団地",
        "横町(町田市)",
        "木曽南団地",
        "町田総合高校前",
        "秋葉神社入口",
        "忠生公園前",
        "山崎小学校前(東京都)",
        "上山崎",
        "山崎高校入口",
        "下山崎(町田市)"
    ],
    "weekday": [
        "6:08",
        "6:23",
        "6:48",
        "7:12",
        "7:25",
        "7:51",
        "8:10",
        "8:23",
        "8:33",
        "8:58",
        "9:31",
        "10:03",
        "10:31",
        "11:13",
        "11:31",
        "12:11",
        "12:29",
        "13:11",
        "13:31",
        "14:11",
        "14:31",
        "15:11",
        "15:31",
        "16:06",
        "16:25",
        "16:45",
        "17:25",
        "17:45",
        "18:03",
        "18:23",
        "18:45",
        "19:03",
        "19:25",
        "19:45",
        "20:03",
        "20:33",
        "21:08",
        "21:41",
        "22:08",
        "22:38",
        "23:03",
        "23:32"
    ],
    "saturday": [
        "6:13",
        "7:13",
        "7:43",
        "8:13",
        "8:38",
        "8:53",
        "9:13",
        "9:31",
        "9:53",
        "10:13",
        "10:33",
        "10:53",
        "11:13",
        "11:33",
        "11:53",
        "12:11",
        "12:31",
        "12:53",
        "13:11",
        "13:31",
        "13:53",
        "14:13",
        "14:31",
        "14:53",
        "15:13",
        "15:31",
        "15:53",
        "16:11",
        "16:31",
        "16:53",
        "17:11",
        "17:31",
        "17:53",
        "18:11",
        "18:31",
        "18:53",
        "19:26",
        "19:53",
        "20:26",
        "20:53",
        "21:26",
        "21:53",
        "22:23",
        "23:03"
    ],
    "holiday": [
        "6:13",
        "7:13",
        "8:13",
        "8:43",
        "9:13",
        "9:38",
        "10:13",
        "10:38",
        "11:13",
        "11:33",
        "11:53",
        "12:13",
        "12:33",
        "12:53",
        "13:13",
        "13:33",
        "13:53",
        "14:13",
        "14:33",
        "14:53",
        "15:13",
        "15:33",
        "15:53",
        "16:13",
        "16:33",
        "16:53",
        "17:13",
        "17:33",
        "17:53",
        "18:13",
        "18:33",
        "18:53",
        "19:13",
        "19:45",
        "20:13",
        "20:45",
        "21:48",
        "22:43"
    ],
    "url": "https://www.kanachu.co.jp/dia/diagram/timetable01_js/course:0000802682-3/node:00129375/kt:0/lname:/"
}
