{
    "date": "2025/04/01",
    "name": "境川団地中央",
    "position": "-",
    "system": "町33",
    "destinations": [
        "境川団地",
        "横町(町田市)",
        "木曽南団地",
        "町田総合高校前",
        "秋葉神社入口",
        "忠生公園前",
        "山崎小学校前(東京都)",
        "上山崎",
        "山崎高校入口",
        "下山崎(町田市)"
    ],
    "weekday": [
        "6:12",
        "6:27",
        "6:52",
        "7:16",
        "7:29",
        "7:56",
        "8:15",
        "8:28",
        "8:38",
        "9:03",
        "9:37",
        "10:09",
        "10:37",
        "11:19",
        "11:37",
        "12:17",
        "12:35",
        "13:17",
        "13:37",
        "14:17",
        "14:37",
        "15:17",
        "15:37",
        "16:12",
        "16:31",
        "16:51",
        "17:31",
        "17:51",
        "18:09",
        "18:29",
        "18:51",
        "19:07",
        "19:29",
        "19:49",
        "20:07",
        "20:37",
        "21:12",
        "21:45",
        "22:12",
        "22:42",
        "23:07",
        "23:36"
    ],
    "saturday": [
        "6:17",
        "7:17",
        "7:47",
        "8:17",
        "8:42",
        "8:57",
        "9:17",
        "9:35",
        "9:57",
        "10:17",
        "10:37",
        "10:57",
        "11:19",
        "11:39",
        "11:59",
        "12:17",
        "12:37",
        "12:59",
        "13:17",
        "13:37",
        "13:59",
        "14:19",
        "14:37",
        "14:59",
        "15:19",
        "15:37",
        "15:59",
        "16:17",
        "16:37",
        "16:59",
        "17:17",
        "17:37",
        "17:59",
        "18:17",
        "18:37",
        "18:59",
        "19:32",
        "19:57",
        "20:30",
        "20:57",
        "21:30",
        "21:57",
        "22:27",
        "23:07"
    ],
    "holiday": [
        "6:17",
        "7:17",
        "8:17",
        "8:47",
        "9:17",
        "9:42",
        "10:17",
        "10:42",
        "11:19",
        "11:39",
        "11:59",
        "12:19",
        "12:39",
        "12:59",
        "13:19",
        "13:39",
        "13:59",
        "14:19",
        "14:39",
        "14:59",
        "15:19",
        "15:39",
        "15:59",
        "16:19",
        "16:39",
        "16:59",
        "17:19",
        "17:39",
        "17:59",
        "18:19",
        "18:39",
        "18:59",
        "19:17",
        "19:49",
        "20:17",
        "20:49",
        "21:52",
        "22:47"
    ],
    "url": "https://www.kanachu.co.jp/dia/diagram/timetable01_js/course:0000802682-9/node:00129381/kt:0/lname:/"
}
