{
    "date": "2025/04/01",
    "name": "木曽南団地",
    "position": "-",
    "system": "町33",
    "destinations": [
        "町田総合高校前",
        "秋葉神社入口",
        "忠生公園前",
        "山崎小学校前(東京都)",
        "上山崎",
        "山崎高校入口",
        "下山崎(町田市)"
    ],
    "weekday": [
        "6:15",
        "6:30",
        "6:55",
        "7:19",
        "7:32",
        "7:59",
        "8:18",
        "8:31",
        "8:41",
        "9:06",
        "9:40",
        "10:12",
        "10:40",
        "11:22",
        "11:40",
        "12:20",
        "12:38",
        "13:20",
        "13:40",
        "14:20",
        "14:40",
        "15:20",
        "15:40",
        "16:15",
        "16:34",
        "16:54",
        "17:34",
        "17:54",
        "18:12",
        "18:32",
        "18:54",
        "19:10",
        "19:32",
        "19:52",
        "20:10",
        "20:40",
        "21:15",
        "21:48",
        "22:15",
        "22:45",
        "23:10",
        "23:40"
    ],
    "saturday": [
        "6:20",
        "7:20",
        "7:50",
        "8:20",
        "8:45",
        "9:00",
        "9:20",
        "9:38",
        "10:00",
        "10:20",
        "10:40",
        "11:00",
        "11:22",
        "11:42",
        "12:02",
        "12:20",
        "12:40",
        "13:02",
        "13:20",
        "13:40",
        "14:02",
        "14:22",
        "14:40",
        "15:02",
        "15:22",
        "15:40",
        "16:02",
        "16:20",
        "16:40",
        "17:02",
        "17:20",
        "17:40",
        "18:02",
        "18:20",
        "18:40",
        "19:02",
        "19:35",
        "20:00",
        "20:33",
        "21:00",
        "21:33",
        "22:00",
        "22:30",
        "23:10"
    ],
    "holiday": [
        "6:20",
        "7:20",
        "8:20",
        "8:50",
        "9:20",
        "9:45",
        "10:20",
        "10:45",
        "11:22",
        "11:42",
        "12:02",
        "12:22",
        "12:42",
        "13:02",
        "13:22",
        "13:42",
        "14:02",
        "14:22",
        "14:42",
        "15:02",
        "15:22",
        "15:42",
        "16:02",
        "16:22",
        "16:42",
        "17:02",
        "17:22",
        "17:42",
        "18:02",
        "18:22",
        "18:42",
        "19:02",
        "19:20",
        "19:52",
        "20:20",
        "20:52",
        "21:55",
        "22:50"
    ],
    "url": "https://www.kanachu.co.jp/dia/diagram/timetable01_js/course:0000802682-12/node:00129384/kt:0/lname:/"
}
