{
    "date": "2025/04/01",
    "name": "秋葉神社入口",
    "position": "-",
    "system": "町33",
    "destinations": [
        "忠生公園前",
        "山崎小学校前(東京都)",
        "上山崎",
        "山崎高校入口",
        "下山崎(町田市)"
    ],
    "weekday": [
        "6:17",
        "6:32",
        "6:57",
        "7:21",
        "7:35",
        "8:02",
        "8:21",
        "8:34",
        "8:44",
        "9:09",
        "9:43",
        "10:15",
        "10:43",
        "11:25",
        "11:43",
        "12:23",
        "12:41",
        "13:23",
        "13:43",
        "14:23",
        "14:43",
        "15:23",
        "15:43",
        "16:18",
        "16:37",
        "16:57",
        "17:37",
        "17:57",
        "18:15",
        "18:35",
        "18:57",
        "19:13",
        "19:35",
        "19:55",
        "20:13",
        "20:43",
        "21:17",
        "21:50",
        "22:17",
        "22:47",
        "23:12",
        "23:42"
    ],
    "saturday": [
        "6:22",
        "7:22",
        "7:52",
        "8:23",
        "8:48",
        "9:03",
        "9:23",
        "9:41",
        "10:03",
        "10:23",
        "10:43",
        "11:03",
        "11:25",
        "11:45",
        "12:05",
        "12:23",
        "12:43",
        "13:05",
        "13:23",
        "13:43",
        "14:05",
        "14:25",
        "14:43",
        "15:05",
        "15:25",
        "15:43",
        "16:05",
        "16:23",
        "16:43",
        "17:05",
        "17:23",
        "17:43",
        "18:05",
        "18:23",
        "18:43",
        "19:05",
        "19:37",
        "20:02",
        "20:35",
        "21:02",
        "21:35",
        "22:02",
        "22:32",
        "23:12"
    ],
    "holiday": [
        "6:22",
        "7:22",
        "8:22",
        "8:52",
        "9:23",
        "9:48",
        "10:23",
        "10:48",
        "11:25",
        "11:45",
        "12:05",
        "12:25",
        "12:45",
        "13:05",
        "13:25",
        "13:45",
        "14:05",
        "14:25",
        "14:45",
        "15:05",
        "15:25",
        "15:45",
        "16:05",
        "16:25",
        "16:45",
        "17:05",
        "17:25",
        "17:45",
        "18:05",
        "18:25",
        "18:45",
        "19:04",
        "19:22",
        "19:54",
        "20:22",
        "20:54",
        "21:57",
        "22:52"
    ],
    "url": "https://www.kanachu.co.jp/dia/diagram/timetable01_js/course:0000802682-14/node:00130493/kt:0/lname:/"
}
