{
    "date": "2025/04/01",
    "name": "山崎小学校前(東京都)",
    "position": "-",
    "system": "町33",
    "destinations": [
        "上山崎",
        "山崎高校入口",
        "下山崎(町田市)"
    ],
    "weekday": [
        "6:19",
        "6:34",
        "6:59",
        "7:23",
        "7:37",
        "8:04",
        "8:23",
        "8:36",
        "8:46",
        "9:11",
        "9:45",
        "10:17",
        "10:45",
        "11:27",
        "11:45",
        "12:25",
        "12:43",
        "13:25",
        "13:45",
        "14:25",
        "14:45",
        "15:25",
        "15:45",
        "16:20",
        "16:39",
        "16:59",
        "17:39",
        "17:59",
        "18:17",
        "18:37",
        "18:59",
        "19:15",
        "19:37",
        "19:57",
        "20:15",
        "20:45",
        "21:19",
        "21:52",
        "22:19",
        "22:49",
        "23:14",
        "23:44"
    ],
    "saturday": [
        "6:24",
        "7:24",
        "7:54",
        "8:25",
        "8:50",
        "9:05",
        "9:25",
        "9:43",
        "10:05",
        "10:25",
        "10:45",
        "11:05",
        "11:27",
        "11:47",
        "12:07",
        "12:25",
        "12:45",
        "13:07",
        "13:25",
        "13:45",
        "14:07",
        "14:27",
        "14:45",
        "15:07",
        "15:27",
        "15:45",
        "16:07",
        "16:25",
        "16:45",
        "17:07",
        "17:25",
        "17:45",
        "18:07",
        "18:25",
        "18:45",
        "19:07",
        "19:39",
        "20:04",
        "20:37",
        "21:04",
        "21:37",
        "22:04",
        "22:34",
        "23:14"
    ],
    "holiday": [
        "6:24",
        "7:24",
        "8:24",
        "8:54",
        "9:25",
        "9:50",
        "10:25",
        "10:50",
        "11:27",
        "11:47",
        "12:07",
        "12:27",
        "12:47",
        "13:07",
        "13:27",
        "13:47",
        "14:07",
        "14:27",
        "14:47",
        "15:07",
        "15:27",
        "15:47",
        "16:07",
        "16:27",
        "16:47",
        "17:07",
        "17:27",
        "17:47",
        "18:07",
        "18:27",
        "18:47",
        "19:06",
        "19:24",
        "19:56",
        "20:24",
        "20:56",
        "21:59",
        "22:54"
    ],
    "url": "https://www.kanachu.co.jp/dia/diagram/timetable01_js/course:0000802682-16/node:00130494/kt:0/lname:/"
}
