{
    "date": "2025/04/01",
    "name": "上山崎",
    "position": "-",
    "system": "町33",
    "destinations": [
        "山崎高校入口",
        "下山崎(町田市)"
    ],
    "weekday": [
        "6:20",
        "6:35",
        "7:00",
        "7:24",
        "7:38",
        "8:05",
        "8:24",
        "8:37",
        "8:47",
        "9:12",
        "9:46",
        "10:18",
        "10:46",
        "11:28",
        "11:46",
        "12:26",
        "12:44",
        "13:26",
        "13:46",
        "14:26",
        "14:46",
        "15:26",
        "15:46",
        "16:21",
        "16:40",
        "17:00",
        "17:40",
        "18:00",
        "18:18",
        "18:38",
        "19:00",
        "19:16",
        "19:38",
        "19:58",
        "20:16",
        "20:46",
        "21:20",
        "21:53",
        "22:20",
        "22:50",
        "23:15",
        "23:45"
    ],
    "saturday": [
        "6:25",
        "7:25",
        "7:55",
        "8:26",
        "8:51",
        "9:06",
        "9:26",
        "9:44",
        "10:06",
        "10:26",
        "10:46",
        "11:06",
        "11:28",
        "11:48",
        "12:08",
        "12:26",
        "12:46",
        "13:08",
        "13:26",
        "13:46",
        "14:08",
        "14:28",
        "14:46",
        "15:08",
        "15:28",
        "15:46",
        "16:08",
        "16:26",
        "16:46",
        "17:08",
        "17:26",
        "17:46",
        "18:08",
        "18:26",
        "18:46",
        "19:08",
        "19:40",
        "20:05",
        "20:38",
        "21:05",
        "21:38",
        "22:05",
        "22:35",
        "23:15"
    ],
    "holiday": [
        "6:25",
        "7:25",
        "8:25",
        "8:55",
        "9:26",
        "9:51",
        "10:26",
        "10:51",
        "11:28",
        "11:48",
        "12:08",
        "12:28",
        "12:48",
        "13:08",
        "13:28",
        "13:48",
        "14:08",
        "14:28",
        "14:48",
        "15:08",
        "15:28",
        "15:48",
        "16:08",
        "16:28",
        "16:48",
        "17:08",
        "17:28",
        "17:48",
        "18:08",
        "18:28",
        "18:48",
        "19:07",
        "19:25",
        "19:57",
        "20:25",
        "20:57",
        "22:00",
        "22:55"
    ],
    "url": "https://www.kanachu.co.jp/dia/diagram/timetable01_js/course:0000802682-17/node:00129395/kt:0/lname:/"
}
