{
    "date": "2024/11/16",
    "name": "関東航空前",
    "position": "-",
    "system": "藤45",
    "destinations": [
        "修道院前",
        "修道院下",
        "伊勢山入口",
        "台町(藤沢市)",
        "藤沢市民病院",
        "本町消防出張所前",
        "藤沢公民館前",
        "遊行寺前",
        "遊行通り四丁目",
        "藤沢駅北口"
    ],
    "weekday": [
        "12:41",
        "13:21",
        "14:41"
    ],
    "saturday": [],
    "holiday": [],
    "url": "https://www.kanachu.co.jp/dia/diagram/timetable01_js/course:0000803352-3/node:00127066/kt:0/lname:/"
}
