{
    "date": "2024/11/16",
    "name": "伊勢山入口",
    "position": "-",
    "system": "藤45",
    "destinations": [
        "台町(藤沢市)",
        "藤沢市民病院",
        "本町消防出張所前",
        "藤沢公民館前",
        "遊行寺前",
        "遊行通り四丁目",
        "藤沢駅北口"
    ],
    "weekday": [
        "12:44",
        "13:24",
        "14:44"
    ],
    "saturday": [],
    "holiday": [],
    "url": "https://www.kanachu.co.jp/dia/diagram/timetable01_js/course:0000803352-6/node:00127063/kt:0/lname:/"
}
