{
    "date": "2025/01/14",
    "name": "厚木高校前",
    "position": "-",
    "system": "厚48",
    "destinations": [
        "日立アステモ前",
        "片岸(厚木市)",
        "温水",
        "高坪入口",
        "温水幼稚園前",
        "スポーツセンター入口(厚木市)",
        "高坪",
        "上高坪",
        "権現堂(厚木市)",
        "毛利台入口",
        "毛利台一丁目",
        "毛利台団地"
    ],
    "weekday": [
        "6:50",
        "7:20",
        "7:47",
        "8:12",
        "8:47",
        "9:16",
        "9:46",
        "10:16",
        "10:46",
        "11:16",
        "11:46",
        "12:16",
        "12:46",
        "13:16",
        "13:46",
        "14:16",
        "14:46",
        "15:16",
        "15:46",
        "16:17",
        "16:47",
        "17:17",
        "17:47",
        "18:17",
        "18:47",
        "19:15",
        "19:55",
        "20:50",
        "21:55",
        "22:40"
    ],
    "saturday": [
        "8:20",
        "9:16",
        "10:16",
        "11:26",
        "12:26",
        "13:26",
        "14:26",
        "15:27",
        "16:27",
        "17:27",
        "18:27",
        "19:25",
        "20:25",
        "21:05",
        "21:45",
        "22:30"
    ],
    "holiday": [
        "8:20",
        "9:20",
        "10:21",
        "11:26",
        "12:26",
        "13:26",
        "14:26",
        "15:27",
        "16:27",
        "17:27",
        "18:27",
        "19:25",
        "20:25",
        "21:15",
        "22:15"
    ],
    "url": "https://www.kanachu.co.jp/dia/diagram/timetable01_js/course:0000800258-5/node:00128440/kt:0/lname:/"
}
