{
    "date": "2025/11/16",
    "name": "鳥居前(伊勢原市)",
    "position": "-",
    "system": "伊17",
    "destinations": [
        "子易",
        "菊屋前",
        "這子坂",
        "明神前(伊勢原市)",
        "御伊勢の森",
        "産業能率大学",
        "御伊勢の森",
        "石倉(伊勢原市)",
        "石倉橋",
        "山王原(伊勢原市)",
        "道灌塚前",
        "〆引",
        "市光前",
        "峰岸",
        "片町(伊勢原市)",
        "片町十字路",
        "大神宮前",
        "本町(伊勢原市)",
        "伊勢原駅北口"
    ],
    "weekday": [
        "19:20",
        "19:45",
        "20:25",
        "20:45",
        "21:12"
    ],
    "saturday": [],
    "holiday": [],
    "url": "https://www.kanachu.co.jp/dia/diagram/timetable01_js/course:0000803349-7/node:00128156/kt:0/lname:/"
}
