{
    "date": "2025/11/16",
    "name": "明神前(伊勢原市)",
    "position": "-",
    "system": "伊17",
    "destinations": [
        "御伊勢の森",
        "産業能率大学",
        "御伊勢の森",
        "石倉(伊勢原市)",
        "石倉橋",
        "山王原(伊勢原市)",
        "道灌塚前",
        "〆引",
        "市光前",
        "峰岸",
        "片町(伊勢原市)",
        "片町十字路",
        "大神宮前",
        "本町(伊勢原市)",
        "伊勢原駅北口"
    ],
    "weekday": [
        "19:24",
        "19:49",
        "20:29",
        "20:49",
        "21:16"
    ],
    "saturday": [],
    "holiday": [],
    "url": "https://www.kanachu.co.jp/dia/diagram/timetable01_js/course:0000803349-11/node:00128152/kt:0/lname:/"
}
