{
    "date": "2025/11/16",
    "name": "御伊勢の森",
    "position": "-",
    "system": "伊17",
    "destinations": [
        "石倉(伊勢原市)",
        "石倉橋",
        "山王原(伊勢原市)",
        "道灌塚前",
        "〆引",
        "市光前",
        "峰岸",
        "片町(伊勢原市)",
        "片町十字路",
        "大神宮前",
        "本町(伊勢原市)",
        "伊勢原駅北口"
    ],
    "weekday": [
        "19:27",
        "19:56",
        "20:33",
        "20:53",
        "21:20"
    ],
    "saturday": [],
    "holiday": [],
    "url": "https://www.kanachu.co.jp/dia/diagram/timetable01_js/course:0000803349-14/node:00128163/kt:0/lname:/"
}
