{
    "date": "2025/11/16",
    "name": "山王原(伊勢原市)",
    "position": "-",
    "system": "伊17",
    "destinations": [
        "道灌塚前",
        "〆引",
        "市光前",
        "峰岸",
        "片町(伊勢原市)",
        "片町十字路",
        "大神宮前",
        "本町(伊勢原市)",
        "伊勢原駅北口"
    ],
    "weekday": [
        "19:30",
        "19:59",
        "20:36",
        "20:56",
        "21:23"
    ],
    "saturday": [],
    "holiday": [],
    "url": "https://www.kanachu.co.jp/dia/diagram/timetable01_js/course:0000803349-17/node:00128149/kt:0/lname:/"
}
