{
    "date": "2024/09/02",
    "name": "台村",
    "position": "-",
    "system": "戸64",
    "destinations": [
        "飯田神社前",
        "団地入口(横浜市泉区)",
        "児童公園前(横浜市泉区)",
        "小学校前(横浜市泉区)",
        "上飯田団地",
        "池ノ上(横浜市泉区)",
        "和泉坂上",
        "泉区総合庁舎前",
        "和泉(横浜市泉区)",
        "谷戸入口(横浜市泉区)",
        "立場駅",
        "中西(横浜市泉区)",
        "中田小学校入口",
        "中田(横浜市泉区)",
        "東原(横浜市泉区)",
        "踊場",
        "日産前(横浜市戸塚区)",
        "アザリエ団地入口",
        "矢沢(横浜市戸塚区)",
        "戸塚駅西口",
        "戸塚バスセンター"
    ],
    "weekday": [
        "7:47",
        "9:12",
        "9:52",
        "10:32",
        "10:52",
        "11:32",
        "11:52",
        "12:32",
        "14:02",
        "15:32",
        "16:02",
        "16:32",
        "17:32",
        "18:02",
        "19:32",
        "20:17"
    ],
    "saturday": [
        "7:52",
        "9:12",
        "9:52",
        "10:32",
        "10:52",
        "11:22",
        "11:52",
        "12:22",
        "13:32",
        "15:02",
        "16:32",
        "18:02",
        "18:32",
        "19:17",
        "20:02"
    ],
    "holiday": [
        "7:52",
        "9:22",
        "9:52",
        "10:22",
        "10:52",
        "11:22",
        "11:52",
        "12:22",
        "13:32",
        "15:02",
        "16:32",
        "18:02",
        "18:32",
        "19:17",
        "20:02"
    ],
    "url": "https://www.kanachu.co.jp/dia/diagram/timetable01_js/course:0000803599-2/node:00126796/kt:0/lname:/"
}
