{
    "date": "2024/09/02",
    "name": "上飯田団地",
    "position": "-",
    "system": "戸64",
    "destinations": [
        "池ノ上(横浜市泉区)",
        "和泉坂上",
        "泉区総合庁舎前",
        "和泉(横浜市泉区)",
        "谷戸入口(横浜市泉区)",
        "立場駅",
        "中西(横浜市泉区)",
        "中田小学校入口",
        "中田(横浜市泉区)",
        "東原(横浜市泉区)",
        "踊場",
        "日産前(横浜市戸塚区)",
        "アザリエ団地入口",
        "矢沢(横浜市戸塚区)",
        "戸塚駅西口",
        "戸塚バスセンター"
    ],
    "weekday": [
        "7:52",
        "9:17",
        "9:57",
        "10:37",
        "10:57",
        "11:37",
        "11:57",
        "12:37",
        "14:07",
        "15:37",
        "16:07",
        "16:37",
        "17:37",
        "18:07",
        "19:37",
        "20:22"
    ],
    "saturday": [
        "7:57",
        "9:17",
        "9:57",
        "10:37",
        "10:57",
        "11:27",
        "11:57",
        "12:27",
        "13:37",
        "15:07",
        "16:37",
        "18:07",
        "18:37",
        "19:22",
        "20:07"
    ],
    "holiday": [
        "7:57",
        "9:27",
        "9:57",
        "10:27",
        "10:57",
        "11:27",
        "11:57",
        "12:27",
        "13:37",
        "15:07",
        "16:37",
        "18:07",
        "18:37",
        "19:22",
        "20:07"
    ],
    "url": "https://www.kanachu.co.jp/dia/diagram/timetable01_js/course:0000803599-7/node:00126807/kt:0/lname:/"
}
