{
    "date": "2024/09/02",
    "name": "和泉(横浜市泉区)",
    "position": "-",
    "system": "戸64",
    "destinations": [
        "谷戸入口(横浜市泉区)",
        "立場駅",
        "中西(横浜市泉区)",
        "中田小学校入口",
        "中田(横浜市泉区)",
        "東原(横浜市泉区)",
        "踊場",
        "日産前(横浜市戸塚区)",
        "アザリエ団地入口",
        "矢沢(横浜市戸塚区)",
        "戸塚駅西口",
        "戸塚バスセンター"
    ],
    "weekday": [
        "7:58",
        "9:23",
        "10:03",
        "10:43",
        "11:03",
        "11:43",
        "12:03",
        "12:43",
        "14:13",
        "15:43",
        "16:13",
        "16:43",
        "17:43",
        "18:13",
        "19:43",
        "20:28"
    ],
    "saturday": [
        "8:03",
        "9:23",
        "10:03",
        "10:43",
        "11:03",
        "11:33",
        "12:03",
        "12:33",
        "13:43",
        "15:13",
        "16:43",
        "18:13",
        "18:43",
        "19:28",
        "20:13"
    ],
    "holiday": [
        "8:03",
        "9:33",
        "10:03",
        "10:33",
        "11:03",
        "11:33",
        "12:03",
        "12:33",
        "13:43",
        "15:13",
        "16:43",
        "18:13",
        "18:43",
        "19:28",
        "20:13"
    ],
    "url": "https://www.kanachu.co.jp/dia/diagram/timetable01_js/course:0000803599-11/node:00126785/kt:0/lname:/"
}
