{
    "date": "2024/09/02",
    "name": "中西(横浜市泉区)",
    "position": "-",
    "system": "戸64",
    "destinations": [
        "中田小学校入口",
        "中田(横浜市泉区)",
        "東原(横浜市泉区)",
        "踊場",
        "日産前(横浜市戸塚区)",
        "アザリエ団地入口",
        "矢沢(横浜市戸塚区)",
        "戸塚駅西口",
        "戸塚バスセンター"
    ],
    "weekday": [
        "8:03",
        "9:28",
        "10:08",
        "10:48",
        "11:08",
        "11:48",
        "12:08",
        "12:48",
        "14:18",
        "15:48",
        "16:18",
        "16:48",
        "17:48",
        "18:18",
        "19:48",
        "20:33"
    ],
    "saturday": [
        "8:08",
        "9:28",
        "10:08",
        "10:48",
        "11:08",
        "11:38",
        "12:08",
        "12:38",
        "13:48",
        "15:18",
        "16:48",
        "18:18",
        "18:48",
        "19:33",
        "20:18"
    ],
    "holiday": [
        "8:08",
        "9:38",
        "10:08",
        "10:38",
        "11:08",
        "11:38",
        "12:08",
        "12:38",
        "13:48",
        "15:18",
        "16:48",
        "18:18",
        "18:48",
        "19:33",
        "20:18"
    ],
    "url": "https://www.kanachu.co.jp/dia/diagram/timetable01_js/course:0000803599-14/node:00126782/kt:0/lname:/"
}
