{
    "date": "2024/09/02",
    "name": "日産前(横浜市戸塚区)",
    "position": "-",
    "system": "戸64",
    "destinations": [
        "アザリエ団地入口",
        "矢沢(横浜市戸塚区)",
        "戸塚駅西口",
        "戸塚バスセンター"
    ],
    "weekday": [
        "8:10",
        "9:35",
        "10:15",
        "10:55",
        "11:15",
        "11:55",
        "12:15",
        "12:55",
        "14:25",
        "15:55",
        "16:25",
        "16:55",
        "17:55",
        "18:25",
        "19:55",
        "20:40"
    ],
    "saturday": [
        "8:15",
        "9:35",
        "10:15",
        "10:55",
        "11:15",
        "11:45",
        "12:15",
        "12:45",
        "13:55",
        "15:25",
        "16:55",
        "18:25",
        "18:55",
        "19:40",
        "20:25"
    ],
    "holiday": [
        "8:15",
        "9:45",
        "10:15",
        "10:45",
        "11:15",
        "11:45",
        "12:15",
        "12:45",
        "13:55",
        "15:25",
        "16:55",
        "18:25",
        "18:55",
        "19:40",
        "20:25"
    ],
    "url": "https://www.kanachu.co.jp/dia/diagram/timetable01_js/course:0000803599-19/node:00126777/kt:0/lname:/"
}
