{
    "date": "2024/09/02",
    "name": "岡津橋",
    "position": "-",
    "system": "戸13",
    "destinations": [
        "まほろば",
        "下新橋",
        "新橋町(横浜市泉区)",
        "観音寺前(横浜市泉区)",
        "相模新橋",
        "大中村",
        "中村(横浜市瀬谷区)",
        "阿久和",
        "阿久和坂上",
        "阿久和山谷",
        "柳明",
        "遊水池前(横浜市泉区)",
        "ひなた山",
        "上飯田車庫"
    ],
    "weekday": [
        "19:25",
        "19:43",
        "20:21",
        "20:38",
        "21:18",
        "21:38",
        "22:03",
        "22:30",
        "22:45",
        "23:00",
        "23:15",
        "23:40"
    ],
    "saturday": [
        "18:56",
        "19:36",
        "19:56",
        "20:39",
        "21:30",
        "22:00",
        "22:15",
        "22:31",
        "22:50"
    ],
    "holiday": [
        "19:36",
        "20:35",
        "21:26",
        "21:56",
        "22:15",
        "22:38"
    ],
    "url": "https://www.kanachu.co.jp/dia/diagram/timetable01_js/course:0000803575-11/node:00126674/kt:0/lname:/"
}
