{
    "date": "2026/01/16",
    "name": "諏訪久保",
    "position": "-",
    "system": "戸99",
    "destinations": [
        "領家一丁目(横浜市泉区)",
        "領家三丁目(横浜市泉区)",
        "領家中学校前",
        "鳥が丘第一公園",
        "鳥が丘中央",
        "道祖神前(横浜市戸塚区)",
        "谷矢部中央",
        "来迎寺(横浜市戸塚区)",
        "柳作東",
        "蔵坪",
        "戸塚駅"
    ],
    "weekday": [],
    "saturday": [
        "6:33"
    ],
    "holiday": [
        "6:33"
    ],
    "url": "https://www.kanachu.co.jp/dia/diagram/timetable01_js/course:0000804106-9/node:00126903/kt:0/lname:/"
}
