{
    "date": "2025/11/16",
    "name": "団地南(伊勢原市)",
    "position": "-",
    "system": "平93",
    "destinations": [
        "関台",
        "谷戸大竹",
        "竹園小学校入口",
        "ふじみ野",
        "宮上(平塚市)",
        "あいの坂",
        "丸島",
        "町谷(平塚市)",
        "大畑平岡幼稚園前",
        "稲荷坂(平塚市)",
        "岡崎農協前",
        "矢崎大橋",
        "矢崎(平塚市)",
        "東橋(平塚市)",
        "豊田本郷駅",
        "新大縄橋",
        "遺跡公園前(平塚市)",
        "中原公園前",
        "中原一丁目(平塚市)",
        "共済病院前総合公園西",
        "追分(平塚市)",
        "立野町(平塚市)",
        "横浜ゴム前",
        "市役所前(ゴム前/平塚市)",
        "四ツ角(平塚市)",
        "平塚駅北口"
    ],
    "weekday": [
        "5:33",
        "6:02",
        "6:20",
        "6:41",
        "7:17",
        "8:00",
        "16:32",
        "17:34",
        "18:32"
    ],
    "saturday": [
        "6:22",
        "6:39",
        "7:42"
    ],
    "holiday": [
        "6:29",
        "7:42"
    ],
    "url": "https://www.kanachu.co.jp/dia/diagram/timetable01_js/course:0000800973-4/node:00128138/kt:0/lname:/"
}
