{
    "date": "2025/11/16",
    "name": "大畑平岡幼稚園前",
    "position": "-",
    "system": "平93",
    "destinations": [
        "稲荷坂(平塚市)",
        "岡崎農協前",
        "矢崎大橋",
        "矢崎(平塚市)",
        "東橋(平塚市)",
        "豊田本郷駅",
        "新大縄橋",
        "遺跡公園前(平塚市)",
        "中原公園前",
        "中原一丁目(平塚市)",
        "共済病院前総合公園西",
        "追分(平塚市)",
        "立野町(平塚市)",
        "横浜ゴム前",
        "市役所前(ゴム前/平塚市)",
        "四ツ角(平塚市)",
        "平塚駅北口"
    ],
    "weekday": [
        "5:41",
        "6:10",
        "6:28",
        "6:49",
        "7:25",
        "8:08",
        "16:40",
        "17:42",
        "18:40"
    ],
    "saturday": [
        "6:30",
        "6:47",
        "7:49"
    ],
    "holiday": [
        "6:37",
        "7:49"
    ],
    "url": "https://www.kanachu.co.jp/dia/diagram/timetable01_js/course:0000800973-13/node:00128084/kt:0/lname:/"
}
