{
    "date": "2025/11/16",
    "name": "中原公園前",
    "position": "-",
    "system": "平93",
    "destinations": [
        "中原一丁目(平塚市)",
        "共済病院前総合公園西",
        "追分(平塚市)",
        "立野町(平塚市)",
        "横浜ゴム前",
        "市役所前(ゴム前/平塚市)",
        "四ツ角(平塚市)",
        "平塚駅北口"
    ],
    "weekday": [
        "5:56",
        "6:25",
        "6:43",
        "7:04",
        "7:42",
        "8:25",
        "16:57",
        "17:59",
        "18:57"
    ],
    "saturday": [
        "6:42",
        "6:59",
        "8:02"
    ],
    "holiday": [
        "6:49",
        "8:02"
    ],
    "url": "https://www.kanachu.co.jp/dia/diagram/timetable01_js/course:0000800973-22/node:00128111/kt:0/lname:/"
}
