{
    "date": "2026/01/16",
    "name": "谷口台小学校前",
    "position": "-",
    "system": "大60",
    "destinations": [
        "上原団地",
        "御園二丁目",
        "みゆき台団地",
        "御園五丁目",
        "双葉入口",
        "桜台(相模原市南区)",
        "水道路(相模原市南区)",
        "麻溝台",
        "麻溝台中学校入口",
        "工業団地入口(相模原市)",
        "麻溝台一丁目",
        "麻溝台工業団地",
        "総合体育館前(相模原市南区)",
        "女子美術大学"
    ],
    "weekday": [
        "10:03",
        "10:13",
        "10:23",
        "10:38",
        "10:53",
        "11:23",
        "11:53",
        "12:08",
        "12:18",
        "12:26",
        "12:33",
        "12:41",
        "12:48",
        "13:23",
        "13:53",
        "14:23",
        "14:53",
        "15:23",
        "15:53",
        "16:23",
        "17:19",
        "17:44",
        "18:14",
        "18:44",
        "19:03"
    ],
    "saturday": [
        "10:03",
        "10:23",
        "10:48",
        "11:03",
        "11:23",
        "11:48",
        "12:03",
        "12:18",
        "12:43",
        "13:03",
        "13:33",
        "14:03",
        "14:43",
        "15:03",
        "15:33",
        "16:03",
        "16:33",
        "17:03",
        "17:33",
        "18:03",
        "18:33",
        "19:03"
    ],
    "holiday": [
        "7:43",
        "8:03",
        "8:28",
        "9:03",
        "9:28",
        "10:03",
        "10:28",
        "11:03",
        "11:28",
        "12:03",
        "12:28",
        "13:03",
        "13:28",
        "14:03",
        "14:28",
        "15:03",
        "15:28",
        "16:03",
        "16:28",
        "17:03",
        "17:28",
        "18:08",
        "18:23",
        "18:53",
        "19:08",
        "19:23"
    ],
    "url": "https://www.kanachu.co.jp/dia/diagram/timetable01_js/course:0000804178-3/node:00129279/kt:0/lname:/"
}
