{
    "date": "2026/01/16",
    "name": "御園二丁目",
    "position": "-",
    "system": "大60",
    "destinations": [
        "みゆき台団地",
        "御園五丁目",
        "双葉入口",
        "桜台(相模原市南区)",
        "水道路(相模原市南区)",
        "麻溝台",
        "麻溝台中学校入口",
        "工業団地入口(相模原市)",
        "麻溝台一丁目",
        "麻溝台工業団地",
        "総合体育館前(相模原市南区)",
        "女子美術大学"
    ],
    "weekday": [
        "10:05",
        "10:15",
        "10:25",
        "10:40",
        "10:55",
        "11:25",
        "11:55",
        "12:10",
        "12:20",
        "12:28",
        "12:35",
        "12:43",
        "12:50",
        "13:25",
        "13:55",
        "14:25",
        "14:55",
        "15:25",
        "15:55",
        "16:25",
        "17:21",
        "17:46",
        "18:16",
        "18:46",
        "19:05"
    ],
    "saturday": [
        "10:05",
        "10:25",
        "10:50",
        "11:05",
        "11:25",
        "11:50",
        "12:05",
        "12:20",
        "12:45",
        "13:05",
        "13:35",
        "14:05",
        "14:45",
        "15:05",
        "15:35",
        "16:05",
        "16:35",
        "17:05",
        "17:35",
        "18:05",
        "18:35",
        "19:05"
    ],
    "holiday": [
        "7:45",
        "8:05",
        "8:30",
        "9:05",
        "9:30",
        "10:05",
        "10:30",
        "11:05",
        "11:30",
        "12:05",
        "12:30",
        "13:05",
        "13:30",
        "14:05",
        "14:30",
        "15:05",
        "15:30",
        "16:05",
        "16:30",
        "17:05",
        "17:30",
        "18:10",
        "18:25",
        "18:55",
        "19:10",
        "19:25"
    ],
    "url": "https://www.kanachu.co.jp/dia/diagram/timetable01_js/course:0000804178-5/node:00129260/kt:0/lname:/"
}
