{
    "date": "2026/01/16",
    "name": "麻溝台工業団地",
    "position": "-",
    "system": "大60",
    "destinations": [
        "総合体育館前(相模原市南区)",
        "女子美術大学"
    ],
    "weekday": [
        "10:15",
        "10:25",
        "10:35",
        "10:50",
        "11:05",
        "11:35",
        "12:05",
        "12:20",
        "12:30",
        "12:38",
        "12:45",
        "12:53",
        "13:00",
        "13:35",
        "14:05",
        "14:35",
        "15:05",
        "15:35",
        "16:05",
        "16:35",
        "17:33",
        "17:58",
        "18:28",
        "18:58",
        "19:15"
    ],
    "saturday": [
        "10:15",
        "10:35",
        "11:00",
        "11:15",
        "11:35",
        "12:00",
        "12:15",
        "12:30",
        "12:55",
        "13:15",
        "13:45",
        "14:15",
        "14:55",
        "15:15",
        "15:45",
        "16:15",
        "16:45",
        "17:15",
        "17:45",
        "18:15",
        "18:45",
        "19:15"
    ],
    "holiday": [
        "7:55",
        "8:15",
        "8:40",
        "9:15",
        "9:40",
        "10:15",
        "10:40",
        "11:15",
        "11:40",
        "12:15",
        "12:40",
        "13:15",
        "13:40",
        "14:15",
        "14:40",
        "15:15",
        "15:40",
        "16:15",
        "16:40",
        "17:15",
        "17:40",
        "18:20",
        "18:35",
        "19:05",
        "19:20",
        "19:35"
    ],
    "url": "https://www.kanachu.co.jp/dia/diagram/timetable01_js/course:0000804178-15/node:00129311/kt:0/lname:/"
}
