{
    "date": "2026/01/16",
    "name": "総合体育館前(相模原市南区)",
    "position": "-",
    "system": "大60",
    "destinations": [
        "女子美術大学"
    ],
    "weekday": [
        "10:19",
        "10:29",
        "10:39",
        "10:54",
        "11:09",
        "11:39",
        "12:09",
        "12:24",
        "12:34",
        "12:42",
        "12:49",
        "12:57",
        "13:04",
        "13:39",
        "14:09",
        "14:39",
        "15:09",
        "15:39",
        "16:09",
        "16:39",
        "17:37",
        "18:02",
        "18:32",
        "19:02",
        "19:19"
    ],
    "saturday": [
        "10:19",
        "10:39",
        "11:04",
        "11:19",
        "11:39",
        "12:04",
        "12:19",
        "12:34",
        "12:59",
        "13:19",
        "13:49",
        "14:19",
        "14:59",
        "15:19",
        "15:49",
        "16:19",
        "16:49",
        "17:19",
        "17:49",
        "18:19",
        "18:49",
        "19:19"
    ],
    "holiday": [
        "7:57",
        "8:18",
        "8:43",
        "9:18",
        "9:43",
        "10:18",
        "10:43",
        "11:18",
        "11:43",
        "12:18",
        "12:43",
        "13:18",
        "13:43",
        "14:18",
        "14:43",
        "15:18",
        "15:43",
        "16:18",
        "16:43",
        "17:18",
        "17:43",
        "18:23",
        "18:38",
        "19:08",
        "19:23",
        "19:38"
    ],
    "url": "https://www.kanachu.co.jp/dia/diagram/timetable01_js/course:0000804178-16/node:00129178/kt:0/lname:/"
}
