{
    "date": "2024/03/16",
    "name": "光明寺(横浜市栄区)",
    "position": "-",
    "system": "港86",
    "destinations": [
        "中島(横浜市栄区)",
        "西ヶ谷入口",
        "西ヶ谷",
        "上郷ネオポリス"
    ],
    "weekday": [
        "6:40",
        "7:05",
        "7:30"
    ],
    "saturday": [],
    "holiday": [],
    "url": "https://www.kanachu.co.jp/dia/diagram/timetable01_js/course:0000800536-6/node:00126515/kt:0/lname:/"
}
