{
    "date": "2025/08/30",
    "name": "関の下",
    "position": "-",
    "system": "71",
    "destinations": [
        "笹下港南中央通り",
        "港南区総合庁舎前",
        "港南橋",
        "室ノ木(横浜市港南区)",
        "月見ヶ丘団地前",
        "南高校前(横浜市港南区)",
        "上永谷住宅入口",
        "島越",
        "上永谷中学校前",
        "日限地蔵入口",
        "水田(横浜市港南区)",
        "中永谷",
        "般若寺橋",
        "下永谷(横浜市港南区)",
        "平戸(横浜市港南区)",
        "芹が谷団地前",
        "せりぎんタウン",
        "芹が谷"
    ],
    "weekday": [
        "16:46",
        "17:41",
        "19:01"
    ],
    "saturday": [],
    "holiday": [
        "17:46",
        "18:41"
    ],
    "url": "https://www.kanachu.co.jp/dia/diagram/timetable01_js/course:0000800444-2/node:00102671/kt:0/lname:/"
}
