{
    "date": "2025/08/30",
    "name": "港南橋",
    "position": "-",
    "system": "",
    "destinations": [
        "室ノ木(横浜市港南区)",
        "月見ヶ丘団地前",
        "南高校前(横浜市港南区)",
        "上永谷住宅入口",
        "島越",
        "上永谷中学校前",
        "日限地蔵入口",
        "水田(横浜市港南区)",
        "中永谷",
        "般若寺橋",
        "下永谷(横浜市港南区)",
        "平戸(横浜市港南区)",
        "芹が谷団地前",
        "せりぎんタウン",
        "芹が谷"
    ],
    "weekday": [
        "16:50",
        "17:45",
        "19:05"
    ],
    "saturday": [],
    "holiday": [
        "17:50",
        "18:45"
    ],
    "url": "https://www.kanachu.co.jp/dia/diagram/timetable01_js/course:0000800444-5/node:00126575/kt:0/lname:/"
}
