{
    "date": "2025/08/30",
    "name": "上永谷住宅入口",
    "position": "-",
    "system": "",
    "destinations": [
        "島越",
        "上永谷中学校前",
        "日限地蔵入口",
        "水田(横浜市港南区)",
        "中永谷",
        "般若寺橋",
        "下永谷(横浜市港南区)",
        "平戸(横浜市港南区)",
        "芹が谷団地前",
        "せりぎんタウン",
        "芹が谷"
    ],
    "weekday": [
        "16:56",
        "17:51",
        "19:11"
    ],
    "saturday": [],
    "holiday": [
        "17:56",
        "18:51"
    ],
    "url": "https://www.kanachu.co.jp/dia/diagram/timetable01_js/course:0000800444-9/node:00126572/kt:0/lname:/"
}
