{
    "date": "2025/08/30",
    "name": "上永谷中学校前",
    "position": "-",
    "system": "",
    "destinations": [
        "日限地蔵入口",
        "水田(横浜市港南区)",
        "中永谷",
        "般若寺橋",
        "下永谷(横浜市港南区)",
        "平戸(横浜市港南区)",
        "芹が谷団地前",
        "せりぎんタウン",
        "芹が谷"
    ],
    "weekday": [
        "16:58",
        "17:53",
        "19:13"
    ],
    "saturday": [],
    "holiday": [
        "17:58",
        "18:53"
    ],
    "url": "https://www.kanachu.co.jp/dia/diagram/timetable01_js/course:0000800444-11/node:00126570/kt:0/lname:/"
}
