{
    "date": "2025/08/30",
    "name": "日限地蔵入口",
    "position": "-",
    "system": "",
    "destinations": [
        "水田(横浜市港南区)",
        "中永谷",
        "般若寺橋",
        "下永谷(横浜市港南区)",
        "平戸(横浜市港南区)",
        "芹が谷団地前",
        "せりぎんタウン",
        "芹が谷"
    ],
    "weekday": [
        "17:01",
        "17:56",
        "19:16"
    ],
    "saturday": [],
    "holiday": [
        "18:01",
        "18:56"
    ],
    "url": "https://www.kanachu.co.jp/dia/diagram/timetable01_js/course:0000800444-12/node:00102960/kt:0/lname:/"
}
