{
    "date": "2025/08/30",
    "name": "平戸(横浜市港南区)",
    "position": "-",
    "system": "",
    "destinations": [
        "芹が谷団地前",
        "せりぎんタウン",
        "芹が谷"
    ],
    "weekday": [
        "17:09",
        "18:04",
        "19:24"
    ],
    "saturday": [],
    "holiday": [
        "18:09",
        "19:04"
    ],
    "url": "https://www.kanachu.co.jp/dia/diagram/timetable01_js/course:0000800444-17/node:00102977/kt:0/lname:/"
}
