{
    "system": "二03",
    "busstops": [
        {
            "index": "1",
            "id": "00130205",
            "name": "大磯運動公園前",
            "lat": "35.308754",
            "lng": "139.289595"
        },
        {
            "index": "2",
            "id": "00127695",
            "name": "城の下",
            "lat": "35.308408",
            "lng": "139.28729"
        },
        {
            "index": "3",
            "id": "00127696",
            "name": "馬場(中郡大磯町)",
            "lat": "35.309539",
            "lng": "139.283384"
        },
        {
            "index": "4",
            "id": "00127697",
            "name": "馬場公園",
            "lat": "35.309734",
            "lng": "139.280673"
        },
        {
            "index": "5",
            "id": "00127549",
            "name": "月京",
            "lat": "35.310206",
            "lng": "139.278428"
        },
        {
            "index": "6",
            "id": "00127506",
            "name": "湘南大磯病院",
            "lat": "35.309474",
            "lng": "139.277029"
        },
        {
            "index": "7",
            "id": "00127511",
            "name": "湘南大磯住宅入口",
            "lat": "35.31092",
            "lng": "139.27234"
        },
        {
            "index": "8",
            "id": "00127514",
            "name": "国府中学西口",
            "lat": "35.314084",
            "lng": "139.272623"
        },
        {
            "index": "9",
            "id": "00127515",
            "name": "素心学院前",
            "lat": "35.316011",
            "lng": "139.272946"
        },
        {
            "index": "10",
            "id": "00127516",
            "name": "下田(中郡大磯町)",
            "lat": "35.318058",
            "lng": "139.272999"
        },
        {
            "index": "11",
            "id": "00127517",
            "name": "ぼったり",
            "lat": "35.320813",
            "lng": "139.269861"
        },
        {
            "index": "12",
            "id": "00127518",
            "name": "虫窪",
            "lat": "35.323028",
            "lng": "139.267812"
        },
        {
            "index": "13",
            "id": "00127519",
            "name": "天神下(中郡大磯町)",
            "lat": "35.322104",
            "lng": "139.267034"
        },
        {
            "index": "14",
            "id": "00127520",
            "name": "公民館前(中郡大磯町)",
            "lat": "35.321166",
            "lng": "139.265723"
        },
        {
            "index": "15",
            "id": "00127521",
            "name": "舟窪",
            "lat": "35.321054",
            "lng": "139.26285"
        },
        {
            "index": "16",
            "id": "00127522",
            "name": "上舟窪",
            "lat": "35.322003",
            "lng": "139.262442"
        },
        {
            "index": "17",
            "id": "00127523",
            "name": "黒岩入口",
            "lat": "35.323015",
            "lng": "139.259905"
        },
        {
            "index": "18",
            "id": "00127525",
            "name": "西久保(中郡大磯町)",
            "lat": "35.321881",
            "lng": "139.258204"
        },
        {
            "index": "19",
            "id": "00130206",
            "name": "西久保福祉館前",
            "lat": "35.324227",
            "lng": "139.257904"
        },
        {
            "index": "20",
            "id": "00130207",
            "name": "黒岩公民館前",
            "lat": "35.32664",
            "lng": "139.260212"
        },
        {
            "index": "21",
            "id": "00130208",
            "name": "黒岩台",
            "lat": "35.326296",
            "lng": "139.264016"
        },
        {
            "index": "22",
            "id": "00130207",
            "name": "黒岩公民館前",
            "lat": "35.326535",
            "lng": "139.260134"
        },
        {
            "index": "23",
            "id": "00130206",
            "name": "西久保福祉館前",
            "lat": "35.324253",
            "lng": "139.257942"
        },
        {
            "index": "24",
            "id": "00127525",
            "name": "西久保(中郡大磯町)",
            "lat": "35.321343",
            "lng": "139.258199"
        },
        {
            "index": "25",
            "id": "00127526",
            "name": "富士見平",
            "lat": "35.319036",
            "lng": "139.25718"
        },
        {
            "index": "26",
            "id": "00127527",
            "name": "桜美園前",
            "lat": "35.314667",
            "lng": "139.256525"
        },
        {
            "index": "27",
            "id": "00127528",
            "name": "栗谷前",
            "lat": "35.308119",
            "lng": "139.258135"
        },
        {
            "index": "28",
            "id": "00127790",
            "name": "堂面(中郡二宮町)",
            "lat": "35.305482",
            "lng": "139.255251"
        },
        {
            "index": "29",
            "id": "00127791",
            "name": "元町(中郡二宮町)",
            "lat": "35.301529",
            "lng": "139.257673"
        },
        {
            "index": "30",
            "id": "00127683",
            "name": "二宮駅北口",
            "lat": "35.29915",
            "lng": "139.257459"
        }
    ],
    "route_url": "https://www.kanachu.co.jp/dia/route/index/cid:0000804181/"
}
