{
    "date": "2025/01/14",
    "name": "王子(厚木市)",
    "position": "-",
    "system": "厚97",
    "destinations": [
        "高校入口(厚木市)",
        "王子入口",
        "林(厚木市)",
        "戸室",
        "吾妻団地",
        "愛光病院前",
        "厚木警察署前",
        "市役所入口(厚木市)",
        "本厚木駅",
        "厚木バスセンター"
    ],
    "weekday": [
        "6:25",
        "6:50",
        "7:10",
        "7:35",
        "8:10",
        "8:40",
        "9:40",
        "10:40",
        "11:40",
        "12:40",
        "13:40",
        "14:40",
        "15:40",
        "15:50",
        "16:40",
        "17:10",
        "17:40",
        "18:10",
        "18:40",
        "19:10"
    ],
    "saturday": [
        "7:30",
        "8:30",
        "9:30",
        "10:30",
        "11:30",
        "12:30",
        "13:30",
        "14:30",
        "15:30",
        "16:30",
        "17:30",
        "18:30"
    ],
    "holiday": [
        "7:30",
        "8:30",
        "9:30",
        "10:30",
        "11:30",
        "12:30",
        "13:30",
        "14:30",
        "15:30",
        "16:30",
        "17:30",
        "18:30"
    ],
    "url": "https://www.kanachu.co.jp/dia/diagram/timetable01_js/course:0000800246-1/node:00128670/kt:0/lname:/"
}
