{
    "date": "2025/01/14",
    "name": "吾妻団地",
    "position": "-",
    "system": "厚97",
    "destinations": [
        "愛光病院前",
        "厚木警察署前",
        "市役所入口(厚木市)",
        "本厚木駅",
        "厚木バスセンター"
    ],
    "weekday": [
        "6:30",
        "6:55",
        "7:15",
        "7:40",
        "8:15",
        "8:45",
        "9:45",
        "10:45",
        "11:45",
        "12:45",
        "13:45",
        "14:45",
        "15:45",
        "15:55",
        "16:45",
        "17:15",
        "17:45",
        "18:15",
        "18:45",
        "19:15"
    ],
    "saturday": [
        "7:35",
        "8:35",
        "9:35",
        "10:35",
        "11:35",
        "12:35",
        "13:35",
        "14:35",
        "15:35",
        "16:35",
        "17:35",
        "18:35"
    ],
    "holiday": [
        "7:35",
        "8:35",
        "9:35",
        "10:35",
        "11:35",
        "12:35",
        "13:35",
        "14:35",
        "15:35",
        "16:35",
        "17:35",
        "18:35"
    ],
    "url": "https://www.kanachu.co.jp/dia/diagram/timetable01_js/course:0000800246-6/node:00128433/kt:0/lname:/"
}
