{
    "date": "2025/01/14",
    "name": "市役所入口(厚木市)",
    "position": "-",
    "system": "厚97",
    "destinations": [
        "本厚木駅",
        "厚木バスセンター"
    ],
    "weekday": [
        "6:35",
        "7:00",
        "7:20",
        "7:46",
        "8:21",
        "8:51",
        "9:51",
        "10:51",
        "11:51",
        "12:51",
        "13:51",
        "14:51",
        "15:51",
        "16:01",
        "16:51",
        "17:21",
        "17:51",
        "18:21",
        "18:51",
        "19:20"
    ],
    "saturday": [
        "7:40",
        "8:40",
        "9:40",
        "10:40",
        "11:40",
        "12:40",
        "13:40",
        "14:40",
        "15:41",
        "16:41",
        "17:41",
        "18:41"
    ],
    "holiday": [
        "7:40",
        "8:40",
        "9:40",
        "10:40",
        "11:40",
        "12:40",
        "13:40",
        "14:40",
        "15:41",
        "16:41",
        "17:41",
        "18:41"
    ],
    "url": "https://www.kanachu.co.jp/dia/diagram/timetable01_js/course:0000800246-9/node:00128396/kt:0/lname:/"
}
