{
    "date": "2025/01/14",
    "name": "本厚木駅",
    "position": "-",
    "system": "厚97",
    "destinations": [
        "厚木バスセンター"
    ],
    "weekday": [
        "6:37",
        "7:02",
        "7:22",
        "7:48",
        "8:23",
        "8:53",
        "9:53",
        "10:53",
        "11:53",
        "12:53",
        "13:53",
        "14:53",
        "15:53",
        "16:03",
        "16:53",
        "17:23",
        "17:53",
        "18:23",
        "18:53",
        "19:22"
    ],
    "saturday": [
        "7:42",
        "8:42",
        "9:42",
        "10:42",
        "11:42",
        "12:42",
        "13:42",
        "14:42",
        "15:43",
        "16:43",
        "17:43",
        "18:43"
    ],
    "holiday": [
        "7:42",
        "8:42",
        "9:42",
        "10:42",
        "11:42",
        "12:42",
        "13:42",
        "14:42",
        "15:43",
        "16:43",
        "17:43",
        "18:43"
    ],
    "url": "https://www.kanachu.co.jp/dia/diagram/timetable01_js/course:0000800246-10/node:00025684/kt:0/lname:/"
}
