{
    "date": "2025/03/15",
    "name": "綾瀬車庫(綾瀬市)",
    "position": "-",
    "system": "長35",
    "destinations": [
        "吉岡芝原",
        "山根(綾瀬市)",
        "女坂",
        "松葉(藤沢市)",
        "用田神社入口",
        "用田辻",
        "用田(藤沢市)",
        "御所見市民センター前",
        "御所見中学校前",
        "西葛原",
        "葛野",
        "宮の腰(藤沢市)",
        "葛原(藤沢市)",
        "東山田(藤沢市)",
        "山谷(藤沢市)",
        "大持",
        "いすゞ前",
        "下土棚",
        "坂下(藤沢市)",
        "住宅前(藤沢市下土棚)",
        "長後市民センター前",
        "長後駅西口"
    ],
    "weekday": [
        "5:38",
        "5:55",
        "6:10",
        "6:24",
        "6:36",
        "6:48",
        "7:11",
        "7:53",
        "8:52",
        "9:17",
        "9:40",
        "10:08",
        "10:38",
        "11:08",
        "11:38",
        "12:08",
        "12:38",
        "13:08",
        "13:38",
        "14:08",
        "14:38",
        "15:08",
        "15:30",
        "15:45",
        "16:13",
        "16:47",
        "17:13",
        "17:45",
        "18:15",
        "18:42",
        "19:53"
    ],
    "saturday": [
        "5:39",
        "6:08",
        "6:38",
        "7:30",
        "8:08",
        "8:38",
        "9:14",
        "9:54",
        "10:34",
        "11:14",
        "11:54",
        "12:34",
        "13:14",
        "13:54",
        "14:34",
        "15:14",
        "15:54",
        "16:34",
        "17:14",
        "17:54",
        "18:34",
        "19:14",
        "19:54",
        "20:34"
    ],
    "holiday": [
        "6:38",
        "7:38",
        "8:08",
        "8:38",
        "9:14",
        "9:54",
        "10:34",
        "11:14",
        "11:54",
        "12:34",
        "13:14",
        "13:54",
        "14:34",
        "15:14",
        "15:54",
        "16:34",
        "17:14",
        "17:54",
        "18:34",
        "19:14",
        "19:54",
        "20:34"
    ],
    "url": "https://www.kanachu.co.jp/dia/diagram/timetable01_js/course:0000800546-1/node:00129845/kt:0/lname:/"
}
