{
    "date": "2025/03/15",
    "name": "用田神社入口",
    "position": "-",
    "system": "長35",
    "destinations": [
        "用田辻",
        "用田(藤沢市)",
        "御所見市民センター前",
        "御所見中学校前",
        "西葛原",
        "葛野",
        "宮の腰(藤沢市)",
        "葛原(藤沢市)",
        "東山田(藤沢市)",
        "山谷(藤沢市)",
        "大持",
        "いすゞ前",
        "下土棚",
        "坂下(藤沢市)",
        "住宅前(藤沢市下土棚)",
        "長後市民センター前",
        "長後駅西口"
    ],
    "weekday": [
        "5:43",
        "6:00",
        "6:15",
        "6:29",
        "6:41",
        "6:53",
        "7:16",
        "7:58",
        "8:57",
        "9:22",
        "9:45",
        "10:13",
        "10:43",
        "11:13",
        "11:43",
        "12:13",
        "12:43",
        "13:13",
        "13:43",
        "14:13",
        "14:43",
        "15:13",
        "15:35",
        "15:50",
        "16:18",
        "16:52",
        "17:18",
        "17:50",
        "18:20",
        "18:47",
        "19:58"
    ],
    "saturday": [
        "5:44",
        "6:13",
        "6:43",
        "7:35",
        "8:13",
        "8:43",
        "9:19",
        "9:59",
        "10:39",
        "11:19",
        "11:59",
        "12:39",
        "13:19",
        "13:59",
        "14:39",
        "15:19",
        "15:59",
        "16:39",
        "17:19",
        "17:59",
        "18:39",
        "19:19",
        "19:59",
        "20:39"
    ],
    "holiday": [
        "6:43",
        "7:43",
        "8:13",
        "8:43",
        "9:19",
        "9:59",
        "10:39",
        "11:19",
        "11:59",
        "12:39",
        "13:19",
        "13:59",
        "14:39",
        "15:19",
        "15:59",
        "16:39",
        "17:19",
        "17:59",
        "18:39",
        "19:19",
        "19:59",
        "20:39"
    ],
    "url": "https://www.kanachu.co.jp/dia/diagram/timetable01_js/course:0000800546-6/node:00129840/kt:0/lname:/"
}
