{
    "date": "2025/03/15",
    "name": "宮の腰(藤沢市)",
    "position": "-",
    "system": "長35",
    "destinations": [
        "葛原(藤沢市)",
        "東山田(藤沢市)",
        "山谷(藤沢市)",
        "大持",
        "いすゞ前",
        "下土棚",
        "坂下(藤沢市)",
        "住宅前(藤沢市下土棚)",
        "長後市民センター前",
        "長後駅西口"
    ],
    "weekday": [
        "5:51",
        "6:08",
        "6:23",
        "6:37",
        "6:49",
        "7:01",
        "7:24",
        "8:06",
        "9:05",
        "9:30",
        "9:53",
        "10:21",
        "10:51",
        "11:21",
        "11:51",
        "12:21",
        "12:51",
        "13:21",
        "13:51",
        "14:21",
        "14:51",
        "15:21",
        "15:43",
        "15:58",
        "16:26",
        "17:00",
        "17:26",
        "17:58",
        "18:28",
        "18:55",
        "20:06"
    ],
    "saturday": [
        "5:50",
        "6:21",
        "6:51",
        "7:43",
        "8:21",
        "8:51",
        "9:27",
        "10:07",
        "10:47",
        "11:27",
        "12:07",
        "12:47",
        "13:27",
        "14:07",
        "14:47",
        "15:27",
        "16:07",
        "16:47",
        "17:27",
        "18:07",
        "18:47",
        "19:27",
        "20:07",
        "20:47"
    ],
    "holiday": [
        "6:51",
        "7:51",
        "8:21",
        "8:51",
        "9:27",
        "10:07",
        "10:47",
        "11:27",
        "12:07",
        "12:47",
        "13:27",
        "14:07",
        "14:47",
        "15:27",
        "16:07",
        "16:47",
        "17:27",
        "18:07",
        "18:47",
        "19:27",
        "20:07",
        "20:47"
    ],
    "url": "https://www.kanachu.co.jp/dia/diagram/timetable01_js/course:0000800546-13/node:00129821/kt:0/lname:/"
}
