{
    "date": "2025/03/15",
    "name": "坂下(藤沢市)",
    "position": "-",
    "system": "長35",
    "destinations": [
        "住宅前(藤沢市下土棚)",
        "長後市民センター前",
        "長後駅西口"
    ],
    "weekday": [
        "5:57",
        "6:14",
        "6:29",
        "6:43",
        "6:55",
        "7:07",
        "7:30",
        "8:12",
        "9:11",
        "9:36",
        "9:59",
        "10:27",
        "10:57",
        "11:27",
        "11:57",
        "12:27",
        "12:57",
        "13:27",
        "13:57",
        "14:27",
        "14:57",
        "15:27",
        "15:49",
        "16:04",
        "16:32",
        "17:06",
        "17:32",
        "18:04",
        "18:34",
        "19:01",
        "20:12"
    ],
    "saturday": [
        "5:56",
        "6:27",
        "6:57",
        "7:49",
        "8:27",
        "8:57",
        "9:33",
        "10:13",
        "10:53",
        "11:33",
        "12:13",
        "12:53",
        "13:33",
        "14:13",
        "14:53",
        "15:33",
        "16:13",
        "16:53",
        "17:33",
        "18:13",
        "18:53",
        "19:33",
        "20:13",
        "20:53"
    ],
    "holiday": [
        "6:57",
        "7:57",
        "8:27",
        "8:57",
        "9:33",
        "10:13",
        "10:53",
        "11:33",
        "12:13",
        "12:53",
        "13:33",
        "14:13",
        "14:53",
        "15:33",
        "16:13",
        "16:53",
        "17:33",
        "18:13",
        "18:53",
        "19:33",
        "20:13",
        "20:53"
    ],
    "url": "https://www.kanachu.co.jp/dia/diagram/timetable01_js/course:0000800546-20/node:00129814/kt:0/lname:/"
}
