{
    "date": "2022/03/12",
    "name": "押切(中郡二宮町)",
    "position": "-",
    "system": "国04",
    "destinations": [
        "橘中学校入口(小田原市)",
        "下原(小田原市)",
        "中村原",
        "鐘藪",
        "診療所前(小田原市)",
        "下中小学校前",
        "下中駐在所前",
        "下小竹",
        "橘団地"
    ],
    "weekday": [
        "19:33"
    ],
    "saturday": [
        "9:10",
        "12:52",
        "14:02",
        "19:33"
    ],
    "holiday": [
        "9:10",
        "12:52",
        "14:02",
        "19:33"
    ],
    "url": "https://www.kanachu.co.jp/dia/diagram/timetable01_js/course:0000802554-9/node:00127495/kt:0/lname:/"
}
