{
    "date": "2022/03/12",
    "name": "鐘藪",
    "position": "-",
    "system": "国04",
    "destinations": [
        "診療所前(小田原市)",
        "下中小学校前",
        "下中駐在所前",
        "下小竹",
        "橘団地"
    ],
    "weekday": [
        "19:35"
    ],
    "saturday": [
        "9:12",
        "12:54",
        "14:04",
        "19:35"
    ],
    "holiday": [
        "9:12",
        "12:54",
        "14:04",
        "19:35"
    ],
    "url": "https://www.kanachu.co.jp/dia/diagram/timetable01_js/course:0000802554-13/node:00127976/kt:0/lname:/"
}
