{
    "date": "2024/11/16",
    "name": "大泉寺",
    "position": "-",
    "system": "ー",
    "destinations": [
        "山の端",
        "大善倶楽部",
        "山中集会所",
        "唐木田駅東",
        "多摩南部地域病院"
    ],
    "weekday": [
        "6:08",
        "6:58",
        "7:28",
        "8:03",
        "8:33",
        "9:48",
        "10:48",
        "11:48",
        "12:48",
        "13:48",
        "14:48",
        "15:48",
        "16:48",
        "17:48",
        "18:48",
        "19:48",
        "20:48"
    ],
    "saturday": [],
    "holiday": [],
    "url": "https://www.kanachu.co.jp/dia/diagram/timetable01_js/course:0000803647-4/node:00129410/kt:0/lname:/"
}
