{
    "date": "2024/11/16",
    "name": "山の端",
    "position": "-",
    "system": "ー",
    "destinations": [
        "大善倶楽部",
        "山中集会所",
        "唐木田駅東",
        "多摩南部地域病院"
    ],
    "weekday": [
        "6:09",
        "6:59",
        "7:29",
        "8:04",
        "8:34",
        "9:49",
        "10:49",
        "11:49",
        "12:49",
        "13:49",
        "14:49",
        "15:49",
        "16:49",
        "17:49",
        "18:49",
        "19:49",
        "20:49"
    ],
    "saturday": [],
    "holiday": [],
    "url": "https://www.kanachu.co.jp/dia/diagram/timetable01_js/course:0000803647-5/node:00129411/kt:0/lname:/"
}
