{
    "date": "2024/11/16",
    "name": "大善倶楽部",
    "position": "-",
    "system": "ー",
    "destinations": [
        "山中集会所",
        "唐木田駅東",
        "多摩南部地域病院"
    ],
    "weekday": [
        "6:11",
        "7:01",
        "7:31",
        "8:06",
        "8:36",
        "9:51",
        "10:51",
        "11:51",
        "12:51",
        "13:51",
        "14:51",
        "15:51",
        "16:51",
        "17:51",
        "18:51",
        "19:51",
        "20:51"
    ],
    "saturday": [],
    "holiday": [],
    "url": "https://www.kanachu.co.jp/dia/diagram/timetable01_js/course:0000803647-6/node:00130486/kt:0/lname:/"
}
