{
    "date": "2025/03/15",
    "name": "札の辻(大和市)",
    "position": "-",
    "system": "長33",
    "destinations": [
        "千本桜商店街",
        "代官二丁目",
        "代官三丁目",
        "本蓼川",
        "廻り坂",
        "深谷原",
        "鶴ヶ岡",
        "大法寺(綾瀬市)",
        "上落合(綾瀬市)",
        "落合(綾瀬市)",
        "中川橋",
        "上土棚",
        "並塚",
        "上谷台",
        "長後駅西口"
    ],
    "weekday": [
        "6:34",
        "7:34",
        "8:09",
        "9:46",
        "11:24",
        "12:54",
        "14:24",
        "15:54",
        "17:24",
        "18:11"
    ],
    "saturday": [
        "8:02",
        "9:34",
        "11:04",
        "12:34",
        "14:04",
        "15:34",
        "17:06"
    ],
    "holiday": [
        "8:02",
        "9:34",
        "11:04",
        "12:34",
        "14:04",
        "15:34",
        "17:06"
    ],
    "url": "https://www.kanachu.co.jp/dia/diagram/timetable01_js/course:0000800720-4/node:00129996/kt:0/lname:/"
}
