{
    "date": "2025/03/15",
    "name": "本蓼川",
    "position": "-",
    "system": "長33",
    "destinations": [
        "廻り坂",
        "深谷原",
        "鶴ヶ岡",
        "大法寺(綾瀬市)",
        "上落合(綾瀬市)",
        "落合(綾瀬市)",
        "中川橋",
        "上土棚",
        "並塚",
        "上谷台",
        "長後駅西口"
    ],
    "weekday": [
        "6:40",
        "7:43",
        "8:15",
        "9:52",
        "11:30",
        "13:00",
        "14:30",
        "16:00",
        "17:30",
        "18:17"
    ],
    "saturday": [
        "8:08",
        "9:40",
        "11:10",
        "12:40",
        "14:10",
        "15:40",
        "17:12"
    ],
    "holiday": [
        "8:08",
        "9:40",
        "11:10",
        "12:40",
        "14:10",
        "15:40",
        "17:12"
    ],
    "url": "https://www.kanachu.co.jp/dia/diagram/timetable01_js/course:0000800720-8/node:00129855/kt:0/lname:/"
}
