{
    "date": "2024/09/02",
    "name": "ブリヂストン前",
    "position": "-",
    "system": "戸18",
    "destinations": [
        "不動坂(横浜市戸塚区)",
        "富士橋",
        "上矢部インター",
        "上矢部",
        "日の森",
        "下岡津"
    ],
    "weekday": [
        "18:04",
        "19:04",
        "19:28",
        "19:40",
        "20:37",
        "20:45"
    ],
    "saturday": [
        "17:06",
        "18:06",
        "20:18",
        "21:36"
    ],
    "holiday": [
        "20:14",
        "21:32"
    ],
    "url": "https://www.kanachu.co.jp/dia/diagram/timetable01_js/course:0000803579-3/node:00126612/kt:0/lname:/"
}
