{
    "date": "2024/09/02",
    "name": "富士橋",
    "position": "-",
    "system": "戸18",
    "destinations": [
        "上矢部インター",
        "上矢部",
        "日の森",
        "下岡津"
    ],
    "weekday": [
        "18:07",
        "19:07",
        "19:31",
        "19:43",
        "20:40",
        "20:48"
    ],
    "saturday": [
        "17:09",
        "18:09",
        "20:21",
        "21:39"
    ],
    "holiday": [
        "20:17",
        "21:35"
    ],
    "url": "https://www.kanachu.co.jp/dia/diagram/timetable01_js/course:0000803579-5/node:00126668/kt:0/lname:/"
}
