{
    "date": "2024/11/16",
    "name": "藤沢駅北口",
    "position": "-",
    "system": "藤60",
    "destinations": [
        "赤坂下",
        "藤が岡中央",
        "ふじがおか幼稚園前",
        "柄沢橋",
        "隆昌院前",
        "柄沢",
        "柄沢十字路",
        "並木台",
        "慈眼寺",
        "藤ヶ岡中学校前",
        "柄沢橋",
        "ふじがおか幼稚園前",
        "藤が岡中央",
        "赤坂下",
        "村岡",
        "藤沢駅北口"
    ],
    "weekday": [
        "6:22",
        "6:42",
        "7:02",
        "7:22",
        "7:42",
        "8:42",
        "9:42",
        "10:42",
        "11:42",
        "12:42",
        "13:42",
        "14:42",
        "15:22",
        "16:07",
        "16:52",
        "17:37",
        "18:22",
        "18:45",
        "19:15",
        "19:45",
        "20:15",
        "20:47",
        "21:27"
    ],
    "saturday": [
        "7:05",
        "8:05",
        "9:05",
        "10:05",
        "11:05",
        "12:05",
        "13:05",
        "14:05",
        "15:05",
        "16:05",
        "17:05",
        "18:05",
        "19:05",
        "20:05"
    ],
    "holiday": [
        "7:05",
        "8:05",
        "9:05",
        "10:05",
        "11:05",
        "12:05",
        "13:05",
        "14:05",
        "15:05",
        "16:05",
        "17:05",
        "18:05",
        "19:05",
        "20:05"
    ],
    "url": "https://www.kanachu.co.jp/dia/diagram/timetable01_js/course:0000802102-1/node:00126970/kt:0/lname:/"
}
