{
    "date": "2024/11/16",
    "name": "藤が岡中央",
    "position": "-",
    "system": "藤60",
    "destinations": [
        "ふじがおか幼稚園前",
        "柄沢橋",
        "隆昌院前",
        "柄沢",
        "柄沢十字路",
        "並木台",
        "慈眼寺",
        "藤ヶ岡中学校前",
        "柄沢橋",
        "ふじがおか幼稚園前",
        "藤が岡中央",
        "赤坂下",
        "村岡",
        "藤沢駅北口"
    ],
    "weekday": [
        "6:29",
        "6:49",
        "7:09",
        "7:29",
        "7:49",
        "8:49",
        "9:49",
        "10:49",
        "11:49",
        "12:49",
        "13:49",
        "14:49",
        "15:29",
        "16:14",
        "16:59",
        "17:44",
        "18:29",
        "18:52",
        "19:22",
        "19:52",
        "20:22",
        "20:54",
        "21:34"
    ],
    "saturday": [
        "7:12",
        "8:12",
        "9:12",
        "10:12",
        "11:12",
        "12:12",
        "13:12",
        "14:12",
        "15:12",
        "16:12",
        "17:12",
        "18:12",
        "19:12",
        "20:12"
    ],
    "holiday": [
        "7:12",
        "8:12",
        "9:12",
        "10:12",
        "11:12",
        "12:12",
        "13:12",
        "14:12",
        "15:12",
        "16:12",
        "17:12",
        "18:12",
        "19:12",
        "20:12"
    ],
    "url": "https://www.kanachu.co.jp/dia/diagram/timetable01_js/course:0000802102-3/node:00130318/kt:0/lname:/"
}
