{
    "date": "2024/11/16",
    "name": "藤が岡中央",
    "position": "-",
    "system": "藤60",
    "destinations": [
        "赤坂下",
        "村岡",
        "藤沢駅北口"
    ],
    "weekday": [
        "6:42",
        "7:02",
        "7:23",
        "7:43",
        "8:03",
        "9:03",
        "10:03",
        "11:03",
        "12:03",
        "13:03",
        "14:03",
        "15:03",
        "15:43",
        "16:28",
        "17:13",
        "17:58",
        "18:42",
        "19:05",
        "19:35",
        "20:05",
        "20:35",
        "21:07",
        "21:47"
    ],
    "saturday": [
        "7:26",
        "8:26",
        "9:26",
        "10:26",
        "11:26",
        "12:26",
        "13:26",
        "14:26",
        "15:26",
        "16:26",
        "17:26",
        "18:26",
        "19:25",
        "20:25"
    ],
    "holiday": [
        "7:26",
        "8:26",
        "9:26",
        "10:26",
        "11:26",
        "12:26",
        "13:26",
        "14:26",
        "15:26",
        "16:26",
        "17:26",
        "18:26",
        "19:25",
        "20:25"
    ],
    "url": "https://www.kanachu.co.jp/dia/diagram/timetable01_js/course:0000802102-14/node:00130318/kt:0/lname:/"
}
