{
    "system": "藤60",
    "busstops": [
        {
            "index": "1",
            "id": "00126970",
            "name": "藤沢駅北口",
            "lat": "35.339553",
            "lng": "139.487674"
        },
        {
            "index": "2",
            "id": "00130317",
            "name": "赤坂下",
            "lat": "35.342934",
            "lng": "139.49653"
        },
        {
            "index": "3",
            "id": "00130318",
            "name": "藤が岡中央",
            "lat": "35.345605",
            "lng": "139.495136"
        },
        {
            "index": "4",
            "id": "00130319",
            "name": "ふじがおか幼稚園前",
            "lat": "35.347714",
            "lng": "139.494649"
        },
        {
            "index": "5",
            "id": "00126984",
            "name": "柄沢橋",
            "lat": "35.349103",
            "lng": "139.496072"
        },
        {
            "index": "6",
            "id": "00130373",
            "name": "隆昌院前",
            "lat": "35.350179",
            "lng": "139.497649"
        },
        {
            "index": "7",
            "id": "00130312",
            "name": "柄沢",
            "lat": "35.353078",
            "lng": "139.498607"
        },
        {
            "index": "8",
            "id": "00130313",
            "name": "柄沢十字路",
            "lat": "35.354627",
            "lng": "139.501929"
        },
        {
            "index": "9",
            "id": "00130314",
            "name": "並木台",
            "lat": "35.352958",
            "lng": "139.503554"
        },
        {
            "index": "10",
            "id": "00130315",
            "name": "慈眼寺",
            "lat": "35.350878",
            "lng": "139.502996"
        },
        {
            "index": "11",
            "id": "00126985",
            "name": "藤ヶ岡中学校前",
            "lat": "35.348996",
            "lng": "139.499974"
        },
        {
            "index": "12",
            "id": "00126984",
            "name": "柄沢橋",
            "lat": "35.348418",
            "lng": "139.49477"
        },
        {
            "index": "13",
            "id": "00130319",
            "name": "ふじがおか幼稚園前",
            "lat": "35.347686",
            "lng": "139.494786"
        },
        {
            "index": "14",
            "id": "00130318",
            "name": "藤が岡中央",
            "lat": "35.345469",
            "lng": "139.495306"
        },
        {
            "index": "15",
            "id": "00130317",
            "name": "赤坂下",
            "lat": "35.342992",
            "lng": "139.496645"
        },
        {
            "index": "16",
            "id": "00130316",
            "name": "村岡",
            "lat": "35.341356",
            "lng": "139.497702"
        },
        {
            "index": "17",
            "id": "00126970",
            "name": "藤沢駅北口",
            "lat": "35.339374",
            "lng": "139.488059"
        }
    ],
    "route_url": "https://www.kanachu.co.jp/dia/route/index/cid:0000802102/"
}
