{
    "date": "2025/08/30",
    "name": "シティクレスト前",
    "position": "-",
    "system": "上31",
    "destinations": [
        "日野ヶ丘東",
        "日野ヶ丘中央",
        "日野サザンポート前",
        "公務員住宅中央",
        "下野庭三田",
        "公務員住宅中央",
        "日野サザンポート前",
        "日野ヶ丘中央",
        "日野ヶ丘東",
        "シティクレスト前",
        "下車ヶ谷",
        "吉原前",
        "吉原下根",
        "吉原(横浜市港南区)",
        "港南区総合庁舎前",
        "笹下港南中央通り",
        "関の下",
        "上大岡駅"
    ],
    "weekday": [
        "6:46",
        "7:15",
        "7:34",
        "7:50",
        "8:08",
        "8:40",
        "9:30",
        "10:45",
        "11:34",
        "12:05",
        "12:55",
        "13:21",
        "14:10",
        "14:34",
        "15:25",
        "16:15",
        "17:05",
        "17:55",
        "18:21",
        "18:45",
        "19:10",
        "20:18",
        "21:09"
    ],
    "saturday": [
        "7:18",
        "8:03",
        "8:48",
        "10:28",
        "11:17",
        "12:08",
        "12:58",
        "13:48",
        "14:38",
        "15:28",
        "16:17",
        "17:08",
        "17:58",
        "19:13",
        "19:38",
        "20:28"
    ],
    "holiday": [
        "7:18",
        "8:03",
        "8:48",
        "10:28",
        "11:17",
        "12:08",
        "12:58",
        "13:48",
        "14:38",
        "15:28",
        "16:17",
        "17:08",
        "17:58",
        "18:48"
    ],
    "url": "https://www.kanachu.co.jp/dia/diagram/timetable01_js/course:0000803845-8/node:00126768/kt:0/lname:/"
}
