{
    "date": "2025/08/30",
    "name": "公務員住宅中央",
    "position": "-",
    "system": "上31",
    "destinations": [
        "日野サザンポート前",
        "日野ヶ丘中央",
        "日野ヶ丘東",
        "シティクレスト前",
        "下車ヶ谷",
        "吉原前",
        "吉原下根",
        "吉原(横浜市港南区)",
        "港南区総合庁舎前",
        "笹下港南中央通り",
        "関の下",
        "上大岡駅"
    ],
    "weekday": [
        "6:53",
        "7:22",
        "7:41",
        "7:57",
        "8:15",
        "8:47",
        "9:37",
        "10:52",
        "11:41",
        "12:12",
        "13:02",
        "13:28",
        "14:17",
        "14:41",
        "15:32",
        "16:22",
        "17:12",
        "18:02",
        "18:28",
        "18:52",
        "19:17",
        "20:25",
        "21:16"
    ],
    "saturday": [
        "7:25",
        "8:10",
        "8:55",
        "10:35",
        "11:24",
        "12:15",
        "13:05",
        "13:55",
        "14:45",
        "15:35",
        "16:24",
        "17:15",
        "18:05",
        "19:20",
        "19:45",
        "20:35"
    ],
    "holiday": [
        "7:25",
        "8:10",
        "8:55",
        "10:35",
        "11:24",
        "12:15",
        "13:05",
        "13:55",
        "14:45",
        "15:35",
        "16:24",
        "17:15",
        "18:05",
        "18:55"
    ],
    "url": "https://www.kanachu.co.jp/dia/diagram/timetable01_js/course:0000803845-14/node:00126772/kt:0/lname:/"
}
