{
    "date": "2025/08/30",
    "name": "吉原(横浜市港南区)",
    "position": "-",
    "system": "上31",
    "destinations": [
        "港南区総合庁舎前",
        "笹下港南中央通り",
        "関の下",
        "上大岡駅"
    ],
    "weekday": [
        "7:02",
        "7:31",
        "7:50",
        "8:06",
        "8:24",
        "8:56",
        "9:46",
        "11:01",
        "11:50",
        "12:21",
        "13:11",
        "13:37",
        "14:26",
        "14:50",
        "15:41",
        "16:31",
        "17:21",
        "18:11",
        "18:37",
        "19:01",
        "19:26",
        "20:34",
        "21:25"
    ],
    "saturday": [
        "7:34",
        "8:19",
        "9:04",
        "10:44",
        "11:33",
        "12:24",
        "13:14",
        "14:04",
        "14:54",
        "15:44",
        "16:33",
        "17:24",
        "18:14",
        "19:29",
        "19:54",
        "20:44"
    ],
    "holiday": [
        "7:34",
        "8:19",
        "9:04",
        "10:44",
        "11:33",
        "12:24",
        "13:14",
        "14:04",
        "14:54",
        "15:44",
        "16:33",
        "17:24",
        "18:14",
        "19:04"
    ],
    "url": "https://www.kanachu.co.jp/dia/diagram/timetable01_js/course:0000803845-22/node:00103230/kt:0/lname:/"
}
