{
    "date": "2025/10/20",
    "name": "座間総合高校前",
    "position": "-",
    "system": "台12",
    "destinations": [
        "小池大橋",
        "緑ヶ丘二丁目(座間市)",
        "座間市役所入口",
        "座間中学校前",
        "相武台前駅"
    ],
    "weekday": [
        "5:53",
        "6:53",
        "7:13",
        "7:58",
        "8:18",
        "9:28",
        "10:53",
        "11:43",
        "12:53",
        "14:03",
        "15:13",
        "16:18",
        "17:28",
        "18:43",
        "19:53"
    ],
    "saturday": [
        "7:18",
        "8:18",
        "9:23",
        "10:33",
        "11:43",
        "12:53",
        "14:03",
        "15:13",
        "16:23",
        "17:33",
        "18:43",
        "19:53"
    ],
    "holiday": [
        "7:18",
        "8:18",
        "9:23",
        "10:33",
        "11:43",
        "12:53",
        "14:03",
        "15:13",
        "16:23",
        "17:33",
        "18:43",
        "19:53"
    ],
    "url": "https://www.kanachu.co.jp/dia/diagram/timetable01_js/course:0000801110-7/node:00129982/kt:0/lname:/"
}
