{
    "date": "2025/11/25",
    "name": "相模原駅北口",
    "position": "-",
    "system": "橋52",
    "destinations": [
        "小山公民館前",
        "向陽小学校前",
        "すすきの住宅前",
        "宮下(相模原市中央区)",
        "宮下二丁目(相模原市中央区)",
        "矢掛台",
        "宮下三丁目(相模原市中央区)",
        "小山久保町",
        "小山本町",
        "小山幸町",
        "旭農協前",
        "橋本駅北口"
    ],
    "weekday": [
        "6:25",
        "6:50",
        "7:15",
        "7:40",
        "8:05",
        "8:35",
        "9:30",
        "10:20",
        "11:05",
        "11:55",
        "12:45",
        "13:35",
        "14:25",
        "15:15",
        "16:05",
        "16:55",
        "17:45",
        "18:35",
        "19:22",
        "20:07",
        "20:50"
    ],
    "saturday": [
        "7:15",
        "8:15",
        "9:15",
        "10:15",
        "11:15",
        "12:15",
        "13:15",
        "14:15",
        "15:15",
        "16:15",
        "17:15",
        "18:15",
        "19:15",
        "20:15"
    ],
    "holiday": [
        "7:15",
        "8:15",
        "9:15",
        "10:15",
        "11:15",
        "12:15",
        "13:15",
        "14:15",
        "15:15",
        "16:15",
        "17:15",
        "18:15",
        "19:15",
        "20:15"
    ],
    "url": "https://www.kanachu.co.jp/dia/diagram/timetable01_js/course:0000802395-1/node:00129334/kt:0/lname:/"
}
