{
    "date": "2025/11/25",
    "name": "宮下二丁目(相模原市中央区)",
    "position": "-",
    "system": "橋52",
    "destinations": [
        "矢掛台",
        "宮下三丁目(相模原市中央区)",
        "小山久保町",
        "小山本町",
        "小山幸町",
        "旭農協前",
        "橋本駅北口"
    ],
    "weekday": [
        "6:29",
        "6:54",
        "7:19",
        "7:44",
        "8:09",
        "8:39",
        "9:34",
        "10:24",
        "11:09",
        "11:59",
        "12:49",
        "13:39",
        "14:29",
        "15:19",
        "16:09",
        "16:59",
        "17:49",
        "18:39",
        "19:26",
        "20:11",
        "20:54"
    ],
    "saturday": [
        "7:19",
        "8:19",
        "9:19",
        "10:19",
        "11:19",
        "12:19",
        "13:19",
        "14:19",
        "15:19",
        "16:19",
        "17:19",
        "18:19",
        "19:19",
        "20:19"
    ],
    "holiday": [
        "7:19",
        "8:19",
        "9:19",
        "10:19",
        "11:19",
        "12:19",
        "13:19",
        "14:19",
        "15:19",
        "16:19",
        "17:19",
        "18:19",
        "19:19",
        "20:19"
    ],
    "url": "https://www.kanachu.co.jp/dia/diagram/timetable01_js/course:0000802395-6/node:00129273/kt:0/lname:/"
}
