{
    "date": "2025/11/25",
    "name": "小山幸町",
    "position": "-",
    "system": "橋52",
    "destinations": [
        "旭農協前",
        "橋本駅北口"
    ],
    "weekday": [
        "6:34",
        "6:59",
        "7:24",
        "7:49",
        "8:14",
        "8:44",
        "9:39",
        "10:29",
        "11:14",
        "12:04",
        "12:54",
        "13:44",
        "14:34",
        "15:24",
        "16:14",
        "17:04",
        "17:54",
        "18:44",
        "19:31",
        "20:16",
        "20:59"
    ],
    "saturday": [
        "7:24",
        "8:24",
        "9:24",
        "10:24",
        "11:24",
        "12:24",
        "13:24",
        "14:24",
        "15:24",
        "16:24",
        "17:24",
        "18:24",
        "19:24",
        "20:24"
    ],
    "holiday": [
        "7:24",
        "8:24",
        "9:24",
        "10:24",
        "11:24",
        "12:24",
        "13:24",
        "14:24",
        "15:24",
        "16:24",
        "17:24",
        "18:24",
        "19:24",
        "20:24"
    ],
    "url": "https://www.kanachu.co.jp/dia/diagram/timetable01_js/course:0000802395-11/node:00129083/kt:0/lname:/"
}
