{
    "date": "2025/07/27",
    "name": "二宮高校入口",
    "position": "-",
    "system": "二34",
    "destinations": [
        "団地中央(中郡二宮町)",
        "緑が丘・二宮高校前",
        "緑が丘西(中郡二宮町)",
        "中央公園前(中郡二宮町)",
        "緑が丘南(中郡二宮町)",
        "温水プール前(中郡二宮町)",
        "緑が丘三丁目(中郡二宮町)",
        "緑が丘二丁目(中郡二宮町)",
        "緑が丘西(中郡二宮町)",
        "緑が丘・二宮高校前",
        "団地中央(中郡二宮町)",
        "二宮高校入口",
        "中里(中郡二宮町)",
        "中島(中郡二宮町)",
        "堂面(中郡二宮町)",
        "元町(中郡二宮町)",
        "二宮駅北口"
    ],
    "weekday": [
        "9:12",
        "10:12",
        "11:12",
        "12:17",
        "13:12",
        "14:17",
        "15:12",
        "16:12"
    ],
    "saturday": [
        "9:52",
        "10:57",
        "11:52",
        "12:52",
        "13:57",
        "14:57",
        "15:57",
        "16:57"
    ],
    "holiday": [
        "9:52",
        "10:57",
        "11:52",
        "12:52",
        "13:57",
        "14:57",
        "15:57",
        "16:57"
    ],
    "url": "https://www.kanachu.co.jp/dia/diagram/timetable01_js/course:0000802623-6/node:00127787/kt:0/lname:/"
}
