{
    "date": "2025/07/27",
    "name": "緑が丘西(中郡二宮町)",
    "position": "-",
    "system": "二34",
    "destinations": [
        "中央公園前(中郡二宮町)",
        "緑が丘南(中郡二宮町)",
        "温水プール前(中郡二宮町)",
        "緑が丘三丁目(中郡二宮町)",
        "緑が丘二丁目(中郡二宮町)",
        "緑が丘西(中郡二宮町)",
        "緑が丘・二宮高校前",
        "団地中央(中郡二宮町)",
        "二宮高校入口",
        "中里(中郡二宮町)",
        "中島(中郡二宮町)",
        "堂面(中郡二宮町)",
        "元町(中郡二宮町)",
        "二宮駅北口"
    ],
    "weekday": [
        "9:19",
        "10:19",
        "11:19",
        "12:24",
        "13:19",
        "14:24",
        "15:19",
        "16:19"
    ],
    "saturday": [
        "9:59",
        "11:04",
        "11:59",
        "12:59",
        "14:04",
        "15:04",
        "16:04",
        "17:04"
    ],
    "holiday": [
        "9:59",
        "11:04",
        "11:59",
        "12:59",
        "14:04",
        "15:04",
        "16:04",
        "17:04"
    ],
    "url": "https://www.kanachu.co.jp/dia/diagram/timetable01_js/course:0000802623-9/node:00130143/kt:0/lname:/"
}
