{
    "date": "2025/07/27",
    "name": "緑が丘二丁目(中郡二宮町)",
    "position": "-",
    "system": "二34",
    "destinations": [
        "緑が丘西(中郡二宮町)",
        "緑が丘・二宮高校前",
        "団地中央(中郡二宮町)",
        "二宮高校入口",
        "中里(中郡二宮町)",
        "中島(中郡二宮町)",
        "堂面(中郡二宮町)",
        "元町(中郡二宮町)",
        "二宮駅北口"
    ],
    "weekday": [
        "9:23",
        "10:23",
        "11:23",
        "12:28",
        "13:23",
        "14:28",
        "15:23",
        "16:23"
    ],
    "saturday": [
        "10:03",
        "11:08",
        "12:03",
        "13:03",
        "14:08",
        "15:08",
        "16:08",
        "17:08"
    ],
    "holiday": [
        "10:03",
        "11:08",
        "12:03",
        "13:03",
        "14:08",
        "15:08",
        "16:08",
        "17:08"
    ],
    "url": "https://www.kanachu.co.jp/dia/diagram/timetable01_js/course:0000802623-14/node:00130148/kt:0/lname:/"
}
