{
    "date": "2025/07/27",
    "name": "団地中央(中郡二宮町)",
    "position": "-",
    "system": "二34",
    "destinations": [
        "二宮高校入口",
        "中里(中郡二宮町)",
        "中島(中郡二宮町)",
        "堂面(中郡二宮町)",
        "元町(中郡二宮町)",
        "二宮駅北口"
    ],
    "weekday": [
        "9:27",
        "10:27",
        "11:27",
        "12:32",
        "13:27",
        "14:32",
        "15:27",
        "16:27"
    ],
    "saturday": [
        "10:07",
        "11:12",
        "12:07",
        "13:07",
        "14:12",
        "15:12",
        "16:12",
        "17:12"
    ],
    "holiday": [
        "10:07",
        "11:12",
        "12:07",
        "13:07",
        "14:12",
        "15:12",
        "16:12",
        "17:12"
    ],
    "url": "https://www.kanachu.co.jp/dia/diagram/timetable01_js/course:0000802623-17/node:00127786/kt:0/lname:/"
}
