{
    "date": "2025/07/27",
    "name": "中島(中郡二宮町)",
    "position": "-",
    "system": "二34",
    "destinations": [
        "堂面(中郡二宮町)",
        "元町(中郡二宮町)",
        "二宮駅北口"
    ],
    "weekday": [
        "9:32",
        "10:32",
        "11:32",
        "12:37",
        "13:32",
        "14:37",
        "15:32",
        "16:32"
    ],
    "saturday": [
        "10:11",
        "11:16",
        "12:11",
        "13:11",
        "14:16",
        "15:16",
        "16:16",
        "17:16"
    ],
    "holiday": [
        "10:11",
        "11:16",
        "12:11",
        "13:11",
        "14:16",
        "15:16",
        "16:16",
        "17:16"
    ],
    "url": "https://www.kanachu.co.jp/dia/diagram/timetable01_js/course:0000802623-20/node:00127789/kt:0/lname:/"
}
