{
    "date": "2025/01/14",
    "name": "猿ヶ島",
    "position": "-",
    "system": "厚76",
    "destinations": [
        "猿ヶ島入口",
        "上依知浮島弁天前",
        "依知神社前",
        "上依知",
        "藤塚(厚木市)",
        "山際",
        "中平(厚木市)",
        "依知小学校前",
        "関口(厚木市)",
        "蓮生寺(厚木市)",
        "追分(厚木市)",
        "下依知入口",
        "金田神社前",
        "金田(厚木市)",
        "金田下宿",
        "積水ソフランウイズ前",
        "鮎津橋",
        "元町(厚木市)",
        "小田急通り",
        "厚木バスセンター"
    ],
    "weekday": [
        "5:40",
        "7:20",
        "9:11",
        "12:01",
        "13:31",
        "15:01",
        "17:46"
    ],
    "saturday": [
        "7:30",
        "9:54",
        "12:54",
        "15:54",
        "18:44"
    ],
    "holiday": [
        "7:29",
        "9:29",
        "12:29",
        "15:29",
        "18:29"
    ],
    "url": "https://www.kanachu.co.jp/dia/diagram/timetable01_js/course:0000800589-1/node:00128394/kt:0/lname:/"
}
