{
    "date": "2025/01/14",
    "name": "猿ヶ島入口",
    "position": "-",
    "system": "厚76",
    "destinations": [
        "上依知浮島弁天前",
        "依知神社前",
        "上依知",
        "藤塚(厚木市)",
        "山際",
        "中平(厚木市)",
        "依知小学校前",
        "関口(厚木市)",
        "蓮生寺(厚木市)",
        "追分(厚木市)",
        "下依知入口",
        "金田神社前",
        "金田(厚木市)",
        "金田下宿",
        "積水ソフランウイズ前",
        "鮎津橋",
        "元町(厚木市)",
        "小田急通り",
        "厚木バスセンター"
    ],
    "weekday": [
        "5:41",
        "7:21",
        "9:12",
        "12:02",
        "13:32",
        "15:02",
        "17:47"
    ],
    "saturday": [
        "7:31",
        "9:55",
        "12:55",
        "15:55",
        "18:45"
    ],
    "holiday": [
        "7:30",
        "9:30",
        "12:30",
        "15:30",
        "18:30"
    ],
    "url": "https://www.kanachu.co.jp/dia/diagram/timetable01_js/course:0000800589-2/node:00128393/kt:0/lname:/"
}
