{
    "date": "2025/01/14",
    "name": "上依知浮島弁天前",
    "position": "-",
    "system": "厚76",
    "destinations": [
        "依知神社前",
        "上依知",
        "藤塚(厚木市)",
        "山際",
        "中平(厚木市)",
        "依知小学校前",
        "関口(厚木市)",
        "蓮生寺(厚木市)",
        "追分(厚木市)",
        "下依知入口",
        "金田神社前",
        "金田(厚木市)",
        "金田下宿",
        "積水ソフランウイズ前",
        "鮎津橋",
        "元町(厚木市)",
        "小田急通り",
        "厚木バスセンター"
    ],
    "weekday": [
        "5:42",
        "7:22",
        "9:13",
        "12:03",
        "13:33",
        "15:03",
        "17:48"
    ],
    "saturday": [
        "7:32",
        "9:56",
        "12:56",
        "15:56",
        "18:46"
    ],
    "holiday": [
        "7:31",
        "9:31",
        "12:31",
        "15:31",
        "18:31"
    ],
    "url": "https://www.kanachu.co.jp/dia/diagram/timetable01_js/course:0000800589-3/node:00128392/kt:0/lname:/"
}
