{
    "date": "2025/01/14",
    "name": "中平(厚木市)",
    "position": "-",
    "system": "厚76",
    "destinations": [
        "依知小学校前",
        "関口(厚木市)",
        "蓮生寺(厚木市)",
        "追分(厚木市)",
        "下依知入口",
        "金田神社前",
        "金田(厚木市)",
        "金田下宿",
        "積水ソフランウイズ前",
        "鮎津橋",
        "元町(厚木市)",
        "小田急通り",
        "厚木バスセンター"
    ],
    "weekday": [
        "5:51",
        "7:33",
        "9:24",
        "12:14",
        "13:44",
        "15:14",
        "17:59"
    ],
    "saturday": [
        "7:41",
        "10:05",
        "13:05",
        "16:05",
        "18:55"
    ],
    "holiday": [
        "7:40",
        "9:40",
        "12:40",
        "15:40",
        "18:40"
    ],
    "url": "https://www.kanachu.co.jp/dia/diagram/timetable01_js/course:0000800589-8/node:00128354/kt:0/lname:/"
}
