{
    "date": "2025/01/14",
    "name": "蓮生寺(厚木市)",
    "position": "-",
    "system": "厚76",
    "destinations": [
        "追分(厚木市)",
        "下依知入口",
        "金田神社前",
        "金田(厚木市)",
        "金田下宿",
        "積水ソフランウイズ前",
        "鮎津橋",
        "元町(厚木市)",
        "小田急通り",
        "厚木バスセンター"
    ],
    "weekday": [
        "5:55",
        "7:37",
        "9:28",
        "12:18",
        "13:48",
        "15:18",
        "18:04"
    ],
    "saturday": [
        "7:45",
        "10:09",
        "13:09",
        "16:09",
        "18:59"
    ],
    "holiday": [
        "7:44",
        "9:44",
        "12:44",
        "15:44",
        "18:44"
    ],
    "url": "https://www.kanachu.co.jp/dia/diagram/timetable01_js/course:0000800589-11/node:00128351/kt:0/lname:/"
}
