{
    "date": "2025/01/14",
    "name": "鮎津橋",
    "position": "-",
    "system": "厚76",
    "destinations": [
        "元町(厚木市)",
        "小田急通り",
        "厚木バスセンター"
    ],
    "weekday": [
        "6:04",
        "7:51",
        "9:39",
        "12:29",
        "13:59",
        "15:29",
        "18:15"
    ],
    "saturday": [
        "7:55",
        "10:18",
        "13:18",
        "16:18",
        "19:07"
    ],
    "holiday": [
        "7:53",
        "9:53",
        "12:53",
        "15:53",
        "18:52"
    ],
    "url": "https://www.kanachu.co.jp/dia/diagram/timetable01_js/course:0000800589-18/node:00128344/kt:0/lname:/"
}
