{
    "date": "2025/11/16",
    "name": "日向岡二丁目",
    "position": "-",
    "system": "平28",
    "destinations": [
        "日向岡入口",
        "大町(平塚市)",
        "坂間",
        "高村団地入口",
        "南河内(平塚市)",
        "山下団地入口",
        "神明下",
        "平塚大橋",
        "上平塚",
        "平塚農商高校",
        "貴峯荘前",
        "中里(平塚市)",
        "柳町入口",
        "桧扇町",
        "大鳥公園前(平塚市)",
        "見附町",
        "明石町四丁目",
        "明石町(平塚市)",
        "明石町一丁目",
        "四ツ角(平塚市)",
        "平塚駅北口"
    ],
    "weekday": [
        "6:06",
        "6:26",
        "6:46",
        "7:06",
        "7:26",
        "7:46",
        "8:06",
        "8:36",
        "9:08",
        "9:38",
        "10:08",
        "10:38",
        "11:08",
        "11:38",
        "12:08",
        "12:38",
        "13:08",
        "13:38",
        "14:08",
        "14:38",
        "15:08",
        "15:38",
        "16:08",
        "16:38",
        "17:08",
        "17:38",
        "18:38",
        "19:38",
        "20:36",
        "21:36"
    ],
    "saturday": [
        "6:36",
        "7:36",
        "8:06",
        "8:36",
        "9:06",
        "9:36",
        "10:21",
        "11:01",
        "11:41",
        "12:21",
        "13:01",
        "13:41",
        "14:21",
        "15:01",
        "15:41",
        "16:21",
        "17:01",
        "17:41",
        "18:21",
        "19:01",
        "19:41",
        "20:51"
    ],
    "holiday": [
        "7:21",
        "8:06",
        "8:36",
        "9:06",
        "9:36",
        "10:21",
        "11:01",
        "11:41",
        "12:21",
        "13:01",
        "13:41",
        "14:21",
        "15:01",
        "15:41",
        "16:21",
        "17:01",
        "17:41",
        "18:21",
        "19:01",
        "19:41",
        "20:51"
    ],
    "url": "https://www.kanachu.co.jp/dia/diagram/timetable01_js/course:0000800018-3/node:00127580/kt:0/lname:/"
}
