{
    "date": "2025/11/16",
    "name": "南河内(平塚市)",
    "position": "-",
    "system": "平28",
    "destinations": [
        "山下団地入口",
        "神明下",
        "平塚大橋",
        "上平塚",
        "平塚農商高校",
        "貴峯荘前",
        "中里(平塚市)",
        "柳町入口",
        "桧扇町",
        "大鳥公園前(平塚市)",
        "見附町",
        "明石町四丁目",
        "明石町(平塚市)",
        "明石町一丁目",
        "四ツ角(平塚市)",
        "平塚駅北口"
    ],
    "weekday": [
        "6:10",
        "6:30",
        "6:50",
        "7:10",
        "7:30",
        "7:50",
        "8:10",
        "8:40",
        "9:12",
        "9:42",
        "10:12",
        "10:42",
        "11:12",
        "11:42",
        "12:12",
        "12:42",
        "13:12",
        "13:42",
        "14:12",
        "14:42",
        "15:12",
        "15:42",
        "16:12",
        "16:42",
        "17:12",
        "17:42",
        "18:42",
        "19:42",
        "20:40",
        "21:40"
    ],
    "saturday": [
        "6:40",
        "7:40",
        "8:10",
        "8:40",
        "9:10",
        "9:40",
        "10:25",
        "11:05",
        "11:45",
        "12:25",
        "13:05",
        "13:45",
        "14:25",
        "15:05",
        "15:45",
        "16:25",
        "17:05",
        "17:45",
        "18:25",
        "19:05",
        "19:45",
        "20:55"
    ],
    "holiday": [
        "7:25",
        "8:10",
        "8:40",
        "9:10",
        "9:40",
        "10:25",
        "11:05",
        "11:45",
        "12:25",
        "13:05",
        "13:45",
        "14:25",
        "15:05",
        "15:45",
        "16:25",
        "17:05",
        "17:45",
        "18:25",
        "19:05",
        "19:45",
        "20:55"
    ],
    "url": "https://www.kanachu.co.jp/dia/diagram/timetable01_js/course:0000800018-8/node:00127576/kt:0/lname:/"
}
