{
    "date": "2025/11/16",
    "name": "神明下",
    "position": "-",
    "system": "平28",
    "destinations": [
        "平塚大橋",
        "上平塚",
        "平塚農商高校",
        "貴峯荘前",
        "中里(平塚市)",
        "柳町入口",
        "桧扇町",
        "大鳥公園前(平塚市)",
        "見附町",
        "明石町四丁目",
        "明石町(平塚市)",
        "明石町一丁目",
        "四ツ角(平塚市)",
        "平塚駅北口"
    ],
    "weekday": [
        "6:12",
        "6:32",
        "6:52",
        "7:12",
        "7:32",
        "7:52",
        "8:12",
        "8:42",
        "9:14",
        "9:44",
        "10:14",
        "10:44",
        "11:14",
        "11:44",
        "12:14",
        "12:44",
        "13:14",
        "13:44",
        "14:14",
        "14:44",
        "15:14",
        "15:44",
        "16:14",
        "16:44",
        "17:14",
        "17:44",
        "18:44",
        "19:44",
        "20:42",
        "21:42"
    ],
    "saturday": [
        "6:42",
        "7:42",
        "8:12",
        "8:42",
        "9:12",
        "9:42",
        "10:27",
        "11:07",
        "11:47",
        "12:27",
        "13:07",
        "13:47",
        "14:27",
        "15:07",
        "15:47",
        "16:27",
        "17:07",
        "17:47",
        "18:27",
        "19:07",
        "19:47",
        "20:57"
    ],
    "holiday": [
        "7:27",
        "8:12",
        "8:42",
        "9:12",
        "9:42",
        "10:27",
        "11:07",
        "11:47",
        "12:27",
        "13:07",
        "13:47",
        "14:27",
        "15:07",
        "15:47",
        "16:27",
        "17:07",
        "17:47",
        "18:27",
        "19:07",
        "19:47",
        "20:57"
    ],
    "url": "https://www.kanachu.co.jp/dia/diagram/timetable01_js/course:0000800018-10/node:00127573/kt:0/lname:/"
}
