{
    "date": "2025/11/16",
    "name": "上平塚",
    "position": "-",
    "system": "平28",
    "destinations": [
        "平塚農商高校",
        "貴峯荘前",
        "中里(平塚市)",
        "柳町入口",
        "桧扇町",
        "大鳥公園前(平塚市)",
        "見附町",
        "明石町四丁目",
        "明石町(平塚市)",
        "明石町一丁目",
        "四ツ角(平塚市)",
        "平塚駅北口"
    ],
    "weekday": [
        "6:14",
        "6:34",
        "6:54",
        "7:14",
        "7:34",
        "7:54",
        "8:14",
        "8:44",
        "9:16",
        "9:46",
        "10:16",
        "10:46",
        "11:16",
        "11:46",
        "12:16",
        "12:46",
        "13:16",
        "13:46",
        "14:16",
        "14:46",
        "15:16",
        "15:46",
        "16:16",
        "16:46",
        "17:16",
        "17:46",
        "18:46",
        "19:46",
        "20:44",
        "21:44"
    ],
    "saturday": [
        "6:44",
        "7:44",
        "8:14",
        "8:44",
        "9:14",
        "9:44",
        "10:29",
        "11:09",
        "11:49",
        "12:29",
        "13:09",
        "13:49",
        "14:29",
        "15:09",
        "15:49",
        "16:29",
        "17:09",
        "17:49",
        "18:29",
        "19:09",
        "19:49",
        "20:59"
    ],
    "holiday": [
        "7:29",
        "8:14",
        "8:44",
        "9:14",
        "9:44",
        "10:29",
        "11:09",
        "11:49",
        "12:29",
        "13:09",
        "13:49",
        "14:29",
        "15:09",
        "15:49",
        "16:29",
        "17:09",
        "17:49",
        "18:29",
        "19:09",
        "19:49",
        "20:59"
    ],
    "url": "https://www.kanachu.co.jp/dia/diagram/timetable01_js/course:0000800018-12/node:00127572/kt:0/lname:/"
}
