{
    "date": "2025/11/16",
    "name": "貴峯荘前",
    "position": "-",
    "system": "平28",
    "destinations": [
        "中里(平塚市)",
        "柳町入口",
        "桧扇町",
        "大鳥公園前(平塚市)",
        "見附町",
        "明石町四丁目",
        "明石町(平塚市)",
        "明石町一丁目",
        "四ツ角(平塚市)",
        "平塚駅北口"
    ],
    "weekday": [
        "6:16",
        "6:36",
        "6:56",
        "7:16",
        "7:36",
        "7:56",
        "8:16",
        "8:46",
        "9:18",
        "9:48",
        "10:18",
        "10:48",
        "11:18",
        "11:48",
        "12:18",
        "12:48",
        "13:18",
        "13:48",
        "14:18",
        "14:48",
        "15:18",
        "15:48",
        "16:18",
        "16:48",
        "17:18",
        "17:48",
        "18:48",
        "19:48",
        "20:46",
        "21:46"
    ],
    "saturday": [
        "6:46",
        "7:46",
        "8:16",
        "8:46",
        "9:16",
        "9:46",
        "10:31",
        "11:11",
        "11:51",
        "12:31",
        "13:11",
        "13:51",
        "14:31",
        "15:11",
        "15:51",
        "16:31",
        "17:11",
        "17:51",
        "18:31",
        "19:11",
        "19:51",
        "21:01"
    ],
    "holiday": [
        "7:31",
        "8:16",
        "8:46",
        "9:16",
        "9:46",
        "10:31",
        "11:11",
        "11:51",
        "12:31",
        "13:11",
        "13:51",
        "14:31",
        "15:11",
        "15:51",
        "16:31",
        "17:11",
        "17:51",
        "18:31",
        "19:11",
        "19:51",
        "21:01"
    ],
    "url": "https://www.kanachu.co.jp/dia/diagram/timetable01_js/course:0000800018-14/node:00127591/kt:0/lname:/"
}
