{
    "date": "2025/11/16",
    "name": "中里(平塚市)",
    "position": "-",
    "system": "平28",
    "destinations": [
        "柳町入口",
        "桧扇町",
        "大鳥公園前(平塚市)",
        "見附町",
        "明石町四丁目",
        "明石町(平塚市)",
        "明石町一丁目",
        "四ツ角(平塚市)",
        "平塚駅北口"
    ],
    "weekday": [
        "6:17",
        "6:37",
        "6:57",
        "7:17",
        "7:37",
        "7:57",
        "8:17",
        "8:47",
        "9:19",
        "9:49",
        "10:19",
        "10:49",
        "11:19",
        "11:49",
        "12:19",
        "12:49",
        "13:19",
        "13:49",
        "14:19",
        "14:49",
        "15:19",
        "15:49",
        "16:19",
        "16:49",
        "17:19",
        "17:49",
        "18:49",
        "19:49",
        "20:47",
        "21:47"
    ],
    "saturday": [
        "6:47",
        "7:47",
        "8:17",
        "8:47",
        "9:17",
        "9:47",
        "10:32",
        "11:12",
        "11:52",
        "12:32",
        "13:12",
        "13:52",
        "14:32",
        "15:12",
        "15:52",
        "16:32",
        "17:12",
        "17:52",
        "18:32",
        "19:12",
        "19:52",
        "21:02"
    ],
    "holiday": [
        "7:32",
        "8:17",
        "8:47",
        "9:17",
        "9:47",
        "10:32",
        "11:12",
        "11:52",
        "12:32",
        "13:12",
        "13:52",
        "14:32",
        "15:12",
        "15:52",
        "16:32",
        "17:12",
        "17:52",
        "18:32",
        "19:12",
        "19:52",
        "21:02"
    ],
    "url": "https://www.kanachu.co.jp/dia/diagram/timetable01_js/course:0000800018-15/node:00127596/kt:0/lname:/"
}
