{
    "date": "2025/11/16",
    "name": "大鳥公園前(平塚市)",
    "position": "-",
    "system": "平28",
    "destinations": [
        "見附町",
        "明石町四丁目",
        "明石町(平塚市)",
        "明石町一丁目",
        "四ツ角(平塚市)",
        "平塚駅北口"
    ],
    "weekday": [
        "6:20",
        "6:40",
        "7:00",
        "7:20",
        "7:40",
        "8:00",
        "8:20",
        "8:50",
        "9:22",
        "9:52",
        "10:22",
        "10:52",
        "11:22",
        "11:52",
        "12:22",
        "12:52",
        "13:22",
        "13:52",
        "14:22",
        "14:52",
        "15:22",
        "15:52",
        "16:22",
        "16:52",
        "17:22",
        "17:52",
        "18:52",
        "19:52",
        "20:50",
        "21:50"
    ],
    "saturday": [
        "6:50",
        "7:50",
        "8:20",
        "8:50",
        "9:20",
        "9:50",
        "10:35",
        "11:15",
        "11:55",
        "12:35",
        "13:15",
        "13:55",
        "14:35",
        "15:15",
        "15:55",
        "16:35",
        "17:15",
        "17:55",
        "18:35",
        "19:15",
        "19:55",
        "21:05"
    ],
    "holiday": [
        "7:35",
        "8:20",
        "8:50",
        "9:20",
        "9:50",
        "10:35",
        "11:15",
        "11:55",
        "12:35",
        "13:15",
        "13:55",
        "14:35",
        "15:15",
        "15:55",
        "16:35",
        "17:15",
        "17:55",
        "18:35",
        "19:15",
        "19:55",
        "21:05"
    ],
    "url": "https://www.kanachu.co.jp/dia/diagram/timetable01_js/course:0000800018-18/node:00127594/kt:0/lname:/"
}
