{
    "date": "2025/11/16",
    "name": "見附町",
    "position": "-",
    "system": "平28",
    "destinations": [
        "明石町四丁目",
        "明石町(平塚市)",
        "明石町一丁目",
        "四ツ角(平塚市)",
        "平塚駅北口"
    ],
    "weekday": [
        "6:21",
        "6:41",
        "7:01",
        "7:21",
        "7:41",
        "8:01",
        "8:21",
        "8:51",
        "9:23",
        "9:53",
        "10:23",
        "10:53",
        "11:23",
        "11:53",
        "12:23",
        "12:53",
        "13:23",
        "13:53",
        "14:23",
        "14:53",
        "15:23",
        "15:53",
        "16:23",
        "16:53",
        "17:23",
        "17:53",
        "18:53",
        "19:53",
        "20:51",
        "21:51"
    ],
    "saturday": [
        "6:51",
        "7:51",
        "8:21",
        "8:51",
        "9:21",
        "9:51",
        "10:36",
        "11:16",
        "11:56",
        "12:36",
        "13:16",
        "13:56",
        "14:36",
        "15:16",
        "15:56",
        "16:36",
        "17:16",
        "17:56",
        "18:36",
        "19:16",
        "19:56",
        "21:06"
    ],
    "holiday": [
        "7:36",
        "8:21",
        "8:51",
        "9:21",
        "9:51",
        "10:36",
        "11:16",
        "11:56",
        "12:36",
        "13:16",
        "13:56",
        "14:36",
        "15:16",
        "15:56",
        "16:36",
        "17:16",
        "17:56",
        "18:36",
        "19:16",
        "19:56",
        "21:06"
    ],
    "url": "https://www.kanachu.co.jp/dia/diagram/timetable01_js/course:0000800018-19/node:00127593/kt:0/lname:/"
}
