{
    "date": "2025/11/16",
    "name": "明石町(平塚市)",
    "position": "-",
    "system": "平28",
    "destinations": [
        "明石町一丁目",
        "四ツ角(平塚市)",
        "平塚駅北口"
    ],
    "weekday": [
        "6:23",
        "6:43",
        "7:03",
        "7:23",
        "7:43",
        "8:03",
        "8:23",
        "8:53",
        "9:25",
        "9:55",
        "10:25",
        "10:55",
        "11:25",
        "11:55",
        "12:25",
        "12:55",
        "13:25",
        "13:55",
        "14:25",
        "14:55",
        "15:25",
        "15:55",
        "16:25",
        "16:55",
        "17:25",
        "17:55",
        "18:55",
        "19:55",
        "20:53",
        "21:53"
    ],
    "saturday": [
        "6:53",
        "7:53",
        "8:23",
        "8:53",
        "9:23",
        "9:53",
        "10:38",
        "11:18",
        "11:58",
        "12:38",
        "13:18",
        "13:58",
        "14:38",
        "15:18",
        "15:58",
        "16:38",
        "17:18",
        "17:58",
        "18:38",
        "19:18",
        "19:58",
        "21:08"
    ],
    "holiday": [
        "7:38",
        "8:23",
        "8:53",
        "9:23",
        "9:53",
        "10:38",
        "11:18",
        "11:58",
        "12:38",
        "13:18",
        "13:58",
        "14:38",
        "15:18",
        "15:58",
        "16:38",
        "17:18",
        "17:58",
        "18:38",
        "19:18",
        "19:58",
        "21:08"
    ],
    "url": "https://www.kanachu.co.jp/dia/diagram/timetable01_js/course:0000800018-21/node:00127458/kt:0/lname:/"
}
