{
    "date": "2025/11/16",
    "name": "明石町一丁目",
    "position": "-",
    "system": "平28",
    "destinations": [
        "四ツ角(平塚市)",
        "平塚駅北口"
    ],
    "weekday": [
        "6:24",
        "6:44",
        "7:04",
        "7:24",
        "7:44",
        "8:04",
        "8:24",
        "8:54",
        "9:26",
        "9:56",
        "10:26",
        "10:56",
        "11:26",
        "11:56",
        "12:26",
        "12:56",
        "13:26",
        "13:56",
        "14:26",
        "14:56",
        "15:26",
        "15:56",
        "16:26",
        "16:56",
        "17:26",
        "17:56",
        "18:56",
        "19:56",
        "20:54",
        "21:54"
    ],
    "saturday": [
        "6:54",
        "7:54",
        "8:24",
        "8:54",
        "9:24",
        "9:54",
        "10:39",
        "11:19",
        "11:59",
        "12:39",
        "13:19",
        "13:59",
        "14:39",
        "15:19",
        "15:59",
        "16:39",
        "17:19",
        "17:59",
        "18:39",
        "19:19",
        "19:59",
        "21:09"
    ],
    "holiday": [
        "7:39",
        "8:24",
        "8:54",
        "9:24",
        "9:54",
        "10:39",
        "11:19",
        "11:59",
        "12:39",
        "13:19",
        "13:59",
        "14:39",
        "15:19",
        "15:59",
        "16:39",
        "17:19",
        "17:59",
        "18:39",
        "19:19",
        "19:59",
        "21:09"
    ],
    "url": "https://www.kanachu.co.jp/dia/diagram/timetable01_js/course:0000800018-22/node:00127457/kt:0/lname:/"
}
