{
    "date": "2025/04/01",
    "name": "日連大橋",
    "position": "-",
    "system": "野12",
    "destinations": [
        "名倉入口",
        "追分(相模原市緑区)",
        "金剛山",
        "山口原",
        "杉西",
        "赤沢(相模原市緑区)",
        "藤野芸術の家",
        "馬本",
        "賽の神",
        "中尾(相模原市緑区)",
        "やまなみ温泉入口",
        "やまなみ温泉",
        "やまなみ温泉入口",
        "中尾(相模原市緑区)",
        "賽の神",
        "吉原入口",
        "宮ノ前(相模原市緑区)",
        "堂地",
        "中井戸(相模原市緑区)",
        "大鐘",
        "白井(相模原市緑区)",
        "小津久",
        "舟久保",
        "梁瀬橋",
        "牧野入口",
        "奥牧野"
    ],
    "weekday": [
        "7:15",
        "8:09",
        "13:13",
        "14:55",
        "15:26",
        "16:47",
        "17:40"
    ],
    "saturday": [
        "6:24",
        "8:05",
        "13:13",
        "14:57",
        "16:53",
        "17:38"
    ],
    "holiday": [
        "6:24",
        "8:05",
        "13:13",
        "14:57",
        "16:53",
        "17:38"
    ],
    "url": "https://www.kanachu.co.jp/dia/diagram/timetable01_js/course:0000803773-2/node:00129011/kt:0/lname:/"
}
