{
    "date": "2025/04/01",
    "name": "追分(相模原市緑区)",
    "position": "-",
    "system": "野12",
    "destinations": [
        "金剛山",
        "山口原",
        "杉西",
        "赤沢(相模原市緑区)",
        "藤野芸術の家",
        "馬本",
        "賽の神",
        "中尾(相模原市緑区)",
        "やまなみ温泉入口",
        "やまなみ温泉",
        "やまなみ温泉入口",
        "中尾(相模原市緑区)",
        "賽の神",
        "吉原入口",
        "宮ノ前(相模原市緑区)",
        "堂地",
        "中井戸(相模原市緑区)",
        "大鐘",
        "白井(相模原市緑区)",
        "小津久",
        "舟久保",
        "梁瀬橋",
        "牧野入口",
        "奥牧野"
    ],
    "weekday": [
        "7:16",
        "8:10",
        "13:14",
        "14:56",
        "15:27",
        "16:48",
        "17:41"
    ],
    "saturday": [
        "6:25",
        "8:06",
        "13:14",
        "14:58",
        "16:54",
        "17:39"
    ],
    "holiday": [
        "6:25",
        "8:06",
        "13:14",
        "14:58",
        "16:54",
        "17:39"
    ],
    "url": "https://www.kanachu.co.jp/dia/diagram/timetable01_js/course:0000803773-4/node:00128790/kt:0/lname:/"
}
