{
    "date": "2025/04/01",
    "name": "藤野芸術の家",
    "position": "-",
    "system": "野12",
    "destinations": [
        "馬本",
        "賽の神",
        "中尾(相模原市緑区)",
        "やまなみ温泉入口",
        "やまなみ温泉",
        "やまなみ温泉入口",
        "中尾(相模原市緑区)",
        "賽の神",
        "吉原入口",
        "宮ノ前(相模原市緑区)",
        "堂地",
        "中井戸(相模原市緑区)",
        "大鐘",
        "白井(相模原市緑区)",
        "小津久",
        "舟久保",
        "梁瀬橋",
        "牧野入口",
        "奥牧野"
    ],
    "weekday": [
        "7:19",
        "8:13",
        "13:17",
        "14:59",
        "15:30",
        "16:51",
        "17:44"
    ],
    "saturday": [
        "6:28",
        "8:09",
        "13:17",
        "15:01",
        "16:57",
        "17:42"
    ],
    "holiday": [
        "6:28",
        "8:09",
        "13:17",
        "15:01",
        "16:57",
        "17:42"
    ],
    "url": "https://www.kanachu.co.jp/dia/diagram/timetable01_js/course:0000803773-9/node:00128795/kt:0/lname:/"
}
