{
    "date": "2025/04/01",
    "name": "やまなみ温泉入口",
    "position": "-",
    "system": "野12",
    "destinations": [
        "やまなみ温泉",
        "やまなみ温泉入口",
        "中尾(相模原市緑区)",
        "賽の神",
        "吉原入口",
        "宮ノ前(相模原市緑区)",
        "堂地",
        "中井戸(相模原市緑区)",
        "大鐘",
        "白井(相模原市緑区)",
        "小津久",
        "舟久保",
        "梁瀬橋",
        "牧野入口",
        "奥牧野"
    ],
    "weekday": [
        "7:23",
        "8:17",
        "13:21",
        "15:03",
        "15:34",
        "16:55",
        "17:48"
    ],
    "saturday": [
        "6:32",
        "8:13",
        "13:21",
        "15:05",
        "17:01",
        "17:46"
    ],
    "holiday": [
        "6:32",
        "8:13",
        "13:21",
        "15:05",
        "17:01",
        "17:46"
    ],
    "url": "https://www.kanachu.co.jp/dia/diagram/timetable01_js/course:0000803773-13/node:00128800/kt:0/lname:/"
}
