{
    "date": "2025/04/01",
    "name": "やまなみ温泉入口",
    "position": "-",
    "system": "野12",
    "destinations": [
        "中尾(相模原市緑区)",
        "賽の神",
        "吉原入口",
        "宮ノ前(相模原市緑区)",
        "堂地",
        "中井戸(相模原市緑区)",
        "大鐘",
        "白井(相模原市緑区)",
        "小津久",
        "舟久保",
        "梁瀬橋",
        "牧野入口",
        "奥牧野"
    ],
    "weekday": [
        "7:26",
        "8:20",
        "13:24",
        "15:06",
        "15:37",
        "16:58",
        "17:51"
    ],
    "saturday": [
        "6:35",
        "8:16",
        "13:24",
        "15:08",
        "17:04",
        "17:49"
    ],
    "holiday": [
        "6:35",
        "8:16",
        "13:24",
        "15:08",
        "17:04",
        "17:49"
    ],
    "url": "https://www.kanachu.co.jp/dia/diagram/timetable01_js/course:0000803773-15/node:00128800/kt:0/lname:/"
}
