{
    "date": "2025/04/01",
    "name": "宮ノ前(相模原市緑区)",
    "position": "-",
    "system": "野12",
    "destinations": [
        "堂地",
        "中井戸(相模原市緑区)",
        "大鐘",
        "白井(相模原市緑区)",
        "小津久",
        "舟久保",
        "梁瀬橋",
        "牧野入口",
        "奥牧野"
    ],
    "weekday": [
        "7:29",
        "8:23",
        "13:27",
        "15:09",
        "15:40",
        "17:01",
        "17:54"
    ],
    "saturday": [
        "6:38",
        "8:19",
        "13:27",
        "15:11",
        "17:07",
        "17:52"
    ],
    "holiday": [
        "6:38",
        "8:19",
        "13:27",
        "15:11",
        "17:07",
        "17:52"
    ],
    "url": "https://www.kanachu.co.jp/dia/diagram/timetable01_js/course:0000803773-19/node:00128802/kt:0/lname:/"
}
