{
    "date": "2025/04/01",
    "name": "堂地",
    "position": "-",
    "system": "野12",
    "destinations": [
        "中井戸(相模原市緑区)",
        "大鐘",
        "白井(相模原市緑区)",
        "小津久",
        "舟久保",
        "梁瀬橋",
        "牧野入口",
        "奥牧野"
    ],
    "weekday": [
        "7:30",
        "8:24",
        "13:28",
        "15:10",
        "15:41",
        "17:02",
        "17:55"
    ],
    "saturday": [
        "6:39",
        "8:20",
        "13:28",
        "15:12",
        "17:08",
        "17:53"
    ],
    "holiday": [
        "6:39",
        "8:20",
        "13:28",
        "15:12",
        "17:08",
        "17:53"
    ],
    "url": "https://www.kanachu.co.jp/dia/diagram/timetable01_js/course:0000803773-20/node:00128803/kt:0/lname:/"
}
