{
    "date": "2025/04/01",
    "name": "梁瀬橋",
    "position": "-",
    "system": "野12",
    "destinations": [
        "牧野入口",
        "奥牧野"
    ],
    "weekday": [
        "7:34",
        "8:28",
        "13:32",
        "15:14",
        "15:45",
        "17:06",
        "17:59"
    ],
    "saturday": [
        "6:43",
        "8:24",
        "13:32",
        "15:16",
        "17:12",
        "17:57"
    ],
    "holiday": [
        "6:43",
        "8:24",
        "13:32",
        "15:16",
        "17:12",
        "17:57"
    ],
    "url": "https://www.kanachu.co.jp/dia/diagram/timetable01_js/course:0000803773-26/node:00128809/kt:0/lname:/"
}
