{
    "date": "2025/04/01",
    "name": "牧野入口",
    "position": "-",
    "system": "野12",
    "destinations": [
        "奥牧野"
    ],
    "weekday": [
        "7:35",
        "8:29",
        "13:33",
        "15:15",
        "15:46",
        "17:07",
        "18:00"
    ],
    "saturday": [
        "6:44",
        "8:25",
        "13:33",
        "15:17",
        "17:13",
        "17:58"
    ],
    "holiday": [
        "6:44",
        "8:25",
        "13:33",
        "15:17",
        "17:13",
        "17:58"
    ],
    "url": "https://www.kanachu.co.jp/dia/diagram/timetable01_js/course:0000803773-27/node:00128810/kt:0/lname:/"
}
