{
    "system": "野12",
    "busstops": [
        {
            "index": "1",
            "id": "00128788",
            "name": "藤野駅",
            "lat": "35.615709",
            "lng": "139.152308"
        },
        {
            "index": "2",
            "id": "00129011",
            "name": "日連大橋",
            "lat": "35.611944",
            "lng": "139.156353"
        },
        {
            "index": "3",
            "id": "00128789",
            "name": "名倉入口",
            "lat": "35.610531",
            "lng": "139.155818"
        },
        {
            "index": "4",
            "id": "00128790",
            "name": "追分(相模原市緑区)",
            "lat": "35.608048",
            "lng": "139.156071"
        },
        {
            "index": "5",
            "id": "00128791",
            "name": "金剛山",
            "lat": "35.604993",
            "lng": "139.155238"
        },
        {
            "index": "6",
            "id": "00128792",
            "name": "山口原",
            "lat": "35.602746",
            "lng": "139.152735"
        },
        {
            "index": "7",
            "id": "00128793",
            "name": "杉西",
            "lat": "35.601315",
            "lng": "139.151388"
        },
        {
            "index": "8",
            "id": "00128794",
            "name": "赤沢(相模原市緑区)",
            "lat": "35.597214",
            "lng": "139.152197"
        },
        {
            "index": "9",
            "id": "00128795",
            "name": "藤野芸術の家",
            "lat": "35.596199",
            "lng": "139.151722"
        },
        {
            "index": "10",
            "id": "00128796",
            "name": "馬本",
            "lat": "35.593059",
            "lng": "139.149669"
        },
        {
            "index": "11",
            "id": "00128797",
            "name": "賽の神",
            "lat": "35.5907",
            "lng": "139.149999"
        },
        {
            "index": "12",
            "id": "00128798",
            "name": "中尾(相模原市緑区)",
            "lat": "35.584393",
            "lng": "139.150219"
        },
        {
            "index": "13",
            "id": "00128800",
            "name": "やまなみ温泉入口",
            "lat": "35.5813",
            "lng": "139.150007"
        },
        {
            "index": "14",
            "id": "00128799",
            "name": "やまなみ温泉",
            "lat": "35.579881",
            "lng": "139.150422"
        },
        {
            "index": "15",
            "id": "00128800",
            "name": "やまなみ温泉入口",
            "lat": "35.581298",
            "lng": "139.149999"
        },
        {
            "index": "16",
            "id": "00128798",
            "name": "中尾(相模原市緑区)",
            "lat": "35.584398",
            "lng": "139.150229"
        },
        {
            "index": "17",
            "id": "00128797",
            "name": "賽の神",
            "lat": "35.590127",
            "lng": "139.150077"
        },
        {
            "index": "18",
            "id": "00128801",
            "name": "吉原入口",
            "lat": "35.58832",
            "lng": "139.148907"
        },
        {
            "index": "19",
            "id": "00128802",
            "name": "宮ノ前(相模原市緑区)",
            "lat": "35.587383",
            "lng": "139.14737"
        },
        {
            "index": "20",
            "id": "00128803",
            "name": "堂地",
            "lat": "35.584895",
            "lng": "139.145072"
        },
        {
            "index": "21",
            "id": "00128804",
            "name": "中井戸(相模原市緑区)",
            "lat": "35.583534",
            "lng": "139.143389"
        },
        {
            "index": "22",
            "id": "00128805",
            "name": "大鐘",
            "lat": "35.583047",
            "lng": "139.141225"
        },
        {
            "index": "23",
            "id": "00128806",
            "name": "白井(相模原市緑区)",
            "lat": "35.584299",
            "lng": "139.14005"
        },
        {
            "index": "24",
            "id": "00128807",
            "name": "小津久",
            "lat": "35.585859",
            "lng": "139.137792"
        },
        {
            "index": "25",
            "id": "00128808",
            "name": "舟久保",
            "lat": "35.586089",
            "lng": "139.135723"
        },
        {
            "index": "26",
            "id": "00128809",
            "name": "梁瀬橋",
            "lat": "35.584758",
            "lng": "139.130996"
        },
        {
            "index": "27",
            "id": "00128810",
            "name": "牧野入口",
            "lat": "35.584317",
            "lng": "139.128458"
        },
        {
            "index": "28",
            "id": "00128811",
            "name": "奥牧野",
            "lat": "35.584729",
            "lng": "139.125593"
        }
    ],
    "route_url": "https://www.kanachu.co.jp/dia/route/index/cid:0000803773/"
}
