{
    "date": "2025/07/12",
    "name": "相生町(藤沢市)",
    "position": "-",
    "system": "藤04",
    "destinations": [
        "日本精工前",
        "鵠沼小学校前",
        "長久保(藤沢市)",
        "藤沢SST前",
        "元町五丁目",
        "東町(藤沢市)",
        "堂面(藤沢市)",
        "出口(藤沢市)",
        "浜見山",
        "南海岸",
        "高砂小学校前(藤沢市)",
        "辻堂団地"
    ],
    "weekday": [
        "6:22",
        "6:52",
        "7:16",
        "7:37",
        "7:57",
        "8:12",
        "8:27",
        "8:42",
        "9:02",
        "9:22",
        "9:42",
        "10:02",
        "10:22",
        "10:42",
        "11:02",
        "11:22",
        "11:42",
        "12:02",
        "12:22",
        "12:42",
        "13:02",
        "13:22",
        "13:42",
        "14:02",
        "14:22",
        "14:42",
        "15:02",
        "15:22",
        "15:42",
        "16:02",
        "16:17",
        "16:32",
        "16:47",
        "17:02",
        "17:17",
        "17:35",
        "17:50",
        "18:02",
        "18:17",
        "18:35",
        "18:47",
        "19:02",
        "19:17",
        "19:35",
        "19:50",
        "20:02",
        "20:17",
        "20:32",
        "20:47",
        "21:02",
        "21:22",
        "21:42",
        "22:02",
        "22:22",
        "22:42",
        "23:02"
    ],
    "saturday": [
        "6:26",
        "7:02",
        "7:42",
        "8:02",
        "8:22",
        "8:42",
        "9:02",
        "9:22",
        "9:42",
        "10:02",
        "10:22",
        "10:42",
        "11:02",
        "11:22",
        "11:42",
        "12:02",
        "12:22",
        "12:42",
        "13:02",
        "13:22",
        "13:42",
        "14:02",
        "14:22",
        "14:42",
        "15:02",
        "15:22",
        "15:42",
        "16:02",
        "16:22",
        "16:42",
        "17:02",
        "17:22",
        "17:42",
        "18:02",
        "18:22",
        "18:42",
        "19:02",
        "19:22",
        "19:42",
        "20:02",
        "20:22",
        "20:42",
        "21:02",
        "21:22",
        "21:42",
        "22:02",
        "22:22",
        "22:42"
    ],
    "holiday": [
        "6:26",
        "7:02",
        "7:42",
        "8:02",
        "8:22",
        "8:42",
        "9:02",
        "9:22",
        "9:42",
        "10:02",
        "10:22",
        "10:42",
        "11:02",
        "11:22",
        "11:42",
        "12:02",
        "12:22",
        "12:42",
        "13:02",
        "13:22",
        "13:42",
        "14:02",
        "14:22",
        "14:42",
        "15:02",
        "15:22",
        "15:42",
        "16:02",
        "16:22",
        "16:42",
        "17:02",
        "17:22",
        "17:42",
        "18:02",
        "18:22",
        "18:42",
        "19:02",
        "19:22",
        "19:42",
        "20:02",
        "20:22",
        "20:42",
        "21:02",
        "21:22",
        "21:42",
        "22:02",
        "22:22",
        "22:42"
    ],
    "url": "https://www.kanachu.co.jp/dia/diagram/timetable01_js/course:0000801052-3/node:00126972/kt:0/lname:/"
}
