{
    "date": "2024/04/01",
    "name": "市民文化会館前(茅ケ崎市)",
    "position": "-",
    "system": "茅26",
    "destinations": [
        "ジャスコ前(茅ケ崎市)",
        "保健所前(茅ケ崎市)",
        "肥地力",
        "矢畑",
        "円蔵",
        "西久保(茅ケ崎市)",
        "変電所前(茅ケ崎市)",
        "大曲橋",
        "香川駅入口",
        "大曲(高座郡寒川町)",
        "筒井(高座郡寒川町)",
        "景観寺",
        "寒川駅南口",
        "寒川駅入口",
        "東岡田",
        "越の山入口",
        "北方(茅ケ崎市)",
        "茅ヶ崎新北陵病院",
        "文教大学"
    ],
    "weekday": [
        "8:17",
        "8:32",
        "8:58",
        "9:47",
        "10:07",
        "10:37",
        "11:27",
        "12:17",
        "13:27",
        "14:17",
        "17:42"
    ],
    "saturday": [
        "8:12",
        "10:42",
        "12:42",
        "14:42",
        "16:37"
    ],
    "holiday": [
        "8:12",
        "10:42",
        "12:42",
        "14:42",
        "16:37"
    ],
    "url": "https://www.kanachu.co.jp/dia/diagram/timetable01_js/course:0000800394-2/node:00127171/kt:0/lname:/"
}
