{
    "date": "2024/04/01",
    "name": "ジャスコ前(茅ケ崎市)",
    "position": "-",
    "system": "茅26",
    "destinations": [
        "保健所前(茅ケ崎市)",
        "肥地力",
        "矢畑",
        "円蔵",
        "西久保(茅ケ崎市)",
        "変電所前(茅ケ崎市)",
        "大曲橋",
        "香川駅入口",
        "大曲(高座郡寒川町)",
        "筒井(高座郡寒川町)",
        "景観寺",
        "寒川駅南口",
        "寒川駅入口",
        "東岡田",
        "越の山入口",
        "北方(茅ケ崎市)",
        "茅ヶ崎新北陵病院",
        "文教大学"
    ],
    "weekday": [
        "8:19",
        "8:34",
        "9:00",
        "9:49",
        "10:09",
        "10:39",
        "11:29",
        "12:19",
        "13:29",
        "14:19",
        "17:44"
    ],
    "saturday": [
        "8:13",
        "10:44",
        "12:44",
        "14:44",
        "16:39"
    ],
    "holiday": [
        "8:13",
        "10:44",
        "12:44",
        "14:44",
        "16:39"
    ],
    "url": "https://www.kanachu.co.jp/dia/diagram/timetable01_js/course:0000800394-3/node:00127288/kt:0/lname:/"
}
