{
    "date": "2024/04/01",
    "name": "大曲橋",
    "position": "-",
    "system": "茅26",
    "destinations": [
        "香川駅入口",
        "大曲(高座郡寒川町)",
        "筒井(高座郡寒川町)",
        "景観寺",
        "寒川駅南口",
        "寒川駅入口",
        "東岡田",
        "越の山入口",
        "北方(茅ケ崎市)",
        "茅ヶ崎新北陵病院",
        "文教大学"
    ],
    "weekday": [
        "8:28",
        "8:43",
        "9:09",
        "9:58",
        "10:18",
        "10:48",
        "11:38",
        "12:28",
        "13:38",
        "14:28",
        "17:53"
    ],
    "saturday": [
        "8:20",
        "10:54",
        "12:54",
        "14:53",
        "16:49"
    ],
    "holiday": [
        "8:20",
        "10:54",
        "12:54",
        "14:53",
        "16:49"
    ],
    "url": "https://www.kanachu.co.jp/dia/diagram/timetable01_js/course:0000800394-10/node:00127277/kt:0/lname:/"
}
