{
    "date": "2024/04/01",
    "name": "香川駅入口",
    "position": "-",
    "system": "茅26",
    "destinations": [
        "大曲(高座郡寒川町)",
        "筒井(高座郡寒川町)",
        "景観寺",
        "寒川駅南口",
        "寒川駅入口",
        "東岡田",
        "越の山入口",
        "北方(茅ケ崎市)",
        "茅ヶ崎新北陵病院",
        "文教大学"
    ],
    "weekday": [
        "8:29",
        "8:44",
        "9:10",
        "9:59",
        "10:19",
        "10:49",
        "11:39",
        "12:29",
        "13:39",
        "14:29",
        "17:54"
    ],
    "saturday": [
        "8:21",
        "10:55",
        "12:55",
        "14:54",
        "16:50"
    ],
    "holiday": [
        "8:21",
        "10:55",
        "12:55",
        "14:54",
        "16:50"
    ],
    "url": "https://www.kanachu.co.jp/dia/diagram/timetable01_js/course:0000800394-11/node:00127165/kt:0/lname:/"
}
