{
    "date": "2025/03/15",
    "name": "松葉(藤沢市)",
    "position": "-",
    "system": "湘20",
    "destinations": [
        "用田神社入口",
        "用田辻",
        "用田(藤沢市)",
        "御所見市民センター前",
        "御所見中学校前",
        "西菖蒲沢",
        "菖蒲沢(藤沢市)",
        "笹久保(藤沢市)",
        "仲之桜",
        "六地蔵(藤沢市)",
        "大下(藤沢市)",
        "大山(藤沢市)",
        "加温処理場前",
        "北警察署前(藤沢市)",
        "湘南台駅西口"
    ],
    "weekday": [
        "5:46",
        "6:09",
        "6:34",
        "6:53",
        "7:10",
        "7:24",
        "7:59",
        "8:19",
        "8:39",
        "9:39",
        "10:39",
        "11:19",
        "11:44",
        "12:39",
        "13:09",
        "13:39",
        "14:39",
        "15:09",
        "15:39",
        "16:14",
        "16:39",
        "17:19",
        "17:44",
        "18:14",
        "18:44",
        "19:14",
        "19:44"
    ],
    "saturday": [
        "5:57",
        "6:34",
        "6:54",
        "7:12",
        "7:32",
        "8:14",
        "8:47",
        "9:14",
        "9:44",
        "10:14",
        "10:44",
        "11:14",
        "11:44",
        "12:44",
        "13:44",
        "14:19",
        "14:44",
        "15:19",
        "15:44",
        "16:14",
        "16:44",
        "17:14",
        "18:19",
        "18:47",
        "19:14"
    ],
    "holiday": [
        "5:57",
        "6:34",
        "6:54",
        "7:12",
        "7:32",
        "8:14",
        "8:47",
        "9:14",
        "9:44",
        "10:14",
        "10:44",
        "11:14",
        "11:44",
        "12:44",
        "13:44",
        "14:19",
        "14:44",
        "15:19",
        "15:44",
        "16:14",
        "16:44",
        "17:14",
        "18:19",
        "18:47",
        "19:34"
    ],
    "url": "https://www.kanachu.co.jp/dia/diagram/timetable01_js/course:0000801500-5/node:00129841/kt:0/lname:/"
}
