{
    "date": "2025/03/15",
    "name": "西菖蒲沢",
    "position": "-",
    "system": "湘20",
    "destinations": [
        "菖蒲沢(藤沢市)",
        "笹久保(藤沢市)",
        "仲之桜",
        "六地蔵(藤沢市)",
        "大下(藤沢市)",
        "大山(藤沢市)",
        "加温処理場前",
        "北警察署前(藤沢市)",
        "湘南台駅西口"
    ],
    "weekday": [
        "5:53",
        "6:16",
        "6:41",
        "7:00",
        "7:17",
        "7:31",
        "8:06",
        "8:26",
        "8:46",
        "9:46",
        "10:46",
        "11:26",
        "11:51",
        "12:46",
        "13:16",
        "13:46",
        "14:46",
        "15:16",
        "15:46",
        "16:21",
        "16:46",
        "17:26",
        "17:51",
        "18:21",
        "18:51",
        "19:21",
        "19:51"
    ],
    "saturday": [
        "6:04",
        "6:41",
        "7:01",
        "7:19",
        "7:39",
        "8:21",
        "8:54",
        "9:21",
        "9:51",
        "10:21",
        "10:51",
        "11:21",
        "11:51",
        "12:51",
        "13:51",
        "14:26",
        "14:51",
        "15:26",
        "15:51",
        "16:21",
        "16:51",
        "17:21",
        "18:26",
        "18:54",
        "19:21"
    ],
    "holiday": [
        "6:04",
        "6:41",
        "7:01",
        "7:19",
        "7:39",
        "8:21",
        "8:54",
        "9:21",
        "9:51",
        "10:21",
        "10:51",
        "11:21",
        "11:51",
        "12:51",
        "13:51",
        "14:26",
        "14:51",
        "15:26",
        "15:51",
        "16:21",
        "16:51",
        "17:21",
        "18:26",
        "18:54",
        "19:41"
    ],
    "url": "https://www.kanachu.co.jp/dia/diagram/timetable01_js/course:0000801500-11/node:00129917/kt:0/lname:/"
}
