{
    "date": "2025/07/12",
    "name": "汲田",
    "position": "-",
    "system": "辻31",
    "destinations": [
        "住宅前(藤沢市明治)",
        "梅ヶ枝通り",
        "湘南台",
        "引地橋",
        "観音坂下",
        "老人センター(藤沢市)"
    ],
    "weekday": [
        "9:04"
    ],
    "saturday": [],
    "holiday": [],
    "url": "https://www.kanachu.co.jp/dia/diagram/timetable01_js/course:0000801294-5/node:00127084/kt:0/lname:/"
}
