{
    "date": "2025/04/01",
    "name": "入間坂",
    "position": "-",
    "system": "野08",
    "destinations": [
        "橋詰入口",
        "鎌沢入口",
        "寺外戸",
        "和田(相模原市緑区)"
    ],
    "weekday": [
        "7:34",
        "8:19",
        "14:01",
        "14:40",
        "15:34",
        "16:55",
        "18:15"
    ],
    "saturday": [
        "8:13",
        "9:15",
        "9:49",
        "13:21",
        "14:24",
        "15:34",
        "17:01",
        "18:15"
    ],
    "holiday": [
        "8:13",
        "9:15",
        "9:49",
        "13:21",
        "14:24",
        "15:34",
        "17:01",
        "18:15"
    ],
    "url": "https://www.kanachu.co.jp/dia/diagram/timetable01_js/course:0000803750-10/node:00128820/kt:0/lname:/"
}
