{
    "date": "2025/04/01",
    "name": "鎌沢入口",
    "position": "-",
    "system": "野08",
    "destinations": [
        "寺外戸",
        "和田(相模原市緑区)"
    ],
    "weekday": [
        "7:36",
        "8:21",
        "14:03",
        "14:42",
        "15:36",
        "16:57",
        "18:17"
    ],
    "saturday": [
        "8:15",
        "9:17",
        "9:51",
        "13:23",
        "14:26",
        "15:36",
        "17:03",
        "18:17"
    ],
    "holiday": [
        "8:15",
        "9:17",
        "9:51",
        "13:23",
        "14:26",
        "15:36",
        "17:03",
        "18:17"
    ],
    "url": "https://www.kanachu.co.jp/dia/diagram/timetable01_js/course:0000803750-12/node:00128822/kt:0/lname:/"
}
