{
    "system": "境21",
    "busstops": [
        {
            "index": "1",
            "id": "00129664",
            "name": "三ツ境駅北口",
            "lat": "35.468477",
            "lng": "139.502192"
        },
        {
            "index": "2",
            "id": "00129781",
            "name": "つゆきの森",
            "lat": "35.471119",
            "lng": "139.501941"
        },
        {
            "index": "3",
            "id": "00129723",
            "name": "水道企業団前(横浜市旭区)",
            "lat": "35.475502",
            "lng": "139.500936"
        },
        {
            "index": "4",
            "id": "00129724",
            "name": "西部病院前",
            "lat": "35.477911",
            "lng": "139.501737"
        },
        {
            "index": "5",
            "id": "00129725",
            "name": "矢指町入口",
            "lat": "35.484338",
            "lng": "139.504163"
        },
        {
            "index": "6",
            "id": "00129726",
            "name": "程ヶ谷カントリークラブ前",
            "lat": "35.489387",
            "lng": "139.504724"
        },
        {
            "index": "7",
            "id": "00129727",
            "name": "川井橋",
            "lat": "35.490695",
            "lng": "139.505836"
        },
        {
            "index": "8",
            "id": "00129728",
            "name": "東根",
            "lat": "35.493407",
            "lng": "139.506613"
        },
        {
            "index": "9",
            "id": "00129729",
            "name": "原分",
            "lat": "35.496236",
            "lng": "139.501629"
        },
        {
            "index": "10",
            "id": "00129705",
            "name": "亀甲山",
            "lat": "35.497469",
            "lng": "139.496631"
        },
        {
            "index": "11",
            "id": "00129706",
            "name": "大貫橋",
            "lat": "35.498217",
            "lng": "139.500015"
        },
        {
            "index": "12",
            "id": "00103262",
            "name": "若葉台南",
            "lat": "35.501503",
            "lng": "139.501237"
        },
        {
            "index": "13",
            "id": "00103263",
            "name": "若葉台近隣公園前",
            "lat": "35.502957",
            "lng": "139.503976"
        },
        {
            "index": "14",
            "id": "00103267",
            "name": "若葉台中学校前",
            "lat": "35.50609",
            "lng": "139.503247"
        },
        {
            "index": "15",
            "id": "00019298",
            "name": "霧が丘高校前",
            "lat": "35.508928",
            "lng": "139.502331"
        },
        {
            "index": "16",
            "id": "00019297",
            "name": "若葉台車庫前",
            "lat": "35.508924",
            "lng": "139.499984"
        },
        {
            "index": "17",
            "id": "00019296",
            "name": "若葉台中央(横浜市旭区)",
            "lat": "35.506664",
            "lng": "139.49819"
        },
        {
            "index": "18",
            "id": "00019297",
            "name": "若葉台車庫前",
            "lat": "35.509036",
            "lng": "139.500376"
        },
        {
            "index": "19",
            "id": "00019298",
            "name": "霧が丘高校前",
            "lat": "35.510312",
            "lng": "139.502916"
        },
        {
            "index": "20",
            "id": "00019299",
            "name": "霧が丘センター前",
            "lat": "35.512621",
            "lng": "139.503279"
        },
        {
            "index": "21",
            "id": "00019300",
            "name": "郵便局前(横浜市緑区)",
            "lat": "35.514075",
            "lng": "139.506666"
        },
        {
            "index": "22",
            "id": "00019301",
            "name": "萱場公園入口",
            "lat": "35.516614",
            "lng": "139.507932"
        },
        {
            "index": "23",
            "id": "00019302",
            "name": "遊水池前(横浜市緑区)",
            "lat": "35.519087",
            "lng": "139.507578"
        },
        {
            "index": "24",
            "id": "00019303",
            "name": "中山谷(横浜市緑区)",
            "lat": "35.52098",
            "lng": "139.507835"
        },
        {
            "index": "25",
            "id": "00019304",
            "name": "十日市場",
            "lat": "35.524444",
            "lng": "139.510729"
        },
        {
            "index": "26",
            "id": "00019305",
            "name": "十日市場駅",
            "lat": "35.526159",
            "lng": "139.516452"
        }
    ],
    "route_url": "https://www.kanachu.co.jp/dia/route/index/cid:0000804208/"
}
