{
    "date": "2025/11/16",
    "name": "大磯駅",
    "position": "-",
    "system": "磯13",
    "destinations": [
        "大磯小学校前",
        "統監道",
        "白岩大門",
        "八坂神社(中郡大磯町)",
        "城山公園前(中郡大磯町)",
        "中丸(中郡大磯町)",
        "大磯プリンスホテル入口",
        "天の杜",
        "湘南大磯病院",
        "石神台東公園前",
        "南公園前(中郡大磯町)",
        "西公園前(中郡大磯町)"
    ],
    "weekday": [
        "6:50",
        "8:10",
        "8:40",
        "10:10",
        "11:10",
        "12:10",
        "13:10",
        "14:10",
        "15:10",
        "16:10",
        "17:10",
        "18:10",
        "19:20",
        "19:45",
        "20:45",
        "22:56"
    ],
    "saturday": [
        "7:08",
        "7:48",
        "8:55",
        "9:55",
        "10:55",
        "11:55",
        "12:55",
        "13:55",
        "14:55",
        "15:55",
        "16:55",
        "17:55",
        "18:55",
        "19:55",
        "22:25"
    ],
    "holiday": [
        "7:08",
        "7:48",
        "8:55",
        "9:55",
        "10:55",
        "11:55",
        "12:55",
        "13:55",
        "14:55",
        "15:55",
        "16:55",
        "17:55",
        "18:55",
        "19:55",
        "22:25"
    ],
    "url": "https://www.kanachu.co.jp/dia/diagram/timetable01_js/course:0000801784-1/node:00127455/kt:0/lname:/"
}
