{
    "date": "2025/11/16",
    "name": "大磯小学校前",
    "position": "-",
    "system": "磯13",
    "destinations": [
        "統監道",
        "白岩大門",
        "八坂神社(中郡大磯町)",
        "城山公園前(中郡大磯町)",
        "中丸(中郡大磯町)",
        "大磯プリンスホテル入口",
        "天の杜",
        "湘南大磯病院",
        "石神台東公園前",
        "南公園前(中郡大磯町)",
        "西公園前(中郡大磯町)"
    ],
    "weekday": [
        "6:51",
        "8:11",
        "8:41",
        "10:11",
        "11:11",
        "12:11",
        "13:11",
        "14:11",
        "15:11",
        "16:11",
        "17:11",
        "18:11",
        "19:21",
        "19:46",
        "20:46",
        "22:57"
    ],
    "saturday": [
        "7:09",
        "7:49",
        "8:56",
        "9:56",
        "10:56",
        "11:56",
        "12:56",
        "13:56",
        "14:56",
        "15:56",
        "16:56",
        "17:56",
        "18:56",
        "19:56",
        "22:26"
    ],
    "holiday": [
        "7:09",
        "7:49",
        "8:56",
        "9:56",
        "10:56",
        "11:56",
        "12:56",
        "13:56",
        "14:56",
        "15:56",
        "16:56",
        "17:56",
        "18:56",
        "19:56",
        "22:26"
    ],
    "url": "https://www.kanachu.co.jp/dia/diagram/timetable01_js/course:0000801784-2/node:00127456/kt:0/lname:/"
}
