{
    "date": "2025/11/16",
    "name": "八坂神社(中郡大磯町)",
    "position": "-",
    "system": "磯13",
    "destinations": [
        "城山公園前(中郡大磯町)",
        "中丸(中郡大磯町)",
        "大磯プリンスホテル入口",
        "天の杜",
        "湘南大磯病院",
        "石神台東公園前",
        "南公園前(中郡大磯町)",
        "西公園前(中郡大磯町)"
    ],
    "weekday": [
        "6:55",
        "8:15",
        "8:45",
        "10:15",
        "11:15",
        "12:15",
        "13:15",
        "14:15",
        "15:15",
        "16:15",
        "17:15",
        "18:15",
        "19:25",
        "19:50",
        "20:50",
        "23:01"
    ],
    "saturday": [
        "7:13",
        "7:53",
        "9:00",
        "10:00",
        "11:00",
        "12:00",
        "13:00",
        "14:00",
        "15:00",
        "16:00",
        "17:00",
        "18:00",
        "19:00",
        "20:00",
        "22:30"
    ],
    "holiday": [
        "7:13",
        "7:53",
        "9:00",
        "10:00",
        "11:00",
        "12:00",
        "13:00",
        "14:00",
        "15:00",
        "16:00",
        "17:00",
        "18:00",
        "19:00",
        "20:00",
        "22:30"
    ],
    "url": "https://www.kanachu.co.jp/dia/diagram/timetable01_js/course:0000801784-5/node:00127480/kt:0/lname:/"
}
