{
    "date": "2025/11/16",
    "name": "中丸(中郡大磯町)",
    "position": "-",
    "system": "磯13",
    "destinations": [
        "大磯プリンスホテル入口",
        "天の杜",
        "湘南大磯病院",
        "石神台東公園前",
        "南公園前(中郡大磯町)",
        "西公園前(中郡大磯町)"
    ],
    "weekday": [
        "6:57",
        "8:17",
        "8:47",
        "10:17",
        "11:17",
        "12:17",
        "13:17",
        "14:17",
        "15:17",
        "16:17",
        "17:17",
        "18:17",
        "19:27",
        "19:52",
        "20:52",
        "23:03"
    ],
    "saturday": [
        "7:15",
        "7:55",
        "9:02",
        "10:02",
        "11:02",
        "12:02",
        "13:02",
        "14:02",
        "15:02",
        "16:02",
        "17:02",
        "18:02",
        "19:02",
        "20:02",
        "22:32"
    ],
    "holiday": [
        "7:15",
        "7:55",
        "9:02",
        "10:02",
        "11:02",
        "12:02",
        "13:02",
        "14:02",
        "15:02",
        "16:02",
        "17:02",
        "18:02",
        "19:02",
        "20:02",
        "22:32"
    ],
    "url": "https://www.kanachu.co.jp/dia/diagram/timetable01_js/course:0000801784-7/node:00127481/kt:0/lname:/"
}
