{
    "date": "2025/11/16",
    "name": "北金目入口",
    "position": "-",
    "system": "巻12",
    "destinations": [
        "堀町(平塚市)",
        "みずほ小学校",
        "塚越古墳",
        "北久保(平塚市)",
        "真田神社前",
        "寺尾(平塚市)",
        "真田橋",
        "下落幡",
        "大けやき",
        "鶴巻温泉駅南口"
    ],
    "weekday": [
        "6:14",
        "7:05",
        "7:47",
        "8:27",
        "11:11",
        "12:08",
        "13:05",
        "15:10",
        "16:04",
        "18:38",
        "19:28",
        "20:18"
    ],
    "saturday": [
        "7:31",
        "8:20",
        "9:05",
        "9:50",
        "10:42",
        "13:12",
        "14:04",
        "14:48",
        "15:38",
        "17:59",
        "18:49",
        "19:31"
    ],
    "holiday": [
        "7:31",
        "8:20",
        "9:05",
        "9:50",
        "10:42",
        "13:12",
        "14:04",
        "14:48",
        "15:38",
        "17:59",
        "18:49",
        "19:31"
    ],
    "url": "https://www.kanachu.co.jp/dia/diagram/timetable01_js/course:0000802743-4/node:00127730/kt:0/lname:/"
}
