{
    "date": "2025/11/16",
    "name": "塚越古墳",
    "position": "-",
    "system": "巻12",
    "destinations": [
        "北久保(平塚市)",
        "真田神社前",
        "寺尾(平塚市)",
        "真田橋",
        "下落幡",
        "大けやき",
        "鶴巻温泉駅南口"
    ],
    "weekday": [
        "6:17",
        "7:08",
        "7:50",
        "8:30",
        "11:14",
        "12:11",
        "13:08",
        "15:13",
        "16:07",
        "18:41",
        "19:31",
        "20:21"
    ],
    "saturday": [
        "7:34",
        "8:23",
        "9:08",
        "9:53",
        "10:45",
        "13:15",
        "14:07",
        "14:51",
        "15:41",
        "18:02",
        "18:52",
        "19:34"
    ],
    "holiday": [
        "7:34",
        "8:23",
        "9:08",
        "9:53",
        "10:45",
        "13:15",
        "14:07",
        "14:51",
        "15:41",
        "18:02",
        "18:52",
        "19:34"
    ],
    "url": "https://www.kanachu.co.jp/dia/diagram/timetable01_js/course:0000802743-7/node:00130347/kt:0/lname:/"
}
