{
    "date": "2025/11/16",
    "name": "北久保(平塚市)",
    "position": "-",
    "system": "巻12",
    "destinations": [
        "真田神社前",
        "寺尾(平塚市)",
        "真田橋",
        "下落幡",
        "大けやき",
        "鶴巻温泉駅南口"
    ],
    "weekday": [
        "6:18",
        "7:09",
        "7:51",
        "8:31",
        "11:15",
        "12:12",
        "13:09",
        "15:14",
        "16:08",
        "18:42",
        "19:32",
        "20:22"
    ],
    "saturday": [
        "7:35",
        "8:24",
        "9:09",
        "9:54",
        "10:46",
        "13:16",
        "14:08",
        "14:52",
        "15:42",
        "18:03",
        "18:53",
        "19:35"
    ],
    "holiday": [
        "7:35",
        "8:24",
        "9:09",
        "9:54",
        "10:46",
        "13:16",
        "14:08",
        "14:52",
        "15:42",
        "18:03",
        "18:53",
        "19:35"
    ],
    "url": "https://www.kanachu.co.jp/dia/diagram/timetable01_js/course:0000802743-8/node:00128234/kt:0/lname:/"
}
