{
    "date": "2025/11/16",
    "name": "真田橋",
    "position": "-",
    "system": "巻12",
    "destinations": [
        "下落幡",
        "大けやき",
        "鶴巻温泉駅南口"
    ],
    "weekday": [
        "6:21",
        "7:12",
        "7:54",
        "8:34",
        "11:18",
        "12:15",
        "13:12",
        "15:17",
        "16:11",
        "18:45",
        "19:35",
        "20:25"
    ],
    "saturday": [
        "7:38",
        "8:27",
        "9:12",
        "9:57",
        "10:49",
        "13:19",
        "14:11",
        "14:55",
        "15:45",
        "18:06",
        "18:56",
        "19:38"
    ],
    "holiday": [
        "7:38",
        "8:27",
        "9:12",
        "9:57",
        "10:49",
        "13:19",
        "14:11",
        "14:55",
        "15:45",
        "18:06",
        "18:56",
        "19:38"
    ],
    "url": "https://www.kanachu.co.jp/dia/diagram/timetable01_js/course:0000802743-11/node:00128231/kt:0/lname:/"
}
