{
    "date": "2025/10/20",
    "name": "逆川(海老名市)",
    "position": "-",
    "system": "海10",
    "destinations": [
        "観音下",
        "弥生神社前",
        "上今泉(海老名市)",
        "谷入口",
        "岩船地蔵尊",
        "皆原住宅前",
        "皆原",
        "座間駅入口",
        "座間駅",
        "天台(座間市)",
        "立野台公園北",
        "立野台",
        "立野台下",
        "市営住宅前(座間市)",
        "緑ヶ丘住宅入口",
        "市役所谷戸山公園前",
        "座間中学校前",
        "相武台前駅"
    ],
    "weekday": [
        "6:44",
        "7:27",
        "8:29",
        "9:09",
        "9:49",
        "10:49",
        "11:49",
        "12:49",
        "13:49",
        "14:49",
        "15:49",
        "16:49",
        "17:49",
        "18:49",
        "19:34",
        "20:19",
        "21:19"
    ],
    "saturday": [
        "7:49",
        "8:49",
        "9:49",
        "10:49",
        "11:49",
        "12:49",
        "13:49",
        "14:49",
        "15:49",
        "16:49",
        "17:49",
        "18:49",
        "19:49",
        "20:49"
    ],
    "holiday": [
        "7:49",
        "8:49",
        "9:49",
        "10:49",
        "11:49",
        "12:49",
        "13:49",
        "14:49",
        "15:49",
        "16:49",
        "17:49",
        "18:49",
        "19:49",
        "20:49"
    ],
    "url": "https://www.kanachu.co.jp/dia/diagram/timetable01_js/course:0000800434-4/node:00128559/kt:0/lname:/"
}
