{
    "date": "2025/10/20",
    "name": "弥生神社前",
    "position": "-",
    "system": "海10",
    "destinations": [
        "上今泉(海老名市)",
        "谷入口",
        "岩船地蔵尊",
        "皆原住宅前",
        "皆原",
        "座間駅入口",
        "座間駅",
        "天台(座間市)",
        "立野台公園北",
        "立野台",
        "立野台下",
        "市営住宅前(座間市)",
        "緑ヶ丘住宅入口",
        "市役所谷戸山公園前",
        "座間中学校前",
        "相武台前駅"
    ],
    "weekday": [
        "6:47",
        "7:30",
        "8:32",
        "9:12",
        "9:52",
        "10:52",
        "11:52",
        "12:52",
        "13:52",
        "14:52",
        "15:52",
        "16:52",
        "17:52",
        "18:52",
        "19:37",
        "20:22",
        "21:22"
    ],
    "saturday": [
        "7:51",
        "8:51",
        "9:52",
        "10:52",
        "11:52",
        "12:52",
        "13:52",
        "14:52",
        "15:52",
        "16:52",
        "17:52",
        "18:52",
        "19:52",
        "20:51"
    ],
    "holiday": [
        "7:51",
        "8:51",
        "9:52",
        "10:52",
        "11:52",
        "12:52",
        "13:52",
        "14:52",
        "15:52",
        "16:52",
        "17:52",
        "18:52",
        "19:51",
        "20:51"
    ],
    "url": "https://www.kanachu.co.jp/dia/diagram/timetable01_js/course:0000800434-6/node:00128561/kt:0/lname:/"
}
