{
    "date": "2025/10/20",
    "name": "座間駅",
    "position": "-",
    "system": "海10",
    "destinations": [
        "天台(座間市)",
        "立野台公園北",
        "立野台",
        "立野台下",
        "市営住宅前(座間市)",
        "緑ヶ丘住宅入口",
        "市役所谷戸山公園前",
        "座間中学校前",
        "相武台前駅"
    ],
    "weekday": [
        "6:58",
        "7:42",
        "8:44",
        "9:24",
        "10:04",
        "11:04",
        "12:04",
        "13:04",
        "14:04",
        "15:04",
        "16:04",
        "17:04",
        "18:04",
        "19:04",
        "19:49",
        "20:32",
        "21:32"
    ],
    "saturday": [
        "8:01",
        "9:01",
        "10:04",
        "11:04",
        "12:04",
        "13:04",
        "14:04",
        "15:04",
        "16:04",
        "17:04",
        "18:04",
        "19:04",
        "20:04",
        "21:01"
    ],
    "holiday": [
        "8:01",
        "9:01",
        "10:04",
        "11:04",
        "12:04",
        "13:04",
        "14:04",
        "15:04",
        "16:04",
        "17:04",
        "18:04",
        "19:04",
        "20:01",
        "21:01"
    ],
    "url": "https://www.kanachu.co.jp/dia/diagram/timetable01_js/course:0000800434-13/node:00128605/kt:0/lname:/"
}
