{
    "date": "2025/10/20",
    "name": "立野台",
    "position": "-",
    "system": "海10",
    "destinations": [
        "立野台下",
        "市営住宅前(座間市)",
        "緑ヶ丘住宅入口",
        "市役所谷戸山公園前",
        "座間中学校前",
        "相武台前駅"
    ],
    "weekday": [
        "7:01",
        "7:45",
        "8:47",
        "9:27",
        "10:07",
        "11:07",
        "12:07",
        "13:07",
        "14:07",
        "15:07",
        "16:07",
        "17:07",
        "18:07",
        "19:07",
        "19:52",
        "20:35",
        "21:35"
    ],
    "saturday": [
        "8:04",
        "9:04",
        "10:07",
        "11:07",
        "12:07",
        "13:07",
        "14:07",
        "15:07",
        "16:07",
        "17:07",
        "18:07",
        "19:07",
        "20:07",
        "21:04"
    ],
    "holiday": [
        "8:04",
        "9:04",
        "10:07",
        "11:07",
        "12:07",
        "13:07",
        "14:07",
        "15:07",
        "16:07",
        "17:07",
        "18:07",
        "19:07",
        "20:04",
        "21:04"
    ],
    "url": "https://www.kanachu.co.jp/dia/diagram/timetable01_js/course:0000800434-16/node:00128574/kt:0/lname:/"
}
