{
    "date": "2025/11/16",
    "name": "鶴ヶ峰中学校前",
    "position": "-",
    "system": "115",
    "destinations": [
        "今宿小学校入口",
        "今宿中学校前",
        "今宿ハイツ",
        "上白根公園",
        "グリーンヒル上白根"
    ],
    "weekday": [
        "21:36",
        "22:03"
    ],
    "saturday": [
        "20:38",
        "21:08"
    ],
    "holiday": [
        "20:03",
        "21:08"
    ],
    "url": "https://www.kanachu.co.jp/dia/diagram/timetable01_js/course:0000802482-4/node:00129718/kt:0/lname:/"
}
