{
    "date": "2024/04/01",
    "name": "葛原(藤沢市)",
    "position": "-",
    "system": "長16",
    "destinations": [
        "宮の腰(藤沢市)",
        "葛野",
        "西葛原",
        "御所見中学校前",
        "御所見市民センター前",
        "用田(藤沢市)",
        "用田辻",
        "西用田",
        "用田橋",
        "根恩馬",
        "畜産研究所",
        "恩馬ヶ原",
        "杉久保",
        "上河内(海老名市)",
        "高野(海老名市)",
        "南今里",
        "今里(海老名市)",
        "神社前(海老名市)",
        "農業高校前(海老名市)",
        "社家入口",
        "中新田小学校前",
        "みずほ団地前",
        "市役所前(海老名市)",
        "海老名駅東口"
    ],
    "weekday": [
        "6:02",
        "6:21",
        "6:54",
        "7:09",
        "7:29",
        "7:59",
        "8:29",
        "8:54",
        "9:24",
        "9:54",
        "10:24",
        "10:54",
        "11:24",
        "11:54",
        "12:24",
        "12:54",
        "13:24",
        "13:54",
        "14:24",
        "14:54",
        "15:24",
        "15:54",
        "16:24",
        "16:54",
        "17:24",
        "17:54",
        "18:24",
        "18:54",
        "19:24",
        "20:04",
        "20:48"
    ],
    "saturday": [
        "6:09",
        "6:49",
        "7:24",
        "7:54",
        "8:29",
        "9:09",
        "9:49",
        "10:29",
        "11:09",
        "11:49",
        "12:29",
        "13:09",
        "13:49",
        "14:29",
        "15:09",
        "15:49",
        "16:29",
        "17:09",
        "17:49",
        "18:29",
        "19:14",
        "20:16"
    ],
    "holiday": [
        "6:09",
        "6:49",
        "7:24",
        "7:54",
        "8:29",
        "9:09",
        "9:49",
        "10:29",
        "11:09",
        "11:49",
        "12:29",
        "13:09",
        "13:49",
        "14:29",
        "15:09",
        "15:49",
        "16:29",
        "17:09",
        "17:49",
        "18:29",
        "19:14",
        "20:16"
    ],
    "url": "https://www.kanachu.co.jp/dia/diagram/timetable01_js/course:0000800599-10/node:00129820/kt:0/lname:/"
}
