{
    "date": "2024/04/01",
    "name": "葛野",
    "position": "-",
    "system": "長16",
    "destinations": [
        "西葛原",
        "御所見中学校前",
        "御所見市民センター前",
        "用田(藤沢市)",
        "用田辻",
        "西用田",
        "用田橋",
        "根恩馬",
        "畜産研究所",
        "恩馬ヶ原",
        "杉久保",
        "上河内(海老名市)",
        "高野(海老名市)",
        "南今里",
        "今里(海老名市)",
        "神社前(海老名市)",
        "農業高校前(海老名市)",
        "社家入口",
        "中新田小学校前",
        "みずほ団地前",
        "市役所前(海老名市)",
        "海老名駅東口"
    ],
    "weekday": [
        "6:04",
        "6:23",
        "6:56",
        "7:11",
        "7:31",
        "8:01",
        "8:31",
        "8:56",
        "9:26",
        "9:56",
        "10:26",
        "10:56",
        "11:26",
        "11:56",
        "12:26",
        "12:56",
        "13:26",
        "13:56",
        "14:26",
        "14:56",
        "15:26",
        "15:56",
        "16:26",
        "16:56",
        "17:26",
        "17:56",
        "18:26",
        "18:56",
        "19:26",
        "20:06",
        "20:50"
    ],
    "saturday": [
        "6:11",
        "6:51",
        "7:26",
        "7:56",
        "8:31",
        "9:11",
        "9:51",
        "10:31",
        "11:11",
        "11:51",
        "12:31",
        "13:11",
        "13:51",
        "14:31",
        "15:11",
        "15:51",
        "16:31",
        "17:11",
        "17:51",
        "18:31",
        "19:16",
        "20:18"
    ],
    "holiday": [
        "6:11",
        "6:51",
        "7:26",
        "7:56",
        "8:31",
        "9:11",
        "9:51",
        "10:31",
        "11:11",
        "11:51",
        "12:31",
        "13:11",
        "13:51",
        "14:31",
        "15:11",
        "15:51",
        "16:31",
        "17:11",
        "17:51",
        "18:31",
        "19:16",
        "20:18"
    ],
    "url": "https://www.kanachu.co.jp/dia/diagram/timetable01_js/course:0000800599-12/node:00129822/kt:0/lname:/"
}
