{
    "date": "2024/04/01",
    "name": "農業高校前(海老名市)",
    "position": "-",
    "system": "長16",
    "destinations": [
        "社家入口",
        "中新田小学校前",
        "みずほ団地前",
        "市役所前(海老名市)",
        "海老名駅東口"
    ],
    "weekday": [
        "6:22",
        "6:41",
        "7:18",
        "7:33",
        "7:53",
        "8:23",
        "8:53",
        "9:15",
        "9:44",
        "10:14",
        "10:44",
        "11:14",
        "11:44",
        "12:14",
        "12:44",
        "13:14",
        "13:44",
        "14:14",
        "14:44",
        "15:14",
        "15:44",
        "16:14",
        "16:44",
        "17:14",
        "17:44",
        "18:14",
        "18:44",
        "19:14",
        "19:44",
        "20:24",
        "21:08"
    ],
    "saturday": [
        "6:28",
        "7:08",
        "7:43",
        "8:13",
        "8:48",
        "9:28",
        "10:08",
        "10:48",
        "11:28",
        "12:08",
        "12:48",
        "13:28",
        "14:08",
        "14:48",
        "15:28",
        "16:08",
        "16:48",
        "17:28",
        "18:08",
        "18:48",
        "19:33",
        "20:35"
    ],
    "holiday": [
        "6:28",
        "7:08",
        "7:43",
        "8:13",
        "8:48",
        "9:28",
        "10:08",
        "10:48",
        "11:28",
        "12:08",
        "12:48",
        "13:28",
        "14:08",
        "14:48",
        "15:28",
        "16:08",
        "16:48",
        "17:28",
        "18:08",
        "18:48",
        "19:33",
        "20:35"
    ],
    "url": "https://www.kanachu.co.jp/dia/diagram/timetable01_js/course:0000800599-29/node:00129839/kt:0/lname:/"
}
