{
    "date": "2024/04/01",
    "name": "社家入口",
    "position": "-",
    "system": "長16",
    "destinations": [
        "中新田小学校前",
        "みずほ団地前",
        "市役所前(海老名市)",
        "海老名駅東口"
    ],
    "weekday": [
        "6:23",
        "6:42",
        "7:20",
        "7:35",
        "7:55",
        "8:25",
        "8:55",
        "9:17",
        "9:46",
        "10:16",
        "10:46",
        "11:16",
        "11:46",
        "12:16",
        "12:46",
        "13:16",
        "13:46",
        "14:16",
        "14:46",
        "15:16",
        "15:46",
        "16:16",
        "16:46",
        "17:16",
        "17:46",
        "18:16",
        "18:46",
        "19:15",
        "19:45",
        "20:25",
        "21:09"
    ],
    "saturday": [
        "6:29",
        "7:09",
        "7:44",
        "8:14",
        "8:49",
        "9:30",
        "10:10",
        "10:50",
        "11:30",
        "12:10",
        "12:50",
        "13:30",
        "14:10",
        "14:50",
        "15:30",
        "16:10",
        "16:50",
        "17:30",
        "18:10",
        "18:50",
        "19:34",
        "20:36"
    ],
    "holiday": [
        "6:29",
        "7:09",
        "7:44",
        "8:14",
        "8:49",
        "9:30",
        "10:10",
        "10:50",
        "11:30",
        "12:10",
        "12:50",
        "13:30",
        "14:10",
        "14:50",
        "15:30",
        "16:10",
        "16:50",
        "17:30",
        "18:10",
        "18:50",
        "19:34",
        "20:36"
    ],
    "url": "https://www.kanachu.co.jp/dia/diagram/timetable01_js/course:0000800599-30/node:00128610/kt:0/lname:/"
}
