{
    "date": "2025/08/30",
    "name": "東戸塚駅東口",
    "position": "-",
    "system": "東23",
    "destinations": [
        "天王山橋",
        "前田ハイツ前",
        "川上小学校前(横浜市戸塚区)",
        "公園前(横浜市戸塚区)",
        "妙法寺(横浜市戸塚区)",
        "中村(横浜市戸塚区)",
        "さかえ橋",
        "学校入口(横浜市泉区)",
        "下岡津",
        "普光寺入口",
        "領家一丁目(横浜市泉区)",
        "領家三丁目(横浜市泉区)",
        "白百合台団地",
        "西が岡三丁目",
        "福祉センター前(横浜市泉区)",
        "西が岡一丁目",
        "親善病院前",
        "弥生台駅"
    ],
    "weekday": [
        "6:00",
        "6:40",
        "7:58",
        "9:11",
        "10:22",
        "11:46",
        "13:00",
        "14:18",
        "15:40",
        "17:06",
        "18:22",
        "19:45"
    ],
    "saturday": [
        "7:46",
        "9:06",
        "10:26",
        "11:46",
        "13:06",
        "14:26",
        "15:46",
        "17:06",
        "18:26"
    ],
    "holiday": [
        "9:06",
        "10:26",
        "11:46",
        "13:06",
        "14:26",
        "15:46",
        "17:06"
    ],
    "url": "https://www.kanachu.co.jp/dia/diagram/timetable01_js/course:0000800938-1/node:00126647/kt:0/lname:/"
}
