{
    "date": "2025/08/30",
    "name": "天王山橋",
    "position": "-",
    "system": "東23",
    "destinations": [
        "前田ハイツ前",
        "川上小学校前(横浜市戸塚区)",
        "公園前(横浜市戸塚区)",
        "妙法寺(横浜市戸塚区)",
        "中村(横浜市戸塚区)",
        "さかえ橋",
        "学校入口(横浜市泉区)",
        "下岡津",
        "普光寺入口",
        "領家一丁目(横浜市泉区)",
        "領家三丁目(横浜市泉区)",
        "白百合台団地",
        "西が岡三丁目",
        "福祉センター前(横浜市泉区)",
        "西が岡一丁目",
        "親善病院前",
        "弥生台駅"
    ],
    "weekday": [
        "6:02",
        "6:42",
        "8:00",
        "9:13",
        "10:24",
        "11:48",
        "13:02",
        "14:20",
        "15:42",
        "17:08",
        "18:24",
        "19:47"
    ],
    "saturday": [
        "7:48",
        "9:08",
        "10:28",
        "11:48",
        "13:08",
        "14:28",
        "15:48",
        "17:08",
        "18:28"
    ],
    "holiday": [
        "9:08",
        "10:28",
        "11:48",
        "13:08",
        "14:28",
        "15:48",
        "17:08"
    ],
    "url": "https://www.kanachu.co.jp/dia/diagram/timetable01_js/course:0000800938-2/node:00126648/kt:0/lname:/"
}
