{
    "date": "2025/08/30",
    "name": "前田ハイツ前",
    "position": "-",
    "system": "東23",
    "destinations": [
        "川上小学校前(横浜市戸塚区)",
        "公園前(横浜市戸塚区)",
        "妙法寺(横浜市戸塚区)",
        "中村(横浜市戸塚区)",
        "さかえ橋",
        "学校入口(横浜市泉区)",
        "下岡津",
        "普光寺入口",
        "領家一丁目(横浜市泉区)",
        "領家三丁目(横浜市泉区)",
        "白百合台団地",
        "西が岡三丁目",
        "福祉センター前(横浜市泉区)",
        "西が岡一丁目",
        "親善病院前",
        "弥生台駅"
    ],
    "weekday": [
        "6:03",
        "6:43",
        "8:01",
        "9:14",
        "10:25",
        "11:49",
        "13:03",
        "14:21",
        "15:43",
        "17:09",
        "18:25",
        "19:48"
    ],
    "saturday": [
        "7:49",
        "9:09",
        "10:29",
        "11:49",
        "13:09",
        "14:29",
        "15:49",
        "17:09",
        "18:29"
    ],
    "holiday": [
        "9:09",
        "10:29",
        "11:49",
        "13:09",
        "14:29",
        "15:49",
        "17:09"
    ],
    "url": "https://www.kanachu.co.jp/dia/diagram/timetable01_js/course:0000800938-3/node:00126649/kt:0/lname:/"
}
