{
    "date": "2025/08/30",
    "name": "妙法寺(横浜市戸塚区)",
    "position": "-",
    "system": "東23",
    "destinations": [
        "中村(横浜市戸塚区)",
        "さかえ橋",
        "学校入口(横浜市泉区)",
        "下岡津",
        "普光寺入口",
        "領家一丁目(横浜市泉区)",
        "領家三丁目(横浜市泉区)",
        "白百合台団地",
        "西が岡三丁目",
        "福祉センター前(横浜市泉区)",
        "西が岡一丁目",
        "親善病院前",
        "弥生台駅"
    ],
    "weekday": [
        "6:06",
        "6:46",
        "8:05",
        "9:18",
        "10:29",
        "11:53",
        "13:07",
        "14:25",
        "15:47",
        "17:13",
        "18:29",
        "19:52"
    ],
    "saturday": [
        "7:52",
        "9:12",
        "10:33",
        "11:53",
        "13:13",
        "14:33",
        "15:53",
        "17:13",
        "18:33"
    ],
    "holiday": [
        "9:12",
        "10:33",
        "11:53",
        "13:13",
        "14:33",
        "15:53",
        "17:13"
    ],
    "url": "https://www.kanachu.co.jp/dia/diagram/timetable01_js/course:0000800938-6/node:00126652/kt:0/lname:/"
}
