{
    "date": "2025/08/30",
    "name": "中村(横浜市戸塚区)",
    "position": "-",
    "system": "東23",
    "destinations": [
        "さかえ橋",
        "学校入口(横浜市泉区)",
        "下岡津",
        "普光寺入口",
        "領家一丁目(横浜市泉区)",
        "領家三丁目(横浜市泉区)",
        "白百合台団地",
        "西が岡三丁目",
        "福祉センター前(横浜市泉区)",
        "西が岡一丁目",
        "親善病院前",
        "弥生台駅"
    ],
    "weekday": [
        "6:07",
        "6:47",
        "8:07",
        "9:19",
        "10:30",
        "11:54",
        "13:08",
        "14:26",
        "15:48",
        "17:15",
        "18:31",
        "19:53"
    ],
    "saturday": [
        "7:53",
        "9:13",
        "10:34",
        "11:54",
        "13:14",
        "14:34",
        "15:54",
        "17:14",
        "18:34"
    ],
    "holiday": [
        "9:13",
        "10:34",
        "11:54",
        "13:14",
        "14:34",
        "15:54",
        "17:14"
    ],
    "url": "https://www.kanachu.co.jp/dia/diagram/timetable01_js/course:0000800938-7/node:00126653/kt:0/lname:/"
}
