{
    "date": "2025/08/30",
    "name": "さかえ橋",
    "position": "-",
    "system": "東23",
    "destinations": [
        "学校入口(横浜市泉区)",
        "下岡津",
        "普光寺入口",
        "領家一丁目(横浜市泉区)",
        "領家三丁目(横浜市泉区)",
        "白百合台団地",
        "西が岡三丁目",
        "福祉センター前(横浜市泉区)",
        "西が岡一丁目",
        "親善病院前",
        "弥生台駅"
    ],
    "weekday": [
        "6:09",
        "6:49",
        "8:09",
        "9:21",
        "10:32",
        "11:56",
        "13:10",
        "14:28",
        "15:50",
        "17:17",
        "18:33",
        "19:55"
    ],
    "saturday": [
        "7:55",
        "9:15",
        "10:36",
        "11:56",
        "13:16",
        "14:36",
        "15:56",
        "17:16",
        "18:36"
    ],
    "holiday": [
        "9:15",
        "10:36",
        "11:56",
        "13:16",
        "14:36",
        "15:56",
        "17:16"
    ],
    "url": "https://www.kanachu.co.jp/dia/diagram/timetable01_js/course:0000800938-8/node:00126654/kt:0/lname:/"
}
