{
    "date": "2025/08/30",
    "name": "学校入口(横浜市泉区)",
    "position": "-",
    "system": "東23",
    "destinations": [
        "下岡津",
        "普光寺入口",
        "領家一丁目(横浜市泉区)",
        "領家三丁目(横浜市泉区)",
        "白百合台団地",
        "西が岡三丁目",
        "福祉センター前(横浜市泉区)",
        "西が岡一丁目",
        "親善病院前",
        "弥生台駅"
    ],
    "weekday": [
        "6:12",
        "6:52",
        "8:12",
        "9:24",
        "10:35",
        "11:59",
        "13:13",
        "14:31",
        "15:53",
        "17:20",
        "18:36",
        "19:58"
    ],
    "saturday": [
        "7:58",
        "9:18",
        "10:39",
        "11:59",
        "13:19",
        "14:39",
        "15:59",
        "17:19",
        "18:39"
    ],
    "holiday": [
        "9:18",
        "10:39",
        "11:59",
        "13:19",
        "14:39",
        "15:59",
        "17:19"
    ],
    "url": "https://www.kanachu.co.jp/dia/diagram/timetable01_js/course:0000800938-9/node:00126660/kt:0/lname:/"
}
