{
    "date": "2025/08/30",
    "name": "白百合台団地",
    "position": "-",
    "system": "東23",
    "destinations": [
        "西が岡三丁目",
        "福祉センター前(横浜市泉区)",
        "西が岡一丁目",
        "親善病院前",
        "弥生台駅"
    ],
    "weekday": [
        "6:18",
        "6:58",
        "8:18",
        "9:30",
        "10:41",
        "12:05",
        "13:19",
        "14:37",
        "15:59",
        "17:26",
        "18:42",
        "20:04"
    ],
    "saturday": [
        "8:04",
        "9:24",
        "10:45",
        "12:05",
        "13:25",
        "14:45",
        "16:05",
        "17:25",
        "18:45"
    ],
    "holiday": [
        "9:24",
        "10:45",
        "12:05",
        "13:25",
        "14:45",
        "16:05",
        "17:25"
    ],
    "url": "https://www.kanachu.co.jp/dia/diagram/timetable01_js/course:0000800938-14/node:00126693/kt:0/lname:/"
}
