{
    "date": "2025/08/30",
    "name": "不動坂(横浜市戸塚区)",
    "position": "-",
    "system": "東02",
    "destinations": [
        "舞岡町入口",
        "舞岡商店街",
        "舞岡中学校前",
        "西根",
        "舞岡"
    ],
    "weekday": [
        "9:10",
        "10:10",
        "11:10",
        "11:40",
        "12:10",
        "12:40",
        "13:10",
        "13:40",
        "14:10",
        "14:40",
        "15:10",
        "15:40",
        "16:10",
        "16:40",
        "17:10",
        "17:40",
        "18:10",
        "18:33",
        "19:03",
        "19:33",
        "20:10",
        "20:40",
        "21:10",
        "21:46",
        "22:10",
        "22:49",
        "23:23"
    ],
    "saturday": [
        "10:10",
        "11:10",
        "11:40",
        "12:10",
        "12:40",
        "13:10",
        "13:40",
        "14:10",
        "14:40",
        "15:10",
        "15:40",
        "16:10",
        "16:40",
        "17:10",
        "17:40",
        "18:10",
        "18:40",
        "19:10",
        "19:46",
        "20:10",
        "20:46",
        "21:10",
        "21:52",
        "22:26"
    ],
    "holiday": [
        "10:10",
        "11:10",
        "11:40",
        "12:10",
        "12:40",
        "13:10",
        "13:40",
        "14:10",
        "14:40",
        "15:10",
        "15:40",
        "16:10",
        "16:40",
        "17:10",
        "17:40",
        "18:10",
        "18:40",
        "19:10",
        "19:46",
        "20:10",
        "20:46",
        "21:10",
        "21:52",
        "22:26"
    ],
    "url": "https://www.kanachu.co.jp/dia/diagram/timetable01_js/course:0000801775-11/node:00126613/kt:0/lname:/"
}
