{
    "date": "2018/03/17",
    "name": "辻堂駅北口",
    "position": "-",
    "system": "辻09",
    "destinations": [
        "辻堂駅西口",
        "東小和田",
        "小和田小学校",
        "幼稚園前(茅ケ崎市)",
        "菱沼団地入口",
        "菱沼二丁目",
        "松林",
        "松林二丁目",
        "室田一丁目",
        "室田小学校入口",
        "室田",
        "高田三丁目",
        "ニュータウン中央(茅ケ崎市)",
        "ニュータウン入口(茅ケ崎市)",
        "市立病院(茅ケ崎市)",
        "本村五丁目",
        "本村(茅ケ崎市)",
        "茅ヶ崎駅"
    ],
    "weekday": [
        "6:32",
        "7:02",
        "7:33",
        "8:10",
        "8:49",
        "10:20",
        "13:44",
        "17:43",
        "18:50",
        "19:30",
        "20:55"
    ],
    "saturday": [
        "7:35"
    ],
    "holiday": [
        "7:35"
    ],
    "url": "https://www.kanachu.co.jp/dia/diagram/timetable01_js/course:0000802653-6/node:00129934/kt:0/lname:/"
}
