{
    "date": "2018/03/17",
    "name": "幼稚園前(茅ケ崎市)",
    "position": "-",
    "system": "辻09",
    "destinations": [
        "菱沼団地入口",
        "菱沼二丁目",
        "松林",
        "松林二丁目",
        "室田一丁目",
        "室田小学校入口",
        "室田",
        "高田三丁目",
        "ニュータウン中央(茅ケ崎市)",
        "ニュータウン入口(茅ケ崎市)",
        "市立病院(茅ケ崎市)",
        "本村五丁目",
        "本村(茅ケ崎市)",
        "茅ヶ崎駅"
    ],
    "weekday": [
        "6:37",
        "7:08",
        "7:39",
        "8:16",
        "8:55",
        "10:26",
        "13:50",
        "17:50",
        "18:57",
        "19:35",
        "21:00"
    ],
    "saturday": [
        "7:40"
    ],
    "holiday": [
        "7:40"
    ],
    "url": "https://www.kanachu.co.jp/dia/diagram/timetable01_js/course:0000802653-10/node:00127285/kt:0/lname:/"
}
