{
    "date": "2018/03/17",
    "name": "室田一丁目",
    "position": "-",
    "system": "辻09",
    "destinations": [
        "室田小学校入口",
        "室田",
        "高田三丁目",
        "ニュータウン中央(茅ケ崎市)",
        "ニュータウン入口(茅ケ崎市)",
        "市立病院(茅ケ崎市)",
        "本村五丁目",
        "本村(茅ケ崎市)",
        "茅ヶ崎駅"
    ],
    "weekday": [
        "6:42",
        "7:13",
        "7:44",
        "8:21",
        "9:00",
        "10:31",
        "13:55",
        "17:56",
        "19:03",
        "19:40",
        "21:05"
    ],
    "saturday": [
        "7:45"
    ],
    "holiday": [
        "7:45"
    ],
    "url": "https://www.kanachu.co.jp/dia/diagram/timetable01_js/course:0000802653-15/node:00127264/kt:0/lname:/"
}
