{
    "date": "2024/07/01",
    "name": "戸塚バスセンター",
    "position": "-",
    "system": "戸71",
    "destinations": [
        "消防署前(横浜市戸塚区)",
        "八坂神社前",
        "東電前(横浜市戸塚区)",
        "皇谷台団地",
        "法務局前(横浜市戸塚区)",
        "長久保(横浜市戸塚区)",
        "下郷(横浜市戸塚区)",
        "日ノ出橋(横浜市戸塚区)",
        "金井(横浜市栄区)",
        "辻前",
        "金井高校前",
        "住友電工前",
        "山王(横浜市栄区)",
        "洞窟前",
        "田谷(横浜市栄区)",
        "小蓋山",
        "宮ノ前(横浜市栄区)",
        "長尾台(横浜市栄区)",
        "坂本(鎌倉市)",
        "大船駅西口"
    ],
    "weekday": [
        "5:56",
        "6:09",
        "6:20",
        "6:38",
        "6:59",
        "7:13",
        "7:27",
        "7:41",
        "8:02",
        "8:20",
        "8:40"
    ],
    "saturday": [
        "6:00",
        "6:30",
        "7:00",
        "7:20",
        "7:40",
        "8:00",
        "8:30"
    ],
    "holiday": [
        "6:00",
        "6:30",
        "7:00",
        "7:32",
        "8:00",
        "8:30"
    ],
    "url": "https://www.kanachu.co.jp/dia/diagram/timetable01_js/course:0000803560-1/node:00126775/kt:0/lname:/"
}
