{
    "date": "2024/07/01",
    "name": "東電前(横浜市戸塚区)",
    "position": "-",
    "system": "戸71",
    "destinations": [
        "皇谷台団地",
        "法務局前(横浜市戸塚区)",
        "長久保(横浜市戸塚区)",
        "下郷(横浜市戸塚区)",
        "日ノ出橋(横浜市戸塚区)",
        "金井(横浜市栄区)",
        "辻前",
        "金井高校前",
        "住友電工前",
        "山王(横浜市栄区)",
        "洞窟前",
        "田谷(横浜市栄区)",
        "小蓋山",
        "宮ノ前(横浜市栄区)",
        "長尾台(横浜市栄区)",
        "坂本(鎌倉市)",
        "大船駅西口"
    ],
    "weekday": [
        "6:00",
        "6:13",
        "6:24",
        "6:42",
        "7:03",
        "7:17",
        "7:31",
        "7:45",
        "8:06",
        "8:24",
        "8:44"
    ],
    "saturday": [
        "6:04",
        "6:34",
        "7:04",
        "7:24",
        "7:44",
        "8:04",
        "8:34"
    ],
    "holiday": [
        "6:04",
        "6:34",
        "7:04",
        "7:36",
        "8:04",
        "8:34"
    ],
    "url": "https://www.kanachu.co.jp/dia/diagram/timetable01_js/course:0000803560-4/node:00126838/kt:0/lname:/"
}
