{
    "date": "2024/07/01",
    "name": "法務局前(横浜市戸塚区)",
    "position": "-",
    "system": "戸71",
    "destinations": [
        "長久保(横浜市戸塚区)",
        "下郷(横浜市戸塚区)",
        "日ノ出橋(横浜市戸塚区)",
        "金井(横浜市栄区)",
        "辻前",
        "金井高校前",
        "住友電工前",
        "山王(横浜市栄区)",
        "洞窟前",
        "田谷(横浜市栄区)",
        "小蓋山",
        "宮ノ前(横浜市栄区)",
        "長尾台(横浜市栄区)",
        "坂本(鎌倉市)",
        "大船駅西口"
    ],
    "weekday": [
        "6:02",
        "6:15",
        "6:26",
        "6:44",
        "7:05",
        "7:19",
        "7:33",
        "7:47",
        "8:08",
        "8:26",
        "8:46"
    ],
    "saturday": [
        "6:06",
        "6:36",
        "7:06",
        "7:26",
        "7:46",
        "8:06",
        "8:36"
    ],
    "holiday": [
        "6:06",
        "6:36",
        "7:06",
        "7:38",
        "8:06",
        "8:36"
    ],
    "url": "https://www.kanachu.co.jp/dia/diagram/timetable01_js/course:0000803560-6/node:00126840/kt:0/lname:/"
}
