{
    "date": "2024/07/01",
    "name": "日ノ出橋(横浜市戸塚区)",
    "position": "-",
    "system": "戸71",
    "destinations": [
        "金井(横浜市栄区)",
        "辻前",
        "金井高校前",
        "住友電工前",
        "山王(横浜市栄区)",
        "洞窟前",
        "田谷(横浜市栄区)",
        "小蓋山",
        "宮ノ前(横浜市栄区)",
        "長尾台(横浜市栄区)",
        "坂本(鎌倉市)",
        "大船駅西口"
    ],
    "weekday": [
        "6:05",
        "6:18",
        "6:29",
        "6:47",
        "7:08",
        "7:22",
        "7:36",
        "7:50",
        "8:11",
        "8:29",
        "8:49"
    ],
    "saturday": [
        "6:09",
        "6:39",
        "7:09",
        "7:29",
        "7:49",
        "8:09",
        "8:39"
    ],
    "holiday": [
        "6:09",
        "6:39",
        "7:09",
        "7:41",
        "8:09",
        "8:39"
    ],
    "url": "https://www.kanachu.co.jp/dia/diagram/timetable01_js/course:0000803560-9/node:00126843/kt:0/lname:/"
}
