{
    "date": "2024/07/01",
    "name": "辻前",
    "position": "-",
    "system": "戸71",
    "destinations": [
        "金井高校前",
        "住友電工前",
        "山王(横浜市栄区)",
        "洞窟前",
        "田谷(横浜市栄区)",
        "小蓋山",
        "宮ノ前(横浜市栄区)",
        "長尾台(横浜市栄区)",
        "坂本(鎌倉市)",
        "大船駅西口"
    ],
    "weekday": [
        "6:07",
        "6:20",
        "6:31",
        "6:49",
        "7:10",
        "7:24",
        "7:38",
        "7:52",
        "8:13",
        "8:31",
        "8:51"
    ],
    "saturday": [
        "6:11",
        "6:41",
        "7:11",
        "7:31",
        "7:51",
        "8:11",
        "8:41"
    ],
    "holiday": [
        "6:11",
        "6:41",
        "7:11",
        "7:43",
        "8:11",
        "8:41"
    ],
    "url": "https://www.kanachu.co.jp/dia/diagram/timetable01_js/course:0000803560-11/node:00126845/kt:0/lname:/"
}
