{
    "date": "2024/07/01",
    "name": "田谷(横浜市栄区)",
    "position": "-",
    "system": "戸71",
    "destinations": [
        "小蓋山",
        "宮ノ前(横浜市栄区)",
        "長尾台(横浜市栄区)",
        "坂本(鎌倉市)",
        "大船駅西口"
    ],
    "weekday": [
        "6:13",
        "6:26",
        "6:37",
        "6:55",
        "7:16",
        "7:30",
        "7:44",
        "7:58",
        "8:19",
        "8:37",
        "8:57"
    ],
    "saturday": [
        "6:17",
        "6:47",
        "7:17",
        "7:37",
        "7:57",
        "8:17",
        "8:47"
    ],
    "holiday": [
        "6:17",
        "6:47",
        "7:17",
        "7:49",
        "8:17",
        "8:47"
    ],
    "url": "https://www.kanachu.co.jp/dia/diagram/timetable01_js/course:0000803560-16/node:00126850/kt:0/lname:/"
}
