{
    "date": "2024/07/01",
    "name": "小蓋山",
    "position": "-",
    "system": "戸71",
    "destinations": [
        "宮ノ前(横浜市栄区)",
        "長尾台(横浜市栄区)",
        "坂本(鎌倉市)",
        "大船駅西口"
    ],
    "weekday": [
        "6:14",
        "6:27",
        "6:38",
        "6:56",
        "7:17",
        "7:31",
        "7:45",
        "7:59",
        "8:20",
        "8:38",
        "8:58"
    ],
    "saturday": [
        "6:18",
        "6:48",
        "7:18",
        "7:38",
        "7:58",
        "8:18",
        "8:48"
    ],
    "holiday": [
        "6:18",
        "6:48",
        "7:18",
        "7:50",
        "8:18",
        "8:48"
    ],
    "url": "https://www.kanachu.co.jp/dia/diagram/timetable01_js/course:0000803560-17/node:00126851/kt:0/lname:/"
}
