{
    "date": "2024/07/01",
    "name": "坂本(鎌倉市)",
    "position": "-",
    "system": "戸71",
    "destinations": [
        "大船駅西口"
    ],
    "weekday": [
        "6:17",
        "6:30",
        "6:41",
        "6:59",
        "7:20",
        "7:34",
        "7:48",
        "8:02",
        "8:23",
        "8:41",
        "9:01"
    ],
    "saturday": [
        "6:21",
        "6:51",
        "7:21",
        "7:41",
        "8:01",
        "8:21",
        "8:51"
    ],
    "holiday": [
        "6:21",
        "6:51",
        "7:21",
        "7:53",
        "8:21",
        "8:51"
    ],
    "url": "https://www.kanachu.co.jp/dia/diagram/timetable01_js/course:0000803560-20/node:00126854/kt:0/lname:/"
}
