{
    "system": "戸71",
    "busstops": [
        {
            "index": "1",
            "id": "00126775",
            "name": "戸塚バスセンター",
            "lat": "35.400278",
            "lng": "139.532222"
        },
        {
            "index": "2",
            "id": "00126809",
            "name": "消防署前(横浜市戸塚区)",
            "lat": "35.398563",
            "lng": "139.531015"
        },
        {
            "index": "3",
            "id": "00126810",
            "name": "八坂神社前",
            "lat": "35.394401",
            "lng": "139.529834"
        },
        {
            "index": "4",
            "id": "00126838",
            "name": "東電前(横浜市戸塚区)",
            "lat": "35.391916",
            "lng": "139.527632"
        },
        {
            "index": "5",
            "id": "00126839",
            "name": "皇谷台団地",
            "lat": "35.390104",
            "lng": "139.527634"
        },
        {
            "index": "6",
            "id": "00126840",
            "name": "法務局前(横浜市戸塚区)",
            "lat": "35.388416",
            "lng": "139.527587"
        },
        {
            "index": "7",
            "id": "00126841",
            "name": "長久保(横浜市戸塚区)",
            "lat": "35.386301",
            "lng": "139.526874"
        },
        {
            "index": "8",
            "id": "00126842",
            "name": "下郷(横浜市戸塚区)",
            "lat": "35.384313",
            "lng": "139.524805"
        },
        {
            "index": "9",
            "id": "00126843",
            "name": "日ノ出橋(横浜市戸塚区)",
            "lat": "35.380402",
            "lng": "139.525265"
        },
        {
            "index": "10",
            "id": "00126844",
            "name": "金井(横浜市栄区)",
            "lat": "35.378167",
            "lng": "139.525739"
        },
        {
            "index": "11",
            "id": "00126845",
            "name": "辻前",
            "lat": "35.376234",
            "lng": "139.525115"
        },
        {
            "index": "12",
            "id": "00126846",
            "name": "金井高校前",
            "lat": "35.374538",
            "lng": "139.524352"
        },
        {
            "index": "13",
            "id": "00126847",
            "name": "住友電工前",
            "lat": "35.372318",
            "lng": "139.523099"
        },
        {
            "index": "14",
            "id": "00126848",
            "name": "山王(横浜市栄区)",
            "lat": "35.370393",
            "lng": "139.521954"
        },
        {
            "index": "15",
            "id": "00126849",
            "name": "洞窟前",
            "lat": "35.367528",
            "lng": "139.522713"
        },
        {
            "index": "16",
            "id": "00126850",
            "name": "田谷(横浜市栄区)",
            "lat": "35.364615",
            "lng": "139.522155"
        },
        {
            "index": "17",
            "id": "00126851",
            "name": "小蓋山",
            "lat": "35.363886",
            "lng": "139.525719"
        },
        {
            "index": "18",
            "id": "00126852",
            "name": "宮ノ前(横浜市栄区)",
            "lat": "35.362286",
            "lng": "139.528654"
        },
        {
            "index": "19",
            "id": "00126853",
            "name": "長尾台(横浜市栄区)",
            "lat": "35.360104",
            "lng": "139.528719"
        },
        {
            "index": "20",
            "id": "00126854",
            "name": "坂本(鎌倉市)",
            "lat": "35.35606",
            "lng": "139.530106"
        },
        {
            "index": "21",
            "id": "00126855",
            "name": "大船駅西口",
            "lat": "35.352543",
            "lng": "139.530136"
        }
    ],
    "route_url": "https://www.kanachu.co.jp/dia/route/index/cid:0000803560/"
}
