{
    "date": "2025/04/19",
    "name": "南中前(相模原市南区)",
    "position": "-",
    "system": "大68",
    "destinations": [
        "小沼(相模原市南区)",
        "団地入口(相模原市南区)",
        "東通り(相模原市南区)",
        "大沼小学校前",
        "大沼",
        "オルガノ前",
        "大野台入口",
        "麻溝台入口",
        "麻溝台高校",
        "北里大学病院・北里大学",
        "友愛病院前",
        "麻溝車庫"
    ],
    "weekday": [
        "22:26",
        "23:04"
    ],
    "saturday": [
        "22:04",
        "22:29",
        "22:54"
    ],
    "holiday": [
        "21:34",
        "22:04",
        "22:29"
    ],
    "url": "https://www.kanachu.co.jp/dia/diagram/timetable01_js/course:0000803530-3/node:00129205/kt:0/lname:/"
}
