{
    "date": "2025/04/19",
    "name": "大沼",
    "position": "-",
    "system": "大68",
    "destinations": [
        "オルガノ前",
        "大野台入口",
        "麻溝台入口",
        "麻溝台高校",
        "北里大学病院・北里大学",
        "友愛病院前",
        "麻溝車庫"
    ],
    "weekday": [
        "22:31",
        "23:09"
    ],
    "saturday": [
        "22:09",
        "22:34",
        "22:59"
    ],
    "holiday": [
        "21:39",
        "22:09",
        "22:34"
    ],
    "url": "https://www.kanachu.co.jp/dia/diagram/timetable01_js/course:0000803530-8/node:00129089/kt:0/lname:/"
}
