{
    "date": "2021/04/01",
    "name": "八日町四丁目",
    "position": "-",
    "system": "八07",
    "destinations": [
        "織物組合前",
        "本郷横丁",
        "追分(八王子市)",
        "千人町一丁目",
        "西八王子駅入口",
        "中央図書館前(八王子市)",
        "桑志高校",
        "並木町(八王子市)",
        "横山事務所",
        "浅川新地",
        "高尾警察署前",
        "御陵前(八王子市)",
        "浅川原",
        "熊野神社前(八王子市)",
        "高尾駅入口",
        "川原宿(八王子市)",
        "小名路",
        "落合(八王子市)",
        "高尾山口駅",
        "込縄橋",
        "梅の木平",
        "山下(八王子市)",
        "大平(八王子市)",
        "大垂水",
        "宮ノ台(相模原市緑区)",
        "神明台(相模原市緑区)",
        "岡本(相模原市緑区)",
        "千木良",
        "底沢",
        "小原(相模原市緑区)",
        "平野(相模原市緑区)",
        "北相中学校前",
        "桂北小学校前",
        "相模湖駅"
    ],
    "weekday": [
        "10:01",
        "13:04"
    ],
    "saturday": [
        "10:01",
        "13:04",
        "17:29"
    ],
    "holiday": [
        "10:01",
        "13:04",
        "17:29"
    ],
    "url": "https://www.kanachu.co.jp/dia/diagram/timetable01_js/course:0000800353-5/node:00021149/kt:0/lname:/"
}
