{
    "date": "2021/04/01",
    "name": "並木町(八王子市)",
    "position": "-",
    "system": "八07",
    "destinations": [
        "横山事務所",
        "浅川新地",
        "高尾警察署前",
        "御陵前(八王子市)",
        "浅川原",
        "熊野神社前(八王子市)",
        "高尾駅入口",
        "川原宿(八王子市)",
        "小名路",
        "落合(八王子市)",
        "高尾山口駅",
        "込縄橋",
        "梅の木平",
        "山下(八王子市)",
        "大平(八王子市)",
        "大垂水",
        "宮ノ台(相模原市緑区)",
        "神明台(相模原市緑区)",
        "岡本(相模原市緑区)",
        "千木良",
        "底沢",
        "小原(相模原市緑区)",
        "平野(相模原市緑区)",
        "北相中学校前",
        "桂北小学校前",
        "相模湖駅"
    ],
    "weekday": [
        "10:10",
        "13:13"
    ],
    "saturday": [
        "10:10",
        "13:13",
        "17:38"
    ],
    "holiday": [
        "10:10",
        "13:13",
        "17:38"
    ],
    "url": "https://www.kanachu.co.jp/dia/diagram/timetable01_js/course:0000800353-13/node:00021259/kt:0/lname:/"
}
