{
    "date": "2021/04/01",
    "name": "川原宿(八王子市)",
    "position": "-",
    "system": "八07",
    "destinations": [
        "小名路",
        "落合(八王子市)",
        "高尾山口駅",
        "込縄橋",
        "梅の木平",
        "山下(八王子市)",
        "大平(八王子市)",
        "大垂水",
        "宮ノ台(相模原市緑区)",
        "神明台(相模原市緑区)",
        "岡本(相模原市緑区)",
        "千木良",
        "底沢",
        "小原(相模原市緑区)",
        "平野(相模原市緑区)",
        "北相中学校前",
        "桂北小学校前",
        "相模湖駅"
    ],
    "weekday": [
        "10:18",
        "13:21"
    ],
    "saturday": [
        "10:18",
        "13:21",
        "17:46"
    ],
    "holiday": [
        "10:18",
        "13:21",
        "17:46"
    ],
    "url": "https://www.kanachu.co.jp/dia/diagram/timetable01_js/course:0000800353-21/node:00128939/kt:0/lname:/"
}
