{
    "date": "2021/04/01",
    "name": "神明台(相模原市緑区)",
    "position": "-",
    "system": "八07",
    "destinations": [
        "岡本(相模原市緑区)",
        "千木良",
        "底沢",
        "小原(相模原市緑区)",
        "平野(相模原市緑区)",
        "北相中学校前",
        "桂北小学校前",
        "相模湖駅"
    ],
    "weekday": [
        "10:41",
        "13:44"
    ],
    "saturday": [
        "10:41",
        "13:44",
        "18:09"
    ],
    "holiday": [
        "10:41",
        "13:44",
        "18:09"
    ],
    "url": "https://www.kanachu.co.jp/dia/diagram/timetable01_js/course:0000800353-31/node:00128931/kt:0/lname:/"
}
