{
    "date": "2025/11/16",
    "name": "郵便局前(横浜市緑区)",
    "position": "-",
    "system": "",
    "destinations": [
        "霧が丘センター前",
        "霧が丘高校前",
        "若葉台車庫前",
        "若葉台中央(横浜市旭区)"
    ],
    "weekday": [
        "8:47"
    ],
    "saturday": [
        "8:04"
    ],
    "holiday": [],
    "url": "https://www.kanachu.co.jp/dia/diagram/timetable01_js/course:0000802204-6/node:00019300/kt:0/lname:/"
}
