{
    "date": "2026/01/16",
    "name": "若葉台南",
    "position": "-",
    "system": "115",
    "destinations": [
        "大貫橋",
        "上川井町",
        "長源寺前(横浜市旭区)",
        "宮の下(横浜市旭区)",
        "福泉寺前(横浜市旭区)",
        "川井宿",
        "下宿(横浜市旭区)",
        "都岡町",
        "農協前(横浜市旭区)",
        "筑池",
        "今宿(横浜市旭区)",
        "今宿小学校入口",
        "鶴ヶ峰中学校前",
        "薬王寺入口",
        "鶴ヶ峰本町",
        "鶴ヶ峰駅"
    ],
    "weekday": [
        "6:13",
        "6:32",
        "6:52",
        "7:02",
        "7:08",
        "7:14",
        "7:39",
        "7:50",
        "8:03",
        "8:59",
        "9:10",
        "9:50",
        "10:56",
        "11:14",
        "11:56",
        "12:56",
        "13:18",
        "13:56",
        "14:56",
        "15:18",
        "15:56",
        "16:55",
        "17:18",
        "17:55",
        "18:55",
        "19:18",
        "19:54",
        "21:29"
    ],
    "saturday": [
        "5:55",
        "6:32",
        "7:30",
        "8:38",
        "8:54",
        "10:07",
        "10:46",
        "11:09",
        "12:07",
        "12:46",
        "13:07",
        "14:07",
        "14:46",
        "15:07",
        "16:07",
        "16:46",
        "17:07",
        "18:07",
        "18:46",
        "19:07",
        "20:34",
        "21:04",
        "22:29"
    ],
    "holiday": [
        "6:32",
        "7:33",
        "8:36",
        "9:00",
        "10:07",
        "10:46",
        "11:07",
        "12:09",
        "12:46",
        "13:07",
        "14:07",
        "14:46",
        "15:07",
        "16:07",
        "16:46",
        "17:07",
        "18:07",
        "18:46",
        "19:07",
        "20:30",
        "20:59",
        "22:29"
    ],
    "url": "https://www.kanachu.co.jp/dia/diagram/timetable01_js/course:0000804080-6/node:00103262/kt:0/lname:/"
}
