{
    "date": "2026/01/16",
    "name": "農協前(横浜市旭区)",
    "position": "-",
    "system": "115",
    "destinations": [
        "筑池",
        "今宿(横浜市旭区)",
        "今宿小学校入口",
        "鶴ヶ峰中学校前",
        "薬王寺入口",
        "鶴ヶ峰本町",
        "鶴ヶ峰駅"
    ],
    "weekday": [
        "6:22",
        "6:41",
        "7:01",
        "7:11",
        "7:17",
        "7:23",
        "7:48",
        "7:59",
        "8:12",
        "9:08",
        "9:19",
        "9:59",
        "11:05",
        "11:23",
        "12:05",
        "13:05",
        "13:27",
        "14:05",
        "15:05",
        "15:27",
        "16:05",
        "17:04",
        "17:27",
        "18:04",
        "19:04",
        "19:27",
        "20:03",
        "21:38"
    ],
    "saturday": [
        "6:04",
        "6:41",
        "7:39",
        "8:47",
        "9:03",
        "10:16",
        "10:55",
        "11:18",
        "12:16",
        "12:55",
        "13:16",
        "14:16",
        "14:55",
        "15:16",
        "16:16",
        "16:55",
        "17:16",
        "18:16",
        "18:55",
        "19:16",
        "20:43",
        "21:13",
        "22:38"
    ],
    "holiday": [
        "6:41",
        "7:42",
        "8:45",
        "9:09",
        "10:16",
        "10:55",
        "11:16",
        "12:18",
        "12:55",
        "13:16",
        "14:16",
        "14:55",
        "15:16",
        "16:16",
        "16:55",
        "17:16",
        "18:16",
        "18:55",
        "19:16",
        "20:39",
        "21:08",
        "22:38"
    ],
    "url": "https://www.kanachu.co.jp/dia/diagram/timetable01_js/course:0000804080-15/node:00129714/kt:0/lname:/"
}
