{
    "system": "115",
    "busstops": [
        {
            "index": "1",
            "id": "00019296",
            "name": "若葉台中央(横浜市旭区)",
            "lat": "35.506423",
            "lng": "139.498577"
        },
        {
            "index": "2",
            "id": "00019297",
            "name": "若葉台車庫前",
            "lat": "35.509018",
            "lng": "139.500271"
        },
        {
            "index": "3",
            "id": "00019298",
            "name": "霧が丘高校前",
            "lat": "35.5085",
            "lng": "139.503095"
        },
        {
            "index": "4",
            "id": "00103267",
            "name": "若葉台中学校前",
            "lat": "35.506437",
            "lng": "139.503254"
        },
        {
            "index": "5",
            "id": "00103263",
            "name": "若葉台近隣公園前",
            "lat": "35.502826",
            "lng": "139.50417"
        },
        {
            "index": "6",
            "id": "00103262",
            "name": "若葉台南",
            "lat": "35.500043",
            "lng": "139.500083"
        },
        {
            "index": "7",
            "id": "00129706",
            "name": "大貫橋",
            "lat": "35.497869",
            "lng": "139.500513"
        },
        {
            "index": "8",
            "id": "00129707",
            "name": "上川井町",
            "lat": "35.496986",
            "lng": "139.502229"
        },
        {
            "index": "9",
            "id": "00129708",
            "name": "長源寺前(横浜市旭区)",
            "lat": "35.495847",
            "lng": "139.504858"
        },
        {
            "index": "10",
            "id": "00129709",
            "name": "宮の下(横浜市旭区)",
            "lat": "35.493852",
            "lng": "139.508916"
        },
        {
            "index": "11",
            "id": "00129710",
            "name": "福泉寺前(横浜市旭区)",
            "lat": "35.491956",
            "lng": "139.512743"
        },
        {
            "index": "12",
            "id": "00129711",
            "name": "川井宿",
            "lat": "35.489745",
            "lng": "139.517213"
        },
        {
            "index": "13",
            "id": "00129712",
            "name": "下宿(横浜市旭区)",
            "lat": "35.48784",
            "lng": "139.519878"
        },
        {
            "index": "14",
            "id": "00129713",
            "name": "都岡町",
            "lat": "35.486231",
            "lng": "139.522131"
        },
        {
            "index": "15",
            "id": "00129714",
            "name": "農協前(横浜市旭区)",
            "lat": "35.485169",
            "lng": "139.523587"
        },
        {
            "index": "16",
            "id": "00129715",
            "name": "筑池",
            "lat": "35.483955",
            "lng": "139.525596"
        },
        {
            "index": "17",
            "id": "00129716",
            "name": "今宿(横浜市旭区)",
            "lat": "35.482653",
            "lng": "139.530687"
        },
        {
            "index": "18",
            "id": "00129717",
            "name": "今宿小学校入口",
            "lat": "35.481217",
            "lng": "139.533712"
        },
        {
            "index": "19",
            "id": "00129718",
            "name": "鶴ヶ峰中学校前",
            "lat": "35.479661",
            "lng": "139.536741"
        },
        {
            "index": "20",
            "id": "00129719",
            "name": "薬王寺入口",
            "lat": "35.478306",
            "lng": "139.541599"
        },
        {
            "index": "21",
            "id": "00129720",
            "name": "鶴ヶ峰本町",
            "lat": "35.476708",
            "lng": "139.544383"
        },
        {
            "index": "22",
            "id": "00102756",
            "name": "鶴ヶ峰駅",
            "lat": "35.476228",
            "lng": "139.547972"
        }
    ],
    "route_url": "https://www.kanachu.co.jp/dia/route/index/cid:0000804080/"
}
