{
    "date": "2025/04/19",
    "name": "東通り(相模原市南区)",
    "position": "-",
    "system": "相25",
    "destinations": [
        "大沼小学校前",
        "大沼",
        "オルガノ前",
        "大野台入口",
        "麻溝台入口",
        "麻溝台高校",
        "北里大学病院・北里大学",
        "友愛病院前",
        "麻溝車庫",
        "相模原浄水場",
        "陽光台六丁目",
        "緑が丘一丁目(相模原市中央区)",
        "光が丘三丁目(相模原市中央区)",
        "光が丘大通り",
        "光が丘小学校前",
        "光が丘一丁目(相模原市中央区)",
        "千代田五丁目",
        "千代田十字路",
        "千代田一丁目",
        "職業安定所前(相模原市中央区)",
        "ウェルネスさがみはら前",
        "市役所前(相模原市中央区)",
        "グリーンプラザ(相模原市中央区)",
        "西門前(相模原市中央区)",
        "相模原五丁目",
        "相模原駅南口"
    ],
    "weekday": [
        "6:11",
        "6:21",
        "6:31",
        "6:41",
        "6:52",
        "7:02",
        "7:12",
        "7:22",
        "7:37",
        "7:52",
        "8:04",
        "8:12",
        "8:27",
        "8:58",
        "9:43"
    ],
    "saturday": [
        "6:25",
        "7:06",
        "7:46",
        "8:21",
        "9:06"
    ],
    "holiday": [
        "6:26",
        "6:51",
        "7:11",
        "7:28",
        "8:08",
        "9:08",
        "9:48"
    ],
    "url": "https://www.kanachu.co.jp/dia/diagram/timetable01_js/course:0000803498-5/node:00129237/kt:0/lname:/"
}
