{
    "date": "2025/04/19",
    "name": "光が丘一丁目(相模原市中央区)",
    "position": "-",
    "system": "相25",
    "destinations": [
        "千代田五丁目",
        "千代田十字路",
        "千代田一丁目",
        "職業安定所前(相模原市中央区)",
        "ウェルネスさがみはら前",
        "市役所前(相模原市中央区)",
        "グリーンプラザ(相模原市中央区)",
        "西門前(相模原市中央区)",
        "相模原五丁目",
        "相模原駅南口"
    ],
    "weekday": [
        "6:35",
        "6:45",
        "6:55",
        "7:06",
        "7:17",
        "7:32",
        "7:42",
        "7:52",
        "8:07",
        "8:22",
        "8:34",
        "8:42",
        "8:57",
        "9:27",
        "10:12"
    ],
    "saturday": [
        "6:47",
        "7:32",
        "8:12",
        "8:47",
        "9:32"
    ],
    "holiday": [
        "6:49",
        "7:14",
        "7:34",
        "7:51",
        "8:31",
        "9:31",
        "10:12"
    ],
    "url": "https://www.kanachu.co.jp/dia/diagram/timetable01_js/course:0000803498-21/node:00129232/kt:0/lname:/"
}
