{
    "date": "2025/04/19",
    "name": "相模原五丁目",
    "position": "-",
    "system": "相25",
    "destinations": [
        "相模原駅南口"
    ],
    "weekday": [
        "6:47",
        "6:57",
        "7:08",
        "7:21",
        "7:32",
        "7:47",
        "7:57",
        "8:07",
        "8:22",
        "8:37",
        "8:49",
        "8:57",
        "9:12",
        "9:42",
        "10:26"
    ],
    "saturday": [
        "6:58",
        "7:45",
        "8:25",
        "9:00",
        "9:45"
    ],
    "holiday": [
        "7:00",
        "7:26",
        "7:46",
        "8:03",
        "8:43",
        "9:43",
        "10:25"
    ],
    "url": "https://www.kanachu.co.jp/dia/diagram/timetable01_js/course:0000803498-30/node:00128540/kt:0/lname:/"
}
