{
    "date": "2023/02/18",
    "name": "秋山(伊勢原市)",
    "position": "-",
    "system": "伊22",
    "destinations": [
        "和田内",
        "温泉入口(伊勢原市)",
        "高部屋小学校前",
        "洗水",
        "諏訪坂下",
        "藤野入口",
        "高橋(伊勢原市)",
        "坊中(伊勢原市)",
        "日向薬師"
    ],
    "weekday": [
        "8:01",
        "12:01",
        "16:26"
    ],
    "saturday": [],
    "holiday": [],
    "url": "https://www.kanachu.co.jp/dia/diagram/timetable01_js/course:0000800970-11/node:00128186/kt:0/lname:/"
}
