{
    "date": "2024/09/02",
    "name": "長後駅",
    "position": "-",
    "system": "い08",
    "destinations": [
        "住宅前(藤沢市高倉)",
        "藤沢湘南台病院前",
        "上高倉",
        "飯田農協前",
        "団地入口(横浜市泉区)",
        "児童公園前(横浜市泉区)",
        "小学校前(横浜市泉区)",
        "上飯田団地",
        "小学校前(横浜市泉区)",
        "児童公園前(横浜市泉区)",
        "団地入口(横浜市泉区)",
        "飯田神社前",
        "台村",
        "いちょう団地",
        "保育所前(大和市)",
        "渋谷中学校",
        "集会所前(横浜市泉区)",
        "中屋敷(横浜市泉区)",
        "五軒庭",
        "上飯田(横浜市泉区)",
        "早稲田(横浜市泉区)",
        "三家(横浜市泉区)",
        "松陽高校前",
        "グリーンハイム前",
        "いずみ野駅"
    ],
    "weekday": [
        "8:34",
        "10:04",
        "11:34",
        "13:04",
        "14:34",
        "16:04",
        "17:34"
    ],
    "saturday": [
        "9:05",
        "10:35",
        "12:05",
        "13:35",
        "15:07",
        "16:35"
    ],
    "holiday": [
        "9:05",
        "10:35",
        "12:05",
        "13:35",
        "15:05",
        "16:35"
    ],
    "url": "https://www.kanachu.co.jp/dia/diagram/timetable01_js/course:0000801092-1/node:00126792/kt:0/lname:/"
}
