{
    "date": "2024/09/02",
    "name": "飯田農協前",
    "position": "-",
    "system": "い08",
    "destinations": [
        "団地入口(横浜市泉区)",
        "児童公園前(横浜市泉区)",
        "小学校前(横浜市泉区)",
        "上飯田団地",
        "小学校前(横浜市泉区)",
        "児童公園前(横浜市泉区)",
        "団地入口(横浜市泉区)",
        "飯田神社前",
        "台村",
        "いちょう団地",
        "保育所前(大和市)",
        "渋谷中学校",
        "集会所前(横浜市泉区)",
        "中屋敷(横浜市泉区)",
        "五軒庭",
        "上飯田(横浜市泉区)",
        "早稲田(横浜市泉区)",
        "三家(横浜市泉区)",
        "松陽高校前",
        "グリーンハイム前",
        "いずみ野駅"
    ],
    "weekday": [
        "8:40",
        "10:10",
        "11:40",
        "13:10",
        "14:40",
        "16:10",
        "17:40"
    ],
    "saturday": [
        "9:11",
        "10:41",
        "12:11",
        "13:41",
        "15:13",
        "16:41"
    ],
    "holiday": [
        "9:11",
        "10:41",
        "12:11",
        "13:41",
        "15:11",
        "16:41"
    ],
    "url": "https://www.kanachu.co.jp/dia/diagram/timetable01_js/course:0000801092-5/node:00126793/kt:0/lname:/"
}
