{
    "date": "2024/09/02",
    "name": "児童公園前(横浜市泉区)",
    "position": "-",
    "system": "",
    "destinations": [
        "小学校前(横浜市泉区)",
        "上飯田団地",
        "小学校前(横浜市泉区)",
        "児童公園前(横浜市泉区)",
        "団地入口(横浜市泉区)",
        "飯田神社前",
        "台村",
        "いちょう団地",
        "保育所前(大和市)",
        "渋谷中学校",
        "集会所前(横浜市泉区)",
        "中屋敷(横浜市泉区)",
        "五軒庭",
        "上飯田(横浜市泉区)",
        "早稲田(横浜市泉区)",
        "三家(横浜市泉区)",
        "松陽高校前",
        "グリーンハイム前",
        "いずみ野駅"
    ],
    "weekday": [
        "8:42",
        "10:12",
        "11:42",
        "13:12",
        "14:42",
        "16:12",
        "17:42"
    ],
    "saturday": [
        "9:13",
        "10:43",
        "12:13",
        "13:43",
        "15:15",
        "16:43"
    ],
    "holiday": [
        "9:13",
        "10:43",
        "12:13",
        "13:43",
        "15:13",
        "16:43"
    ],
    "url": "https://www.kanachu.co.jp/dia/diagram/timetable01_js/course:0000801092-7/node:00126805/kt:0/lname:/"
}
