{
    "date": "2024/09/02",
    "name": "団地入口(横浜市泉区)",
    "position": "-",
    "system": "い08",
    "destinations": [
        "飯田神社前",
        "台村",
        "いちょう団地",
        "保育所前(大和市)",
        "渋谷中学校",
        "集会所前(横浜市泉区)",
        "中屋敷(横浜市泉区)",
        "五軒庭",
        "上飯田(横浜市泉区)",
        "早稲田(横浜市泉区)",
        "三家(横浜市泉区)",
        "松陽高校前",
        "グリーンハイム前",
        "いずみ野駅"
    ],
    "weekday": [
        "8:46",
        "10:16",
        "11:46",
        "13:16",
        "14:46",
        "16:16",
        "17:46"
    ],
    "saturday": [
        "9:17",
        "10:47",
        "12:17",
        "13:47",
        "15:19",
        "16:47"
    ],
    "holiday": [
        "9:17",
        "10:47",
        "12:17",
        "13:47",
        "15:17",
        "16:47"
    ],
    "url": "https://www.kanachu.co.jp/dia/diagram/timetable01_js/course:0000801092-12/node:00126794/kt:0/lname:/"
}
