{
    "date": "2024/09/02",
    "name": "飯田神社前",
    "position": "-",
    "system": "い08",
    "destinations": [
        "台村",
        "いちょう団地",
        "保育所前(大和市)",
        "渋谷中学校",
        "集会所前(横浜市泉区)",
        "中屋敷(横浜市泉区)",
        "五軒庭",
        "上飯田(横浜市泉区)",
        "早稲田(横浜市泉区)",
        "三家(横浜市泉区)",
        "松陽高校前",
        "グリーンハイム前",
        "いずみ野駅"
    ],
    "weekday": [
        "8:47",
        "10:17",
        "11:47",
        "13:17",
        "14:47",
        "16:17",
        "17:47"
    ],
    "saturday": [
        "9:18",
        "10:48",
        "12:18",
        "13:48",
        "15:20",
        "16:48"
    ],
    "holiday": [
        "9:18",
        "10:48",
        "12:18",
        "13:48",
        "15:18",
        "16:48"
    ],
    "url": "https://www.kanachu.co.jp/dia/diagram/timetable01_js/course:0000801092-13/node:00126795/kt:0/lname:/"
}
