{
    "date": "2024/09/02",
    "name": "台村",
    "position": "-",
    "system": "",
    "destinations": [
        "いちょう団地",
        "保育所前(大和市)",
        "渋谷中学校",
        "集会所前(横浜市泉区)",
        "中屋敷(横浜市泉区)",
        "五軒庭",
        "上飯田(横浜市泉区)",
        "早稲田(横浜市泉区)",
        "三家(横浜市泉区)",
        "松陽高校前",
        "グリーンハイム前",
        "いずみ野駅"
    ],
    "weekday": [
        "8:48",
        "10:18",
        "11:48",
        "13:18",
        "14:48",
        "16:18",
        "17:48"
    ],
    "saturday": [
        "9:19",
        "10:49",
        "12:19",
        "13:49",
        "15:21",
        "16:49"
    ],
    "holiday": [
        "9:19",
        "10:49",
        "12:19",
        "13:49",
        "15:19",
        "16:49"
    ],
    "url": "https://www.kanachu.co.jp/dia/diagram/timetable01_js/course:0000801092-14/node:00126796/kt:0/lname:/"
}
