{
    "date": "2024/09/02",
    "name": "いちょう団地",
    "position": "-",
    "system": "",
    "destinations": [
        "保育所前(大和市)",
        "渋谷中学校",
        "集会所前(横浜市泉区)",
        "中屋敷(横浜市泉区)",
        "五軒庭",
        "上飯田(横浜市泉区)",
        "早稲田(横浜市泉区)",
        "三家(横浜市泉区)",
        "松陽高校前",
        "グリーンハイム前",
        "いずみ野駅"
    ],
    "weekday": [
        "8:50",
        "10:20",
        "11:50",
        "13:20",
        "14:50",
        "16:20",
        "17:50"
    ],
    "saturday": [
        "9:21",
        "10:51",
        "12:21",
        "13:51",
        "15:23",
        "16:51"
    ],
    "holiday": [
        "9:21",
        "10:51",
        "12:21",
        "13:51",
        "15:21",
        "16:51"
    ],
    "url": "https://www.kanachu.co.jp/dia/diagram/timetable01_js/course:0000801092-15/node:00126808/kt:0/lname:/"
}
