{
    "date": "2024/09/02",
    "name": "保育所前(大和市)",
    "position": "-",
    "system": "",
    "destinations": [
        "渋谷中学校",
        "集会所前(横浜市泉区)",
        "中屋敷(横浜市泉区)",
        "五軒庭",
        "上飯田(横浜市泉区)",
        "早稲田(横浜市泉区)",
        "三家(横浜市泉区)",
        "松陽高校前",
        "グリーンハイム前",
        "いずみ野駅"
    ],
    "weekday": [
        "8:51",
        "10:21",
        "11:51",
        "13:21",
        "14:51",
        "16:21",
        "17:51"
    ],
    "saturday": [
        "9:22",
        "10:52",
        "12:22",
        "13:52",
        "15:24",
        "16:52"
    ],
    "holiday": [
        "9:22",
        "10:52",
        "12:22",
        "13:52",
        "15:22",
        "16:52"
    ],
    "url": "https://www.kanachu.co.jp/dia/diagram/timetable01_js/course:0000801092-16/node:00126893/kt:0/lname:/"
}
