{
    "date": "2024/09/02",
    "name": "中屋敷(横浜市泉区)",
    "position": "-",
    "system": "い08",
    "destinations": [
        "五軒庭",
        "上飯田(横浜市泉区)",
        "早稲田(横浜市泉区)",
        "三家(横浜市泉区)",
        "松陽高校前",
        "グリーンハイム前",
        "いずみ野駅"
    ],
    "weekday": [
        "8:54",
        "10:24",
        "11:54",
        "13:24",
        "14:54",
        "16:24",
        "17:54"
    ],
    "saturday": [
        "9:25",
        "10:55",
        "12:25",
        "13:55",
        "15:27",
        "16:55"
    ],
    "holiday": [
        "9:25",
        "10:55",
        "12:25",
        "13:55",
        "15:25",
        "16:55"
    ],
    "url": "https://www.kanachu.co.jp/dia/diagram/timetable01_js/course:0000801092-19/node:00126797/kt:0/lname:/"
}
