{
    "date": "2024/09/02",
    "name": "上飯田(横浜市泉区)",
    "position": "-",
    "system": "",
    "destinations": [
        "早稲田(横浜市泉区)",
        "三家(横浜市泉区)",
        "松陽高校前",
        "グリーンハイム前",
        "いずみ野駅"
    ],
    "weekday": [
        "8:56",
        "10:26",
        "11:56",
        "13:26",
        "14:56",
        "16:26",
        "17:56"
    ],
    "saturday": [
        "9:27",
        "10:57",
        "12:27",
        "13:57",
        "15:29",
        "16:57"
    ],
    "holiday": [
        "9:27",
        "10:57",
        "12:27",
        "13:57",
        "15:27",
        "16:57"
    ],
    "url": "https://www.kanachu.co.jp/dia/diagram/timetable01_js/course:0000801092-21/node:00126799/kt:0/lname:/"
}
