{
    "date": "2024/09/02",
    "name": "早稲田(横浜市泉区)",
    "position": "-",
    "system": "",
    "destinations": [
        "三家(横浜市泉区)",
        "松陽高校前",
        "グリーンハイム前",
        "いずみ野駅"
    ],
    "weekday": [
        "8:58",
        "10:28",
        "11:58",
        "13:28",
        "14:58",
        "16:28",
        "17:58"
    ],
    "saturday": [
        "9:29",
        "10:59",
        "12:29",
        "13:59",
        "15:31",
        "16:59"
    ],
    "holiday": [
        "9:29",
        "10:59",
        "12:29",
        "13:59",
        "15:29",
        "16:59"
    ],
    "url": "https://www.kanachu.co.jp/dia/diagram/timetable01_js/course:0000801092-22/node:00126942/kt:0/lname:/"
}
