{
    "date": "2024/09/02",
    "name": "三家(横浜市泉区)",
    "position": "-",
    "system": "",
    "destinations": [
        "松陽高校前",
        "グリーンハイム前",
        "いずみ野駅"
    ],
    "weekday": [
        "8:59",
        "10:29",
        "11:59",
        "13:29",
        "14:59",
        "16:29",
        "17:59"
    ],
    "saturday": [
        "9:30",
        "11:00",
        "12:30",
        "14:00",
        "15:32",
        "17:00"
    ],
    "holiday": [
        "9:30",
        "11:00",
        "12:30",
        "14:00",
        "15:30",
        "17:00"
    ],
    "url": "https://www.kanachu.co.jp/dia/diagram/timetable01_js/course:0000801092-23/node:00126941/kt:0/lname:/"
}
