{
    "date": "2024/09/02",
    "name": "グリーンハイム前",
    "position": "-",
    "system": "",
    "destinations": [
        "いずみ野駅"
    ],
    "weekday": [
        "9:02",
        "10:32",
        "12:02",
        "13:32",
        "15:02",
        "16:32",
        "18:02"
    ],
    "saturday": [
        "9:33",
        "11:03",
        "12:33",
        "14:03",
        "15:35",
        "17:03"
    ],
    "holiday": [
        "9:33",
        "11:03",
        "12:33",
        "14:03",
        "15:33",
        "17:03"
    ],
    "url": "https://www.kanachu.co.jp/dia/diagram/timetable01_js/course:0000801092-25/node:00126940/kt:0/lname:/"
}
