{
    "date": "2018/04/28",
    "name": "茅ヶ崎高校前",
    "position": "-",
    "system": "藤07",
    "destinations": [
        "松林中学校前",
        "菱沼",
        "西小和田",
        "小和田(茅ケ崎市)",
        "東小和田",
        "二ツ谷",
        "四ツ谷(藤沢市)",
        "辻堂入口",
        "羽鳥(藤沢市)",
        "メルシャン前",
        "引地橋",
        "一中入口(藤沢市)",
        "湘南高校前",
        "台町(藤沢市)",
        "白旗交差点",
        "本町小学校前(藤沢市)",
        "南仲通り二丁目",
        "南仲通り",
        "相生町(藤沢市)",
        "三富士町",
        "藤沢駅北口"
    ],
    "weekday": [
        "5:49",
        "6:14",
        "6:39",
        "7:04",
        "13:49",
        "15:49",
        "18:04",
        "20:04",
        "21:09",
        "21:54"
    ],
    "saturday": [
        "5:54",
        "7:04",
        "8:04",
        "10:04",
        "12:04",
        "14:04",
        "16:04",
        "18:09",
        "20:14",
        "21:19"
    ],
    "holiday": [
        "5:54",
        "7:04",
        "8:04",
        "10:04",
        "12:04",
        "14:04",
        "16:04",
        "18:09",
        "20:14",
        "21:19"
    ],
    "url": "https://www.kanachu.co.jp/dia/diagram/timetable01_js/course:0000801433-3/node:00127128/kt:0/lname:/"
}
