{
    "date": "2018/04/28",
    "name": "辻堂入口",
    "position": "-",
    "system": "藤07",
    "destinations": [
        "羽鳥(藤沢市)",
        "メルシャン前",
        "引地橋",
        "一中入口(藤沢市)",
        "湘南高校前",
        "台町(藤沢市)",
        "白旗交差点",
        "本町小学校前(藤沢市)",
        "南仲通り二丁目",
        "南仲通り",
        "相生町(藤沢市)",
        "三富士町",
        "藤沢駅北口"
    ],
    "weekday": [
        "6:00",
        "6:25",
        "6:50",
        "7:16",
        "14:00",
        "16:00",
        "18:15",
        "20:15",
        "21:20",
        "22:05"
    ],
    "saturday": [
        "6:05",
        "7:15",
        "8:16",
        "10:16",
        "12:16",
        "14:16",
        "16:16",
        "18:21",
        "20:25",
        "21:30"
    ],
    "holiday": [
        "6:05",
        "7:15",
        "8:16",
        "10:16",
        "12:16",
        "14:16",
        "16:16",
        "18:21",
        "20:25",
        "21:30"
    ],
    "url": "https://www.kanachu.co.jp/dia/diagram/timetable01_js/course:0000801433-11/node:00127097/kt:0/lname:/"
}
