{
    "date": "2018/04/28",
    "name": "引地橋",
    "position": "-",
    "system": "藤07",
    "destinations": [
        "一中入口(藤沢市)",
        "湘南高校前",
        "台町(藤沢市)",
        "白旗交差点",
        "本町小学校前(藤沢市)",
        "南仲通り二丁目",
        "南仲通り",
        "相生町(藤沢市)",
        "三富士町",
        "藤沢駅北口"
    ],
    "weekday": [
        "6:04",
        "6:29",
        "6:54",
        "7:20",
        "14:04",
        "16:04",
        "18:19",
        "20:19",
        "21:24",
        "22:09"
    ],
    "saturday": [
        "6:09",
        "7:19",
        "8:20",
        "10:20",
        "12:20",
        "14:20",
        "16:20",
        "18:25",
        "20:29",
        "21:34"
    ],
    "holiday": [
        "6:09",
        "7:19",
        "8:20",
        "10:20",
        "12:20",
        "14:20",
        "16:20",
        "18:25",
        "20:29",
        "21:34"
    ],
    "url": "https://www.kanachu.co.jp/dia/diagram/timetable01_js/course:0000801433-14/node:00127052/kt:0/lname:/"
}
