{
    "date": "2018/04/28",
    "name": "白旗交差点",
    "position": "-",
    "system": "藤07",
    "destinations": [
        "本町小学校前(藤沢市)",
        "南仲通り二丁目",
        "南仲通り",
        "相生町(藤沢市)",
        "三富士町",
        "藤沢駅北口"
    ],
    "weekday": [
        "6:09",
        "6:34",
        "6:59",
        "7:25",
        "14:09",
        "16:09",
        "18:24",
        "20:24",
        "21:29",
        "22:14"
    ],
    "saturday": [
        "6:14",
        "7:24",
        "8:25",
        "10:25",
        "12:25",
        "14:25",
        "16:25",
        "18:30",
        "20:34",
        "21:39"
    ],
    "holiday": [
        "6:14",
        "7:24",
        "8:25",
        "10:25",
        "12:25",
        "14:25",
        "16:25",
        "18:30",
        "20:34",
        "21:39"
    ],
    "url": "https://www.kanachu.co.jp/dia/diagram/timetable01_js/course:0000801433-18/node:00127012/kt:0/lname:/"
}
