{
    "system": "藤07",
    "busstops": [
        {
            "index": "1",
            "id": "00127126",
            "name": "茅ヶ崎駅",
            "lat": "35.330961",
            "lng": "139.406415"
        },
        {
            "index": "2",
            "id": "00127127",
            "name": "本村(茅ケ崎市)",
            "lat": "35.336057",
            "lng": "139.413263"
        },
        {
            "index": "3",
            "id": "00127128",
            "name": "茅ヶ崎高校前",
            "lat": "35.337041",
            "lng": "139.418633"
        },
        {
            "index": "4",
            "id": "00127129",
            "name": "松林中学校前",
            "lat": "35.337735",
            "lng": "139.422825"
        },
        {
            "index": "5",
            "id": "00127130",
            "name": "菱沼",
            "lat": "35.337794",
            "lng": "139.424786"
        },
        {
            "index": "6",
            "id": "00127131",
            "name": "西小和田",
            "lat": "35.337123",
            "lng": "139.430182"
        },
        {
            "index": "7",
            "id": "00127132",
            "name": "小和田(茅ケ崎市)",
            "lat": "35.338006",
            "lng": "139.43299"
        },
        {
            "index": "8",
            "id": "00127133",
            "name": "東小和田",
            "lat": "35.341937",
            "lng": "139.438369"
        },
        {
            "index": "9",
            "id": "00127134",
            "name": "二ツ谷",
            "lat": "35.344163",
            "lng": "139.444103"
        },
        {
            "index": "10",
            "id": "00127098",
            "name": "四ツ谷(藤沢市)",
            "lat": "35.346294",
            "lng": "139.450529"
        },
        {
            "index": "11",
            "id": "00127097",
            "name": "辻堂入口",
            "lat": "35.346785",
            "lng": "139.455039"
        },
        {
            "index": "12",
            "id": "00127054",
            "name": "羽鳥(藤沢市)",
            "lat": "35.347252",
            "lng": "139.461438"
        },
        {
            "index": "13",
            "id": "00127053",
            "name": "メルシャン前",
            "lat": "35.346547",
            "lng": "139.463538"
        },
        {
            "index": "14",
            "id": "00127052",
            "name": "引地橋",
            "lat": "35.347519",
            "lng": "139.467788"
        },
        {
            "index": "15",
            "id": "00127051",
            "name": "一中入口(藤沢市)",
            "lat": "35.347202",
            "lng": "139.469854"
        },
        {
            "index": "16",
            "id": "00127050",
            "name": "湘南高校前",
            "lat": "35.346677",
            "lng": "139.4731"
        },
        {
            "index": "17",
            "id": "00127049",
            "name": "台町(藤沢市)",
            "lat": "35.347419",
            "lng": "139.476887"
        },
        {
            "index": "18",
            "id": "00127012",
            "name": "白旗交差点",
            "lat": "35.347414",
            "lng": "139.478581"
        },
        {
            "index": "19",
            "id": "00127109",
            "name": "本町小学校前(藤沢市)",
            "lat": "35.345294",
            "lng": "139.479986"
        },
        {
            "index": "20",
            "id": "00127110",
            "name": "南仲通り二丁目",
            "lat": "35.343964",
            "lng": "139.481279"
        },
        {
            "index": "21",
            "id": "00126973",
            "name": "南仲通り",
            "lat": "35.341886",
            "lng": "139.48157"
        },
        {
            "index": "22",
            "id": "00126972",
            "name": "相生町(藤沢市)",
            "lat": "35.340664",
            "lng": "139.481523"
        },
        {
            "index": "23",
            "id": "00126971",
            "name": "三富士町",
            "lat": "35.339451",
            "lng": "139.484576"
        },
        {
            "index": "24",
            "id": "00126970",
            "name": "藤沢駅北口",
            "lat": "35.339374",
            "lng": "139.488059"
        }
    ],
    "route_url": "https://www.kanachu.co.jp/dia/route/index/cid:0000801433/"
}
