{
    "date": "2025/04/01",
    "name": "町田市役所市民ホール前",
    "position": "-",
    "system": "町15",
    "destinations": [
        "妙延寺(町田市)",
        "森野五丁目",
        "森野六丁目",
        "桧台入口",
        "木曽都営入口",
        "境川団地入口",
        "境川団地中央",
        "境川団地",
        "上横町",
        "木曽入口",
        "山崎団地入口",
        "山崎団地センター",
        "給水塔前(山崎団地/町田市)",
        "北一号(町田市)",
        "北二号(町田市)",
        "山崎団地"
    ],
    "weekday": [
        "13:18",
        "14:18",
        "15:18",
        "16:18",
        "17:04",
        "17:37",
        "18:10",
        "18:35",
        "19:07",
        "19:38",
        "20:25",
        "20:45"
    ],
    "saturday": [
        "9:07",
        "10:05",
        "11:15",
        "12:17",
        "12:41",
        "13:17",
        "13:41",
        "14:07",
        "15:07",
        "16:17",
        "17:17",
        "17:46",
        "18:17",
        "18:37",
        "19:07",
        "19:43",
        "20:07",
        "20:37"
    ],
    "holiday": [
        "9:15",
        "10:15",
        "11:15",
        "12:15",
        "12:39",
        "13:15",
        "13:39",
        "14:15",
        "15:15",
        "16:15",
        "17:07",
        "17:43",
        "18:07",
        "18:42",
        "19:07",
        "19:37",
        "20:27"
    ],
    "url": "https://www.kanachu.co.jp/dia/diagram/timetable01_js/course:0000800294-3/node:00129356/kt:0/lname:/"
}
