{
    "date": "2025/04/01",
    "name": "木曽都営入口",
    "position": "-",
    "system": "町15",
    "destinations": [
        "境川団地入口",
        "境川団地中央",
        "境川団地",
        "上横町",
        "木曽入口",
        "山崎団地入口",
        "山崎団地センター",
        "給水塔前(山崎団地/町田市)",
        "北一号(町田市)",
        "北二号(町田市)",
        "山崎団地"
    ],
    "weekday": [
        "13:22",
        "14:22",
        "15:22",
        "16:22",
        "17:08",
        "17:41",
        "18:14",
        "18:39",
        "19:10",
        "19:41",
        "20:28",
        "20:48"
    ],
    "saturday": [
        "9:10",
        "10:08",
        "11:19",
        "12:21",
        "12:45",
        "13:21",
        "13:45",
        "14:11",
        "15:11",
        "16:21",
        "17:21",
        "17:50",
        "18:21",
        "18:41",
        "19:11",
        "19:46",
        "20:10",
        "20:40"
    ],
    "holiday": [
        "9:18",
        "10:18",
        "11:19",
        "12:19",
        "12:43",
        "13:19",
        "13:43",
        "14:19",
        "15:19",
        "16:19",
        "17:11",
        "17:47",
        "18:11",
        "18:46",
        "19:10",
        "19:40",
        "20:30"
    ],
    "url": "https://www.kanachu.co.jp/dia/diagram/timetable01_js/course:0000800294-8/node:00129379/kt:0/lname:/"
}
