{
    "date": "2025/04/01",
    "name": "上横町",
    "position": "-",
    "system": "町15",
    "destinations": [
        "木曽入口",
        "山崎団地入口",
        "山崎団地センター",
        "給水塔前(山崎団地/町田市)",
        "北一号(町田市)",
        "北二号(町田市)",
        "山崎団地"
    ],
    "weekday": [
        "13:27",
        "14:27",
        "15:28",
        "16:28",
        "17:14",
        "17:47",
        "18:20",
        "18:45",
        "19:14",
        "19:45",
        "20:32",
        "20:52"
    ],
    "saturday": [
        "9:14",
        "10:12",
        "11:25",
        "12:27",
        "12:51",
        "13:27",
        "13:51",
        "14:17",
        "15:17",
        "16:27",
        "17:27",
        "17:56",
        "18:27",
        "18:47",
        "19:17",
        "19:50",
        "20:14",
        "20:44"
    ],
    "holiday": [
        "9:22",
        "10:22",
        "11:24",
        "12:24",
        "12:48",
        "13:24",
        "13:48",
        "14:24",
        "15:24",
        "16:25",
        "17:17",
        "17:53",
        "18:17",
        "18:52",
        "19:14",
        "19:44",
        "20:34"
    ],
    "url": "https://www.kanachu.co.jp/dia/diagram/timetable01_js/course:0000800294-12/node:00129385/kt:0/lname:/"
}
