{
    "date": "2025/04/01",
    "name": "山崎団地入口",
    "position": "-",
    "system": "町15",
    "destinations": [
        "山崎団地センター",
        "給水塔前(山崎団地/町田市)",
        "北一号(町田市)",
        "北二号(町田市)",
        "山崎団地"
    ],
    "weekday": [
        "13:29",
        "14:29",
        "15:30",
        "16:30",
        "17:16",
        "17:49",
        "18:22",
        "18:47",
        "19:16",
        "19:47",
        "20:34",
        "20:54"
    ],
    "saturday": [
        "9:16",
        "10:14",
        "11:27",
        "12:29",
        "12:53",
        "13:29",
        "13:53",
        "14:19",
        "15:19",
        "16:29",
        "17:29",
        "17:58",
        "18:29",
        "18:49",
        "19:19",
        "19:52",
        "20:16",
        "20:46"
    ],
    "holiday": [
        "9:24",
        "10:24",
        "11:26",
        "12:26",
        "12:50",
        "13:26",
        "13:50",
        "14:26",
        "15:26",
        "16:27",
        "17:19",
        "17:55",
        "18:19",
        "18:54",
        "19:16",
        "19:46",
        "20:36"
    ],
    "url": "https://www.kanachu.co.jp/dia/diagram/timetable01_js/course:0000800294-14/node:00129387/kt:0/lname:/"
}
