{
    "date": "2025/02/24",
    "name": "戸塚バスセンター",
    "position": "-",
    "system": "戸56",
    "destinations": [
        "消防署前(横浜市戸塚区)",
        "八坂神社前",
        "大坂下",
        "大坂台",
        "大坂上(横浜市戸塚区)",
        "新道大坂上",
        "西横浜国際総合病院前",
        "吹上(横浜市戸塚区)",
        "大運寺",
        "横浜医療センター前",
        "横浜医療センター"
    ],
    "weekday": [
        "7:05",
        "18:20",
        "19:01",
        "20:07"
    ],
    "saturday": [],
    "holiday": [],
    "url": "https://www.kanachu.co.jp/dia/diagram/timetable01_js/course:0000801357-1/node:00126775/kt:0/lname:/"
}
