{
    "date": "2025/02/24",
    "name": "大坂台",
    "position": "-",
    "system": "戸56",
    "destinations": [
        "大坂上(横浜市戸塚区)",
        "新道大坂上",
        "西横浜国際総合病院前",
        "吹上(横浜市戸塚区)",
        "大運寺",
        "横浜医療センター前",
        "横浜医療センター"
    ],
    "weekday": [
        "7:10",
        "18:25",
        "19:06",
        "20:12"
    ],
    "saturday": [],
    "holiday": [],
    "url": "https://www.kanachu.co.jp/dia/diagram/timetable01_js/course:0000801357-5/node:00126812/kt:0/lname:/"
}
