{
    "date": "2025/07/27",
    "name": "藤沢",
    "position": "-",
    "system": "秦92",
    "destinations": [
        "才戸",
        "上ノ原(足柄上郡中井町)",
        "井ノ口小学校前",
        "上井ノ口",
        "原(足柄上郡中井町)",
        "猪分",
        "東名秦野",
        "南が丘東",
        "立野緑地入口",
        "日赤病院前(秦野市)",
        "小原台入口(秦野市)",
        "上尾尻橋",
        "秦野駅南口"
    ],
    "weekday": [
        "5:54",
        "6:29",
        "7:04",
        "7:27",
        "7:47",
        "8:10",
        "8:27",
        "8:50",
        "9:20",
        "9:48",
        "10:17",
        "10:47",
        "11:17",
        "11:47",
        "12:17",
        "13:20",
        "13:47",
        "14:17",
        "15:17",
        "15:47",
        "16:18",
        "16:54",
        "17:52",
        "18:18",
        "19:22"
    ],
    "saturday": [
        "8:02",
        "9:02",
        "10:02",
        "11:02",
        "12:04",
        "13:04",
        "14:04",
        "15:04",
        "16:04",
        "17:04",
        "18:12"
    ],
    "holiday": [
        "8:02",
        "9:02",
        "10:02",
        "11:02",
        "12:04",
        "13:04",
        "14:04",
        "15:04",
        "16:04",
        "17:04",
        "18:12"
    ],
    "url": "https://www.kanachu.co.jp/dia/diagram/timetable01_js/course:0000801360-3/node:00127948/kt:0/lname:/"
}
