{
    "date": "2025/11/16",
    "name": "栗原入口",
    "position": "-",
    "system": "伊16",
    "destinations": [
        "比々多神社",
        "中谷(伊勢原市)",
        "伯母様",
        "原田(伊勢原市)",
        "三の宮(伊勢原市)",
        "向原(伊勢原市)",
        "団地北(伊勢原市)",
        "伊勢原車庫",
        "鈴川会館前",
        "団地西(伊勢原市)",
        "団地南(伊勢原市)",
        "関台",
        "中央公民館前(伊勢原市)",
        "本町(伊勢原市)",
        "伊勢原駅北口"
    ],
    "weekday": [
        "7:01",
        "8:01",
        "9:11",
        "10:06",
        "15:06",
        "16:06",
        "17:06",
        "18:06"
    ],
    "saturday": [
        "7:01",
        "8:01",
        "9:01",
        "10:01",
        "17:01",
        "18:01"
    ],
    "holiday": [
        "7:01",
        "8:01",
        "9:01",
        "10:01",
        "17:01",
        "18:01"
    ],
    "url": "https://www.kanachu.co.jp/dia/diagram/timetable01_js/course:0000801094-3/node:00128169/kt:0/lname:/"
}
