{
    "date": "2025/11/16",
    "name": "伊勢原車庫",
    "position": "-",
    "system": "伊16",
    "destinations": [
        "鈴川会館前",
        "団地西(伊勢原市)",
        "団地南(伊勢原市)",
        "関台",
        "中央公民館前(伊勢原市)",
        "本町(伊勢原市)",
        "伊勢原駅北口"
    ],
    "weekday": [
        "7:11",
        "8:11",
        "9:21",
        "10:16",
        "15:16",
        "16:16",
        "17:16",
        "18:16"
    ],
    "saturday": [
        "7:10",
        "8:11",
        "9:11",
        "10:11",
        "17:11",
        "18:10"
    ],
    "holiday": [
        "7:10",
        "8:11",
        "9:11",
        "10:11",
        "17:11",
        "18:10"
    ],
    "url": "https://www.kanachu.co.jp/dia/diagram/timetable01_js/course:0000801094-11/node:00128141/kt:0/lname:/"
}
