{
    "system": "伊16",
    "busstops": [
        {
            "index": "1",
            "id": "00128170",
            "name": "栗原(伊勢原市)",
            "lat": "35.403669",
            "lng": "139.279629"
        },
        {
            "index": "2",
            "id": "00128239",
            "name": "東京農大伊勢原農場前",
            "lat": "35.401405",
            "lng": "139.28191"
        },
        {
            "index": "3",
            "id": "00128169",
            "name": "栗原入口",
            "lat": "35.39953",
            "lng": "139.284094"
        },
        {
            "index": "4",
            "id": "00128168",
            "name": "比々多神社",
            "lat": "35.400225",
            "lng": "139.285185"
        },
        {
            "index": "5",
            "id": "00128167",
            "name": "中谷(伊勢原市)",
            "lat": "35.403634",
            "lng": "139.284619"
        },
        {
            "index": "6",
            "id": "00128166",
            "name": "伯母様",
            "lat": "35.406681",
            "lng": "139.284871"
        },
        {
            "index": "7",
            "id": "00128165",
            "name": "原田(伊勢原市)",
            "lat": "35.407154",
            "lng": "139.288299"
        },
        {
            "index": "8",
            "id": "00128171",
            "name": "三の宮(伊勢原市)",
            "lat": "35.402018",
            "lng": "139.288495"
        },
        {
            "index": "9",
            "id": "00128172",
            "name": "向原(伊勢原市)",
            "lat": "35.398264",
            "lng": "139.289406"
        },
        {
            "index": "10",
            "id": "00128142",
            "name": "団地北(伊勢原市)",
            "lat": "35.395324",
            "lng": "139.292027"
        },
        {
            "index": "11",
            "id": "00128141",
            "name": "伊勢原車庫",
            "lat": "35.393144",
            "lng": "139.29405"
        },
        {
            "index": "12",
            "id": "00128140",
            "name": "鈴川会館前",
            "lat": "35.391881",
            "lng": "139.294995"
        },
        {
            "index": "13",
            "id": "00128139",
            "name": "団地西(伊勢原市)",
            "lat": "35.390158",
            "lng": "139.296278"
        },
        {
            "index": "14",
            "id": "00128138",
            "name": "団地南(伊勢原市)",
            "lat": "35.391039",
            "lng": "139.298687"
        },
        {
            "index": "15",
            "id": "00128094",
            "name": "関台",
            "lat": "35.394148",
            "lng": "139.304027"
        },
        {
            "index": "16",
            "id": "00128224",
            "name": "中央公民館前(伊勢原市)",
            "lat": "35.395633",
            "lng": "139.306463"
        },
        {
            "index": "17",
            "id": "00128128",
            "name": "本町(伊勢原市)",
            "lat": "35.397447",
            "lng": "139.309145"
        },
        {
            "index": "18",
            "id": "00128127",
            "name": "伊勢原駅北口",
            "lat": "35.39652",
            "lng": "139.313281"
        }
    ],
    "route_url": "https://www.kanachu.co.jp/dia/route/index/cid:0000801094/"
}
