{
    "date": "2025/11/16",
    "name": "矢崎(平塚市)",
    "position": "-",
    "system": "平91",
    "destinations": [
        "大句",
        "城所入口",
        "矢羽根",
        "馬渡(伊勢原市)",
        "下大竹",
        "伊勢原中学校前",
        "伊勢原駅南口"
    ],
    "weekday": [
        "6:03",
        "6:45",
        "7:20"
    ],
    "saturday": [],
    "holiday": [],
    "url": "https://www.kanachu.co.jp/dia/diagram/timetable01_js/course:0000800122-3/node:00128063/kt:0/lname:/"
}
