{
    "date": "2026/01/16",
    "name": "堤羽根沢",
    "position": "-",
    "system": "辻28",
    "destinations": [
        "湘南カントリークラブ前",
        "羽根沢",
        "大庭小学校",
        "小糸",
        "城下(藤沢市)",
        "舟地蔵",
        "大六天(藤沢市)",
        "城(藤沢市)",
        "神台公園前",
        "辻堂駅北口"
    ],
    "weekday": [],
    "saturday": [
        "6:44",
        "7:44",
        "9:39",
        "11:41",
        "12:31",
        "13:41",
        "14:31",
        "15:41",
        "17:39",
        "18:44",
        "19:44",
        "20:44"
    ],
    "holiday": [
        "6:44",
        "7:44",
        "9:39",
        "11:41",
        "12:31",
        "13:41",
        "14:31",
        "15:41",
        "17:39",
        "18:44",
        "19:44",
        "20:44"
    ],
    "url": "https://www.kanachu.co.jp/dia/diagram/timetable01_js/course:0000804192-5/node:00129963/kt:0/lname:/"
}
