{
    "date": "2026/01/16",
    "name": "神台公園前",
    "position": "-",
    "system": "辻28",
    "destinations": [
        "辻堂駅北口"
    ],
    "weekday": [],
    "saturday": [
        "6:57",
        "7:57",
        "9:51",
        "11:53",
        "12:43",
        "13:53",
        "14:43",
        "15:53",
        "17:51",
        "18:56",
        "19:56",
        "20:56"
    ],
    "holiday": [
        "6:57",
        "7:57",
        "9:51",
        "11:53",
        "12:43",
        "13:53",
        "14:43",
        "15:53",
        "17:51",
        "18:56",
        "19:56",
        "20:56"
    ],
    "url": "https://www.kanachu.co.jp/dia/diagram/timetable01_js/course:0000804192-14/node:00130068/kt:0/lname:/"
}
