{
    "date": "2024/03/16",
    "name": "原宿(相模原市緑区)",
    "position": "-",
    "system": "橋03",
    "destinations": [
        "城山総合事務所入口",
        "向原北",
        "向原南",
        "宮原(相模原市緑区)",
        "小倉原",
        "城山登山口(相模原市緑区)",
        "荒句",
        "無料庵",
        "根小屋中野",
        "西中野(相模原市緑区)",
        "東金原",
        "ひがし会館",
        "富士塚前(相模原市緑区)",
        "金原準工前",
        "長尾(相模原市緑区)",
        "沼(相模原市緑区)",
        "串川グラウンド前",
        "長竹クラブ前",
        "上長竹",
        "関(相模原市緑区)",
        "関・宮原",
        "新屋敷(相模原市緑区)",
        "小沢(相模原市緑区)",
        "青山(相模原市緑区)",
        "三ヶ木新宿",
        "津久井高校前",
        "三ヶ木"
    ],
    "weekday": [
        "6:41",
        "7:39",
        "8:39",
        "9:43",
        "17:26",
        "18:26",
        "19:26",
        "20:22"
    ],
    "saturday": [
        "7:43",
        "8:43",
        "9:43",
        "17:38",
        "18:37",
        "19:36"
    ],
    "holiday": [
        "7:43",
        "8:43",
        "9:43",
        "17:38",
        "18:37",
        "19:36"
    ],
    "url": "https://www.kanachu.co.jp/dia/diagram/timetable01_js/course:0000803000-12/node:00128961/kt:0/lname:/"
}
