{
    "date": "2024/03/16",
    "name": "長竹クラブ前",
    "position": "-",
    "system": "橋03",
    "destinations": [
        "上長竹",
        "関(相模原市緑区)",
        "関・宮原",
        "新屋敷(相模原市緑区)",
        "小沢(相模原市緑区)",
        "青山(相模原市緑区)",
        "三ヶ木新宿",
        "津久井高校前",
        "三ヶ木"
    ],
    "weekday": [
        "7:00",
        "7:59",
        "8:59",
        "10:03",
        "17:46",
        "18:46",
        "19:45",
        "20:41"
    ],
    "saturday": [
        "8:02",
        "9:02",
        "10:02",
        "17:57",
        "18:56",
        "19:55"
    ],
    "holiday": [
        "8:02",
        "9:02",
        "10:02",
        "17:57",
        "18:56",
        "19:55"
    ],
    "url": "https://www.kanachu.co.jp/dia/diagram/timetable01_js/course:0000803000-30/node:00128838/kt:0/lname:/"
}
