{
    "date": "2024/03/16",
    "name": "関・宮原",
    "position": "-",
    "system": "橋03",
    "destinations": [
        "新屋敷(相模原市緑区)",
        "小沢(相模原市緑区)",
        "青山(相模原市緑区)",
        "三ヶ木新宿",
        "津久井高校前",
        "三ヶ木"
    ],
    "weekday": [
        "7:04",
        "8:03",
        "9:02",
        "10:06",
        "17:49",
        "18:49",
        "19:48",
        "20:44"
    ],
    "saturday": [
        "8:05",
        "9:05",
        "10:05",
        "18:00",
        "18:59",
        "19:58"
    ],
    "holiday": [
        "8:05",
        "9:05",
        "10:05",
        "18:00",
        "18:59",
        "19:58"
    ],
    "url": "https://www.kanachu.co.jp/dia/diagram/timetable01_js/course:0000803000-33/node:00129003/kt:0/lname:/"
}
