{
    "date": "2024/03/16",
    "name": "津久井高校前",
    "position": "-",
    "system": "橋03",
    "destinations": [
        "三ヶ木"
    ],
    "weekday": [
        "7:10",
        "8:09",
        "9:07",
        "10:11",
        "17:54",
        "18:54",
        "19:54",
        "20:50"
    ],
    "saturday": [
        "8:10",
        "9:10",
        "10:10",
        "18:05",
        "19:04",
        "20:03"
    ],
    "holiday": [
        "8:10",
        "9:10",
        "10:10",
        "18:05",
        "19:04",
        "20:03"
    ],
    "url": "https://www.kanachu.co.jp/dia/diagram/timetable01_js/course:0000803000-38/node:00128751/kt:0/lname:/"
}
