{
    "date": "2024/03/16",
    "name": "厚木アクスト",
    "position": "-",
    "system": "厚105",
    "destinations": [
        "本厚木駅南口"
    ],
    "weekday": [],
    "saturday": [
        "17:30",
        "18:10",
        "18:50",
        "19:30",
        "20:10",
        "20:45"
    ],
    "holiday": [
        "17:30",
        "18:10",
        "18:50",
        "19:30",
        "20:10",
        "20:45"
    ],
    "url": "https://www.kanachu.co.jp/dia/diagram/timetable01_js/course:0000801620-1/node:00127706/kt:0/lname:/"
}
