{
    "date": "2025/04/01",
    "name": "やくし台センター",
    "position": "-",
    "system": "鶴57",
    "destinations": [
        "やくし台三丁目",
        "榛名坂ヒルズ",
        "金井クラブ",
        "森の丘入口",
        "金井(町田市)",
        "金井入口",
        "上能ヶ谷",
        "鶴川駅西口",
        "鶴川駅"
    ],
    "weekday": [
        "5:45",
        "6:00",
        "6:15",
        "6:30",
        "6:40",
        "6:50",
        "7:00",
        "7:10",
        "7:20",
        "7:30",
        "7:40",
        "7:50",
        "8:03",
        "8:23",
        "8:43",
        "9:00",
        "9:20",
        "9:40",
        "10:00",
        "10:30",
        "11:00",
        "11:30",
        "12:00",
        "12:30",
        "13:00",
        "13:30",
        "14:00",
        "14:30",
        "15:00",
        "15:30",
        "16:00",
        "16:30",
        "17:00",
        "17:20",
        "17:40",
        "18:05",
        "18:20",
        "18:35",
        "18:50",
        "19:08",
        "19:28",
        "19:53",
        "20:11",
        "20:31",
        "20:51",
        "21:11",
        "22:00"
    ],
    "saturday": [
        "6:10",
        "6:50",
        "7:20",
        "7:50",
        "8:20",
        "8:50",
        "9:20",
        "9:50",
        "10:20",
        "10:50",
        "11:20",
        "12:00",
        "12:40",
        "13:25",
        "14:10",
        "14:50",
        "15:25",
        "15:45",
        "16:15",
        "16:45",
        "17:15",
        "17:45",
        "18:15",
        "18:45",
        "19:15",
        "20:05",
        "20:45",
        "21:35"
    ],
    "holiday": [
        "6:40",
        "7:20",
        "8:00",
        "8:40",
        "9:20",
        "9:50",
        "10:20",
        "10:50",
        "11:20",
        "12:00",
        "12:40",
        "13:25",
        "14:10",
        "14:50",
        "15:40",
        "16:20",
        "17:15",
        "17:50",
        "18:20",
        "18:50",
        "19:10",
        "20:00",
        "20:50",
        "21:35"
    ],
    "url": "https://www.kanachu.co.jp/dia/diagram/timetable01_js/course:0000803466-1/node:00129441/kt:0/lname:/"
}
