{
    "date": "2025/04/01",
    "name": "榛名坂ヒルズ",
    "position": "-",
    "system": "鶴57",
    "destinations": [
        "金井クラブ",
        "森の丘入口",
        "金井(町田市)",
        "金井入口",
        "上能ヶ谷",
        "鶴川駅西口",
        "鶴川駅"
    ],
    "weekday": [
        "5:47",
        "6:02",
        "6:17",
        "6:32",
        "6:42",
        "6:52",
        "7:02",
        "7:12",
        "7:22",
        "7:32",
        "7:42",
        "7:52",
        "8:05",
        "8:25",
        "8:45",
        "9:02",
        "9:21",
        "9:41",
        "10:01",
        "10:31",
        "11:01",
        "11:31",
        "12:01",
        "12:31",
        "13:01",
        "13:31",
        "14:01",
        "14:31",
        "15:01",
        "15:31",
        "16:01",
        "16:31",
        "17:01",
        "17:21",
        "17:41",
        "18:06",
        "18:21",
        "18:36",
        "18:51",
        "19:09",
        "19:29",
        "19:54",
        "20:12",
        "20:32",
        "20:52",
        "21:12",
        "22:01"
    ],
    "saturday": [
        "6:11",
        "6:51",
        "7:21",
        "7:51",
        "8:21",
        "8:51",
        "9:21",
        "9:51",
        "10:21",
        "10:51",
        "11:21",
        "12:01",
        "12:41",
        "13:26",
        "14:11",
        "14:51",
        "15:26",
        "15:46",
        "16:16",
        "16:46",
        "17:16",
        "17:46",
        "18:16",
        "18:46",
        "19:16",
        "20:06",
        "20:46",
        "21:36"
    ],
    "holiday": [
        "6:41",
        "7:21",
        "8:01",
        "8:41",
        "9:21",
        "9:51",
        "10:21",
        "10:51",
        "11:21",
        "12:01",
        "12:41",
        "13:26",
        "14:11",
        "14:51",
        "15:41",
        "16:21",
        "17:16",
        "17:51",
        "18:21",
        "18:51",
        "19:11",
        "20:01",
        "20:51",
        "21:36"
    ],
    "url": "https://www.kanachu.co.jp/dia/diagram/timetable01_js/course:0000803466-3/node:00129504/kt:0/lname:/"
}
