{
    "date": "2025/04/01",
    "name": "金井クラブ",
    "position": "-",
    "system": "鶴57",
    "destinations": [
        "森の丘入口",
        "金井(町田市)",
        "金井入口",
        "上能ヶ谷",
        "鶴川駅西口",
        "鶴川駅"
    ],
    "weekday": [
        "5:48",
        "6:03",
        "6:18",
        "6:33",
        "6:43",
        "6:53",
        "7:03",
        "7:13",
        "7:23",
        "7:33",
        "7:43",
        "7:53",
        "8:06",
        "8:26",
        "8:46",
        "9:03",
        "9:22",
        "9:42",
        "10:02",
        "10:32",
        "11:02",
        "11:32",
        "12:02",
        "12:32",
        "13:02",
        "13:32",
        "14:02",
        "14:32",
        "15:02",
        "15:32",
        "16:02",
        "16:32",
        "17:02",
        "17:22",
        "17:42",
        "18:07",
        "18:22",
        "18:37",
        "18:52",
        "19:10",
        "19:30",
        "19:55",
        "20:13",
        "20:33",
        "20:53",
        "21:13",
        "22:02"
    ],
    "saturday": [
        "6:12",
        "6:52",
        "7:22",
        "7:52",
        "8:22",
        "8:52",
        "9:22",
        "9:52",
        "10:22",
        "10:52",
        "11:22",
        "12:02",
        "12:42",
        "13:27",
        "14:12",
        "14:52",
        "15:27",
        "15:47",
        "16:17",
        "16:47",
        "17:17",
        "17:47",
        "18:17",
        "18:47",
        "19:17",
        "20:07",
        "20:47",
        "21:37"
    ],
    "holiday": [
        "6:42",
        "7:22",
        "8:02",
        "8:42",
        "9:22",
        "9:52",
        "10:22",
        "10:52",
        "11:22",
        "12:02",
        "12:42",
        "13:27",
        "14:12",
        "14:52",
        "15:42",
        "16:22",
        "17:17",
        "17:52",
        "18:22",
        "18:52",
        "19:12",
        "20:02",
        "20:52",
        "21:37"
    ],
    "url": "https://www.kanachu.co.jp/dia/diagram/timetable01_js/course:0000803466-4/node:00129503/kt:0/lname:/"
}
