{
    "date": "2025/04/01",
    "name": "上能ヶ谷",
    "position": "-",
    "system": "鶴57",
    "destinations": [
        "鶴川駅西口",
        "鶴川駅"
    ],
    "weekday": [
        "5:54",
        "6:09",
        "6:24",
        "6:39",
        "6:49",
        "6:59",
        "7:09",
        "7:19",
        "7:29",
        "7:39",
        "7:49",
        "7:59",
        "8:12",
        "8:32",
        "8:52",
        "9:08",
        "9:27",
        "9:47",
        "10:07",
        "10:37",
        "11:07",
        "11:37",
        "12:07",
        "12:37",
        "13:07",
        "13:37",
        "14:07",
        "14:37",
        "15:07",
        "15:37",
        "16:07",
        "16:37",
        "17:08",
        "17:28",
        "17:48",
        "18:13",
        "18:28",
        "18:43",
        "18:58",
        "19:16",
        "19:36",
        "20:01",
        "20:19",
        "20:39",
        "20:59",
        "21:18",
        "22:07"
    ],
    "saturday": [
        "6:17",
        "6:57",
        "7:27",
        "7:57",
        "8:28",
        "8:58",
        "9:28",
        "9:58",
        "10:28",
        "10:58",
        "11:27",
        "12:07",
        "12:47",
        "13:32",
        "14:18",
        "14:58",
        "15:33",
        "15:53",
        "16:23",
        "16:53",
        "17:23",
        "17:53",
        "18:23",
        "18:53",
        "19:23",
        "20:12",
        "20:52",
        "21:42"
    ],
    "holiday": [
        "6:47",
        "7:27",
        "8:08",
        "8:48",
        "9:28",
        "9:58",
        "10:28",
        "10:58",
        "11:28",
        "12:08",
        "12:48",
        "13:33",
        "14:18",
        "14:58",
        "15:48",
        "16:28",
        "17:23",
        "17:58",
        "18:28",
        "18:58",
        "19:17",
        "20:07",
        "20:57",
        "21:42"
    ],
    "url": "https://www.kanachu.co.jp/dia/diagram/timetable01_js/course:0000803466-8/node:00129439/kt:0/lname:/"
}
