{
    "date": "2025/07/27",
    "name": "大川橋・本町小学校前",
    "position": "-",
    "system": "秦11",
    "destinations": [
        "市役所前(秦野市)",
        "桜橋(秦野市)",
        "本町中学校前",
        "富士見町入口",
        "富士見橋・警察署入口",
        "浄屋入口",
        "カルチャーパーク前",
        "高砂車庫前"
    ],
    "weekday": [
        "7:12",
        "7:22",
        "7:32",
        "7:42",
        "7:52",
        "8:02",
        "8:22",
        "9:24",
        "9:54",
        "10:24",
        "10:39",
        "11:24",
        "11:39",
        "11:54",
        "12:24",
        "12:39",
        "12:54",
        "13:24",
        "13:39",
        "13:54",
        "14:24",
        "14:39",
        "15:29",
        "16:25",
        "16:55",
        "17:25",
        "17:55",
        "18:25",
        "18:40",
        "18:55",
        "19:24",
        "19:39",
        "19:54",
        "20:14",
        "20:34",
        "20:54",
        "21:14",
        "21:49",
        "22:16",
        "22:46"
    ],
    "saturday": [
        "7:11",
        "7:39",
        "7:54",
        "8:24",
        "8:39",
        "8:54",
        "9:09",
        "9:29",
        "9:49",
        "10:09",
        "10:29",
        "10:49",
        "11:04",
        "11:24",
        "11:44",
        "12:04",
        "12:24",
        "12:44",
        "13:04",
        "13:24",
        "13:44",
        "14:04",
        "14:24",
        "14:44",
        "15:04",
        "15:24",
        "15:44",
        "16:04",
        "16:24",
        "16:44",
        "17:04",
        "17:31",
        "17:47",
        "18:06",
        "18:21",
        "18:36",
        "18:51",
        "19:06",
        "19:26",
        "19:46",
        "20:11",
        "20:46",
        "21:11",
        "21:41",
        "22:26"
    ],
    "holiday": [
        "7:11",
        "7:39",
        "7:54",
        "8:24",
        "8:39",
        "8:54",
        "9:09",
        "9:29",
        "9:49",
        "10:09",
        "10:29",
        "10:49",
        "11:04",
        "11:24",
        "11:44",
        "12:04",
        "12:24",
        "12:44",
        "13:04",
        "13:24",
        "13:44",
        "14:04",
        "14:24",
        "14:44",
        "15:04",
        "15:24",
        "15:44",
        "16:04",
        "16:24",
        "16:44",
        "17:04",
        "17:31",
        "17:47",
        "18:06",
        "18:21",
        "18:36",
        "18:51",
        "19:06",
        "19:26",
        "19:46",
        "20:11",
        "20:46",
        "21:11",
        "21:41",
        "22:26"
    ],
    "url": "https://www.kanachu.co.jp/dia/diagram/timetable01_js/course:0000802939-2/node:00130496/kt:0/lname:/"
}
