{
    "date": "2025/07/27",
    "name": "富士見町入口",
    "position": "-",
    "system": "秦11",
    "destinations": [
        "富士見橋・警察署入口",
        "浄屋入口",
        "カルチャーパーク前",
        "高砂車庫前"
    ],
    "weekday": [
        "7:15",
        "7:25",
        "7:35",
        "7:45",
        "7:55",
        "8:05",
        "8:25",
        "9:27",
        "9:57",
        "10:27",
        "10:42",
        "11:27",
        "11:42",
        "11:57",
        "12:27",
        "12:42",
        "12:57",
        "13:27",
        "13:42",
        "13:57",
        "14:27",
        "14:42",
        "15:32",
        "16:28",
        "16:58",
        "17:28",
        "17:58",
        "18:28",
        "18:43",
        "18:58",
        "19:26",
        "19:41",
        "19:56",
        "20:16",
        "20:36",
        "20:56",
        "21:16",
        "21:51",
        "22:18",
        "22:48"
    ],
    "saturday": [
        "7:14",
        "7:42",
        "7:57",
        "8:27",
        "8:42",
        "8:57",
        "9:12",
        "9:32",
        "9:52",
        "10:12",
        "10:32",
        "10:52",
        "11:07",
        "11:27",
        "11:47",
        "12:07",
        "12:27",
        "12:47",
        "13:07",
        "13:27",
        "13:47",
        "14:07",
        "14:27",
        "14:47",
        "15:07",
        "15:27",
        "15:47",
        "16:07",
        "16:27",
        "16:47",
        "17:07",
        "17:34",
        "17:50",
        "18:09",
        "18:24",
        "18:39",
        "18:54",
        "19:08",
        "19:28",
        "19:48",
        "20:13",
        "20:48",
        "21:13",
        "21:43",
        "22:28"
    ],
    "holiday": [
        "7:13",
        "7:41",
        "7:56",
        "8:26",
        "8:41",
        "8:56",
        "9:12",
        "9:32",
        "9:52",
        "10:12",
        "10:32",
        "10:52",
        "11:07",
        "11:27",
        "11:47",
        "12:07",
        "12:27",
        "12:47",
        "13:07",
        "13:27",
        "13:47",
        "14:07",
        "14:27",
        "14:47",
        "15:07",
        "15:27",
        "15:47",
        "16:07",
        "16:27",
        "16:47",
        "17:07",
        "17:34",
        "17:50",
        "18:09",
        "18:24",
        "18:39",
        "18:54",
        "19:08",
        "19:28",
        "19:48",
        "20:13",
        "20:48",
        "21:13",
        "21:43",
        "22:28"
    ],
    "url": "https://www.kanachu.co.jp/dia/diagram/timetable01_js/course:0000802939-6/node:00127914/kt:0/lname:/"
}
