{
    "date": "2025/07/27",
    "name": "富士見橋・警察署入口",
    "position": "-",
    "system": "秦11",
    "destinations": [
        "浄屋入口",
        "カルチャーパーク前",
        "高砂車庫前"
    ],
    "weekday": [
        "7:17",
        "7:27",
        "7:37",
        "7:47",
        "7:57",
        "8:07",
        "8:27",
        "9:28",
        "9:58",
        "10:28",
        "10:43",
        "11:28",
        "11:43",
        "11:58",
        "12:28",
        "12:43",
        "12:58",
        "13:28",
        "13:43",
        "13:58",
        "14:28",
        "14:43",
        "15:33",
        "16:30",
        "17:00",
        "17:30",
        "18:00",
        "18:30",
        "18:45",
        "19:00",
        "19:27",
        "19:42",
        "19:57",
        "20:17",
        "20:37",
        "20:57",
        "21:17",
        "21:52",
        "22:19",
        "22:49"
    ],
    "saturday": [
        "7:16",
        "7:44",
        "7:59",
        "8:29",
        "8:44",
        "8:59",
        "9:13",
        "9:33",
        "9:53",
        "10:13",
        "10:33",
        "10:53",
        "11:08",
        "11:28",
        "11:48",
        "12:08",
        "12:28",
        "12:48",
        "13:08",
        "13:28",
        "13:48",
        "14:08",
        "14:28",
        "14:48",
        "15:08",
        "15:28",
        "15:48",
        "16:08",
        "16:28",
        "16:48",
        "17:08",
        "17:35",
        "17:51",
        "18:10",
        "18:25",
        "18:40",
        "18:55",
        "19:09",
        "19:29",
        "19:49",
        "20:14",
        "20:49",
        "21:14",
        "21:44",
        "22:29"
    ],
    "holiday": [
        "7:14",
        "7:42",
        "7:57",
        "8:27",
        "8:42",
        "8:57",
        "9:13",
        "9:33",
        "9:53",
        "10:13",
        "10:33",
        "10:53",
        "11:08",
        "11:28",
        "11:48",
        "12:08",
        "12:28",
        "12:48",
        "13:08",
        "13:28",
        "13:48",
        "14:08",
        "14:28",
        "14:48",
        "15:08",
        "15:28",
        "15:48",
        "16:08",
        "16:28",
        "16:48",
        "17:08",
        "17:35",
        "17:51",
        "18:10",
        "18:25",
        "18:40",
        "18:55",
        "19:09",
        "19:29",
        "19:49",
        "20:14",
        "20:49",
        "21:14",
        "21:44",
        "22:29"
    ],
    "url": "https://www.kanachu.co.jp/dia/diagram/timetable01_js/course:0000802939-7/node:00127915/kt:0/lname:/"
}
