{
  "date": "2025/04/01",
  "name": "上宿(町田市)",
  "position": "-",
  "system": "町27",
  "destinations": [
    "下根岸(町田市)",
    "根岸(根岸町/町田市)",
    "馬駈",
    "図師大橋",
    "日影橋",
    "日大三高入口",
    "桜橋(町田市)",
    "大泉寺",
    "山の端",
    "小山田小学校前",
    "押越",
    "小山田(町田市)"
  ],
  "weekday": [
    "9:58",
    "10:47",
    "11:38",
    "12:28",
    "13:15",
    "14:09",
    "14:58",
    "15:48",
    "16:18",
    "16:48",
    "17:30",
    "18:00",
    "18:35",
    "19:07",
    "19:36",
    "20:11",
    "20:46",
    "21:13"
  ],
  "saturday": [
    "9:56",
    "10:46",
    "11:36",
    "12:27",
    "13:16",
    "14:58",
    "15:48",
    "16:37",
    "17:03",
    "17:27",
    "18:18",
    "19:09",
    "19:56",
    "20:48"
  ],
  "holiday": [
    "9:56",
    "10:46",
    "11:36",
    "12:26",
    "13:19",
    "14:59",
    "15:48",
    "16:38",
    "17:28",
    "18:18",
    "19:56",
    "20:48"
  ],
  "url": "https://www.kanachu.co.jp/dia/diagram/timetable01_js/course:0000802478-14/node:00129365/kt:0/lname:/"
}