{
    "date": "2021/04/01",
    "name": "関(相模原市緑区)",
    "position": "-",
    "system": "三53",
    "destinations": [
        "六間入口",
        "南沢(相模原市緑区)",
        "馬石橋",
        "渡戸(相模原市緑区)",
        "中開戸",
        "鳥屋郵便局前",
        "鳥屋学園前",
        "西門坂",
        "鳥屋(相模原市緑区)",
        "鳥居原ふれあいの館"
    ],
    "weekday": [
        "11:41",
        "12:41",
        "15:21",
        "16:21"
    ],
    "saturday": [
        "11:41",
        "12:41",
        "15:21",
        "16:21"
    ],
    "holiday": [
        "11:41",
        "12:41",
        "15:21",
        "16:21"
    ],
    "url": "https://www.kanachu.co.jp/dia/diagram/timetable01_js/course:0000800641-8/node:00128827/kt:0/lname:/"
}
