{
    "date": "2021/04/01",
    "name": "南沢(相模原市緑区)",
    "position": "-",
    "system": "三53",
    "destinations": [
        "馬石橋",
        "渡戸(相模原市緑区)",
        "中開戸",
        "鳥屋郵便局前",
        "鳥屋学園前",
        "西門坂",
        "鳥屋(相模原市緑区)",
        "鳥居原ふれあいの館"
    ],
    "weekday": [
        "11:43",
        "12:43",
        "15:23",
        "16:23"
    ],
    "saturday": [
        "11:43",
        "12:43",
        "15:23",
        "16:23"
    ],
    "holiday": [
        "11:43",
        "12:43",
        "15:23",
        "16:23"
    ],
    "url": "https://www.kanachu.co.jp/dia/diagram/timetable01_js/course:0000800641-10/node:00128829/kt:0/lname:/"
}
