{
    "date": "2025/04/01",
    "name": "鶴川駅",
    "position": "-",
    "system": "鶴57",
    "destinations": [
        "上能ヶ谷",
        "金井入口",
        "金井(町田市)",
        "森の丘入口",
        "金井クラブ",
        "榛名坂ヒルズ",
        "やくし台三丁目",
        "やくし台センター"
    ],
    "weekday": [
        "8:03",
        "8:20",
        "8:35",
        "8:50",
        "9:00",
        "9:20",
        "9:40",
        "10:10",
        "10:40",
        "11:10",
        "11:40",
        "12:10",
        "12:40",
        "13:10",
        "13:40",
        "14:10",
        "14:40",
        "15:10",
        "15:40",
        "16:10",
        "16:40",
        "17:00",
        "17:20",
        "17:40",
        "18:00",
        "18:15",
        "18:30",
        "18:45",
        "19:00",
        "19:15",
        "19:30",
        "19:45",
        "20:05",
        "20:25",
        "20:45",
        "21:10",
        "21:40",
        "22:20",
        "23:10"
    ],
    "saturday": [
        "7:20",
        "7:50",
        "8:20",
        "8:50",
        "9:20",
        "9:50",
        "10:20",
        "10:50",
        "11:00",
        "11:40",
        "12:20",
        "13:10",
        "13:50",
        "14:30",
        "15:05",
        "15:45",
        "16:15",
        "16:45",
        "17:15",
        "17:45",
        "18:15",
        "18:45",
        "19:15",
        "19:45",
        "20:25",
        "21:15",
        "22:05"
    ],
    "holiday": [
        "7:40",
        "8:10",
        "8:50",
        "9:20",
        "9:50",
        "10:25",
        "11:00",
        "11:40",
        "12:20",
        "13:10",
        "13:50",
        "14:30",
        "15:15",
        "16:00",
        "16:50",
        "17:20",
        "17:50",
        "18:20",
        "18:50",
        "19:40",
        "20:30",
        "21:15",
        "22:05"
    ],
    "url": "https://www.kanachu.co.jp/dia/diagram/timetable01_js/course:0000803475-1/node:00049296/kt:0/lname:/"
}
