{
    "system": "平56",
    "busstops": [
        {
            "index": "1",
            "id": "00130526",
            "name": "東駐車場",
            "lat": "35.33747",
            "lng": "139.34564"
        },
        {
            "index": "2",
            "id": "00130527",
            "name": "横浜ゴム食堂",
            "lat": "35.336621",
            "lng": "139.344476"
        },
        {
            "index": "3",
            "id": "00127464",
            "name": "平塚駅北口",
            "lat": "35.329356",
            "lng": "139.350577"
        }
    ],
    "route_url": "https://www.kanachu.co.jp/dia/route/index/cid:0000803251/"
}
