{
    "date": "2025/01/14",
    "name": "合同庁舎前(厚木市)",
    "position": "-",
    "system": "厚25",
    "destinations": [
        "厚木高校前",
        "日立アステモ前",
        "アンリツ前",
        "緑ヶ丘入口(厚木市)",
        "緑ヶ丘一丁目(厚木市)",
        "緑ヶ丘中央(厚木市)",
        "緑ヶ丘小学校前(厚木市)",
        "緑ヶ丘(厚木市)",
        "緑ヶ丘三丁目(厚木市)"
    ],
    "weekday": [
        "8:45",
        "19:57",
        "20:27",
        "23:04"
    ],
    "saturday": [],
    "holiday": [
        "22:40"
    ],
    "url": "https://www.kanachu.co.jp/dia/diagram/timetable01_js/course:0000802956-5/node:00128439/kt:0/lname:/"
}
