{
    "date": "2026/01/16",
    "name": "吾妻神社前(中郡二宮町)",
    "position": "-",
    "system": "二30",
    "destinations": [
        "山西(中郡二宮町)",
        "押切坂上",
        "押切(中郡二宮町)",
        "橘中学校入口(小田原市)",
        "下原(小田原市)",
        "中村原",
        "鐘藪",
        "診療所前(小田原市)",
        "下中小学校前",
        "下中駐在所前",
        "下小竹",
        "坂呂橋",
        "隧道口",
        "上小竹",
        "遠藤(足柄上郡中井町)",
        "北田(足柄上郡中井町)",
        "滝ノ前(足柄上郡中井町)",
        "五所ノ宮",
        "中井郵便局前",
        "万年橋(足柄上郡中井町)",
        "中井役場前",
        "中井町役場入口"
    ],
    "weekday": [
        "6:55",
        "9:10",
        "9:40",
        "10:06",
        "10:35",
        "11:00",
        "11:30",
        "12:07",
        "12:37",
        "13:00",
        "13:30",
        "14:00",
        "14:30",
        "15:00",
        "15:26",
        "16:00",
        "16:32",
        "17:02",
        "17:32",
        "17:57",
        "18:12",
        "18:40",
        "18:58",
        "19:28",
        "19:58",
        "20:24",
        "20:54",
        "21:30",
        "21:56",
        "22:30"
    ],
    "saturday": [
        "7:58",
        "8:32",
        "9:07",
        "9:42",
        "10:07",
        "10:37",
        "11:07",
        "11:37",
        "12:07",
        "12:37",
        "13:07",
        "13:37",
        "14:07",
        "14:37",
        "15:07",
        "15:37",
        "16:07",
        "16:37",
        "17:04",
        "17:34",
        "18:04",
        "18:40",
        "19:10",
        "19:34",
        "20:02",
        "20:37",
        "21:07",
        "22:06"
    ],
    "holiday": [
        "7:58",
        "8:32",
        "9:07",
        "9:42",
        "10:07",
        "10:37",
        "11:07",
        "11:37",
        "12:07",
        "12:37",
        "13:07",
        "13:37",
        "14:07",
        "14:37",
        "15:07",
        "15:37",
        "16:07",
        "16:37",
        "17:04",
        "17:34",
        "18:04",
        "18:40",
        "19:10",
        "19:34",
        "20:02",
        "20:37",
        "21:07",
        "22:06"
    ],
    "url": "https://www.kanachu.co.jp/dia/diagram/timetable01_js/course:0000804137-4/node:00127492/kt:0/lname:/"
}
