{
    "date": "2026/01/16",
    "name": "下原(小田原市)",
    "position": "-",
    "system": "二30",
    "destinations": [
        "中村原",
        "鐘藪",
        "診療所前(小田原市)",
        "下中小学校前",
        "下中駐在所前",
        "下小竹",
        "坂呂橋",
        "隧道口",
        "上小竹",
        "遠藤(足柄上郡中井町)",
        "北田(足柄上郡中井町)",
        "滝ノ前(足柄上郡中井町)",
        "五所ノ宮",
        "中井郵便局前",
        "万年橋(足柄上郡中井町)",
        "中井役場前",
        "中井町役場入口"
    ],
    "weekday": [
        "7:01",
        "9:14",
        "9:44",
        "10:10",
        "10:39",
        "11:04",
        "11:34",
        "12:11",
        "12:41",
        "13:04",
        "13:34",
        "14:04",
        "14:34",
        "15:04",
        "15:30",
        "16:04",
        "16:36",
        "17:06",
        "17:36",
        "18:01",
        "18:16",
        "18:44",
        "19:02",
        "19:32",
        "20:02",
        "20:28",
        "20:58",
        "21:34",
        "22:00",
        "22:34"
    ],
    "saturday": [
        "8:02",
        "8:36",
        "9:11",
        "9:46",
        "10:11",
        "10:41",
        "11:11",
        "11:41",
        "12:11",
        "12:41",
        "13:11",
        "13:41",
        "14:11",
        "14:41",
        "15:11",
        "15:41",
        "16:11",
        "16:41",
        "17:08",
        "17:38",
        "18:08",
        "18:44",
        "19:14",
        "19:38",
        "20:06",
        "20:41",
        "21:11",
        "22:10"
    ],
    "holiday": [
        "8:02",
        "8:36",
        "9:11",
        "9:46",
        "10:11",
        "10:41",
        "11:11",
        "11:41",
        "12:11",
        "12:41",
        "13:11",
        "13:41",
        "14:11",
        "14:41",
        "15:11",
        "15:41",
        "16:11",
        "16:41",
        "17:08",
        "17:38",
        "18:08",
        "18:44",
        "19:14",
        "19:38",
        "20:06",
        "20:41",
        "21:11",
        "22:10"
    ],
    "url": "https://www.kanachu.co.jp/dia/diagram/timetable01_js/course:0000804137-9/node:00127977/kt:0/lname:/"
}
