{
    "date": "2026/01/16",
    "name": "下中小学校前",
    "position": "-",
    "system": "二30",
    "destinations": [
        "下中駐在所前",
        "下小竹",
        "坂呂橋",
        "隧道口",
        "上小竹",
        "遠藤(足柄上郡中井町)",
        "北田(足柄上郡中井町)",
        "滝ノ前(足柄上郡中井町)",
        "五所ノ宮",
        "中井郵便局前",
        "万年橋(足柄上郡中井町)",
        "中井役場前",
        "中井町役場入口"
    ],
    "weekday": [
        "7:04",
        "9:17",
        "9:47",
        "10:13",
        "10:42",
        "11:07",
        "11:37",
        "12:14",
        "12:44",
        "13:07",
        "13:37",
        "14:07",
        "14:37",
        "15:07",
        "15:33",
        "16:07",
        "16:39",
        "17:09",
        "17:39",
        "18:04",
        "18:19",
        "18:47",
        "19:05",
        "19:35",
        "20:05",
        "20:31",
        "21:01",
        "21:37",
        "22:03",
        "22:37"
    ],
    "saturday": [
        "8:05",
        "8:39",
        "9:14",
        "9:49",
        "10:14",
        "10:44",
        "11:14",
        "11:44",
        "12:14",
        "12:44",
        "13:14",
        "13:44",
        "14:14",
        "14:44",
        "15:14",
        "15:44",
        "16:14",
        "16:44",
        "17:11",
        "17:41",
        "18:11",
        "18:47",
        "19:17",
        "19:41",
        "20:09",
        "20:44",
        "21:14",
        "22:13"
    ],
    "holiday": [
        "8:05",
        "8:39",
        "9:14",
        "9:49",
        "10:14",
        "10:44",
        "11:14",
        "11:44",
        "12:14",
        "12:44",
        "13:14",
        "13:44",
        "14:14",
        "14:44",
        "15:14",
        "15:44",
        "16:14",
        "16:44",
        "17:11",
        "17:41",
        "18:11",
        "18:47",
        "19:17",
        "19:41",
        "20:09",
        "20:44",
        "21:14",
        "22:13"
    ],
    "url": "https://www.kanachu.co.jp/dia/diagram/timetable01_js/course:0000804137-13/node:00127974/kt:0/lname:/"
}
