{
    "date": "2026/01/16",
    "name": "下小竹",
    "position": "-",
    "system": "二30",
    "destinations": [
        "坂呂橋",
        "隧道口",
        "上小竹",
        "遠藤(足柄上郡中井町)",
        "北田(足柄上郡中井町)",
        "滝ノ前(足柄上郡中井町)",
        "五所ノ宮",
        "中井郵便局前",
        "万年橋(足柄上郡中井町)",
        "中井役場前",
        "中井町役場入口"
    ],
    "weekday": [
        "7:06",
        "9:19",
        "9:49",
        "10:15",
        "10:44",
        "11:09",
        "11:39",
        "12:16",
        "12:46",
        "13:09",
        "13:39",
        "14:09",
        "14:39",
        "15:09",
        "15:35",
        "16:09",
        "16:41",
        "17:11",
        "17:41",
        "18:06",
        "18:21",
        "18:49",
        "19:07",
        "19:37",
        "20:07",
        "20:33",
        "21:03",
        "21:39",
        "22:05",
        "22:39"
    ],
    "saturday": [
        "8:07",
        "8:41",
        "9:16",
        "9:51",
        "10:16",
        "10:46",
        "11:16",
        "11:46",
        "12:16",
        "12:46",
        "13:16",
        "13:46",
        "14:16",
        "14:46",
        "15:16",
        "15:46",
        "16:16",
        "16:46",
        "17:13",
        "17:43",
        "18:13",
        "18:49",
        "19:19",
        "19:43",
        "20:11",
        "20:46",
        "21:16",
        "22:15"
    ],
    "holiday": [
        "8:07",
        "8:41",
        "9:16",
        "9:51",
        "10:16",
        "10:46",
        "11:16",
        "11:46",
        "12:16",
        "12:46",
        "13:16",
        "13:46",
        "14:16",
        "14:46",
        "15:16",
        "15:46",
        "16:16",
        "16:46",
        "17:13",
        "17:43",
        "18:13",
        "18:49",
        "19:19",
        "19:43",
        "20:11",
        "20:46",
        "21:16",
        "22:15"
    ],
    "url": "https://www.kanachu.co.jp/dia/diagram/timetable01_js/course:0000804137-15/node:00127972/kt:0/lname:/"
}
