{
    "date": "2026/01/16",
    "name": "隧道口",
    "position": "-",
    "system": "二30",
    "destinations": [
        "上小竹",
        "遠藤(足柄上郡中井町)",
        "北田(足柄上郡中井町)",
        "滝ノ前(足柄上郡中井町)",
        "五所ノ宮",
        "中井郵便局前",
        "万年橋(足柄上郡中井町)",
        "中井役場前",
        "中井町役場入口"
    ],
    "weekday": [
        "7:08",
        "9:21",
        "9:51",
        "10:17",
        "10:46",
        "11:11",
        "11:41",
        "12:18",
        "12:48",
        "13:11",
        "13:41",
        "14:11",
        "14:41",
        "15:11",
        "15:37",
        "16:11",
        "16:43",
        "17:13",
        "17:43",
        "18:08",
        "18:23",
        "18:51",
        "19:09",
        "19:39",
        "20:09",
        "20:35",
        "21:05",
        "21:41",
        "22:07",
        "22:41"
    ],
    "saturday": [
        "8:09",
        "8:43",
        "9:18",
        "9:53",
        "10:18",
        "10:48",
        "11:18",
        "11:48",
        "12:18",
        "12:48",
        "13:18",
        "13:48",
        "14:18",
        "14:48",
        "15:18",
        "15:48",
        "16:18",
        "16:48",
        "17:15",
        "17:45",
        "18:15",
        "18:51",
        "19:21",
        "19:45",
        "20:13",
        "20:48",
        "21:18",
        "22:17"
    ],
    "holiday": [
        "8:09",
        "8:43",
        "9:18",
        "9:53",
        "10:18",
        "10:48",
        "11:18",
        "11:48",
        "12:18",
        "12:48",
        "13:18",
        "13:48",
        "14:18",
        "14:48",
        "15:18",
        "15:48",
        "16:18",
        "16:48",
        "17:15",
        "17:45",
        "18:15",
        "18:51",
        "19:21",
        "19:45",
        "20:13",
        "20:48",
        "21:18",
        "22:17"
    ],
    "url": "https://www.kanachu.co.jp/dia/diagram/timetable01_js/course:0000804137-17/node:00127970/kt:0/lname:/"
}
