{
    "date": "2026/01/16",
    "name": "滝ノ前(足柄上郡中井町)",
    "position": "-",
    "system": "二30",
    "destinations": [
        "五所ノ宮",
        "中井郵便局前",
        "万年橋(足柄上郡中井町)",
        "中井役場前",
        "中井町役場入口"
    ],
    "weekday": [
        "7:11",
        "9:24",
        "9:54",
        "10:20",
        "10:49",
        "11:14",
        "11:44",
        "12:21",
        "12:51",
        "13:14",
        "13:44",
        "14:14",
        "14:44",
        "15:14",
        "15:40",
        "16:14",
        "16:46",
        "17:16",
        "17:46",
        "18:11",
        "18:26",
        "18:54",
        "19:12",
        "19:42",
        "20:12",
        "20:38",
        "21:08",
        "21:44",
        "22:10",
        "22:44"
    ],
    "saturday": [
        "8:12",
        "8:46",
        "9:21",
        "9:56",
        "10:21",
        "10:51",
        "11:21",
        "11:51",
        "12:21",
        "12:51",
        "13:21",
        "13:51",
        "14:21",
        "14:51",
        "15:21",
        "15:51",
        "16:21",
        "16:51",
        "17:18",
        "17:48",
        "18:18",
        "18:54",
        "19:24",
        "19:48",
        "20:16",
        "20:51",
        "21:21",
        "22:20"
    ],
    "holiday": [
        "8:12",
        "8:46",
        "9:21",
        "9:56",
        "10:21",
        "10:51",
        "11:21",
        "11:51",
        "12:21",
        "12:51",
        "13:21",
        "13:51",
        "14:21",
        "14:51",
        "15:21",
        "15:51",
        "16:21",
        "16:51",
        "17:18",
        "17:48",
        "18:18",
        "18:54",
        "19:24",
        "19:48",
        "20:16",
        "20:51",
        "21:21",
        "22:20"
    ],
    "url": "https://www.kanachu.co.jp/dia/diagram/timetable01_js/course:0000804137-21/node:00127966/kt:0/lname:/"
}
