{
    "date": "2025/02/24",
    "name": "富士見通り商店街",
    "position": "-",
    "system": "い04",
    "destinations": [
        "富士見台(横浜市瀬谷区)",
        "住宅前(横浜市瀬谷区)",
        "旭ヶ丘(横浜市瀬谷区)",
        "三ツ境小学校前",
        "原中学校前",
        "向原(横浜市瀬谷区)",
        "原店(横浜市瀬谷区)",
        "阿久和坂上",
        "新和入口",
        "山王塚(横浜市瀬谷区)",
        "変電所前(横浜市泉区)",
        "和泉台",
        "松陽高校前",
        "グリーンハイム前",
        "いずみ野駅"
    ],
    "weekday": [
        "6:33",
        "6:57",
        "7:27",
        "7:56",
        "8:31",
        "9:01",
        "9:46",
        "10:16",
        "11:01",
        "11:31",
        "12:16",
        "12:46",
        "13:31",
        "14:01",
        "14:46",
        "15:16",
        "16:01",
        "16:31",
        "17:16",
        "17:46",
        "18:16",
        "18:51",
        "19:21",
        "19:51",
        "20:31"
    ],
    "saturday": [
        "7:13",
        "7:46",
        "8:16",
        "9:01",
        "9:31",
        "10:16",
        "10:46",
        "11:31",
        "12:01",
        "12:46",
        "13:16",
        "14:01",
        "14:31",
        "15:16",
        "15:46",
        "16:31",
        "17:01",
        "17:46",
        "18:16",
        "19:01",
        "19:31"
    ],
    "holiday": [
        "7:13",
        "7:46",
        "8:16",
        "9:01",
        "9:31",
        "10:16",
        "10:46",
        "11:31",
        "12:01",
        "12:46",
        "13:16",
        "14:01",
        "14:31",
        "15:16",
        "15:46",
        "16:31",
        "17:01",
        "17:46",
        "18:16",
        "19:01",
        "19:31"
    ],
    "url": "https://www.kanachu.co.jp/dia/diagram/timetable01_js/course:0000800842-3/node:00126705/kt:0/lname:/"
}
