{
    "date": "2025/02/24",
    "name": "住宅前(横浜市瀬谷区)",
    "position": "-",
    "system": "い04",
    "destinations": [
        "旭ヶ丘(横浜市瀬谷区)",
        "三ツ境小学校前",
        "原中学校前",
        "向原(横浜市瀬谷区)",
        "原店(横浜市瀬谷区)",
        "阿久和坂上",
        "新和入口",
        "山王塚(横浜市瀬谷区)",
        "変電所前(横浜市泉区)",
        "和泉台",
        "松陽高校前",
        "グリーンハイム前",
        "いずみ野駅"
    ],
    "weekday": [
        "6:35",
        "6:59",
        "7:29",
        "7:58",
        "8:33",
        "9:03",
        "9:48",
        "10:18",
        "11:03",
        "11:33",
        "12:18",
        "12:48",
        "13:33",
        "14:03",
        "14:48",
        "15:18",
        "16:03",
        "16:33",
        "17:18",
        "17:48",
        "18:18",
        "18:53",
        "19:23",
        "19:53",
        "20:33"
    ],
    "saturday": [
        "7:15",
        "7:48",
        "8:18",
        "9:03",
        "9:33",
        "10:18",
        "10:48",
        "11:33",
        "12:03",
        "12:48",
        "13:18",
        "14:03",
        "14:33",
        "15:18",
        "15:48",
        "16:33",
        "17:03",
        "17:48",
        "18:18",
        "19:03",
        "19:33"
    ],
    "holiday": [
        "7:15",
        "7:48",
        "8:18",
        "9:03",
        "9:33",
        "10:18",
        "10:48",
        "11:33",
        "12:03",
        "12:48",
        "13:18",
        "14:03",
        "14:33",
        "15:18",
        "15:48",
        "16:33",
        "17:03",
        "17:48",
        "18:18",
        "19:03",
        "19:33"
    ],
    "url": "https://www.kanachu.co.jp/dia/diagram/timetable01_js/course:0000800842-5/node:00126703/kt:0/lname:/"
}
