{
    "date": "2025/02/24",
    "name": "原店(横浜市瀬谷区)",
    "position": "-",
    "system": "",
    "destinations": [
        "阿久和坂上",
        "新和入口",
        "山王塚(横浜市瀬谷区)",
        "変電所前(横浜市泉区)",
        "和泉台",
        "松陽高校前",
        "グリーンハイム前",
        "いずみ野駅"
    ],
    "weekday": [
        "6:41",
        "7:05",
        "7:35",
        "8:04",
        "8:39",
        "9:09",
        "9:54",
        "10:24",
        "11:09",
        "11:39",
        "12:24",
        "12:54",
        "13:39",
        "14:09",
        "14:54",
        "15:24",
        "16:09",
        "16:39",
        "17:24",
        "17:54",
        "18:24",
        "18:59",
        "19:29",
        "19:59",
        "20:39"
    ],
    "saturday": [
        "7:21",
        "7:54",
        "8:24",
        "9:09",
        "9:39",
        "10:24",
        "10:54",
        "11:39",
        "12:09",
        "12:54",
        "13:24",
        "14:09",
        "14:39",
        "15:24",
        "15:54",
        "16:39",
        "17:09",
        "17:54",
        "18:24",
        "19:09",
        "19:39"
    ],
    "holiday": [
        "7:21",
        "7:54",
        "8:24",
        "9:09",
        "9:39",
        "10:24",
        "10:54",
        "11:39",
        "12:09",
        "12:54",
        "13:24",
        "14:09",
        "14:39",
        "15:24",
        "15:54",
        "16:39",
        "17:09",
        "17:54",
        "18:24",
        "19:09",
        "19:39"
    ],
    "url": "https://www.kanachu.co.jp/dia/diagram/timetable01_js/course:0000800842-10/node:00126946/kt:0/lname:/"
}
