{
    "date": "2025/02/24",
    "name": "阿久和坂上",
    "position": "-",
    "system": "い04",
    "destinations": [
        "新和入口",
        "山王塚(横浜市瀬谷区)",
        "変電所前(横浜市泉区)",
        "和泉台",
        "松陽高校前",
        "グリーンハイム前",
        "いずみ野駅"
    ],
    "weekday": [
        "6:43",
        "7:07",
        "7:37",
        "8:06",
        "8:41",
        "9:11",
        "9:56",
        "10:26",
        "11:11",
        "11:41",
        "12:26",
        "12:56",
        "13:41",
        "14:11",
        "14:56",
        "15:26",
        "16:11",
        "16:41",
        "17:26",
        "17:56",
        "18:26",
        "19:01",
        "19:31",
        "20:01",
        "20:41"
    ],
    "saturday": [
        "7:23",
        "7:56",
        "8:26",
        "9:11",
        "9:41",
        "10:26",
        "10:56",
        "11:41",
        "12:11",
        "12:56",
        "13:26",
        "14:11",
        "14:41",
        "15:26",
        "15:56",
        "16:41",
        "17:11",
        "17:56",
        "18:26",
        "19:11",
        "19:41"
    ],
    "holiday": [
        "7:23",
        "7:56",
        "8:26",
        "9:11",
        "9:41",
        "10:26",
        "10:56",
        "11:41",
        "12:11",
        "12:56",
        "13:26",
        "14:11",
        "14:41",
        "15:26",
        "15:56",
        "16:41",
        "17:11",
        "17:56",
        "18:26",
        "19:11",
        "19:41"
    ],
    "url": "https://www.kanachu.co.jp/dia/diagram/timetable01_js/course:0000800842-11/node:00126945/kt:0/lname:/"
}
