{
    "date": "2025/02/24",
    "name": "和泉台",
    "position": "-",
    "system": "い04",
    "destinations": [
        "松陽高校前",
        "グリーンハイム前",
        "いずみ野駅"
    ],
    "weekday": [
        "6:46",
        "7:10",
        "7:42",
        "8:11",
        "8:46",
        "9:16",
        "10:01",
        "10:31",
        "11:16",
        "11:46",
        "12:31",
        "13:01",
        "13:46",
        "14:16",
        "15:01",
        "15:31",
        "16:16",
        "16:46",
        "17:31",
        "18:01",
        "18:31",
        "19:06",
        "19:36",
        "20:06",
        "20:46"
    ],
    "saturday": [
        "7:26",
        "8:01",
        "8:31",
        "9:16",
        "9:46",
        "10:31",
        "11:01",
        "11:46",
        "12:16",
        "13:01",
        "13:31",
        "14:16",
        "14:46",
        "15:31",
        "16:01",
        "16:46",
        "17:16",
        "18:01",
        "18:31",
        "19:16",
        "19:46"
    ],
    "holiday": [
        "7:26",
        "8:01",
        "8:31",
        "9:16",
        "9:46",
        "10:31",
        "11:01",
        "11:46",
        "12:16",
        "13:01",
        "13:31",
        "14:16",
        "14:46",
        "15:31",
        "16:01",
        "16:46",
        "17:16",
        "18:01",
        "18:31",
        "19:16",
        "19:46"
    ],
    "url": "https://www.kanachu.co.jp/dia/diagram/timetable01_js/course:0000800842-15/node:00126938/kt:0/lname:/"
}
