{
    "date": "2024/07/08",
    "name": "町田市役所市民ホール前",
    "position": "-",
    "system": "町66",
    "destinations": [
        "町田バスセンター"
    ],
    "weekday": [
        "8:14",
        "8:41",
        "9:35",
        "10:05",
        "10:43",
        "11:40",
        "12:40",
        "13:40",
        "14:40",
        "15:41"
    ],
    "saturday": [],
    "holiday": [],
    "url": "https://www.kanachu.co.jp/dia/diagram/timetable01_js/course:0000803212-15/node:00129356/kt:0/lname:/"
}
