{
    "date": "2025/08/04",
    "name": "上大戸",
    "position": "-",
    "system": "橋63",
    "destinations": [
        "大戸橋",
        "法政大学入口",
        "法政大学(町田市)",
        "公会堂前(町田市)",
        "水の口(町田市)",
        "円林寺前",
        "境橋(町田市)",
        "根岸(相原町/町田市)",
        "相原十字路",
        "開都",
        "相原小学校前",
        "諏訪神社前(町田市)",
        "相原駅西口",
        "相原(町田市)",
        "堺市民センター前",
        "堺中学校前",
        "堺農協前",
        "坂下(町田街道側/町田市)",
        "相原境",
        "久保ヶ谷戸",
        "寿橋",
        "寿町(相模原市緑区)",
        "旭農協前",
        "橋本駅北口"
    ],
    "weekday": [
        "9:53",
        "10:38",
        "11:16",
        "12:17",
        "12:56",
        "13:46",
        "14:48",
        "15:16",
        "15:56",
        "16:34",
        "17:27",
        "18:14",
        "19:14",
        "19:41",
        "20:21",
        "21:09"
    ],
    "saturday": [
        "9:57",
        "10:35",
        "11:22",
        "12:14",
        "12:49",
        "13:43",
        "14:22",
        "15:03",
        "15:48",
        "16:38",
        "17:22",
        "18:09",
        "18:51",
        "19:44",
        "20:19"
    ],
    "holiday": [
        "9:57",
        "10:35",
        "11:22",
        "12:14",
        "12:49",
        "13:43",
        "14:27",
        "15:03",
        "15:48",
        "16:38",
        "17:22",
        "18:09",
        "18:51",
        "19:44"
    ],
    "url": "https://www.kanachu.co.jp/dia/diagram/timetable01_js/course:0000803039-3/node:00128896/kt:0/lname:/"
}
