{
    "date": "2025/08/04",
    "name": "法政大学(町田市)",
    "position": "-",
    "system": "橋63",
    "destinations": [
        "公会堂前(町田市)",
        "水の口(町田市)",
        "円林寺前",
        "境橋(町田市)",
        "根岸(相原町/町田市)",
        "相原十字路",
        "開都",
        "相原小学校前",
        "諏訪神社前(町田市)",
        "相原駅西口",
        "相原(町田市)",
        "堺市民センター前",
        "堺中学校前",
        "堺農協前",
        "坂下(町田街道側/町田市)",
        "相原境",
        "久保ヶ谷戸",
        "寿橋",
        "寿町(相模原市緑区)",
        "旭農協前",
        "橋本駅北口"
    ],
    "weekday": [
        "9:59",
        "10:44",
        "11:22",
        "12:23",
        "13:02",
        "13:52",
        "14:54",
        "15:22",
        "16:02",
        "16:40",
        "17:33",
        "18:20",
        "19:20",
        "19:47",
        "20:27",
        "21:15"
    ],
    "saturday": [
        "10:03",
        "10:41",
        "11:28",
        "12:20",
        "12:55",
        "13:49",
        "14:28",
        "15:09",
        "15:54",
        "16:44",
        "17:28",
        "18:15",
        "18:57",
        "19:50",
        "20:25"
    ],
    "holiday": [
        "10:03",
        "10:41",
        "11:28",
        "12:20",
        "12:55",
        "13:49",
        "14:33",
        "15:09",
        "15:54",
        "16:44",
        "17:28",
        "18:15",
        "18:57",
        "19:50"
    ],
    "url": "https://www.kanachu.co.jp/dia/diagram/timetable01_js/course:0000803039-6/node:00021279/kt:0/lname:/"
}
