{
    "date": "2025/08/04",
    "name": "相原小学校前",
    "position": "-",
    "system": "橋63",
    "destinations": [
        "諏訪神社前(町田市)",
        "相原駅西口",
        "相原(町田市)",
        "堺市民センター前",
        "堺中学校前",
        "堺農協前",
        "坂下(町田街道側/町田市)",
        "相原境",
        "久保ヶ谷戸",
        "寿橋",
        "寿町(相模原市緑区)",
        "旭農協前",
        "橋本駅北口"
    ],
    "weekday": [
        "10:06",
        "10:51",
        "11:29",
        "12:30",
        "13:09",
        "13:59",
        "15:01",
        "15:29",
        "16:09",
        "16:47",
        "17:40",
        "18:27",
        "19:27",
        "19:54",
        "20:34",
        "21:22"
    ],
    "saturday": [
        "10:10",
        "10:48",
        "11:35",
        "12:27",
        "13:02",
        "13:56",
        "14:35",
        "15:16",
        "16:01",
        "16:51",
        "17:35",
        "18:22",
        "19:04",
        "19:57",
        "20:32"
    ],
    "holiday": [
        "10:10",
        "10:48",
        "11:35",
        "12:27",
        "13:02",
        "13:56",
        "14:40",
        "15:16",
        "16:01",
        "16:51",
        "17:35",
        "18:22",
        "19:04",
        "19:57"
    ],
    "url": "https://www.kanachu.co.jp/dia/diagram/timetable01_js/course:0000803039-14/node:00128887/kt:0/lname:/"
}
