{
    "date": "2025/08/04",
    "name": "寿橋",
    "position": "-",
    "system": "橋63",
    "destinations": [
        "寿町(相模原市緑区)",
        "旭農協前",
        "橋本駅北口"
    ],
    "weekday": [
        "10:20",
        "11:05",
        "11:43",
        "12:44",
        "13:23",
        "14:13",
        "15:15",
        "15:43",
        "16:23",
        "17:01",
        "17:54",
        "18:41",
        "19:40",
        "20:07",
        "20:47",
        "21:35"
    ],
    "saturday": [
        "10:24",
        "11:02",
        "11:49",
        "12:41",
        "13:16",
        "14:10",
        "14:49",
        "15:30",
        "16:15",
        "17:05",
        "17:49",
        "18:36",
        "19:17",
        "20:10",
        "20:45"
    ],
    "holiday": [
        "10:24",
        "11:02",
        "11:49",
        "12:41",
        "13:16",
        "14:10",
        "14:54",
        "15:30",
        "16:15",
        "17:05",
        "17:49",
        "18:36",
        "19:17",
        "20:10"
    ],
    "url": "https://www.kanachu.co.jp/dia/diagram/timetable01_js/course:0000803039-24/node:00130222/kt:0/lname:/"
}
