{
    "date": "2024/09/02",
    "name": "二軒家(横浜市戸塚区)",
    "position": "-",
    "system": "戸60",
    "destinations": [
        "中村三叉路",
        "宝寿院前",
        "五霊神社前",
        "横浜桜陽高校前",
        "細田(横浜市戸塚区)",
        "大坂台",
        "大坂下",
        "八坂神社前",
        "消防署前(横浜市戸塚区)",
        "戸塚駅西口",
        "戸塚バスセンター"
    ],
    "weekday": [
        "5:37",
        "5:59",
        "6:11",
        "6:23",
        "6:35",
        "6:43",
        "6:51",
        "6:59",
        "7:07",
        "7:14",
        "7:22",
        "7:29",
        "7:37",
        "7:44",
        "7:52",
        "8:02",
        "8:17",
        "8:32",
        "8:47",
        "9:02",
        "9:17",
        "9:32",
        "9:47",
        "10:02",
        "10:17",
        "10:37",
        "10:57",
        "11:17",
        "11:37",
        "11:57",
        "12:17",
        "12:37",
        "12:57",
        "13:17",
        "13:37",
        "13:57",
        "14:17",
        "14:37",
        "14:57",
        "15:17",
        "15:37",
        "15:47",
        "15:57",
        "16:12",
        "16:27",
        "16:42",
        "16:57",
        "17:17",
        "17:37",
        "17:57",
        "18:17",
        "18:37",
        "18:57",
        "19:27",
        "19:57",
        "20:37",
        "21:22",
        "22:07",
        "22:55"
    ],
    "saturday": [
        "5:40",
        "6:14",
        "6:47",
        "7:07",
        "7:27",
        "7:47",
        "8:07",
        "8:27",
        "8:47",
        "9:07",
        "9:27",
        "9:47",
        "10:07",
        "10:27",
        "10:47",
        "11:07",
        "11:27",
        "11:47",
        "12:07",
        "12:27",
        "12:47",
        "13:07",
        "13:27",
        "13:47",
        "14:07",
        "14:27",
        "14:47",
        "15:07",
        "15:27",
        "15:47",
        "16:07",
        "16:27",
        "16:47",
        "17:07",
        "17:27",
        "17:47",
        "18:07",
        "18:27",
        "18:47",
        "19:07",
        "19:37",
        "20:17",
        "20:57",
        "21:37"
    ],
    "holiday": [
        "5:40",
        "6:14",
        "6:47",
        "7:07",
        "7:27",
        "7:47",
        "8:07",
        "8:27",
        "8:47",
        "9:07",
        "9:27",
        "9:47",
        "10:07",
        "10:27",
        "10:47",
        "11:07",
        "11:27",
        "11:47",
        "12:07",
        "12:27",
        "12:47",
        "13:07",
        "13:27",
        "13:47",
        "14:07",
        "14:27",
        "14:47",
        "15:07",
        "15:27",
        "15:47",
        "16:07",
        "16:27",
        "16:47",
        "17:07",
        "17:27",
        "17:47",
        "18:07",
        "18:27",
        "18:47",
        "19:07",
        "19:37",
        "20:17",
        "20:57",
        "21:37"
    ],
    "url": "https://www.kanachu.co.jp/dia/diagram/timetable01_js/course:0000803584-7/node:00126830/kt:0/lname:/"
}
