{
    "date": "2026/01/16",
    "name": "三ツ境駅前",
    "position": "-",
    "system": "い04",
    "destinations": [
        "富士見通り商店街",
        "富士見台(横浜市瀬谷区)",
        "住宅前(横浜市瀬谷区)",
        "旭ヶ丘(横浜市瀬谷区)",
        "三ツ境小学校前",
        "原中学校前",
        "向原(横浜市瀬谷区)",
        "原店(横浜市瀬谷区)",
        "阿久和坂上",
        "新和入口",
        "山王塚(横浜市瀬谷区)",
        "変電所前(横浜市泉区)",
        "和泉台",
        "松陽高校前",
        "グリーンハイム前",
        "いずみ野駅"
    ],
    "weekday": [
        "6:32",
        "6:56",
        "7:26",
        "7:55",
        "8:30",
        "9:00",
        "9:45",
        "10:15",
        "11:00",
        "11:30",
        "12:15",
        "12:45",
        "13:30",
        "14:00",
        "14:45",
        "15:15",
        "16:00",
        "16:30",
        "17:15",
        "17:45",
        "18:15",
        "18:50",
        "19:20",
        "19:50",
        "20:30"
    ],
    "saturday": [
        "7:12",
        "7:45",
        "8:15",
        "9:00",
        "9:30",
        "10:15",
        "10:45",
        "11:30",
        "12:00",
        "12:45",
        "13:15",
        "14:00",
        "14:30",
        "15:15",
        "15:45",
        "16:30",
        "17:00",
        "17:45",
        "18:15",
        "19:00",
        "19:30"
    ],
    "holiday": [
        "7:12",
        "7:45",
        "8:15",
        "9:00",
        "9:30",
        "10:15",
        "10:45",
        "11:30",
        "12:00",
        "12:45",
        "13:15",
        "14:00",
        "14:30",
        "15:15",
        "15:45",
        "16:30",
        "17:00",
        "17:45",
        "18:15",
        "19:00",
        "19:30"
    ],
    "url": "https://www.kanachu.co.jp/dia/diagram/timetable01_js/course:0000804092-2/node:00126707/kt:0/lname:/"
}
