{
    "date": "2026/01/16",
    "name": "富士見台(横浜市瀬谷区)",
    "position": "-",
    "system": "い04",
    "destinations": [
        "住宅前(横浜市瀬谷区)",
        "旭ヶ丘(横浜市瀬谷区)",
        "三ツ境小学校前",
        "原中学校前",
        "向原(横浜市瀬谷区)",
        "原店(横浜市瀬谷区)",
        "阿久和坂上",
        "新和入口",
        "山王塚(横浜市瀬谷区)",
        "変電所前(横浜市泉区)",
        "和泉台",
        "松陽高校前",
        "グリーンハイム前",
        "いずみ野駅"
    ],
    "weekday": [
        "6:34",
        "6:58",
        "7:28",
        "7:57",
        "8:32",
        "9:02",
        "9:47",
        "10:17",
        "11:02",
        "11:32",
        "12:17",
        "12:47",
        "13:32",
        "14:02",
        "14:47",
        "15:17",
        "16:02",
        "16:32",
        "17:17",
        "17:47",
        "18:17",
        "18:52",
        "19:22",
        "19:52",
        "20:32"
    ],
    "saturday": [
        "7:14",
        "7:47",
        "8:17",
        "9:02",
        "9:32",
        "10:17",
        "10:47",
        "11:32",
        "12:02",
        "12:47",
        "13:17",
        "14:02",
        "14:32",
        "15:17",
        "15:47",
        "16:32",
        "17:02",
        "17:47",
        "18:17",
        "19:02",
        "19:32"
    ],
    "holiday": [
        "7:14",
        "7:47",
        "8:17",
        "9:02",
        "9:32",
        "10:17",
        "10:47",
        "11:32",
        "12:02",
        "12:47",
        "13:17",
        "14:02",
        "14:32",
        "15:17",
        "15:47",
        "16:32",
        "17:02",
        "17:47",
        "18:17",
        "19:02",
        "19:32"
    ],
    "url": "https://www.kanachu.co.jp/dia/diagram/timetable01_js/course:0000804092-4/node:00126704/kt:0/lname:/"
}
