{
    "date": "2026/01/16",
    "name": "変電所前(横浜市泉区)",
    "position": "-",
    "system": "い04",
    "destinations": [
        "和泉台",
        "松陽高校前",
        "グリーンハイム前",
        "いずみ野駅"
    ],
    "weekday": [
        "6:45",
        "7:09",
        "7:41",
        "8:10",
        "8:45",
        "9:15",
        "10:00",
        "10:30",
        "11:15",
        "11:45",
        "12:30",
        "13:00",
        "13:45",
        "14:15",
        "15:00",
        "15:30",
        "16:15",
        "16:45",
        "17:30",
        "18:00",
        "18:30",
        "19:05",
        "19:35",
        "20:05",
        "20:45"
    ],
    "saturday": [
        "7:25",
        "8:00",
        "8:30",
        "9:15",
        "9:45",
        "10:30",
        "11:00",
        "11:45",
        "12:15",
        "13:00",
        "13:30",
        "14:15",
        "14:45",
        "15:30",
        "16:00",
        "16:45",
        "17:15",
        "18:00",
        "18:30",
        "19:15",
        "19:45"
    ],
    "holiday": [
        "7:25",
        "8:00",
        "8:30",
        "9:15",
        "9:45",
        "10:30",
        "11:00",
        "11:45",
        "12:15",
        "13:00",
        "13:30",
        "14:15",
        "14:45",
        "15:30",
        "16:00",
        "16:45",
        "17:15",
        "18:00",
        "18:30",
        "19:15",
        "19:45"
    ],
    "url": "https://www.kanachu.co.jp/dia/diagram/timetable01_js/course:0000804092-14/node:00126937/kt:0/lname:/"
}
