{
    "date": "2026/01/16",
    "name": "グリーンハイム前",
    "position": "-",
    "system": "い04",
    "destinations": [
        "いずみ野駅"
    ],
    "weekday": [
        "6:48",
        "7:12",
        "7:44",
        "8:13",
        "8:48",
        "9:18",
        "10:03",
        "10:33",
        "11:18",
        "11:48",
        "12:33",
        "13:03",
        "13:48",
        "14:18",
        "15:03",
        "15:33",
        "16:18",
        "16:48",
        "17:33",
        "18:03",
        "18:33",
        "19:08",
        "19:38",
        "20:08",
        "20:48"
    ],
    "saturday": [
        "7:28",
        "8:03",
        "8:33",
        "9:18",
        "9:48",
        "10:33",
        "11:03",
        "11:48",
        "12:18",
        "13:03",
        "13:33",
        "14:18",
        "14:48",
        "15:33",
        "16:03",
        "16:48",
        "17:18",
        "18:03",
        "18:33",
        "19:18",
        "19:48"
    ],
    "holiday": [
        "7:28",
        "8:03",
        "8:33",
        "9:18",
        "9:48",
        "10:33",
        "11:03",
        "11:48",
        "12:18",
        "13:03",
        "13:33",
        "14:18",
        "14:48",
        "15:33",
        "16:03",
        "16:48",
        "17:18",
        "18:03",
        "18:33",
        "19:18",
        "19:48"
    ],
    "url": "https://www.kanachu.co.jp/dia/diagram/timetable01_js/course:0000804092-17/node:00126940/kt:0/lname:/"
}
