{
    "date": "2025/01/14",
    "name": "上志田(愛甲郡愛川町)",
    "position": "-",
    "system": "厚59",
    "destinations": [
        "上野原(愛甲郡愛川町)",
        "中学校前(愛甲郡愛川町)",
        "田代坂上",
        "馬渡(愛甲郡愛川町)",
        "深沢尻",
        "愛川橋",
        "原下(愛甲郡愛川町)",
        "学校入口(愛甲郡愛川町)",
        "撚糸組合前",
        "半原"
    ],
    "weekday": [
        "18:46",
        "19:47"
    ],
    "saturday": [],
    "holiday": [],
    "url": "https://www.kanachu.co.jp/dia/diagram/timetable01_js/course:0000801554-34/node:00128337/kt:0/lname:/"
}
