{
    "date": "2025/01/14",
    "name": "田代坂上",
    "position": "-",
    "system": "厚59",
    "destinations": [
        "馬渡(愛甲郡愛川町)",
        "深沢尻",
        "愛川橋",
        "原下(愛甲郡愛川町)",
        "学校入口(愛甲郡愛川町)",
        "撚糸組合前",
        "半原"
    ],
    "weekday": [
        "18:49",
        "19:50"
    ],
    "saturday": [],
    "holiday": [],
    "url": "https://www.kanachu.co.jp/dia/diagram/timetable01_js/course:0000801554-37/node:00128288/kt:0/lname:/"
}
