{
    "date": "2026/01/16",
    "name": "追分(平塚市)",
    "position": "-",
    "system": "平74",
    "destinations": [
        "江南高校前",
        "向原(平塚市)",
        "南原(平塚市)",
        "南原土手",
        "長瀬(平塚市)",
        "長持",
        "水神橋(平塚市)",
        "平塚支援学校前",
        "飯島(平塚市)",
        "片岡(平塚市)",
        "南金目",
        "金目駅",
        "北金目入口",
        "青柳(平塚市)",
        "東海大学正門前",
        "土屋橋",
        "欠ノ上(下大槻団地線)",
        "下大槻団地",
        "広畑ふれあいプラザ前",
        "秦野高校前",
        "瓜生野入口",
        "才ヶ分踏切",
        "才ヶ分",
        "室川橋(下大槻団地線)",
        "河原町(秦野市)",
        "台町(秦野市)",
        "片町通り",
        "上宿通り",
        "大川橋(秦野市)",
        "まほろば大橋",
        "秦野駅"
    ],
    "weekday": [
        "6:46",
        "7:34",
        "7:50",
        "8:17",
        "8:47",
        "9:16",
        "9:46",
        "10:16",
        "10:46",
        "11:26",
        "12:06",
        "12:46",
        "13:16",
        "13:46",
        "14:16",
        "14:46",
        "15:16",
        "15:46",
        "16:17",
        "16:47",
        "17:17",
        "17:41",
        "18:17",
        "18:53",
        "19:12",
        "19:36",
        "19:58",
        "20:18",
        "20:46",
        "21:13",
        "21:46",
        "22:35",
        "23:36"
    ],
    "saturday": [
        "6:51",
        "7:16",
        "8:01",
        "8:41",
        "9:21",
        "10:01",
        "10:41",
        "11:23",
        "12:06",
        "12:48",
        "13:26",
        "14:06",
        "14:48",
        "15:26",
        "16:06",
        "16:37",
        "17:06",
        "17:46",
        "18:21",
        "19:06",
        "19:46",
        "20:26",
        "21:13",
        "22:01",
        "22:35"
    ],
    "holiday": [
        "6:51",
        "7:16",
        "8:01",
        "8:41",
        "9:21",
        "10:01",
        "10:41",
        "11:23",
        "12:06",
        "12:48",
        "13:26",
        "14:06",
        "14:48",
        "15:26",
        "16:06",
        "16:37",
        "17:06",
        "17:46",
        "18:21",
        "19:06",
        "19:46",
        "20:26",
        "21:13",
        "22:01",
        "22:35"
    ],
    "url": "https://www.kanachu.co.jp/dia/diagram/timetable01_js/course:0000803970-7/node:00127556/kt:0/lname:/"
}
