{
    "date": "2026/01/16",
    "name": "長瀬(平塚市)",
    "position": "-",
    "system": "平74",
    "destinations": [
        "長持",
        "水神橋(平塚市)",
        "平塚支援学校前",
        "飯島(平塚市)",
        "片岡(平塚市)",
        "南金目",
        "金目駅",
        "北金目入口",
        "青柳(平塚市)",
        "東海大学正門前",
        "土屋橋",
        "欠ノ上(下大槻団地線)",
        "下大槻団地",
        "広畑ふれあいプラザ前",
        "秦野高校前",
        "瓜生野入口",
        "才ヶ分踏切",
        "才ヶ分",
        "室川橋(下大槻団地線)",
        "河原町(秦野市)",
        "台町(秦野市)",
        "片町通り",
        "上宿通り",
        "大川橋(秦野市)",
        "まほろば大橋",
        "秦野駅"
    ],
    "weekday": [
        "6:51",
        "7:40",
        "7:56",
        "8:24",
        "8:54",
        "9:22",
        "9:52",
        "10:22",
        "10:52",
        "11:32",
        "12:12",
        "12:52",
        "13:22",
        "13:52",
        "14:22",
        "14:52",
        "15:22",
        "15:52",
        "16:24",
        "16:54",
        "17:24",
        "17:48",
        "18:24",
        "19:00",
        "19:18",
        "19:42",
        "20:04",
        "20:24",
        "20:52",
        "21:19",
        "21:52",
        "22:41",
        "23:42"
    ],
    "saturday": [
        "6:57",
        "7:22",
        "8:07",
        "8:47",
        "9:27",
        "10:07",
        "10:47",
        "11:29",
        "12:12",
        "12:54",
        "13:32",
        "14:12",
        "14:54",
        "15:32",
        "16:14",
        "16:45",
        "17:13",
        "17:53",
        "18:28",
        "19:12",
        "19:52",
        "20:32",
        "21:19",
        "22:07",
        "22:41"
    ],
    "holiday": [
        "6:57",
        "7:22",
        "8:07",
        "8:47",
        "9:27",
        "10:07",
        "10:47",
        "11:29",
        "12:12",
        "12:54",
        "13:32",
        "14:12",
        "14:54",
        "15:32",
        "16:12",
        "16:43",
        "17:12",
        "17:52",
        "18:27",
        "19:12",
        "19:52",
        "20:32",
        "21:19",
        "22:07",
        "22:41"
    ],
    "url": "https://www.kanachu.co.jp/dia/diagram/timetable01_js/course:0000803970-12/node:00127738/kt:0/lname:/"
}
