{
    "date": "2026/01/16",
    "name": "片岡(平塚市)",
    "position": "-",
    "system": "平74",
    "destinations": [
        "南金目",
        "金目駅",
        "北金目入口",
        "青柳(平塚市)",
        "東海大学正門前",
        "土屋橋",
        "欠ノ上(下大槻団地線)",
        "下大槻団地",
        "広畑ふれあいプラザ前",
        "秦野高校前",
        "瓜生野入口",
        "才ヶ分踏切",
        "才ヶ分",
        "室川橋(下大槻団地線)",
        "河原町(秦野市)",
        "台町(秦野市)",
        "片町通り",
        "上宿通り",
        "大川橋(秦野市)",
        "まほろば大橋",
        "秦野駅"
    ],
    "weekday": [
        "7:00",
        "7:51",
        "8:08",
        "8:38",
        "9:07",
        "9:32",
        "10:02",
        "10:32",
        "11:02",
        "11:42",
        "12:22",
        "13:02",
        "13:32",
        "14:02",
        "14:32",
        "15:02",
        "15:32",
        "16:02",
        "16:37",
        "17:07",
        "17:37",
        "18:01",
        "18:37",
        "19:09",
        "19:26",
        "19:50",
        "20:12",
        "20:32",
        "21:00",
        "21:27",
        "22:00",
        "22:49",
        "23:50"
    ],
    "saturday": [
        "7:03",
        "7:28",
        "8:13",
        "8:53",
        "9:33",
        "10:13",
        "10:53",
        "11:40",
        "12:23",
        "13:05",
        "13:43",
        "14:23",
        "15:05",
        "15:43",
        "16:26",
        "16:57",
        "17:23",
        "18:03",
        "18:38",
        "19:19",
        "19:59",
        "20:39",
        "21:26",
        "22:14",
        "22:48"
    ],
    "holiday": [
        "7:03",
        "7:28",
        "8:13",
        "8:53",
        "9:33",
        "10:13",
        "10:53",
        "11:35",
        "12:22",
        "13:04",
        "13:42",
        "14:22",
        "15:04",
        "15:42",
        "16:20",
        "16:51",
        "17:20",
        "18:00",
        "18:35",
        "19:20",
        "20:00",
        "20:39",
        "21:26",
        "22:14",
        "22:48"
    ],
    "url": "https://www.kanachu.co.jp/dia/diagram/timetable01_js/course:0000803970-17/node:00127733/kt:0/lname:/"
}
