{
    "date": "2026/01/16",
    "name": "東海大学正門前",
    "position": "-",
    "system": "平74",
    "destinations": [
        "土屋橋",
        "欠ノ上(下大槻団地線)",
        "下大槻団地",
        "広畑ふれあいプラザ前",
        "秦野高校前",
        "瓜生野入口",
        "才ヶ分踏切",
        "才ヶ分",
        "室川橋(下大槻団地線)",
        "河原町(秦野市)",
        "台町(秦野市)",
        "片町通り",
        "上宿通り",
        "大川橋(秦野市)",
        "まほろば大橋",
        "秦野駅"
    ],
    "weekday": [
        "7:06",
        "7:57",
        "8:14",
        "8:44",
        "9:13",
        "9:38",
        "10:08",
        "10:38",
        "11:08",
        "11:48",
        "12:28",
        "13:08",
        "13:38",
        "14:08",
        "14:38",
        "15:08",
        "15:38",
        "16:08",
        "16:43",
        "17:13",
        "17:43",
        "18:07",
        "18:43",
        "19:15",
        "19:32",
        "19:56",
        "20:18",
        "20:38",
        "21:06",
        "21:33",
        "22:06",
        "22:55",
        "23:56"
    ],
    "saturday": [
        "7:09",
        "7:34",
        "8:19",
        "8:59",
        "9:39",
        "10:19",
        "10:59",
        "11:46",
        "12:29",
        "13:11",
        "13:49",
        "14:29",
        "15:11",
        "15:49",
        "16:32",
        "17:03",
        "17:29",
        "18:09",
        "18:44",
        "19:25",
        "20:05",
        "20:45",
        "21:32",
        "22:20",
        "22:54"
    ],
    "holiday": [
        "7:08",
        "7:33",
        "8:19",
        "8:59",
        "9:39",
        "10:19",
        "10:59",
        "11:41",
        "12:28",
        "13:10",
        "13:48",
        "14:28",
        "15:10",
        "15:48",
        "16:26",
        "16:57",
        "17:26",
        "18:06",
        "18:41",
        "19:26",
        "20:06",
        "20:45",
        "21:32",
        "22:20",
        "22:54"
    ],
    "url": "https://www.kanachu.co.jp/dia/diagram/timetable01_js/course:0000803970-22/node:00127728/kt:0/lname:/"
}
