{
    "date": "2026/01/16",
    "name": "土屋橋",
    "position": "-",
    "system": "平74",
    "destinations": [
        "欠ノ上(下大槻団地線)",
        "下大槻団地",
        "広畑ふれあいプラザ前",
        "秦野高校前",
        "瓜生野入口",
        "才ヶ分踏切",
        "才ヶ分",
        "室川橋(下大槻団地線)",
        "河原町(秦野市)",
        "台町(秦野市)",
        "片町通り",
        "上宿通り",
        "大川橋(秦野市)",
        "まほろば大橋",
        "秦野駅"
    ],
    "weekday": [
        "7:07",
        "7:58",
        "8:15",
        "8:45",
        "9:14",
        "9:39",
        "10:09",
        "10:39",
        "11:09",
        "11:49",
        "12:29",
        "13:09",
        "13:39",
        "14:09",
        "14:39",
        "15:09",
        "15:39",
        "16:09",
        "16:44",
        "17:14",
        "17:44",
        "18:08",
        "18:44",
        "19:16",
        "19:33",
        "19:57",
        "20:19",
        "20:39",
        "21:07",
        "21:34",
        "22:07",
        "22:56",
        "23:57"
    ],
    "saturday": [
        "7:10",
        "7:35",
        "8:20",
        "9:00",
        "9:40",
        "10:20",
        "11:00",
        "11:47",
        "12:30",
        "13:12",
        "13:50",
        "14:30",
        "15:12",
        "15:50",
        "16:33",
        "17:04",
        "17:30",
        "18:10",
        "18:45",
        "19:26",
        "20:06",
        "20:46",
        "21:33",
        "22:21",
        "22:55"
    ],
    "holiday": [
        "7:09",
        "7:34",
        "8:20",
        "9:00",
        "9:40",
        "10:20",
        "11:00",
        "11:42",
        "12:29",
        "13:11",
        "13:49",
        "14:29",
        "15:11",
        "15:49",
        "16:27",
        "16:58",
        "17:27",
        "18:07",
        "18:42",
        "19:27",
        "20:07",
        "20:46",
        "21:33",
        "22:21",
        "22:55"
    ],
    "url": "https://www.kanachu.co.jp/dia/diagram/timetable01_js/course:0000803970-23/node:00127727/kt:0/lname:/"
}
