{
    "date": "2026/01/16",
    "name": "欠ノ上(下大槻団地線)",
    "position": "-",
    "system": "平74",
    "destinations": [
        "下大槻団地",
        "広畑ふれあいプラザ前",
        "秦野高校前",
        "瓜生野入口",
        "才ヶ分踏切",
        "才ヶ分",
        "室川橋(下大槻団地線)",
        "河原町(秦野市)",
        "台町(秦野市)",
        "片町通り",
        "上宿通り",
        "大川橋(秦野市)",
        "まほろば大橋",
        "秦野駅"
    ],
    "weekday": [
        "7:08",
        "7:59",
        "8:16",
        "8:46",
        "9:15",
        "9:40",
        "10:10",
        "10:40",
        "11:10",
        "11:50",
        "12:30",
        "13:10",
        "13:40",
        "14:10",
        "14:40",
        "15:10",
        "15:40",
        "16:10",
        "16:45",
        "17:15",
        "17:45",
        "18:09",
        "18:45",
        "19:17",
        "19:34",
        "19:58",
        "20:20",
        "20:40",
        "21:08",
        "21:35",
        "22:08",
        "22:57",
        "23:59"
    ],
    "saturday": [
        "7:11",
        "7:36",
        "8:21",
        "9:01",
        "9:41",
        "10:21",
        "11:01",
        "11:48",
        "12:31",
        "13:13",
        "13:51",
        "14:31",
        "15:13",
        "15:51",
        "16:34",
        "17:05",
        "17:31",
        "18:11",
        "18:46",
        "19:27",
        "20:07",
        "20:47",
        "21:34",
        "22:22",
        "22:56"
    ],
    "holiday": [
        "7:10",
        "7:35",
        "8:21",
        "9:01",
        "9:41",
        "10:21",
        "11:01",
        "11:43",
        "12:30",
        "13:12",
        "13:50",
        "14:30",
        "15:12",
        "15:50",
        "16:28",
        "16:59",
        "17:28",
        "18:08",
        "18:43",
        "19:28",
        "20:08",
        "20:47",
        "21:34",
        "22:22",
        "22:56"
    ],
    "url": "https://www.kanachu.co.jp/dia/diagram/timetable01_js/course:0000803970-24/node:00130510/kt:0/lname:/"
}
