{
    "date": "2026/01/16",
    "name": "片町通り",
    "position": "-",
    "system": "平74",
    "destinations": [
        "上宿通り",
        "大川橋(秦野市)",
        "まほろば大橋",
        "秦野駅"
    ],
    "weekday": [
        "7:24",
        "8:15",
        "8:32",
        "9:02",
        "9:28",
        "9:53",
        "10:23",
        "10:53",
        "11:23",
        "12:03",
        "12:43",
        "13:23",
        "13:53",
        "14:23",
        "14:53",
        "15:23",
        "15:53",
        "16:26",
        "17:01",
        "17:31",
        "18:01",
        "18:25",
        "19:01",
        "19:30",
        "19:47",
        "20:11",
        "20:33",
        "20:53",
        "21:21",
        "21:48",
        "22:21",
        "23:10",
        "24:09"
    ],
    "saturday": [
        "7:23",
        "7:48",
        "8:33",
        "9:13",
        "9:53",
        "10:33",
        "11:13",
        "12:00",
        "12:43",
        "13:25",
        "14:03",
        "14:43",
        "15:25",
        "16:03",
        "16:46",
        "17:17",
        "17:43",
        "18:23",
        "18:58",
        "19:39",
        "20:19",
        "20:59",
        "21:46",
        "22:34",
        "23:08"
    ],
    "holiday": [
        "7:22",
        "7:47",
        "8:33",
        "9:13",
        "9:53",
        "10:33",
        "11:13",
        "11:55",
        "12:42",
        "13:24",
        "14:02",
        "14:42",
        "15:24",
        "16:02",
        "16:40",
        "17:11",
        "17:40",
        "18:20",
        "18:55",
        "19:40",
        "20:20",
        "20:59",
        "21:46",
        "22:34",
        "23:08"
    ],
    "url": "https://www.kanachu.co.jp/dia/diagram/timetable01_js/course:0000803970-34/node:00127718/kt:0/lname:/"
}
