{
    "date": "2026/01/16",
    "name": "上宿通り",
    "position": "-",
    "system": "平74",
    "destinations": [
        "大川橋(秦野市)",
        "まほろば大橋",
        "秦野駅"
    ],
    "weekday": [
        "7:25",
        "8:16",
        "8:33",
        "9:03",
        "9:29",
        "9:54",
        "10:24",
        "10:54",
        "11:24",
        "12:04",
        "12:44",
        "13:24",
        "13:54",
        "14:24",
        "14:54",
        "15:24",
        "15:54",
        "16:27",
        "17:02",
        "17:32",
        "18:02",
        "18:26",
        "19:02",
        "19:31",
        "19:48",
        "20:12",
        "20:34",
        "20:54",
        "21:22",
        "21:49",
        "22:22",
        "23:11",
        "24:10"
    ],
    "saturday": [
        "7:24",
        "7:49",
        "8:34",
        "9:14",
        "9:54",
        "10:34",
        "11:14",
        "12:01",
        "12:44",
        "13:26",
        "14:04",
        "14:44",
        "15:26",
        "16:04",
        "16:47",
        "17:18",
        "17:44",
        "18:24",
        "18:59",
        "19:40",
        "20:20",
        "21:00",
        "21:47",
        "22:35",
        "23:09"
    ],
    "holiday": [
        "7:23",
        "7:48",
        "8:34",
        "9:14",
        "9:54",
        "10:34",
        "11:14",
        "11:56",
        "12:43",
        "13:25",
        "14:03",
        "14:43",
        "15:25",
        "16:03",
        "16:41",
        "17:12",
        "17:41",
        "18:21",
        "18:56",
        "19:41",
        "20:21",
        "21:00",
        "21:47",
        "22:35",
        "23:09"
    ],
    "url": "https://www.kanachu.co.jp/dia/diagram/timetable01_js/course:0000803970-35/node:00127717/kt:0/lname:/"
}
