{
    "date": "2024/12/16",
    "name": "金井入口",
    "position": "-",
    "system": "多04",
    "destinations": [
        "下大蔵",
        "鶴川市民センター入口",
        "大蔵(鶴川郵便局前/町田市)",
        "井の花",
        "岩子山",
        "下堤(町田市)",
        "五反田(町田市)",
        "湯船(町田市)",
        "別所(町田市)",
        "中村(町田市小野路町)",
        "京王多摩車庫前",
        "豊ヶ丘六丁目",
        "豊ヶ丘四丁目",
        "豊ヶ丘六丁目",
        "恵泉女学園大学入口",
        "豊ヶ丘五丁目",
        "落合四丁目",
        "落合三丁目",
        "豊ヶ丘小学校",
        "落合東",
        "多摩センター駅"
    ],
    "weekday": [
        "6:05",
        "6:51",
        "7:54",
        "8:44",
        "9:23",
        "10:22",
        "11:22",
        "12:22",
        "13:22",
        "14:22",
        "15:22",
        "16:25",
        "17:25",
        "18:28",
        "19:24",
        "20:22",
        "21:28"
    ],
    "saturday": [
        "7:17",
        "8:37",
        "9:37",
        "10:38",
        "11:38",
        "12:38",
        "13:38",
        "14:38",
        "15:38",
        "16:38",
        "17:38",
        "18:38",
        "19:19",
        "20:19",
        "21:19"
    ],
    "holiday": [
        "7:17",
        "8:37",
        "9:37",
        "10:38",
        "11:38",
        "12:38",
        "13:38",
        "14:38",
        "15:38",
        "16:38",
        "17:38",
        "18:38",
        "19:19",
        "20:19",
        "21:19"
    ],
    "url": "https://www.kanachu.co.jp/dia/diagram/timetable01_js/course:0000803464-3/node:00129438/kt:0/lname:/"
}
