{
    "date": "2024/12/16",
    "name": "大蔵(鶴川郵便局前/町田市)",
    "position": "-",
    "system": "多04",
    "destinations": [
        "井の花",
        "岩子山",
        "下堤(町田市)",
        "五反田(町田市)",
        "湯船(町田市)",
        "別所(町田市)",
        "中村(町田市小野路町)",
        "京王多摩車庫前",
        "豊ヶ丘六丁目",
        "豊ヶ丘四丁目",
        "豊ヶ丘六丁目",
        "恵泉女学園大学入口",
        "豊ヶ丘五丁目",
        "落合四丁目",
        "落合三丁目",
        "豊ヶ丘小学校",
        "落合東",
        "多摩センター駅"
    ],
    "weekday": [
        "6:08",
        "6:54",
        "7:57",
        "8:47",
        "9:26",
        "10:25",
        "11:25",
        "12:25",
        "13:25",
        "14:25",
        "15:25",
        "16:28",
        "17:28",
        "18:31",
        "19:27",
        "20:25",
        "21:31"
    ],
    "saturday": [
        "7:20",
        "8:40",
        "9:40",
        "10:41",
        "11:41",
        "12:41",
        "13:41",
        "14:41",
        "15:41",
        "16:41",
        "17:41",
        "18:41",
        "19:22",
        "20:22",
        "21:22"
    ],
    "holiday": [
        "7:20",
        "8:40",
        "9:40",
        "10:41",
        "11:41",
        "12:41",
        "13:41",
        "14:41",
        "15:41",
        "16:41",
        "17:41",
        "18:41",
        "19:22",
        "20:22",
        "21:22"
    ],
    "url": "https://www.kanachu.co.jp/dia/diagram/timetable01_js/course:0000803464-6/node:00129435/kt:0/lname:/"
}
