{
    "date": "2024/12/16",
    "name": "落合東",
    "position": "-",
    "system": "多04",
    "destinations": [
        "多摩センター駅"
    ],
    "weekday": [
        "6:33",
        "7:19",
        "8:22",
        "9:12",
        "9:51",
        "10:50",
        "11:50",
        "12:50",
        "13:50",
        "14:50",
        "15:50",
        "16:53",
        "17:53",
        "18:56",
        "19:52",
        "20:50",
        "21:56"
    ],
    "saturday": [
        "7:45",
        "9:05",
        "10:05",
        "11:06",
        "12:06",
        "13:06",
        "14:06",
        "15:06",
        "16:06",
        "17:06",
        "18:06",
        "19:06",
        "19:47",
        "20:47",
        "21:47"
    ],
    "holiday": [
        "7:45",
        "9:05",
        "10:05",
        "11:06",
        "12:06",
        "13:06",
        "14:06",
        "15:06",
        "16:06",
        "17:06",
        "18:06",
        "19:06",
        "19:47",
        "20:47",
        "21:47"
    ],
    "url": "https://www.kanachu.co.jp/dia/diagram/timetable01_js/course:0000803464-23/node:00021381/kt:0/lname:/"
}
