{
    "date": "2024/03/16",
    "name": "下常盤",
    "position": "-",
    "system": "町60",
    "destinations": [
        "中常盤",
        "常盤(町田市)",
        "下馬場",
        "馬場十字路",
        "中村不動入口",
        "小山郵便局前",
        "小山小学校前(町田市)",
        "横土手",
        "御嶽堂",
        "片所",
        "坂本橋(町田市)",
        "多摩境駅",
        "田端(町田市)",
        "堂の前(町田市)",
        "三ツ目(町田市)",
        "久保ヶ谷戸",
        "寿橋",
        "寿町(相模原市緑区)",
        "旭農協前",
        "橋本駅北口"
    ],
    "weekday": [
        "10:17",
        "11:13",
        "12:13",
        "13:13",
        "14:13",
        "15:13",
        "16:17",
        "17:18",
        "18:19",
        "19:15",
        "20:10",
        "21:00"
    ],
    "saturday": [
        "10:11",
        "11:11",
        "12:11",
        "13:11",
        "14:11",
        "15:13",
        "16:17",
        "17:17",
        "18:17",
        "19:13",
        "20:13",
        "21:09"
    ],
    "holiday": [
        "11:11",
        "12:11",
        "13:11",
        "14:11",
        "15:13",
        "16:17",
        "17:17",
        "18:17",
        "19:13",
        "20:09"
    ],
    "url": "https://www.kanachu.co.jp/dia/diagram/timetable01_js/course:0000802015-18/node:00130099/kt:0/lname:/"
}
