{
    "date": "2024/03/16",
    "name": "常盤(町田市)",
    "position": "-",
    "system": "町60",
    "destinations": [
        "下馬場",
        "馬場十字路",
        "中村不動入口",
        "小山郵便局前",
        "小山小学校前(町田市)",
        "横土手",
        "御嶽堂",
        "片所",
        "坂本橋(町田市)",
        "多摩境駅",
        "田端(町田市)",
        "堂の前(町田市)",
        "三ツ目(町田市)",
        "久保ヶ谷戸",
        "寿橋",
        "寿町(相模原市緑区)",
        "旭農協前",
        "橋本駅北口"
    ],
    "weekday": [
        "10:19",
        "11:15",
        "12:15",
        "13:15",
        "14:15",
        "15:15",
        "16:19",
        "17:20",
        "18:21",
        "19:17",
        "20:12",
        "21:02"
    ],
    "saturday": [
        "10:13",
        "11:13",
        "12:13",
        "13:13",
        "14:13",
        "15:15",
        "16:19",
        "17:19",
        "18:19",
        "19:15",
        "20:15",
        "21:11"
    ],
    "holiday": [
        "11:13",
        "12:13",
        "13:13",
        "14:13",
        "15:15",
        "16:19",
        "17:19",
        "18:19",
        "19:15",
        "20:11"
    ],
    "url": "https://www.kanachu.co.jp/dia/diagram/timetable01_js/course:0000802015-20/node:00129202/kt:0/lname:/"
}
