{
    "date": "2024/03/16",
    "name": "下馬場",
    "position": "-",
    "system": "町60",
    "destinations": [
        "馬場十字路",
        "中村不動入口",
        "小山郵便局前",
        "小山小学校前(町田市)",
        "横土手",
        "御嶽堂",
        "片所",
        "坂本橋(町田市)",
        "多摩境駅",
        "田端(町田市)",
        "堂の前(町田市)",
        "三ツ目(町田市)",
        "久保ヶ谷戸",
        "寿橋",
        "寿町(相模原市緑区)",
        "旭農協前",
        "橋本駅北口"
    ],
    "weekday": [
        "10:20",
        "11:16",
        "12:16",
        "13:16",
        "14:16",
        "15:16",
        "16:20",
        "17:22",
        "18:23",
        "19:19",
        "20:14",
        "21:04"
    ],
    "saturday": [
        "10:14",
        "11:14",
        "12:14",
        "13:14",
        "14:14",
        "15:16",
        "16:20",
        "17:20",
        "18:20",
        "19:16",
        "20:16",
        "21:12"
    ],
    "holiday": [
        "11:14",
        "12:14",
        "13:14",
        "14:14",
        "15:16",
        "16:20",
        "17:20",
        "18:20",
        "19:16",
        "20:12"
    ],
    "url": "https://www.kanachu.co.jp/dia/diagram/timetable01_js/course:0000802015-21/node:00130097/kt:0/lname:/"
}
