{
    "date": "2024/03/16",
    "name": "小山郵便局前",
    "position": "-",
    "system": "町60",
    "destinations": [
        "小山小学校前(町田市)",
        "横土手",
        "御嶽堂",
        "片所",
        "坂本橋(町田市)",
        "多摩境駅",
        "田端(町田市)",
        "堂の前(町田市)",
        "三ツ目(町田市)",
        "久保ヶ谷戸",
        "寿橋",
        "寿町(相模原市緑区)",
        "旭農協前",
        "橋本駅北口"
    ],
    "weekday": [
        "10:25",
        "11:21",
        "12:21",
        "13:21",
        "14:21",
        "15:21",
        "16:25",
        "17:27",
        "18:28",
        "19:24",
        "20:19",
        "21:09"
    ],
    "saturday": [
        "10:19",
        "11:19",
        "12:19",
        "13:19",
        "14:19",
        "15:21",
        "16:25",
        "17:25",
        "18:25",
        "19:21",
        "20:21",
        "21:17"
    ],
    "holiday": [
        "11:19",
        "12:19",
        "13:19",
        "14:19",
        "15:21",
        "16:25",
        "17:25",
        "18:25",
        "19:21",
        "20:17"
    ],
    "url": "https://www.kanachu.co.jp/dia/diagram/timetable01_js/course:0000802015-24/node:00130094/kt:0/lname:/"
}
