{
    "date": "2024/03/16",
    "name": "御嶽堂",
    "position": "-",
    "system": "町60",
    "destinations": [
        "片所",
        "坂本橋(町田市)",
        "多摩境駅",
        "田端(町田市)",
        "堂の前(町田市)",
        "三ツ目(町田市)",
        "久保ヶ谷戸",
        "寿橋",
        "寿町(相模原市緑区)",
        "旭農協前",
        "橋本駅北口"
    ],
    "weekday": [
        "10:28",
        "11:24",
        "12:24",
        "13:24",
        "14:24",
        "15:24",
        "16:28",
        "17:30",
        "18:31",
        "19:27",
        "20:22",
        "21:12"
    ],
    "saturday": [
        "10:22",
        "11:22",
        "12:22",
        "13:22",
        "14:22",
        "15:24",
        "16:28",
        "17:28",
        "18:28",
        "19:24",
        "20:24",
        "21:20"
    ],
    "holiday": [
        "11:22",
        "12:22",
        "13:22",
        "14:22",
        "15:24",
        "16:28",
        "17:28",
        "18:28",
        "19:24",
        "20:20"
    ],
    "url": "https://www.kanachu.co.jp/dia/diagram/timetable01_js/course:0000802015-27/node:00130092/kt:0/lname:/"
}
