{
    "date": "2024/03/16",
    "name": "坂本橋(町田市)",
    "position": "-",
    "system": "町60",
    "destinations": [
        "多摩境駅",
        "田端(町田市)",
        "堂の前(町田市)",
        "三ツ目(町田市)",
        "久保ヶ谷戸",
        "寿橋",
        "寿町(相模原市緑区)",
        "旭農協前",
        "橋本駅北口"
    ],
    "weekday": [
        "10:31",
        "11:27",
        "12:27",
        "13:27",
        "14:27",
        "15:27",
        "16:31",
        "17:33",
        "18:34",
        "19:30",
        "20:25",
        "21:15"
    ],
    "saturday": [
        "10:25",
        "11:25",
        "12:25",
        "13:25",
        "14:25",
        "15:27",
        "16:31",
        "17:31",
        "18:31",
        "19:27",
        "20:27",
        "21:23"
    ],
    "holiday": [
        "11:25",
        "12:25",
        "13:25",
        "14:25",
        "15:27",
        "16:31",
        "17:31",
        "18:31",
        "19:27",
        "20:23"
    ],
    "url": "https://www.kanachu.co.jp/dia/diagram/timetable01_js/course:0000802015-29/node:00130090/kt:0/lname:/"
}
