{
    "date": "2024/03/16",
    "name": "田端(町田市)",
    "position": "-",
    "system": "町60",
    "destinations": [
        "堂の前(町田市)",
        "三ツ目(町田市)",
        "久保ヶ谷戸",
        "寿橋",
        "寿町(相模原市緑区)",
        "旭農協前",
        "橋本駅北口"
    ],
    "weekday": [
        "10:40",
        "11:36",
        "12:36",
        "13:36",
        "14:36",
        "15:36",
        "16:40",
        "17:42",
        "18:43",
        "19:39",
        "20:34",
        "21:24"
    ],
    "saturday": [
        "10:33",
        "11:33",
        "12:33",
        "13:33",
        "14:33",
        "15:35",
        "16:39",
        "17:39",
        "18:39",
        "19:35",
        "20:35",
        "21:31"
    ],
    "holiday": [
        "11:33",
        "12:33",
        "13:33",
        "14:33",
        "15:35",
        "16:39",
        "17:39",
        "18:39",
        "19:35",
        "20:31"
    ],
    "url": "https://www.kanachu.co.jp/dia/diagram/timetable01_js/course:0000802015-31/node:00130089/kt:0/lname:/"
}
