{
    "date": "2024/03/16",
    "name": "三ツ目(町田市)",
    "position": "-",
    "system": "町60",
    "destinations": [
        "久保ヶ谷戸",
        "寿橋",
        "寿町(相模原市緑区)",
        "旭農協前",
        "橋本駅北口"
    ],
    "weekday": [
        "10:42",
        "11:38",
        "12:38",
        "13:38",
        "14:38",
        "15:38",
        "16:42",
        "17:44",
        "18:45",
        "19:41",
        "20:36",
        "21:26"
    ],
    "saturday": [
        "10:35",
        "11:35",
        "12:35",
        "13:35",
        "14:35",
        "15:37",
        "16:41",
        "17:41",
        "18:41",
        "19:37",
        "20:37",
        "21:33"
    ],
    "holiday": [
        "11:35",
        "12:35",
        "13:35",
        "14:35",
        "15:37",
        "16:41",
        "17:41",
        "18:41",
        "19:37",
        "20:33"
    ],
    "url": "https://www.kanachu.co.jp/dia/diagram/timetable01_js/course:0000802015-33/node:00130087/kt:0/lname:/"
}
