{
    "date": "2025/08/30",
    "name": "別所小学校入口",
    "position": "-",
    "system": "井10",
    "destinations": [
        "別所中里台",
        "六ツ川二丁目",
        "六ツ川町",
        "弘明寺口",
        "南永田",
        "住宅前(横浜市南区)",
        "井土ヶ谷",
        "井土ヶ谷下町"
    ],
    "weekday": [
        "6:23",
        "6:46",
        "7:10",
        "7:38",
        "8:03",
        "8:27",
        "8:53",
        "9:16",
        "10:01",
        "10:46",
        "11:31",
        "12:16",
        "13:01",
        "13:46",
        "14:31",
        "15:16",
        "16:01",
        "16:46",
        "17:31",
        "17:53",
        "18:16",
        "18:38",
        "19:01",
        "19:46",
        "20:31"
    ],
    "saturday": [
        "6:31",
        "7:16",
        "8:05",
        "8:55",
        "9:33",
        "10:18",
        "11:03",
        "11:48",
        "12:30",
        "13:16",
        "14:05",
        "14:47",
        "15:33",
        "16:18",
        "17:03",
        "17:48",
        "18:33",
        "19:19"
    ],
    "holiday": [
        "6:31",
        "7:16",
        "8:05",
        "8:55",
        "9:33",
        "10:18",
        "11:03",
        "11:48",
        "12:30",
        "13:16",
        "14:05",
        "14:47",
        "15:33",
        "16:18",
        "17:03",
        "17:48",
        "18:33",
        "19:19"
    ],
    "url": "https://www.kanachu.co.jp/dia/diagram/timetable01_js/course:0000800514-3/node:00126716/kt:0/lname:/"
}
