{
    "date": "2025/08/30",
    "name": "六ツ川町",
    "position": "-",
    "system": "井10",
    "destinations": [
        "弘明寺口",
        "南永田",
        "住宅前(横浜市南区)",
        "井土ヶ谷",
        "井土ヶ谷下町"
    ],
    "weekday": [
        "6:27",
        "6:50",
        "7:14",
        "7:42",
        "8:07",
        "8:31",
        "8:57",
        "9:20",
        "10:05",
        "10:50",
        "11:35",
        "12:20",
        "13:05",
        "13:50",
        "14:35",
        "15:20",
        "16:05",
        "16:50",
        "17:35",
        "17:57",
        "18:20",
        "18:42",
        "19:05",
        "19:50",
        "20:35"
    ],
    "saturday": [
        "6:35",
        "7:20",
        "8:09",
        "8:59",
        "9:37",
        "10:22",
        "11:07",
        "11:52",
        "12:34",
        "13:20",
        "14:09",
        "14:51",
        "15:37",
        "16:22",
        "17:07",
        "17:52",
        "18:37",
        "19:23"
    ],
    "holiday": [
        "6:35",
        "7:20",
        "8:09",
        "8:59",
        "9:37",
        "10:22",
        "11:07",
        "11:52",
        "12:34",
        "13:20",
        "14:09",
        "14:51",
        "15:37",
        "16:22",
        "17:07",
        "17:52",
        "18:37",
        "19:23"
    ],
    "url": "https://www.kanachu.co.jp/dia/diagram/timetable01_js/course:0000800514-6/node:00126627/kt:0/lname:/"
}
