{
    "date": "2025/08/30",
    "name": "南永田",
    "position": "-",
    "system": "井10",
    "destinations": [
        "住宅前(横浜市南区)",
        "井土ヶ谷",
        "井土ヶ谷下町"
    ],
    "weekday": [
        "6:30",
        "6:53",
        "7:18",
        "7:46",
        "8:11",
        "8:35",
        "9:01",
        "9:23",
        "10:08",
        "10:53",
        "11:38",
        "12:23",
        "13:08",
        "13:53",
        "14:38",
        "15:23",
        "16:08",
        "16:53",
        "17:38",
        "18:00",
        "18:23",
        "18:45",
        "19:08",
        "19:53",
        "20:38"
    ],
    "saturday": [
        "6:38",
        "7:23",
        "8:12",
        "9:02",
        "9:40",
        "10:25",
        "11:10",
        "11:55",
        "12:37",
        "13:24",
        "14:13",
        "14:55",
        "15:41",
        "16:26",
        "17:11",
        "17:56",
        "18:41",
        "19:26"
    ],
    "holiday": [
        "6:38",
        "7:23",
        "8:12",
        "9:02",
        "9:40",
        "10:25",
        "11:10",
        "11:55",
        "12:37",
        "13:24",
        "14:13",
        "14:55",
        "15:41",
        "16:26",
        "17:11",
        "17:56",
        "18:41",
        "19:26"
    ],
    "url": "https://www.kanachu.co.jp/dia/diagram/timetable01_js/course:0000800514-8/node:00126629/kt:0/lname:/"
}
