{
    "date": "2024/10/01",
    "name": "上矢部五丁目",
    "position": "-",
    "system": "淵40",
    "destinations": [
        "椿稲荷神社入口",
        "あかぬま公園前",
        "フェアロージュ淵野辺前",
        "大野北こどもセンター入口",
        "防衛省陸上装備研究所前",
        "児童相談所南",
        "フードワン淵野辺店前",
        "並木通り(相模原市中央区)",
        "淵野辺駅北口",
        "渕野辺総合病院入口",
        "南門商店街",
        "矢部駅・相模野病院前"
    ],
    "weekday": [
        "9:36",
        "10:36",
        "11:36",
        "12:36",
        "13:36",
        "14:36",
        "15:46",
        "16:46"
    ],
    "saturday": [],
    "holiday": [],
    "url": "https://www.kanachu.co.jp/dia/diagram/timetable01_js/course:0000803628-24/node:00130331/kt:0/lname:/"
}
