{
    "date": "2024/10/01",
    "name": "防衛省陸上装備研究所前",
    "position": "-",
    "system": "淵40",
    "destinations": [
        "児童相談所南",
        "フードワン淵野辺店前",
        "並木通り(相模原市中央区)",
        "淵野辺駅北口",
        "渕野辺総合病院入口",
        "南門商店街",
        "矢部駅・相模野病院前"
    ],
    "weekday": [
        "9:40",
        "10:40",
        "11:40",
        "12:40",
        "13:40",
        "14:40",
        "15:50",
        "16:50"
    ],
    "saturday": [],
    "holiday": [],
    "url": "https://www.kanachu.co.jp/dia/diagram/timetable01_js/course:0000803628-29/node:00130326/kt:0/lname:/"
}
