{
    "system": "淵40",
    "busstops": [
        {
            "index": "1",
            "id": "00130322",
            "name": "矢部駅・相模野病院前",
            "lat": "35.573278",
            "lng": "139.386935"
        },
        {
            "index": "2",
            "id": "00130321",
            "name": "南門商店街",
            "lat": "35.572494",
            "lng": "139.388426"
        },
        {
            "index": "3",
            "id": "00130320",
            "name": "渕野辺総合病院入口",
            "lat": "35.570589",
            "lng": "139.391997"
        },
        {
            "index": "4",
            "id": "00129246",
            "name": "淵野辺駅北口",
            "lat": "35.569139",
            "lng": "139.394487"
        },
        {
            "index": "5",
            "id": "00130101",
            "name": "並木通り(相模原市中央区)",
            "lat": "35.572269",
            "lng": "139.39268"
        },
        {
            "index": "6",
            "id": "00130324",
            "name": "フードワン淵野辺店前",
            "lat": "35.572955",
            "lng": "139.394233"
        },
        {
            "index": "7",
            "id": "00130325",
            "name": "児童相談所南",
            "lat": "35.574246",
            "lng": "139.395177"
        },
        {
            "index": "8",
            "id": "00130326",
            "name": "防衛省陸上装備研究所前",
            "lat": "35.57568",
            "lng": "139.395778"
        },
        {
            "index": "9",
            "id": "00130327",
            "name": "大野北こどもセンター入口",
            "lat": "35.575866",
            "lng": "139.397935"
        },
        {
            "index": "10",
            "id": "00130328",
            "name": "フェアロージュ淵野辺前",
            "lat": "35.576552",
            "lng": "139.3989"
        },
        {
            "index": "11",
            "id": "00130329",
            "name": "あかぬま公園前",
            "lat": "35.578343",
            "lng": "139.398656"
        },
        {
            "index": "12",
            "id": "00130330",
            "name": "椿稲荷神社入口",
            "lat": "35.580536",
            "lng": "139.398357"
        },
        {
            "index": "13",
            "id": "00130331",
            "name": "上矢部五丁目",
            "lat": "35.581305",
            "lng": "139.39739"
        },
        {
            "index": "14",
            "id": "00130332",
            "name": "上矢部四丁目",
            "lat": "35.582748",
            "lng": "139.394522"
        },
        {
            "index": "15",
            "id": "00130333",
            "name": "上矢部三丁目",
            "lat": "35.583756",
            "lng": "139.390555"
        },
        {
            "index": "16",
            "id": "00130334",
            "name": "上矢部二丁目",
            "lat": "35.584833",
            "lng": "139.388262"
        },
        {
            "index": "17",
            "id": "00130335",
            "name": "上矢部一丁目",
            "lat": "35.586891",
            "lng": "139.386516"
        },
        {
            "index": "18",
            "id": "00130336",
            "name": "高橋南",
            "lat": "35.58802",
            "lng": "139.387234"
        },
        {
            "index": "19",
            "id": "00130096",
            "name": "馬場十字路",
            "lat": "35.589016",
            "lng": "139.388299"
        },
        {
            "index": "20",
            "id": "00130337",
            "name": "馬場橋南",
            "lat": "35.586124",
            "lng": "139.389088"
        },
        {
            "index": "21",
            "id": "00130334",
            "name": "上矢部二丁目",
            "lat": "35.584886",
            "lng": "139.38859"
        },
        {
            "index": "22",
            "id": "00130333",
            "name": "上矢部三丁目",
            "lat": "35.583666",
            "lng": "139.391089"
        },
        {
            "index": "23",
            "id": "00130332",
            "name": "上矢部四丁目",
            "lat": "35.582855",
            "lng": "139.394404"
        },
        {
            "index": "24",
            "id": "00130331",
            "name": "上矢部五丁目",
            "lat": "35.581916",
            "lng": "139.396392"
        },
        {
            "index": "25",
            "id": "00130330",
            "name": "椿稲荷神社入口",
            "lat": "35.58061",
            "lng": "139.398458"
        },
        {
            "index": "26",
            "id": "00130329",
            "name": "あかぬま公園前",
            "lat": "35.579048",
            "lng": "139.398669"
        },
        {
            "index": "27",
            "id": "00130328",
            "name": "フェアロージュ淵野辺前",
            "lat": "35.577045",
            "lng": "139.39894"
        },
        {
            "index": "28",
            "id": "00130327",
            "name": "大野北こどもセンター入口",
            "lat": "35.575719",
            "lng": "139.39709"
        },
        {
            "index": "29",
            "id": "00130326",
            "name": "防衛省陸上装備研究所前",
            "lat": "35.575597",
            "lng": "139.395668"
        },
        {
            "index": "30",
            "id": "00130325",
            "name": "児童相談所南",
            "lat": "35.573932",
            "lng": "139.395311"
        },
        {
            "index": "31",
            "id": "00130324",
            "name": "フードワン淵野辺店前",
            "lat": "35.572807",
            "lng": "139.393273"
        },
        {
            "index": "32",
            "id": "00130101",
            "name": "並木通り(相模原市中央区)",
            "lat": "35.571645",
            "lng": "139.392889"
        },
        {
            "index": "33",
            "id": "00129246",
            "name": "淵野辺駅北口",
            "lat": "35.569139",
            "lng": "139.394487"
        },
        {
            "index": "34",
            "id": "00130320",
            "name": "渕野辺総合病院入口",
            "lat": "35.570725",
            "lng": "139.391591"
        },
        {
            "index": "35",
            "id": "00130321",
            "name": "南門商店街",
            "lat": "35.572239",
            "lng": "139.388739"
        },
        {
            "index": "36",
            "id": "00130322",
            "name": "矢部駅・相模野病院前",
            "lat": "35.573278",
            "lng": "139.386935"
        }
    ],
    "route_url": "https://www.kanachu.co.jp/dia/route/index/cid:0000803628/"
}
