{
    "date": "2025/11/16",
    "name": "寺坂宮前",
    "position": "-",
    "system": "二05",
    "destinations": [
        "普門寺入口",
        "生沢",
        "西生沢",
        "おおいそ学園入口",
        "月京",
        "天の杜",
        "国府新宿",
        "槇の木",
        "変電所前(中郡大磯町)",
        "下町(中郡二宮町)",
        "塩海橋",
        "秦野道",
        "二宮駅南口"
    ],
    "weekday": [
        "6:27"
    ],
    "saturday": [
        "7:24"
    ],
    "holiday": [
        "7:24"
    ],
    "url": "https://www.kanachu.co.jp/dia/diagram/timetable01_js/course:0000800533-6/node:00127544/kt:0/lname:/"
}
