{
    "date": "2025/11/16",
    "name": "月京",
    "position": "-",
    "system": "二05",
    "destinations": [
        "天の杜",
        "国府新宿",
        "槇の木",
        "変電所前(中郡大磯町)",
        "下町(中郡二宮町)",
        "塩海橋",
        "秦野道",
        "二宮駅南口"
    ],
    "weekday": [
        "6:31"
    ],
    "saturday": [
        "7:28"
    ],
    "holiday": [
        "7:28"
    ],
    "url": "https://www.kanachu.co.jp/dia/diagram/timetable01_js/course:0000800533-11/node:00127549/kt:0/lname:/"
}
