{
    "date": "2026/01/16",
    "name": "一本松(愛甲郡愛川町)",
    "position": "-",
    "system": "厚66",
    "destinations": [
        "運輸支局入口(愛甲郡愛川町)",
        "桜台(愛甲郡愛川町)",
        "坂本(愛甲郡愛川町)",
        "下川入",
        "才戸橋",
        "上三田",
        "十軒村",
        "睦合北公民館前",
        "清源院前",
        "山王坂下(厚木市)",
        "山王坂上",
        "宿原入口",
        "糀屋前(厚木市)",
        "松蓮寺",
        "妻田薬師",
        "中村入口(厚木市)",
        "妻田",
        "三家入口(厚木市)",
        "木売場",
        "市立病院前(厚木市)",
        "税務署入口(厚木市)",
        "市役所入口(厚木市)",
        "本厚木駅",
        "厚木バスセンター"
    ],
    "weekday": [
        "6:04",
        "6:34",
        "7:04",
        "7:24",
        "7:49",
        "8:24",
        "9:09",
        "9:57",
        "10:44",
        "11:44",
        "12:44",
        "13:44",
        "14:44",
        "15:44",
        "16:46",
        "17:49",
        "18:49",
        "19:49",
        "20:31"
    ],
    "saturday": [
        "6:04",
        "6:44",
        "7:14",
        "7:49",
        "8:24",
        "9:09",
        "10:09",
        "11:09",
        "12:09",
        "13:09",
        "14:09",
        "15:09",
        "16:09",
        "17:09",
        "18:09",
        "18:49",
        "19:29"
    ],
    "holiday": [
        "6:09",
        "7:09",
        "8:09",
        "9:09",
        "10:09",
        "11:09",
        "12:09",
        "13:09",
        "14:09",
        "15:09",
        "16:09",
        "17:09",
        "18:09"
    ],
    "url": "https://www.kanachu.co.jp/dia/diagram/timetable01_js/course:0000804063-7/node:00128322/kt:0/lname:/"
}
