{
    "date": "2026/01/16",
    "name": "運輸支局入口(愛甲郡愛川町)",
    "position": "-",
    "system": "厚66",
    "destinations": [
        "桜台(愛甲郡愛川町)",
        "坂本(愛甲郡愛川町)",
        "下川入",
        "才戸橋",
        "上三田",
        "十軒村",
        "睦合北公民館前",
        "清源院前",
        "山王坂下(厚木市)",
        "山王坂上",
        "宿原入口",
        "糀屋前(厚木市)",
        "松蓮寺",
        "妻田薬師",
        "中村入口(厚木市)",
        "妻田",
        "三家入口(厚木市)",
        "木売場",
        "市立病院前(厚木市)",
        "税務署入口(厚木市)",
        "市役所入口(厚木市)",
        "本厚木駅",
        "厚木バスセンター"
    ],
    "weekday": [
        "6:06",
        "6:36",
        "7:06",
        "7:26",
        "7:51",
        "8:26",
        "9:11",
        "9:59",
        "10:46",
        "11:46",
        "12:46",
        "13:46",
        "14:46",
        "15:46",
        "16:48",
        "17:51",
        "18:51",
        "19:51",
        "20:33"
    ],
    "saturday": [
        "6:06",
        "6:46",
        "7:16",
        "7:51",
        "8:26",
        "9:11",
        "10:11",
        "11:11",
        "12:11",
        "13:11",
        "14:11",
        "15:11",
        "16:11",
        "17:11",
        "18:11",
        "18:51",
        "19:31"
    ],
    "holiday": [
        "6:11",
        "7:11",
        "8:11",
        "9:11",
        "10:11",
        "11:11",
        "12:11",
        "13:11",
        "14:11",
        "15:11",
        "16:11",
        "17:11",
        "18:11"
    ],
    "url": "https://www.kanachu.co.jp/dia/diagram/timetable01_js/course:0000804063-8/node:00128321/kt:0/lname:/"
}
