{
    "date": "2026/01/16",
    "name": "桜台(愛甲郡愛川町)",
    "position": "-",
    "system": "厚66",
    "destinations": [
        "坂本(愛甲郡愛川町)",
        "下川入",
        "才戸橋",
        "上三田",
        "十軒村",
        "睦合北公民館前",
        "清源院前",
        "山王坂下(厚木市)",
        "山王坂上",
        "宿原入口",
        "糀屋前(厚木市)",
        "松蓮寺",
        "妻田薬師",
        "中村入口(厚木市)",
        "妻田",
        "三家入口(厚木市)",
        "木売場",
        "市立病院前(厚木市)",
        "税務署入口(厚木市)",
        "市役所入口(厚木市)",
        "本厚木駅",
        "厚木バスセンター"
    ],
    "weekday": [
        "6:07",
        "6:37",
        "7:07",
        "7:27",
        "7:52",
        "8:27",
        "9:12",
        "10:00",
        "10:47",
        "11:47",
        "12:47",
        "13:47",
        "14:47",
        "15:47",
        "16:49",
        "17:52",
        "18:52",
        "19:52",
        "20:34"
    ],
    "saturday": [
        "6:07",
        "6:47",
        "7:17",
        "7:52",
        "8:27",
        "9:12",
        "10:12",
        "11:12",
        "12:12",
        "13:12",
        "14:12",
        "15:12",
        "16:12",
        "17:12",
        "18:12",
        "18:52",
        "19:32"
    ],
    "holiday": [
        "6:12",
        "7:12",
        "8:12",
        "9:12",
        "10:12",
        "11:12",
        "12:12",
        "13:12",
        "14:12",
        "15:12",
        "16:12",
        "17:12",
        "18:12"
    ],
    "url": "https://www.kanachu.co.jp/dia/diagram/timetable01_js/course:0000804063-9/node:00128320/kt:0/lname:/"
}
