{
    "date": "2026/01/16",
    "name": "山王坂上",
    "position": "-",
    "system": "厚66",
    "destinations": [
        "宿原入口",
        "糀屋前(厚木市)",
        "松蓮寺",
        "妻田薬師",
        "中村入口(厚木市)",
        "妻田",
        "三家入口(厚木市)",
        "木売場",
        "市立病院前(厚木市)",
        "税務署入口(厚木市)",
        "市役所入口(厚木市)",
        "本厚木駅",
        "厚木バスセンター"
    ],
    "weekday": [
        "6:20",
        "6:50",
        "7:20",
        "7:42",
        "8:08",
        "8:43",
        "9:25",
        "10:13",
        "11:00",
        "12:00",
        "13:00",
        "14:00",
        "15:00",
        "16:00",
        "17:05",
        "18:08",
        "19:07",
        "20:05",
        "20:47"
    ],
    "saturday": [
        "6:18",
        "6:58",
        "7:28",
        "8:03",
        "8:38",
        "9:23",
        "10:23",
        "11:23",
        "12:23",
        "13:23",
        "14:23",
        "15:23",
        "16:23",
        "17:23",
        "18:23",
        "19:03",
        "19:43"
    ],
    "holiday": [
        "6:23",
        "7:23",
        "8:23",
        "9:23",
        "10:23",
        "11:23",
        "12:23",
        "13:23",
        "14:23",
        "15:23",
        "16:23",
        "17:23",
        "18:23"
    ],
    "url": "https://www.kanachu.co.jp/dia/diagram/timetable01_js/course:0000804063-18/node:00128312/kt:0/lname:/"
}
