{
    "date": "2026/01/16",
    "name": "木売場",
    "position": "-",
    "system": "厚66",
    "destinations": [
        "市立病院前(厚木市)",
        "税務署入口(厚木市)",
        "市役所入口(厚木市)",
        "本厚木駅",
        "厚木バスセンター"
    ],
    "weekday": [
        "6:32",
        "7:02",
        "7:32",
        "7:57",
        "8:23",
        "8:58",
        "9:39",
        "10:27",
        "11:14",
        "12:14",
        "13:14",
        "14:14",
        "15:14",
        "16:14",
        "17:19",
        "18:22",
        "19:19",
        "20:17",
        "20:59"
    ],
    "saturday": [
        "6:28",
        "7:08",
        "7:40",
        "8:15",
        "8:50",
        "9:37",
        "10:37",
        "11:37",
        "12:37",
        "13:37",
        "14:37",
        "15:38",
        "16:38",
        "17:38",
        "18:38",
        "19:15",
        "19:55"
    ],
    "holiday": [
        "6:33",
        "7:33",
        "8:34",
        "9:34",
        "10:36",
        "11:36",
        "12:36",
        "13:36",
        "14:36",
        "15:38",
        "16:38",
        "17:38",
        "18:38"
    ],
    "url": "https://www.kanachu.co.jp/dia/diagram/timetable01_js/course:0000804063-26/node:00128260/kt:0/lname:/"
}
