{
    "date": "2026/01/16",
    "name": "浜竹",
    "position": "-",
    "system": "辻13",
    "destinations": [
        "兵金山",
        "テラス",
        "常盤町(茅ケ崎市)",
        "富士見町(茅ケ崎市)",
        "平和学園前(茅ケ崎市)",
        "浜須賀入口",
        "平和町",
        "松が丘二丁目(茅ケ崎市)",
        "東海岸北五丁目",
        "駐在所前(茅ケ崎市)",
        "東海岸二丁目",
        "会館前(茅ケ崎市)",
        "幸町(茅ケ崎市)",
        "茅ヶ崎駅南口"
    ],
    "weekday": [
        "6:20",
        "6:36",
        "7:06",
        "7:14",
        "7:36",
        "7:46",
        "8:07",
        "8:17",
        "8:39",
        "8:52",
        "9:43",
        "10:43",
        "11:43",
        "12:43",
        "13:43",
        "14:43",
        "15:43",
        "15:58",
        "16:15",
        "16:48",
        "17:08",
        "17:48",
        "18:08",
        "18:48",
        "19:08",
        "19:48",
        "20:10",
        "20:48",
        "21:12",
        "21:47"
    ],
    "saturday": [
        "6:32",
        "7:42",
        "8:42",
        "9:42",
        "10:42",
        "11:42",
        "12:42",
        "13:42",
        "14:42",
        "15:42",
        "16:42",
        "17:42",
        "18:42",
        "19:42",
        "20:42",
        "21:37"
    ],
    "holiday": [
        "6:32",
        "7:42",
        "8:42",
        "9:42",
        "10:42",
        "11:42",
        "12:42",
        "13:42",
        "14:42",
        "15:42",
        "16:42",
        "17:42",
        "18:42",
        "19:42",
        "20:42",
        "21:37"
    ],
    "url": "https://www.kanachu.co.jp/dia/diagram/timetable01_js/course:0000804104-3/node:00127234/kt:0/lname:/"
}
