{
    "date": "2026/01/16",
    "name": "東海岸二丁目",
    "position": "-",
    "system": "辻13",
    "destinations": [
        "会館前(茅ケ崎市)",
        "幸町(茅ケ崎市)",
        "茅ヶ崎駅南口"
    ],
    "weekday": [
        "6:30",
        "6:46",
        "7:16",
        "7:24",
        "7:46",
        "7:56",
        "8:17",
        "8:27",
        "8:49",
        "9:02",
        "9:53",
        "10:53",
        "11:53",
        "12:53",
        "13:53",
        "14:53",
        "15:53",
        "16:08",
        "16:25",
        "16:58",
        "17:18",
        "17:58",
        "18:18",
        "18:58",
        "19:18",
        "19:58",
        "20:20",
        "20:58",
        "21:22",
        "21:57"
    ],
    "saturday": [
        "6:42",
        "7:52",
        "8:52",
        "9:52",
        "10:52",
        "11:52",
        "12:52",
        "13:52",
        "14:52",
        "15:52",
        "16:52",
        "17:52",
        "18:52",
        "19:52",
        "20:52",
        "21:47"
    ],
    "holiday": [
        "6:42",
        "7:52",
        "8:52",
        "9:52",
        "10:52",
        "11:52",
        "12:52",
        "13:52",
        "14:52",
        "15:52",
        "16:52",
        "17:52",
        "18:52",
        "19:52",
        "20:52",
        "21:47"
    ],
    "url": "https://www.kanachu.co.jp/dia/diagram/timetable01_js/course:0000804104-14/node:00127222/kt:0/lname:/"
}
