{
    "date": "2026/01/16",
    "name": "大持",
    "position": "-",
    "system": "長16",
    "destinations": [
        "山谷(藤沢市)",
        "東山田(藤沢市)",
        "葛原(藤沢市)",
        "宮の腰(藤沢市)",
        "葛野",
        "西葛原",
        "御所見中学校前",
        "御所見市民センター前",
        "用田(藤沢市)",
        "用田辻",
        "西用田",
        "用田橋",
        "根恩馬",
        "畜産研究所",
        "恩馬ヶ原",
        "杉久保",
        "上河内(海老名市)",
        "高野(海老名市)",
        "南今里",
        "今里(海老名市)",
        "神社前(海老名市)",
        "農業高校前(海老名市)",
        "社家入口",
        "中新田小学校前",
        "みずほ団地前",
        "市役所前(海老名市)",
        "海老名駅東口"
    ],
    "weekday": [
        "5:59",
        "6:18",
        "6:51",
        "7:06",
        "7:26",
        "7:56",
        "8:26",
        "8:51",
        "9:21",
        "9:51",
        "10:21",
        "10:51",
        "11:21",
        "11:51",
        "12:21",
        "12:51",
        "13:21",
        "13:51",
        "14:21",
        "14:51",
        "15:21",
        "15:51",
        "16:21",
        "16:51",
        "17:21",
        "17:51",
        "18:21",
        "18:51",
        "19:21",
        "20:01",
        "20:45"
    ],
    "saturday": [
        "6:06",
        "6:46",
        "7:21",
        "7:51",
        "8:26",
        "9:06",
        "9:46",
        "10:26",
        "11:06",
        "11:46",
        "12:26",
        "13:06",
        "13:46",
        "14:26",
        "15:06",
        "15:46",
        "16:26",
        "17:06",
        "17:46",
        "18:26",
        "19:11",
        "20:13"
    ],
    "holiday": [
        "6:06",
        "6:46",
        "7:21",
        "7:51",
        "8:26",
        "9:06",
        "9:46",
        "10:26",
        "11:06",
        "11:46",
        "12:26",
        "13:06",
        "13:46",
        "14:26",
        "15:06",
        "15:46",
        "16:26",
        "17:06",
        "17:46",
        "18:26",
        "19:11",
        "20:13"
    ],
    "url": "https://www.kanachu.co.jp/dia/diagram/timetable01_js/course:0000804158-7/node:00129817/kt:0/lname:/"
}
