{
    "date": "2024/09/02",
    "name": "三ツ境駅前",
    "position": "-",
    "system": "境01",
    "destinations": [
        "富士見通り商店街",
        "富士見台(横浜市瀬谷区)",
        "住宅前(横浜市瀬谷区)",
        "旭ヶ丘(横浜市瀬谷区)",
        "上阿久和",
        "谷戸阿久和",
        "宮の腰(横浜市瀬谷区)",
        "阿久和",
        "阿久和坂上",
        "阿久和山谷",
        "柳明",
        "遊水池前(横浜市泉区)",
        "ひなた山",
        "上飯田車庫"
    ],
    "weekday": [
        "17:56",
        "18:28"
    ],
    "saturday": [
        "17:00",
        "21:48"
    ],
    "holiday": [
        "16:00",
        "17:00",
        "21:48"
    ],
    "url": "https://www.kanachu.co.jp/dia/diagram/timetable01_js/course:0000801766-2/node:00126707/kt:0/lname:/"
}
