{
    "date": "2025/04/19",
    "name": "相武台前駅",
    "position": "-",
    "system": "台13",
    "destinations": [
        "県営住宅入口(座間市)",
        "北相武台",
        "相武台団地",
        "団地北(相模原市南区)",
        "若草公園前",
        "若草小学校前(相模原市南区)",
        "麻溝台公園前",
        "総合体育館前(相模原市南区)",
        "県立相模原公園入口",
        "友愛病院入口",
        "友愛病院前",
        "北里大学病院・北里大学"
    ],
    "weekday": [
        "6:55",
        "7:08",
        "7:50",
        "8:15",
        "9:14",
        "10:29",
        "11:09",
        "12:34",
        "13:09",
        "14:34",
        "15:09",
        "17:09",
        "18:37",
        "19:15",
        "20:05"
    ],
    "saturday": [
        "7:20",
        "8:24",
        "19:20"
    ],
    "holiday": [
        "19:20"
    ],
    "url": "https://www.kanachu.co.jp/dia/diagram/timetable01_js/course:0000801901-1/node:00128551/kt:0/lname:/"
}
