{
    "date": "2025/04/19",
    "name": "県営住宅入口(座間市)",
    "position": "-",
    "system": "台13",
    "destinations": [
        "北相武台",
        "相武台団地",
        "団地北(相模原市南区)",
        "若草公園前",
        "若草小学校前(相模原市南区)",
        "麻溝台公園前",
        "総合体育館前(相模原市南区)",
        "県立相模原公園入口",
        "友愛病院入口",
        "友愛病院前",
        "北里大学病院・北里大学"
    ],
    "weekday": [
        "6:56",
        "7:10",
        "7:52",
        "8:17",
        "9:15",
        "10:30",
        "11:10",
        "12:35",
        "13:10",
        "14:35",
        "15:10",
        "17:11",
        "18:39",
        "19:16",
        "20:06"
    ],
    "saturday": [
        "7:21",
        "8:25",
        "19:21"
    ],
    "holiday": [
        "19:21"
    ],
    "url": "https://www.kanachu.co.jp/dia/diagram/timetable01_js/course:0000801901-2/node:00128595/kt:0/lname:/"
}
