{
    "date": "2025/04/19",
    "name": "若草公園前",
    "position": "-",
    "system": "台13",
    "destinations": [
        "若草小学校前(相模原市南区)",
        "麻溝台公園前",
        "総合体育館前(相模原市南区)",
        "県立相模原公園入口",
        "友愛病院入口",
        "友愛病院前",
        "北里大学病院・北里大学"
    ],
    "weekday": [
        "7:02",
        "7:17",
        "7:59",
        "8:24",
        "9:22",
        "10:37",
        "11:17",
        "12:42",
        "13:17",
        "14:42",
        "15:17",
        "17:18",
        "18:46",
        "19:22",
        "20:12"
    ],
    "saturday": [
        "7:27",
        "8:31",
        "19:28"
    ],
    "holiday": [
        "19:28"
    ],
    "url": "https://www.kanachu.co.jp/dia/diagram/timetable01_js/course:0000801901-6/node:00129300/kt:0/lname:/"
}
