{
    "date": "2025/04/19",
    "name": "座間キャンプ前",
    "position": "-",
    "system": "台14",
    "destinations": [
        "座間",
        "宗仲寺前",
        "新戸山谷",
        "新戸(相模原市南区)",
        "武井橋",
        "勝坂入口",
        "上磯部入口",
        "相陽中学校前",
        "下溝",
        "八景の棚",
        "原当麻駅入口",
        "原当麻駅東",
        "原当麻駅"
    ],
    "weekday": [
        "7:04",
        "8:04",
        "9:18",
        "10:18",
        "11:18",
        "12:18",
        "13:18",
        "14:18",
        "15:18",
        "16:13",
        "17:14",
        "18:19",
        "19:29",
        "20:33"
    ],
    "saturday": [
        "7:28",
        "8:28",
        "9:28",
        "10:28",
        "11:28",
        "12:28",
        "13:28",
        "14:28",
        "15:28",
        "16:28",
        "17:28",
        "18:28",
        "19:28",
        "20:28"
    ],
    "holiday": [
        "7:28",
        "8:28",
        "9:28",
        "10:28",
        "11:28",
        "12:28",
        "13:28",
        "14:28",
        "15:28",
        "16:28",
        "17:28",
        "18:28",
        "19:28",
        "20:28"
    ],
    "url": "https://www.kanachu.co.jp/dia/diagram/timetable01_js/course:0000800897-3/node:00128549/kt:0/lname:/"
}
