{
    "date": "2025/04/19",
    "name": "座間",
    "position": "-",
    "system": "台14",
    "destinations": [
        "宗仲寺前",
        "新戸山谷",
        "新戸(相模原市南区)",
        "武井橋",
        "勝坂入口",
        "上磯部入口",
        "相陽中学校前",
        "下溝",
        "八景の棚",
        "原当麻駅入口",
        "原当麻駅東",
        "原当麻駅"
    ],
    "weekday": [
        "7:05",
        "8:05",
        "9:19",
        "10:19",
        "11:19",
        "12:19",
        "13:19",
        "14:19",
        "15:19",
        "16:14",
        "17:15",
        "18:20",
        "19:30",
        "20:34"
    ],
    "saturday": [
        "7:29",
        "8:29",
        "9:29",
        "10:29",
        "11:29",
        "12:29",
        "13:29",
        "14:29",
        "15:29",
        "16:29",
        "17:29",
        "18:29",
        "19:29",
        "20:29"
    ],
    "holiday": [
        "7:29",
        "8:29",
        "9:29",
        "10:29",
        "11:29",
        "12:29",
        "13:29",
        "14:29",
        "15:29",
        "16:29",
        "17:29",
        "18:29",
        "19:29",
        "20:29"
    ],
    "url": "https://www.kanachu.co.jp/dia/diagram/timetable01_js/course:0000800897-4/node:00128548/kt:0/lname:/"
}
