{
    "date": "2025/04/19",
    "name": "新戸山谷",
    "position": "-",
    "system": "台14",
    "destinations": [
        "新戸(相模原市南区)",
        "武井橋",
        "勝坂入口",
        "上磯部入口",
        "相陽中学校前",
        "下溝",
        "八景の棚",
        "原当麻駅入口",
        "原当麻駅東",
        "原当麻駅"
    ],
    "weekday": [
        "7:07",
        "8:07",
        "9:21",
        "10:21",
        "11:21",
        "12:21",
        "13:21",
        "14:21",
        "15:21",
        "16:16",
        "17:17",
        "18:22",
        "19:32",
        "20:36"
    ],
    "saturday": [
        "7:31",
        "8:31",
        "9:31",
        "10:31",
        "11:31",
        "12:31",
        "13:31",
        "14:31",
        "15:31",
        "16:31",
        "17:31",
        "18:31",
        "19:31",
        "20:31"
    ],
    "holiday": [
        "7:31",
        "8:31",
        "9:31",
        "10:31",
        "11:31",
        "12:31",
        "13:31",
        "14:31",
        "15:31",
        "16:31",
        "17:31",
        "18:31",
        "19:31",
        "20:31"
    ],
    "url": "https://www.kanachu.co.jp/dia/diagram/timetable01_js/course:0000800897-6/node:00128581/kt:0/lname:/"
}
