{
    "date": "2024/03/16",
    "name": "木曽住宅",
    "position": "-",
    "system": "町62",
    "destinations": [
        "三家(町田市)",
        "木曽(町田市)",
        "忠生公園入口",
        "上宿(町田市)",
        "下根岸(町田市)",
        "根岸(根岸町/町田市)",
        "忠生都営住宅前",
        "矢部",
        "下常盤",
        "中常盤",
        "常盤(町田市)",
        "下馬場",
        "馬場十字路",
        "中村不動入口",
        "小山郵便局前",
        "小山小学校前(町田市)",
        "横土手",
        "沼入口(町田市)",
        "多摩境通り北",
        "神奈中多摩車庫"
    ],
    "weekday": [
        "22:51"
    ],
    "saturday": [
        "22:01",
        "22:41"
    ],
    "holiday": [
        "22:01",
        "22:41"
    ],
    "url": "https://www.kanachu.co.jp/dia/diagram/timetable01_js/course:0000802021-8/node:00129362/kt:0/lname:/"
}
