{
    "date": "2025/11/16",
    "name": "柳町(平塚市)",
    "position": "-",
    "system": "平33",
    "destinations": [
        "古花水",
        "花水橋",
        "高麗清水",
        "高根(平塚市)",
        "山下(平塚市)",
        "上山下(平塚市)",
        "下万田",
        "上万田",
        "万田自治会館前",
        "小向(平塚市)",
        "下出縄",
        "上出縄",
        "上寺坂",
        "境橋(中郡大磯町)",
        "弁天通り(平塚市)",
        "松岩寺"
    ],
    "weekday": [
        "6:55",
        "7:18",
        "7:34",
        "7:54",
        "8:18",
        "8:47",
        "9:47",
        "10:48",
        "11:48",
        "12:48",
        "13:48",
        "14:48",
        "15:18",
        "15:48",
        "16:48",
        "17:18",
        "17:48",
        "18:17",
        "18:48",
        "19:17",
        "19:47",
        "20:17",
        "20:47",
        "21:17",
        "22:17"
    ],
    "saturday": [
        "7:11",
        "7:41",
        "8:36",
        "9:41",
        "10:47",
        "11:47",
        "12:47",
        "13:47",
        "14:47",
        "15:47",
        "16:47",
        "17:17",
        "17:47",
        "18:14",
        "18:47",
        "19:17",
        "19:47",
        "20:17",
        "21:17",
        "22:17"
    ],
    "holiday": [
        "7:11",
        "7:41",
        "8:36",
        "9:41",
        "10:47",
        "11:47",
        "12:47",
        "13:47",
        "14:47",
        "15:47",
        "16:47",
        "17:17",
        "17:47",
        "18:14",
        "18:47",
        "19:17",
        "19:47",
        "20:17",
        "21:17",
        "22:17"
    ],
    "url": "https://www.kanachu.co.jp/dia/diagram/timetable01_js/course:0000800592-6/node:00127469/kt:0/lname:/"
}
