{
    "date": "2025/11/16",
    "name": "上山下(平塚市)",
    "position": "-",
    "system": "平33",
    "destinations": [
        "下万田",
        "上万田",
        "万田自治会館前",
        "小向(平塚市)",
        "下出縄",
        "上出縄",
        "上寺坂",
        "境橋(中郡大磯町)",
        "弁天通り(平塚市)",
        "松岩寺"
    ],
    "weekday": [
        "7:01",
        "7:24",
        "7:40",
        "8:00",
        "8:24",
        "8:53",
        "9:53",
        "10:54",
        "11:54",
        "12:54",
        "13:54",
        "14:54",
        "15:24",
        "15:54",
        "16:54",
        "17:24",
        "17:54",
        "18:23",
        "18:54",
        "19:23",
        "19:53",
        "20:23",
        "20:53",
        "21:23",
        "22:23"
    ],
    "saturday": [
        "7:17",
        "7:47",
        "8:42",
        "9:47",
        "10:53",
        "11:53",
        "12:53",
        "13:53",
        "14:53",
        "15:53",
        "16:53",
        "17:23",
        "17:53",
        "18:20",
        "18:53",
        "19:23",
        "19:53",
        "20:23",
        "21:23",
        "22:23"
    ],
    "holiday": [
        "7:17",
        "7:47",
        "8:42",
        "9:47",
        "10:53",
        "11:53",
        "12:53",
        "13:53",
        "14:53",
        "15:53",
        "16:53",
        "17:23",
        "17:53",
        "18:20",
        "18:53",
        "19:23",
        "19:53",
        "20:23",
        "21:23",
        "22:23"
    ],
    "url": "https://www.kanachu.co.jp/dia/diagram/timetable01_js/course:0000800592-12/node:00127533/kt:0/lname:/"
}
