{
    "date": "2025/11/16",
    "name": "下出縄",
    "position": "-",
    "system": "平33",
    "destinations": [
        "上出縄",
        "上寺坂",
        "境橋(中郡大磯町)",
        "弁天通り(平塚市)",
        "松岩寺"
    ],
    "weekday": [
        "7:06",
        "7:29",
        "7:45",
        "8:05",
        "8:29",
        "8:58",
        "9:58",
        "10:59",
        "11:59",
        "12:59",
        "13:59",
        "14:59",
        "15:29",
        "15:59",
        "16:59",
        "17:29",
        "17:59",
        "18:28",
        "18:59",
        "19:28",
        "19:58",
        "20:28",
        "20:58",
        "21:28",
        "22:28"
    ],
    "saturday": [
        "7:22",
        "7:52",
        "8:47",
        "9:52",
        "10:58",
        "11:58",
        "12:58",
        "13:58",
        "14:58",
        "15:58",
        "16:58",
        "17:28",
        "17:58",
        "18:25",
        "18:58",
        "19:28",
        "19:58",
        "20:28",
        "21:28",
        "22:28"
    ],
    "holiday": [
        "7:22",
        "7:52",
        "8:47",
        "9:52",
        "10:58",
        "11:58",
        "12:58",
        "13:58",
        "14:58",
        "15:58",
        "16:58",
        "17:28",
        "17:58",
        "18:25",
        "18:58",
        "19:28",
        "19:58",
        "20:28",
        "21:28",
        "22:28"
    ],
    "url": "https://www.kanachu.co.jp/dia/diagram/timetable01_js/course:0000800592-17/node:00127540/kt:0/lname:/"
}
