{
    "date": "2025/11/16",
    "name": "弁天通り(平塚市)",
    "position": "-",
    "system": "平33",
    "destinations": [
        "松岩寺"
    ],
    "weekday": [
        "7:11",
        "7:34",
        "7:50",
        "8:10",
        "8:34",
        "9:03",
        "10:03",
        "11:04",
        "12:04",
        "13:04",
        "14:04",
        "15:04",
        "15:34",
        "16:04",
        "17:04",
        "17:34",
        "18:04",
        "18:33",
        "19:04",
        "19:33",
        "20:03",
        "20:33",
        "21:03",
        "21:33",
        "22:33"
    ],
    "saturday": [
        "7:27",
        "7:57",
        "8:52",
        "9:57",
        "11:03",
        "12:03",
        "13:03",
        "14:03",
        "15:03",
        "16:03",
        "17:03",
        "17:33",
        "18:03",
        "18:30",
        "19:03",
        "19:33",
        "20:03",
        "20:33",
        "21:33",
        "22:33"
    ],
    "holiday": [
        "7:27",
        "7:57",
        "8:52",
        "9:57",
        "11:03",
        "12:03",
        "13:03",
        "14:03",
        "15:03",
        "16:03",
        "17:03",
        "17:33",
        "18:03",
        "18:30",
        "19:03",
        "19:33",
        "20:03",
        "20:33",
        "21:33",
        "22:33"
    ],
    "url": "https://www.kanachu.co.jp/dia/diagram/timetable01_js/course:0000800592-21/node:00127551/kt:0/lname:/"
}
