{
    "date": "2018/03/17",
    "name": "本村(茅ケ崎市)",
    "position": "-",
    "system": "藤21",
    "destinations": [
        "本村五丁目",
        "市立病院(茅ケ崎市)",
        "ニュータウン入口(茅ケ崎市)",
        "ニュータウン中央(茅ケ崎市)",
        "高田三丁目",
        "室田",
        "室田小学校入口",
        "室田一丁目",
        "松林二丁目",
        "松林",
        "菱沼二丁目",
        "菱沼団地入口",
        "幼稚園前(茅ケ崎市)",
        "小和田小学校",
        "東小和田",
        "辻堂駅西口",
        "辻堂駅北口",
        "新町一丁目(藤沢市)",
        "新町二丁目(藤沢市)",
        "新町三丁目(藤沢市)",
        "ソニー前(藤沢市)",
        "高山車庫",
        "ソニー前(藤沢市)",
        "ヤクルト前",
        "神明町(藤沢市)",
        "日本精工前",
        "一本松(藤沢市)",
        "三富士町",
        "藤沢駅北口"
    ],
    "weekday": [
        "5:35",
        "6:33",
        "7:10",
        "7:43",
        "8:23",
        "9:39",
        "10:08",
        "10:53",
        "11:28",
        "12:59",
        "13:46",
        "14:21",
        "15:09",
        "15:50",
        "16:23",
        "17:08",
        "17:47",
        "18:33",
        "20:13",
        "21:13"
    ],
    "saturday": [
        "7:15",
        "7:54",
        "8:28",
        "9:03",
        "9:38",
        "10:13",
        "10:58",
        "11:38",
        "12:18",
        "13:06",
        "13:48",
        "14:29",
        "15:18",
        "16:06",
        "16:56",
        "17:40",
        "18:28",
        "19:13"
    ],
    "holiday": [
        "7:15",
        "7:54",
        "8:28",
        "9:03",
        "9:38",
        "10:13",
        "10:58",
        "11:38",
        "12:18",
        "13:06",
        "13:48",
        "14:29",
        "15:18",
        "16:06",
        "16:56",
        "17:40",
        "18:28",
        "19:13"
    ],
    "url": "https://www.kanachu.co.jp/dia/diagram/timetable01_js/course:0000802643-2/node:00127127/kt:0/lname:/"
}
