{
    "date": "2018/03/17",
    "name": "本村五丁目",
    "position": "-",
    "system": "藤21",
    "destinations": [
        "市立病院(茅ケ崎市)",
        "ニュータウン入口(茅ケ崎市)",
        "ニュータウン中央(茅ケ崎市)",
        "高田三丁目",
        "室田",
        "室田小学校入口",
        "室田一丁目",
        "松林二丁目",
        "松林",
        "菱沼二丁目",
        "菱沼団地入口",
        "幼稚園前(茅ケ崎市)",
        "小和田小学校",
        "東小和田",
        "辻堂駅西口",
        "辻堂駅北口",
        "新町一丁目(藤沢市)",
        "新町二丁目(藤沢市)",
        "新町三丁目(藤沢市)",
        "ソニー前(藤沢市)",
        "高山車庫",
        "ソニー前(藤沢市)",
        "ヤクルト前",
        "神明町(藤沢市)",
        "日本精工前",
        "一本松(藤沢市)",
        "三富士町",
        "藤沢駅北口"
    ],
    "weekday": [
        "5:36",
        "6:34",
        "7:11",
        "7:44",
        "8:24",
        "9:40",
        "10:09",
        "10:54",
        "11:29",
        "13:00",
        "13:47",
        "14:22",
        "15:10",
        "15:51",
        "16:24",
        "17:09",
        "17:48",
        "18:34",
        "20:14",
        "21:14"
    ],
    "saturday": [
        "7:16",
        "7:55",
        "8:29",
        "9:04",
        "9:39",
        "10:14",
        "10:59",
        "11:39",
        "12:19",
        "13:07",
        "13:49",
        "14:30",
        "15:19",
        "16:07",
        "16:57",
        "17:41",
        "18:29",
        "19:14"
    ],
    "holiday": [
        "7:16",
        "7:55",
        "8:29",
        "9:04",
        "9:39",
        "10:14",
        "10:59",
        "11:39",
        "12:19",
        "13:07",
        "13:49",
        "14:30",
        "15:19",
        "16:07",
        "16:57",
        "17:41",
        "18:29",
        "19:14"
    ],
    "url": "https://www.kanachu.co.jp/dia/diagram/timetable01_js/course:0000802643-3/node:00127316/kt:0/lname:/"
}
