{
    "date": "2018/03/17",
    "name": "市立病院(茅ケ崎市)",
    "position": "-",
    "system": "藤21",
    "destinations": [
        "ニュータウン入口(茅ケ崎市)",
        "ニュータウン中央(茅ケ崎市)",
        "高田三丁目",
        "室田",
        "室田小学校入口",
        "室田一丁目",
        "松林二丁目",
        "松林",
        "菱沼二丁目",
        "菱沼団地入口",
        "幼稚園前(茅ケ崎市)",
        "小和田小学校",
        "東小和田",
        "辻堂駅西口",
        "辻堂駅北口",
        "新町一丁目(藤沢市)",
        "新町二丁目(藤沢市)",
        "新町三丁目(藤沢市)",
        "ソニー前(藤沢市)",
        "高山車庫",
        "ソニー前(藤沢市)",
        "ヤクルト前",
        "神明町(藤沢市)",
        "日本精工前",
        "一本松(藤沢市)",
        "三富士町",
        "藤沢駅北口"
    ],
    "weekday": [
        "5:38",
        "6:37",
        "7:15",
        "7:48",
        "8:28",
        "9:44",
        "10:13",
        "10:58",
        "11:33",
        "13:04",
        "13:51",
        "14:26",
        "15:14",
        "15:55",
        "16:28",
        "17:13",
        "17:52",
        "18:38",
        "20:17",
        "21:17"
    ],
    "saturday": [
        "7:19",
        "7:58",
        "8:32",
        "9:07",
        "9:42",
        "10:18",
        "11:03",
        "11:43",
        "12:23",
        "13:11",
        "13:53",
        "14:34",
        "15:23",
        "16:11",
        "17:01",
        "17:45",
        "18:33",
        "19:17"
    ],
    "holiday": [
        "7:19",
        "7:58",
        "8:32",
        "9:07",
        "9:42",
        "10:18",
        "11:03",
        "11:43",
        "12:23",
        "13:11",
        "13:53",
        "14:34",
        "15:23",
        "16:11",
        "17:01",
        "17:45",
        "18:33",
        "19:17"
    ],
    "url": "https://www.kanachu.co.jp/dia/diagram/timetable01_js/course:0000802643-4/node:00127153/kt:0/lname:/"
}
