{
    "date": "2018/03/17",
    "name": "松林二丁目",
    "position": "-",
    "system": "藤21",
    "destinations": [
        "松林",
        "菱沼二丁目",
        "菱沼団地入口",
        "幼稚園前(茅ケ崎市)",
        "小和田小学校",
        "東小和田",
        "辻堂駅西口",
        "辻堂駅北口",
        "新町一丁目(藤沢市)",
        "新町二丁目(藤沢市)",
        "新町三丁目(藤沢市)",
        "ソニー前(藤沢市)",
        "高山車庫",
        "ソニー前(藤沢市)",
        "ヤクルト前",
        "神明町(藤沢市)",
        "日本精工前",
        "一本松(藤沢市)",
        "三富士町",
        "藤沢駅北口"
    ],
    "weekday": [
        "5:46",
        "6:45",
        "7:23",
        "7:56",
        "8:36",
        "9:52",
        "10:21",
        "11:06",
        "11:41",
        "13:12",
        "13:59",
        "14:34",
        "15:22",
        "16:03",
        "16:36",
        "17:21",
        "18:00",
        "18:46",
        "20:25",
        "21:25"
    ],
    "saturday": [
        "7:27",
        "8:06",
        "8:40",
        "9:15",
        "9:50",
        "10:26",
        "11:11",
        "11:51",
        "12:31",
        "13:19",
        "14:01",
        "14:42",
        "15:31",
        "16:19",
        "17:09",
        "17:53",
        "18:41",
        "19:25"
    ],
    "holiday": [
        "7:27",
        "8:06",
        "8:40",
        "9:15",
        "9:50",
        "10:26",
        "11:11",
        "11:51",
        "12:31",
        "13:19",
        "14:01",
        "14:42",
        "15:31",
        "16:19",
        "17:09",
        "17:53",
        "18:41",
        "19:25"
    ],
    "url": "https://www.kanachu.co.jp/dia/diagram/timetable01_js/course:0000802643-11/node:00127281/kt:0/lname:/"
}
