{
    "date": "2018/03/17",
    "name": "辻堂駅西口",
    "position": "-",
    "system": "藤21",
    "destinations": [
        "辻堂駅北口",
        "新町一丁目(藤沢市)",
        "新町二丁目(藤沢市)",
        "新町三丁目(藤沢市)",
        "ソニー前(藤沢市)",
        "高山車庫",
        "ソニー前(藤沢市)",
        "ヤクルト前",
        "神明町(藤沢市)",
        "日本精工前",
        "一本松(藤沢市)",
        "三富士町",
        "藤沢駅北口"
    ],
    "weekday": [
        "5:53",
        "6:52",
        "7:31",
        "8:04",
        "8:44",
        "10:00",
        "10:29",
        "11:14",
        "11:49",
        "13:20",
        "14:07",
        "14:42",
        "15:30",
        "16:11",
        "16:44",
        "17:29",
        "18:08",
        "18:54",
        "20:32",
        "21:32"
    ],
    "saturday": [
        "7:34",
        "8:13",
        "8:47",
        "9:22",
        "9:57",
        "10:34",
        "11:19",
        "11:59",
        "12:39",
        "13:27",
        "14:09",
        "14:50",
        "15:39",
        "16:27",
        "17:17",
        "18:01",
        "18:49",
        "19:32"
    ],
    "holiday": [
        "7:34",
        "8:13",
        "8:47",
        "9:22",
        "9:57",
        "10:34",
        "11:19",
        "11:59",
        "12:39",
        "13:27",
        "14:09",
        "14:50",
        "15:39",
        "16:27",
        "17:17",
        "18:01",
        "18:49",
        "19:32"
    ],
    "url": "https://www.kanachu.co.jp/dia/diagram/timetable01_js/course:0000802643-18/node:00127268/kt:0/lname:/"
}
