{
    "date": "2018/03/17",
    "name": "ソニー前(藤沢市)",
    "position": "-",
    "system": "藤21",
    "destinations": [
        "高山車庫",
        "ソニー前(藤沢市)",
        "ヤクルト前",
        "神明町(藤沢市)",
        "日本精工前",
        "一本松(藤沢市)",
        "三富士町",
        "藤沢駅北口"
    ],
    "weekday": [
        "5:59",
        "6:58",
        "7:38",
        "8:11",
        "8:51",
        "10:08",
        "10:37",
        "11:22",
        "11:57",
        "13:28",
        "14:15",
        "14:50",
        "15:38",
        "16:20",
        "16:53",
        "17:38",
        "18:17",
        "19:03",
        "20:38",
        "21:38"
    ],
    "saturday": [
        "7:40",
        "8:19",
        "8:53",
        "9:28",
        "10:03",
        "10:42",
        "11:27",
        "12:07",
        "12:47",
        "13:37",
        "14:19",
        "15:00",
        "15:49",
        "16:37",
        "17:27",
        "18:09",
        "18:57",
        "19:38"
    ],
    "holiday": [
        "7:40",
        "8:19",
        "8:53",
        "9:28",
        "10:03",
        "10:42",
        "11:27",
        "12:07",
        "12:47",
        "13:37",
        "14:19",
        "15:00",
        "15:49",
        "16:37",
        "17:27",
        "18:09",
        "18:57",
        "19:38"
    ],
    "url": "https://www.kanachu.co.jp/dia/diagram/timetable01_js/course:0000802643-23/node:00127047/kt:0/lname:/"
}
