{
    "date": "2024/03/16",
    "name": "成瀬高校入口",
    "position": "-",
    "system": "成04",
    "destinations": [
        "中村(町田市成瀬)",
        "観性寺前",
        "成瀬台入口",
        "ポプラヶ丘前",
        "成瀬台二丁目",
        "野村住宅中央",
        "成瀬台",
        "駒狩公園前",
        "島(横浜市青葉区)",
        "こどもの国駅"
    ],
    "weekday": [
        "12:32",
        "14:32"
    ],
    "saturday": [
        "12:32",
        "14:32"
    ],
    "holiday": [
        "12:32",
        "14:32"
    ],
    "url": "https://www.kanachu.co.jp/dia/diagram/timetable01_js/course:0000800226-3/node:00129561/kt:0/lname:/"
}
