{
    "system": "成04",
    "busstops": [
        {
            "index": "1",
            "id": "00129552",
            "name": "成瀬駅",
            "lat": "35.535768",
            "lng": "139.472792"
        },
        {
            "index": "2",
            "id": "00129562",
            "name": "南成瀬",
            "lat": "35.539831",
            "lng": "139.473571"
        },
        {
            "index": "3",
            "id": "00129561",
            "name": "成瀬高校入口",
            "lat": "35.542878",
            "lng": "139.473756"
        },
        {
            "index": "4",
            "id": "00129560",
            "name": "中村(町田市成瀬)",
            "lat": "35.545088",
            "lng": "139.473445"
        },
        {
            "index": "5",
            "id": "00129559",
            "name": "観性寺前",
            "lat": "35.547613",
            "lng": "139.472446"
        },
        {
            "index": "6",
            "id": "00129599",
            "name": "成瀬台入口",
            "lat": "35.549596",
            "lng": "139.473446"
        },
        {
            "index": "7",
            "id": "00129600",
            "name": "ポプラヶ丘前",
            "lat": "35.549371",
            "lng": "139.478479"
        },
        {
            "index": "8",
            "id": "00129601",
            "name": "成瀬台二丁目",
            "lat": "35.550624",
            "lng": "139.479146"
        },
        {
            "index": "9",
            "id": "00129602",
            "name": "野村住宅中央",
            "lat": "35.553103",
            "lng": "139.478408"
        },
        {
            "index": "10",
            "id": "00129603",
            "name": "成瀬台",
            "lat": "35.558893",
            "lng": "139.477967"
        },
        {
            "index": "11",
            "id": "00129755",
            "name": "駒狩公園前",
            "lat": "35.560245",
            "lng": "139.480345"
        },
        {
            "index": "12",
            "id": "00129744",
            "name": "島(横浜市青葉区)",
            "lat": "35.559062",
            "lng": "139.483709"
        },
        {
            "index": "13",
            "id": "00129754",
            "name": "こどもの国駅",
            "lat": "35.557746",
            "lng": "139.486329"
        }
    ],
    "route_url": "https://www.kanachu.co.jp/dia/route/index/cid:0000800226/"
}
