{
    "date": "2025/10/20",
    "name": "高ヶ坂団地",
    "position": "-",
    "system": "町92",
    "destinations": [
        "団地入口(町田市)",
        "高ヶ坂",
        "高ヶ坂センター前",
        "熊野神社前(成瀬街道側/町田市)",
        "三塚",
        "町田ターミナル前",
        "町田バスセンター"
    ],
    "weekday": [
        "5:50",
        "6:05",
        "6:20",
        "6:35",
        "6:50",
        "7:05",
        "7:15",
        "7:25",
        "7:35",
        "7:45",
        "8:00",
        "8:20",
        "8:40",
        "9:02",
        "9:17",
        "9:32",
        "10:02",
        "10:32",
        "11:02",
        "11:32",
        "12:02",
        "12:32",
        "13:02",
        "13:32",
        "14:02",
        "14:32",
        "15:02",
        "15:32",
        "16:00",
        "16:34",
        "17:00",
        "17:34",
        "18:03",
        "18:35",
        "19:45",
        "20:35"
    ],
    "saturday": [
        "6:04",
        "6:44",
        "7:14",
        "7:44",
        "8:12",
        "8:42",
        "9:02",
        "9:30",
        "9:50",
        "10:15",
        "10:45",
        "11:15",
        "11:45",
        "12:22",
        "12:48",
        "13:22",
        "13:48",
        "14:22",
        "14:48",
        "15:22",
        "15:48",
        "16:22",
        "16:48",
        "17:14",
        "17:44",
        "18:10",
        "19:10",
        "20:25"
    ],
    "holiday": [
        "6:32",
        "7:02",
        "7:32",
        "8:02",
        "8:32",
        "9:02",
        "9:30",
        "9:59",
        "10:22",
        "10:48",
        "11:22",
        "11:48",
        "12:22",
        "12:48",
        "13:22",
        "13:48",
        "14:22",
        "14:48",
        "15:22",
        "15:48",
        "16:22",
        "16:48",
        "17:18",
        "17:44",
        "18:10",
        "19:10",
        "20:25"
    ],
    "url": "https://www.kanachu.co.jp/dia/diagram/timetable01_js/course:0000803176-1/node:00129580/kt:0/lname:/"
}
