{
    "date": "2025/10/20",
    "name": "団地入口(町田市)",
    "position": "-",
    "system": "町92",
    "destinations": [
        "高ヶ坂",
        "高ヶ坂センター前",
        "熊野神社前(成瀬街道側/町田市)",
        "三塚",
        "町田ターミナル前",
        "町田バスセンター"
    ],
    "weekday": [
        "5:51",
        "6:06",
        "6:21",
        "6:36",
        "6:51",
        "7:06",
        "7:16",
        "7:26",
        "7:36",
        "7:46",
        "8:01",
        "8:21",
        "8:41",
        "9:03",
        "9:18",
        "9:33",
        "10:03",
        "10:33",
        "11:03",
        "11:33",
        "12:03",
        "12:33",
        "13:03",
        "13:33",
        "14:03",
        "14:33",
        "15:03",
        "15:33",
        "16:01",
        "16:35",
        "17:01",
        "17:35",
        "18:04",
        "18:36",
        "19:46",
        "20:36"
    ],
    "saturday": [
        "6:05",
        "6:45",
        "7:15",
        "7:45",
        "8:13",
        "8:43",
        "9:03",
        "9:31",
        "9:51",
        "10:16",
        "10:46",
        "11:16",
        "11:46",
        "12:23",
        "12:49",
        "13:23",
        "13:49",
        "14:23",
        "14:49",
        "15:23",
        "15:49",
        "16:23",
        "16:49",
        "17:15",
        "17:45",
        "18:11",
        "19:11",
        "20:26"
    ],
    "holiday": [
        "6:33",
        "7:03",
        "7:33",
        "8:03",
        "8:33",
        "9:03",
        "9:31",
        "10:00",
        "10:23",
        "10:49",
        "11:23",
        "11:49",
        "12:23",
        "12:49",
        "13:23",
        "13:49",
        "14:23",
        "14:49",
        "15:23",
        "15:49",
        "16:23",
        "16:49",
        "17:19",
        "17:45",
        "18:11",
        "19:11",
        "20:26"
    ],
    "url": "https://www.kanachu.co.jp/dia/diagram/timetable01_js/course:0000803176-2/node:00129579/kt:0/lname:/"
}
