{
    "date": "2025/10/20",
    "name": "高ヶ坂",
    "position": "-",
    "system": "町92",
    "destinations": [
        "高ヶ坂センター前",
        "熊野神社前(成瀬街道側/町田市)",
        "三塚",
        "町田ターミナル前",
        "町田バスセンター"
    ],
    "weekday": [
        "5:52",
        "6:07",
        "6:22",
        "6:37",
        "6:52",
        "7:07",
        "7:17",
        "7:27",
        "7:37",
        "7:47",
        "8:02",
        "8:22",
        "8:42",
        "9:04",
        "9:19",
        "9:34",
        "10:04",
        "10:34",
        "11:04",
        "11:34",
        "12:04",
        "12:34",
        "13:04",
        "13:34",
        "14:04",
        "14:34",
        "15:04",
        "15:34",
        "16:02",
        "16:36",
        "17:02",
        "17:36",
        "18:05",
        "18:37",
        "19:47",
        "20:37"
    ],
    "saturday": [
        "6:06",
        "6:46",
        "7:16",
        "7:46",
        "8:14",
        "8:44",
        "9:04",
        "9:32",
        "9:52",
        "10:17",
        "10:47",
        "11:17",
        "11:47",
        "12:24",
        "12:50",
        "13:24",
        "13:50",
        "14:24",
        "14:50",
        "15:24",
        "15:50",
        "16:24",
        "16:50",
        "17:16",
        "17:46",
        "18:12",
        "19:12",
        "20:27"
    ],
    "holiday": [
        "6:34",
        "7:04",
        "7:34",
        "8:04",
        "8:34",
        "9:04",
        "9:32",
        "10:01",
        "10:24",
        "10:50",
        "11:24",
        "11:50",
        "12:24",
        "12:50",
        "13:24",
        "13:50",
        "14:24",
        "14:50",
        "15:24",
        "15:50",
        "16:24",
        "16:50",
        "17:20",
        "17:46",
        "18:12",
        "19:12",
        "20:27"
    ],
    "url": "https://www.kanachu.co.jp/dia/diagram/timetable01_js/course:0000803176-3/node:00129578/kt:0/lname:/"
}
