{
    "date": "2025/10/20",
    "name": "熊野神社前(成瀬街道側/町田市)",
    "position": "-",
    "system": "町92",
    "destinations": [
        "三塚",
        "町田ターミナル前",
        "町田バスセンター"
    ],
    "weekday": [
        "5:54",
        "6:09",
        "6:24",
        "6:39",
        "6:54",
        "7:09",
        "7:19",
        "7:29",
        "7:39",
        "7:49",
        "8:04",
        "8:24",
        "8:44",
        "9:06",
        "9:21",
        "9:36",
        "10:06",
        "10:36",
        "11:06",
        "11:36",
        "12:06",
        "12:36",
        "13:06",
        "13:36",
        "14:06",
        "14:36",
        "15:06",
        "15:36",
        "16:04",
        "16:38",
        "17:04",
        "17:38",
        "18:07",
        "18:39",
        "19:49",
        "20:39"
    ],
    "saturday": [
        "6:08",
        "6:48",
        "7:18",
        "7:48",
        "8:16",
        "8:46",
        "9:06",
        "9:34",
        "9:54",
        "10:19",
        "10:49",
        "11:19",
        "11:49",
        "12:26",
        "12:52",
        "13:26",
        "13:52",
        "14:26",
        "14:52",
        "15:26",
        "15:52",
        "16:26",
        "16:52",
        "17:18",
        "17:48",
        "18:14",
        "19:14",
        "20:29"
    ],
    "holiday": [
        "6:36",
        "7:06",
        "7:36",
        "8:06",
        "8:36",
        "9:06",
        "9:34",
        "10:03",
        "10:26",
        "10:52",
        "11:26",
        "11:52",
        "12:26",
        "12:52",
        "13:26",
        "13:52",
        "14:26",
        "14:52",
        "15:26",
        "15:52",
        "16:26",
        "16:52",
        "17:22",
        "17:48",
        "18:14",
        "19:14",
        "20:29"
    ],
    "url": "https://www.kanachu.co.jp/dia/diagram/timetable01_js/course:0000803176-5/node:00129581/kt:0/lname:/"
}
