{
    "date": "2024/04/01",
    "name": "熊野神社前(平塚市)",
    "position": "-",
    "system": "平20",
    "destinations": [
        "長瀬北",
        "長瀬(平塚市)",
        "南原土手",
        "南原(平塚市)",
        "向原(平塚市)",
        "江南高校前",
        "追分(平塚市)",
        "営林署前(平塚市)",
        "旭通り(平塚市)",
        "八間通り",
        "平塚文化芸術ホール前",
        "銀座通り(平塚市)",
        "平塚駅北口"
    ],
    "weekday": [
        "6:25",
        "6:55",
        "18:55",
        "20:20",
        "21:25"
    ],
    "saturday": [
        "7:02",
        "8:02"
    ],
    "holiday": [
        "7:02",
        "8:02"
    ],
    "url": "https://www.kanachu.co.jp/dia/diagram/timetable01_js/course:0000800848-5/node:00127701/kt:0/lname:/"
}
