{
    "date": "2025/02/24",
    "name": "三叉路(横浜市戸塚区)",
    "position": "-",
    "system": "戸50",
    "destinations": [
        "横浜医療センター前",
        "原宿(横浜市戸塚区)",
        "大運寺",
        "吹上(横浜市戸塚区)",
        "西横浜国際総合病院前",
        "新道大坂上",
        "大坂上(横浜市戸塚区)",
        "大坂台",
        "大坂下",
        "八坂神社前",
        "消防署前(横浜市戸塚区)",
        "戸塚駅西口",
        "戸塚バスセンター"
    ],
    "weekday": [
        "5:26",
        "5:40",
        "5:47",
        "5:53",
        "6:00",
        "6:07",
        "6:11",
        "6:32",
        "6:40",
        "6:58",
        "7:13",
        "7:31",
        "7:43",
        "7:49",
        "8:05",
        "8:50",
        "8:58",
        "9:14",
        "9:22",
        "9:31",
        "9:41",
        "9:51",
        "9:58",
        "10:05",
        "10:24",
        "10:33",
        "10:49",
        "10:58",
        "11:04",
        "11:21",
        "11:30",
        "11:47",
        "11:56",
        "12:04",
        "12:21",
        "13:04",
        "13:47",
        "14:30",
        "14:47",
        "14:56",
        "15:04",
        "15:21",
        "15:30",
        "15:47",
        "15:56",
        "16:04",
        "16:21",
        "16:30",
        "17:45",
        "17:50",
        "17:55",
        "18:00",
        "18:14",
        "18:28",
        "18:39",
        "19:15",
        "19:34",
        "19:44",
        "19:54",
        "20:26",
        "20:51",
        "21:10",
        "21:38",
        "22:00",
        "22:15"
    ],
    "saturday": [
        "5:59",
        "6:23",
        "6:35",
        "6:47",
        "6:59",
        "7:07",
        "7:15",
        "7:23",
        "7:31",
        "7:39",
        "7:47",
        "7:54",
        "7:59",
        "8:07",
        "8:15",
        "8:23",
        "8:31",
        "8:39",
        "8:47",
        "8:53",
        "8:59",
        "9:05",
        "9:17",
        "9:23",
        "9:29",
        "9:35",
        "9:47",
        "9:53",
        "9:59",
        "10:05",
        "10:17",
        "10:23",
        "10:29",
        "10:35",
        "10:47",
        "10:53",
        "11:02",
        "11:17",
        "11:24",
        "11:32",
        "11:47",
        "11:54",
        "12:02",
        "12:17",
        "12:24",
        "12:32",
        "12:47",
        "12:54",
        "13:02",
        "13:17",
        "13:24",
        "13:32",
        "13:47",
        "13:54",
        "14:02",
        "14:17",
        "14:24",
        "14:32",
        "14:47",
        "14:54",
        "15:02",
        "15:17",
        "15:24",
        "15:32",
        "15:47",
        "15:54",
        "16:02",
        "16:17",
        "16:24",
        "16:32",
        "16:47",
        "16:54",
        "17:02",
        "17:17",
        "17:24",
        "17:32",
        "17:47",
        "17:54",
        "18:02",
        "18:09",
        "18:17",
        "18:24",
        "18:32",
        "18:39",
        "18:47",
        "18:54",
        "19:09",
        "19:24",
        "19:39",
        "19:54",
        "20:09",
        "20:24",
        "20:39"
    ],
    "holiday": [
        "5:59",
        "6:29",
        "6:44",
        "7:09",
        "7:19",
        "7:39",
        "7:49",
        "7:59",
        "8:07",
        "8:15",
        "8:23",
        "8:31",
        "8:39",
        "8:47",
        "8:54",
        "8:59",
        "9:15",
        "9:23",
        "9:31",
        "9:47",
        "9:54",
        "10:02",
        "10:17",
        "10:24",
        "10:32",
        "10:47",
        "10:54",
        "11:02",
        "11:17",
        "11:24",
        "11:32",
        "11:47",
        "11:54",
        "12:02",
        "12:17",
        "12:24",
        "12:32",
        "12:47",
        "12:54",
        "13:02",
        "13:17",
        "13:24",
        "13:32",
        "13:47",
        "13:54",
        "14:02",
        "14:17",
        "14:24",
        "14:32",
        "14:47",
        "14:54",
        "15:02",
        "15:17",
        "15:24",
        "15:32",
        "15:47",
        "15:54",
        "16:02",
        "16:17",
        "16:24",
        "16:32",
        "16:47",
        "16:54",
        "17:02",
        "17:17",
        "17:24",
        "17:32",
        "17:47",
        "17:54",
        "18:02",
        "18:09",
        "18:17",
        "18:24",
        "18:32",
        "18:39",
        "18:47",
        "18:54",
        "19:09",
        "19:24",
        "19:39",
        "19:54",
        "20:09",
        "20:24",
        "20:39"
    ],
    "url": "https://www.kanachu.co.jp/dia/diagram/timetable01_js/course:0000803593-5/node:00126820/kt:0/lname:/"
}
