{
    "date": "2025/02/24",
    "name": "大坂台",
    "position": "-",
    "system": "戸50",
    "destinations": [
        "大坂下",
        "八坂神社前",
        "消防署前(横浜市戸塚区)",
        "戸塚駅西口",
        "戸塚バスセンター"
    ],
    "weekday": [
        "5:35",
        "5:49",
        "5:56",
        "6:02",
        "6:09",
        "6:16",
        "6:20",
        "6:45",
        "6:53",
        "7:11",
        "7:26",
        "7:44",
        "7:56",
        "8:02",
        "8:18",
        "9:02",
        "9:08",
        "9:23",
        "9:31",
        "9:40",
        "9:50",
        "10:00",
        "10:07",
        "10:14",
        "10:33",
        "10:42",
        "10:58",
        "11:07",
        "11:13",
        "11:30",
        "11:39",
        "11:56",
        "12:05",
        "12:13",
        "12:30",
        "13:13",
        "13:56",
        "14:39",
        "14:56",
        "15:05",
        "15:13",
        "15:30",
        "15:39",
        "15:56",
        "16:05",
        "16:13",
        "16:30",
        "16:39",
        "17:54",
        "17:59",
        "18:04",
        "18:09",
        "18:23",
        "18:37",
        "18:48",
        "19:24",
        "19:43",
        "19:53",
        "20:03",
        "20:35",
        "21:00",
        "21:19",
        "21:47",
        "22:09",
        "22:24"
    ],
    "saturday": [
        "6:07",
        "6:31",
        "6:43",
        "6:55",
        "7:07",
        "7:15",
        "7:23",
        "7:31",
        "7:39",
        "7:47",
        "7:55",
        "8:02",
        "8:07",
        "8:15",
        "8:23",
        "8:31",
        "8:39",
        "8:47",
        "8:55",
        "9:01",
        "9:07",
        "9:13",
        "9:25",
        "9:31",
        "9:37",
        "9:43",
        "9:55",
        "10:01",
        "10:07",
        "10:13",
        "10:25",
        "10:31",
        "10:37",
        "10:43",
        "10:55",
        "11:01",
        "11:10",
        "11:25",
        "11:32",
        "11:40",
        "11:55",
        "12:02",
        "12:10",
        "12:25",
        "12:32",
        "12:40",
        "12:55",
        "13:02",
        "13:10",
        "13:25",
        "13:32",
        "13:40",
        "13:55",
        "14:02",
        "14:10",
        "14:25",
        "14:32",
        "14:40",
        "14:55",
        "15:02",
        "15:10",
        "15:25",
        "15:32",
        "15:40",
        "15:55",
        "16:02",
        "16:10",
        "16:25",
        "16:32",
        "16:40",
        "16:55",
        "17:02",
        "17:10",
        "17:25",
        "17:32",
        "17:40",
        "17:55",
        "18:02",
        "18:10",
        "18:17",
        "18:25",
        "18:32",
        "18:40",
        "18:47",
        "18:55",
        "19:02",
        "19:17",
        "19:32",
        "19:47",
        "20:02",
        "20:17",
        "20:32",
        "20:47"
    ],
    "holiday": [
        "6:07",
        "6:37",
        "6:52",
        "7:17",
        "7:27",
        "7:47",
        "7:57",
        "8:07",
        "8:15",
        "8:23",
        "8:31",
        "8:39",
        "8:47",
        "8:55",
        "9:02",
        "9:07",
        "9:23",
        "9:31",
        "9:39",
        "9:55",
        "10:02",
        "10:10",
        "10:25",
        "10:32",
        "10:40",
        "10:55",
        "11:02",
        "11:10",
        "11:25",
        "11:32",
        "11:40",
        "11:55",
        "12:02",
        "12:10",
        "12:25",
        "12:32",
        "12:40",
        "12:55",
        "13:02",
        "13:10",
        "13:25",
        "13:32",
        "13:40",
        "13:55",
        "14:02",
        "14:10",
        "14:25",
        "14:32",
        "14:40",
        "14:55",
        "15:02",
        "15:10",
        "15:25",
        "15:32",
        "15:40",
        "15:55",
        "16:02",
        "16:10",
        "16:25",
        "16:32",
        "16:40",
        "16:55",
        "17:02",
        "17:10",
        "17:25",
        "17:32",
        "17:40",
        "17:55",
        "18:02",
        "18:10",
        "18:17",
        "18:25",
        "18:32",
        "18:40",
        "18:47",
        "18:55",
        "19:02",
        "19:17",
        "19:32",
        "19:47",
        "20:02",
        "20:17",
        "20:32",
        "20:47"
    ],
    "url": "https://www.kanachu.co.jp/dia/diagram/timetable01_js/course:0000803593-13/node:00126812/kt:0/lname:/"
}
