{
    "date": "2025/02/24",
    "name": "八坂神社前",
    "position": "-",
    "system": "戸50",
    "destinations": [
        "消防署前(横浜市戸塚区)",
        "戸塚駅西口",
        "戸塚バスセンター"
    ],
    "weekday": [
        "5:37",
        "5:51",
        "5:58",
        "6:04",
        "6:11",
        "6:18",
        "6:22",
        "6:47",
        "6:55",
        "7:13",
        "7:28",
        "7:46",
        "7:58",
        "8:04",
        "8:20",
        "9:04",
        "9:10",
        "9:25",
        "9:33",
        "9:42",
        "9:52",
        "10:02",
        "10:09",
        "10:16",
        "10:35",
        "10:44",
        "11:00",
        "11:09",
        "11:15",
        "11:32",
        "11:41",
        "11:58",
        "12:07",
        "12:15",
        "12:32",
        "13:15",
        "13:58",
        "14:41",
        "14:58",
        "15:07",
        "15:15",
        "15:32",
        "15:41",
        "15:58",
        "16:07",
        "16:15",
        "16:32",
        "16:41",
        "17:56",
        "18:01",
        "18:06",
        "18:11",
        "18:25",
        "18:39",
        "18:50",
        "19:26",
        "19:45",
        "19:55",
        "20:05",
        "20:37",
        "21:02",
        "21:21",
        "21:49",
        "22:11",
        "22:26"
    ],
    "saturday": [
        "6:09",
        "6:33",
        "6:45",
        "6:57",
        "7:09",
        "7:17",
        "7:25",
        "7:33",
        "7:41",
        "7:49",
        "7:57",
        "8:04",
        "8:09",
        "8:17",
        "8:25",
        "8:33",
        "8:41",
        "8:49",
        "8:57",
        "9:03",
        "9:09",
        "9:15",
        "9:27",
        "9:33",
        "9:39",
        "9:45",
        "9:57",
        "10:03",
        "10:09",
        "10:15",
        "10:27",
        "10:33",
        "10:39",
        "10:45",
        "10:57",
        "11:03",
        "11:12",
        "11:27",
        "11:34",
        "11:42",
        "11:57",
        "12:04",
        "12:12",
        "12:27",
        "12:34",
        "12:42",
        "12:57",
        "13:04",
        "13:12",
        "13:27",
        "13:34",
        "13:42",
        "13:57",
        "14:04",
        "14:12",
        "14:27",
        "14:34",
        "14:42",
        "14:57",
        "15:04",
        "15:12",
        "15:27",
        "15:34",
        "15:42",
        "15:57",
        "16:04",
        "16:12",
        "16:27",
        "16:34",
        "16:42",
        "16:57",
        "17:04",
        "17:12",
        "17:27",
        "17:34",
        "17:42",
        "17:57",
        "18:04",
        "18:12",
        "18:19",
        "18:27",
        "18:34",
        "18:42",
        "18:49",
        "18:57",
        "19:04",
        "19:19",
        "19:34",
        "19:49",
        "20:04",
        "20:19",
        "20:34",
        "20:49"
    ],
    "holiday": [
        "6:09",
        "6:39",
        "6:54",
        "7:19",
        "7:29",
        "7:49",
        "7:59",
        "8:09",
        "8:17",
        "8:25",
        "8:33",
        "8:41",
        "8:49",
        "8:57",
        "9:04",
        "9:09",
        "9:25",
        "9:33",
        "9:41",
        "9:57",
        "10:04",
        "10:12",
        "10:27",
        "10:34",
        "10:42",
        "10:57",
        "11:04",
        "11:12",
        "11:27",
        "11:34",
        "11:42",
        "11:57",
        "12:04",
        "12:12",
        "12:27",
        "12:34",
        "12:42",
        "12:57",
        "13:04",
        "13:12",
        "13:27",
        "13:34",
        "13:42",
        "13:57",
        "14:04",
        "14:12",
        "14:27",
        "14:34",
        "14:42",
        "14:57",
        "15:04",
        "15:12",
        "15:27",
        "15:34",
        "15:42",
        "15:57",
        "16:04",
        "16:12",
        "16:27",
        "16:34",
        "16:42",
        "16:57",
        "17:04",
        "17:12",
        "17:27",
        "17:34",
        "17:42",
        "17:57",
        "18:04",
        "18:12",
        "18:19",
        "18:27",
        "18:34",
        "18:42",
        "18:49",
        "18:57",
        "19:04",
        "19:19",
        "19:34",
        "19:49",
        "20:04",
        "20:19",
        "20:34",
        "20:49"
    ],
    "url": "https://www.kanachu.co.jp/dia/diagram/timetable01_js/course:0000803593-15/node:00126810/kt:0/lname:/"
}
