{
    "date": "2022/10/16",
    "name": "光明寺(横浜市栄区)",
    "position": "-",
    "system": "港35",
    "destinations": [
        "紅葉橋(横浜市栄区)",
        "本郷車庫前(横浜市栄区)",
        "山手学院入口",
        "稲荷森",
        "中野町",
        "元大橋",
        "若竹町(横浜市栄区)",
        "元大橋公園前",
        "港南台西公園",
        "横浜女子短期大学前",
        "港南台駅"
    ],
    "weekday": [],
    "saturday": [
        "6:41",
        "8:01"
    ],
    "holiday": [
        "6:41",
        "8:01"
    ],
    "url": "https://www.kanachu.co.jp/dia/diagram/timetable01_js/course:0000800203-2/node:00126515/kt:0/lname:/"
}
