{
    "date": "2022/10/16",
    "name": "元大橋",
    "position": "-",
    "system": "港35",
    "destinations": [
        "若竹町(横浜市栄区)",
        "元大橋公園前",
        "港南台西公園",
        "横浜女子短期大学前",
        "港南台駅"
    ],
    "weekday": [],
    "saturday": [
        "6:46",
        "8:08"
    ],
    "holiday": [
        "6:46",
        "8:08"
    ],
    "url": "https://www.kanachu.co.jp/dia/diagram/timetable01_js/course:0000800203-8/node:00126546/kt:0/lname:/"
}
