{
    "date": "2024/05/20",
    "name": "伊勢原車庫",
    "position": "-",
    "system": "伊01",
    "destinations": [
        "市ノ坪",
        "団地東(伊勢原市)",
        "団地南(伊勢原市)",
        "関台",
        "谷戸大竹",
        "竹園小学校入口",
        "竹園小学校前",
        "御岳",
        "岡崎福祉館前",
        "馬渡(伊勢原市)",
        "団地下大竹",
        "団地南口(伊勢原市)",
        "ひかり幼稚園前",
        "千津",
        "伊勢原駅南口"
    ],
    "weekday": [
        "10:05",
        "11:05",
        "12:05",
        "14:05",
        "15:05",
        "16:05",
        "17:00",
        "18:00"
    ],
    "saturday": [],
    "holiday": [],
    "url": "https://www.kanachu.co.jp/dia/diagram/timetable01_js/course:0000801217-1/node:00128141/kt:0/lname:/"
}
