{
    "date": "2024/05/20",
    "name": "竹園小学校前",
    "position": "-",
    "system": "伊01",
    "destinations": [
        "御岳",
        "岡崎福祉館前",
        "馬渡(伊勢原市)",
        "団地下大竹",
        "団地南口(伊勢原市)",
        "ひかり幼稚園前",
        "千津",
        "伊勢原駅南口"
    ],
    "weekday": [
        "10:12",
        "11:12",
        "12:12",
        "14:12",
        "15:12",
        "16:12",
        "17:07",
        "18:07"
    ],
    "saturday": [],
    "holiday": [],
    "url": "https://www.kanachu.co.jp/dia/diagram/timetable01_js/course:0000801217-8/node:00128077/kt:0/lname:/"
}
