{
    "date": "2024/05/20",
    "name": "御岳",
    "position": "-",
    "system": "伊01",
    "destinations": [
        "岡崎福祉館前",
        "馬渡(伊勢原市)",
        "団地下大竹",
        "団地南口(伊勢原市)",
        "ひかり幼稚園前",
        "千津",
        "伊勢原駅南口"
    ],
    "weekday": [
        "10:13",
        "11:13",
        "12:13",
        "14:13",
        "15:13",
        "16:13",
        "17:08",
        "18:08"
    ],
    "saturday": [],
    "holiday": [],
    "url": "https://www.kanachu.co.jp/dia/diagram/timetable01_js/course:0000801217-9/node:00128076/kt:0/lname:/"
}
