{
    "date": "2024/05/20",
    "name": "団地南口(伊勢原市)",
    "position": "-",
    "system": "伊01",
    "destinations": [
        "ひかり幼稚園前",
        "千津",
        "伊勢原駅南口"
    ],
    "weekday": [
        "10:17",
        "11:17",
        "12:17",
        "14:17",
        "15:17",
        "16:17",
        "17:12",
        "18:12"
    ],
    "saturday": [],
    "holiday": [],
    "url": "https://www.kanachu.co.jp/dia/diagram/timetable01_js/course:0000801217-13/node:00128073/kt:0/lname:/"
}
