{
    "date": "2026/01/16",
    "name": "円林寺前",
    "position": "-",
    "system": "町28",
    "destinations": [
        "境橋(町田市)",
        "根岸(相原町/町田市)",
        "相原十字路",
        "開都",
        "相原小学校前",
        "諏訪神社前(町田市)",
        "相原(町田市)",
        "堺市民センター前",
        "堺中学校前",
        "堺農協前",
        "坂下(町田街道側/町田市)",
        "相原境",
        "久保ヶ谷戸",
        "田端(町田市)",
        "片所",
        "小山小学校前(町田市)",
        "常盤(町田市)",
        "桜橋(町田市)",
        "市立室内プール",
        "忠生三丁目",
        "忠生公園前",
        "町田市民病院",
        "五間道路",
        "図書館前(町田市)",
        "中町一丁目(町田市)",
        "原町田五丁目",
        "原町田四丁目",
        "町田ターミナル"
    ],
    "weekday": [
        "8:35",
        "11:55",
        "16:05"
    ],
    "saturday": [],
    "holiday": [],
    "url": "https://www.kanachu.co.jp/dia/diagram/timetable01_js/course:0000804191-6/node:00128892/kt:0/lname:/"
}
