{
    "date": "2026/01/16",
    "name": "相原小学校前",
    "position": "-",
    "system": "町28",
    "destinations": [
        "諏訪神社前(町田市)",
        "相原(町田市)",
        "堺市民センター前",
        "堺中学校前",
        "堺農協前",
        "坂下(町田街道側/町田市)",
        "相原境",
        "久保ヶ谷戸",
        "田端(町田市)",
        "片所",
        "小山小学校前(町田市)",
        "常盤(町田市)",
        "桜橋(町田市)",
        "市立室内プール",
        "忠生三丁目",
        "忠生公園前",
        "町田市民病院",
        "五間道路",
        "図書館前(町田市)",
        "中町一丁目(町田市)",
        "原町田五丁目",
        "原町田四丁目",
        "町田ターミナル"
    ],
    "weekday": [
        "8:43",
        "12:03",
        "16:13"
    ],
    "saturday": [],
    "holiday": [],
    "url": "https://www.kanachu.co.jp/dia/diagram/timetable01_js/course:0000804191-11/node:00128887/kt:0/lname:/"
}
