{
    "date": "2026/01/16",
    "name": "田端(町田市)",
    "position": "-",
    "system": "町28",
    "destinations": [
        "片所",
        "小山小学校前(町田市)",
        "常盤(町田市)",
        "桜橋(町田市)",
        "市立室内プール",
        "忠生三丁目",
        "忠生公園前",
        "町田市民病院",
        "五間道路",
        "図書館前(町田市)",
        "中町一丁目(町田市)",
        "原町田五丁目",
        "原町田四丁目",
        "町田ターミナル"
    ],
    "weekday": [
        "8:53",
        "12:13",
        "16:23"
    ],
    "saturday": [],
    "holiday": [],
    "url": "https://www.kanachu.co.jp/dia/diagram/timetable01_js/course:0000804191-20/node:00130089/kt:0/lname:/"
}
