{
    "date": "2026/01/16",
    "name": "市立室内プール",
    "position": "-",
    "system": "町28",
    "destinations": [
        "忠生三丁目",
        "忠生公園前",
        "町田市民病院",
        "五間道路",
        "図書館前(町田市)",
        "中町一丁目(町田市)",
        "原町田五丁目",
        "原町田四丁目",
        "町田ターミナル"
    ],
    "weekday": [
        "9:11",
        "12:31",
        "16:41"
    ],
    "saturday": [],
    "holiday": [],
    "url": "https://www.kanachu.co.jp/dia/diagram/timetable01_js/course:0000804191-25/node:00129487/kt:0/lname:/"
}
