{
    "date": "2024/07/08",
    "name": "妙延寺(町田市)",
    "position": "-",
    "system": "町15",
    "destinations": [
        "森野五丁目",
        "森野六丁目",
        "桧台入口",
        "木曽都営入口",
        "境川団地入口",
        "境川団地中央",
        "境川団地",
        "上横町",
        "木曽入口",
        "山崎団地入口",
        "山崎団地センター",
        "給水塔前(山崎団地/町田市)",
        "北一号(町田市)",
        "北二号(町田市)",
        "山崎団地"
    ],
    "weekday": [
        "6:07",
        "7:21",
        "7:47",
        "21:06",
        "21:36",
        "22:33",
        "23:17"
    ],
    "saturday": [
        "6:19",
        "7:29",
        "8:16",
        "8:41",
        "21:28",
        "22:33",
        "23:14"
    ],
    "holiday": [
        "6:08",
        "7:26",
        "7:55",
        "8:23",
        "8:53",
        "21:23",
        "22:23",
        "23:14"
    ],
    "url": "https://www.kanachu.co.jp/dia/diagram/timetable01_js/course:0000801075-3/node:00129375/kt:0/lname:/"
}
