{
    "date": "2024/07/08",
    "name": "森野六丁目",
    "position": "-",
    "system": "町15",
    "destinations": [
        "桧台入口",
        "木曽都営入口",
        "境川団地入口",
        "境川団地中央",
        "境川団地",
        "上横町",
        "木曽入口",
        "山崎団地入口",
        "山崎団地センター",
        "給水塔前(山崎団地/町田市)",
        "北一号(町田市)",
        "北二号(町田市)",
        "山崎団地"
    ],
    "weekday": [
        "6:08",
        "7:22",
        "7:48",
        "21:07",
        "21:37",
        "22:34",
        "23:18"
    ],
    "saturday": [
        "6:20",
        "7:30",
        "8:17",
        "8:42",
        "21:29",
        "22:34",
        "23:15"
    ],
    "holiday": [
        "6:09",
        "7:27",
        "7:56",
        "8:24",
        "8:54",
        "21:24",
        "22:24",
        "23:15"
    ],
    "url": "https://www.kanachu.co.jp/dia/diagram/timetable01_js/course:0000801075-5/node:00129377/kt:0/lname:/"
}
