{
    "date": "2024/07/08",
    "name": "境川団地入口",
    "position": "-",
    "system": "町15",
    "destinations": [
        "境川団地中央",
        "境川団地",
        "上横町",
        "木曽入口",
        "山崎団地入口",
        "山崎団地センター",
        "給水塔前(山崎団地/町田市)",
        "北一号(町田市)",
        "北二号(町田市)",
        "山崎団地"
    ],
    "weekday": [
        "6:10",
        "7:24",
        "7:50",
        "21:09",
        "21:39",
        "22:36",
        "23:20"
    ],
    "saturday": [
        "6:22",
        "7:32",
        "8:19",
        "8:44",
        "21:31",
        "22:36",
        "23:17"
    ],
    "holiday": [
        "6:11",
        "7:29",
        "7:58",
        "8:26",
        "8:56",
        "21:26",
        "22:26",
        "23:17"
    ],
    "url": "https://www.kanachu.co.jp/dia/diagram/timetable01_js/course:0000801075-8/node:00129380/kt:0/lname:/"
}
