{
    "date": "2024/07/08",
    "name": "山崎団地入口",
    "position": "-",
    "system": "町15",
    "destinations": [
        "山崎団地センター",
        "給水塔前(山崎団地/町田市)",
        "北一号(町田市)",
        "北二号(町田市)",
        "山崎団地"
    ],
    "weekday": [
        "6:15",
        "7:29",
        "7:56",
        "21:14",
        "21:44",
        "22:41",
        "23:25"
    ],
    "saturday": [
        "6:27",
        "7:37",
        "8:24",
        "8:49",
        "21:36",
        "22:41",
        "23:22"
    ],
    "holiday": [
        "6:16",
        "7:34",
        "8:03",
        "8:31",
        "9:01",
        "21:31",
        "22:31",
        "23:22"
    ],
    "url": "https://www.kanachu.co.jp/dia/diagram/timetable01_js/course:0000801075-13/node:00129387/kt:0/lname:/"
}
