{
    "date": "2025/05/11",
    "name": "関の下",
    "position": "-",
    "system": "船05",
    "destinations": [
        "笹下港南中央通り",
        "港南区総合庁舎前",
        "吉原(横浜市港南区)",
        "新吉原橋",
        "日野公園墓地入口",
        "日野中央公園入口",
        "日野小学校前(横浜市港南区)",
        "日野(横浜市港南区)",
        "清水橋(横浜市港南区)",
        "金井(横浜市港南区)",
        "藤ヶ沢",
        "港南車庫入口",
        "原(横浜市港南区)",
        "七曲",
        "鍛冶ヶ谷",
        "本郷石橋",
        "天神橋(横浜市栄区)",
        "栄警察署前",
        "公田",
        "鎌倉女子大前",
        "平島(鎌倉市)",
        "笠間十字路",
        "笠間町",
        "岩井口",
        "大船駅(横浜市栄区)"
    ],
    "weekday": [
        "6:37",
        "7:19",
        "8:32",
        "8:52",
        "20:23",
        "20:51",
        "21:26",
        "21:56",
        "22:29"
    ],
    "saturday": [
        "6:26",
        "20:21",
        "21:24"
    ],
    "holiday": [
        "6:26",
        "20:21",
        "21:24"
    ],
    "url": "https://www.kanachu.co.jp/dia/diagram/timetable01_js/course:0000803427-2/node:00102671/kt:0/lname:/"
}
