{
    "date": "2025/05/11",
    "name": "日野(横浜市港南区)",
    "position": "-",
    "system": "船05",
    "destinations": [
        "清水橋(横浜市港南区)",
        "金井(横浜市港南区)",
        "藤ヶ沢",
        "港南車庫入口",
        "原(横浜市港南区)",
        "七曲",
        "鍛冶ヶ谷",
        "本郷石橋",
        "天神橋(横浜市栄区)",
        "栄警察署前",
        "公田",
        "鎌倉女子大前",
        "平島(鎌倉市)",
        "笠間十字路",
        "笠間町",
        "岩井口",
        "大船駅(横浜市栄区)"
    ],
    "weekday": [
        "6:47",
        "7:29",
        "8:42",
        "9:02",
        "20:33",
        "21:01",
        "21:36",
        "22:06",
        "22:39"
    ],
    "saturday": [
        "6:36",
        "20:31",
        "21:34"
    ],
    "holiday": [
        "6:36",
        "20:31",
        "21:34"
    ],
    "url": "https://www.kanachu.co.jp/dia/diagram/timetable01_js/course:0000803427-10/node:00102954/kt:0/lname:/"
}
