{
    "date": "2025/05/11",
    "name": "清水橋(横浜市港南区)",
    "position": "-",
    "system": "船05",
    "destinations": [
        "金井(横浜市港南区)",
        "藤ヶ沢",
        "港南車庫入口",
        "原(横浜市港南区)",
        "七曲",
        "鍛冶ヶ谷",
        "本郷石橋",
        "天神橋(横浜市栄区)",
        "栄警察署前",
        "公田",
        "鎌倉女子大前",
        "平島(鎌倉市)",
        "笠間十字路",
        "笠間町",
        "岩井口",
        "大船駅(横浜市栄区)"
    ],
    "weekday": [
        "6:48",
        "7:31",
        "8:44",
        "9:04",
        "20:34",
        "21:02",
        "21:37",
        "22:07",
        "22:40"
    ],
    "saturday": [
        "6:37",
        "20:32",
        "21:35"
    ],
    "holiday": [
        "6:37",
        "20:32",
        "21:35"
    ],
    "url": "https://www.kanachu.co.jp/dia/diagram/timetable01_js/course:0000803427-11/node:00102574/kt:0/lname:/"
}
