{
    "date": "2025/05/11",
    "name": "藤ヶ沢",
    "position": "-",
    "system": "船05",
    "destinations": [
        "港南車庫入口",
        "原(横浜市港南区)",
        "七曲",
        "鍛冶ヶ谷",
        "本郷石橋",
        "天神橋(横浜市栄区)",
        "栄警察署前",
        "公田",
        "鎌倉女子大前",
        "平島(鎌倉市)",
        "笠間十字路",
        "笠間町",
        "岩井口",
        "大船駅(横浜市栄区)"
    ],
    "weekday": [
        "6:50",
        "7:33",
        "8:46",
        "9:06",
        "20:36",
        "21:04",
        "21:39",
        "22:09",
        "22:42"
    ],
    "saturday": [
        "6:39",
        "20:34",
        "21:37"
    ],
    "holiday": [
        "6:39",
        "20:34",
        "21:37"
    ],
    "url": "https://www.kanachu.co.jp/dia/diagram/timetable01_js/course:0000803427-13/node:00103008/kt:0/lname:/"
}
