{
    "date": "2025/05/11",
    "name": "原(横浜市港南区)",
    "position": "-",
    "system": "船05",
    "destinations": [
        "七曲",
        "鍛冶ヶ谷",
        "本郷石橋",
        "天神橋(横浜市栄区)",
        "栄警察署前",
        "公田",
        "鎌倉女子大前",
        "平島(鎌倉市)",
        "笠間十字路",
        "笠間町",
        "岩井口",
        "大船駅(横浜市栄区)"
    ],
    "weekday": [
        "6:52",
        "7:35",
        "8:48",
        "9:08",
        "20:38",
        "21:06",
        "21:41",
        "22:11",
        "22:44"
    ],
    "saturday": [
        "6:41",
        "20:36",
        "21:39"
    ],
    "holiday": [
        "6:41",
        "20:36",
        "21:39"
    ],
    "url": "https://www.kanachu.co.jp/dia/diagram/timetable01_js/course:0000803427-15/node:00126554/kt:0/lname:/"
}
