{
    "date": "2025/05/11",
    "name": "鍛冶ヶ谷",
    "position": "-",
    "system": "船05",
    "destinations": [
        "本郷石橋",
        "天神橋(横浜市栄区)",
        "栄警察署前",
        "公田",
        "鎌倉女子大前",
        "平島(鎌倉市)",
        "笠間十字路",
        "笠間町",
        "岩井口",
        "大船駅(横浜市栄区)"
    ],
    "weekday": [
        "6:55",
        "7:38",
        "8:51",
        "9:11",
        "20:41",
        "21:09",
        "21:44",
        "22:14",
        "22:47"
    ],
    "saturday": [
        "6:44",
        "20:39",
        "21:42"
    ],
    "holiday": [
        "6:44",
        "20:39",
        "21:42"
    ],
    "url": "https://www.kanachu.co.jp/dia/diagram/timetable01_js/course:0000803427-17/node:00126551/kt:0/lname:/"
}
