{
    "date": "2025/05/11",
    "name": "栄警察署前",
    "position": "-",
    "system": "船05",
    "destinations": [
        "公田",
        "鎌倉女子大前",
        "平島(鎌倉市)",
        "笠間十字路",
        "笠間町",
        "岩井口",
        "大船駅(横浜市栄区)"
    ],
    "weekday": [
        "6:59",
        "7:42",
        "8:55",
        "9:15",
        "20:45",
        "21:13",
        "21:48",
        "22:18",
        "22:51"
    ],
    "saturday": [
        "6:48",
        "20:43",
        "21:46"
    ],
    "holiday": [
        "6:48",
        "20:43",
        "21:46"
    ],
    "url": "https://www.kanachu.co.jp/dia/diagram/timetable01_js/course:0000803427-20/node:00126609/kt:0/lname:/"
}
