{
    "system": "船05",
    "busstops": [
        {
            "index": "1",
            "id": "00102366",
            "name": "上大岡駅",
            "lat": "35.408052",
            "lng": "139.596425"
        },
        {
            "index": "2",
            "id": "00102671",
            "name": "関の下",
            "lat": "35.405298",
            "lng": "139.595117"
        },
        {
            "index": "3",
            "id": "00126558",
            "name": "笹下港南中央通り",
            "lat": "35.402548",
            "lng": "139.593365"
        },
        {
            "index": "4",
            "id": "00102499",
            "name": "港南区総合庁舎前",
            "lat": "35.400969",
            "lng": "139.590916"
        },
        {
            "index": "5",
            "id": "00103230",
            "name": "吉原(横浜市港南区)",
            "lat": "35.398472",
            "lng": "139.587939"
        },
        {
            "index": "6",
            "id": "00102633",
            "name": "新吉原橋",
            "lat": "35.394749",
            "lng": "139.585726"
        },
        {
            "index": "7",
            "id": "00102958",
            "name": "日野公園墓地入口",
            "lat": "35.393143",
            "lng": "139.58406"
        },
        {
            "index": "8",
            "id": "00102994",
            "name": "日野中央公園入口",
            "lat": "35.390789",
            "lng": "139.582776"
        },
        {
            "index": "9",
            "id": "00102955",
            "name": "日野小学校前(横浜市港南区)",
            "lat": "35.388144",
            "lng": "139.582025"
        },
        {
            "index": "10",
            "id": "00102954",
            "name": "日野(横浜市港南区)",
            "lat": "35.384724",
            "lng": "139.579954"
        },
        {
            "index": "11",
            "id": "00102574",
            "name": "清水橋(横浜市港南区)",
            "lat": "35.382787",
            "lng": "139.576019"
        },
        {
            "index": "12",
            "id": "00102359",
            "name": "金井(横浜市港南区)",
            "lat": "35.382083",
            "lng": "139.574053"
        },
        {
            "index": "13",
            "id": "00103008",
            "name": "藤ヶ沢",
            "lat": "35.380701",
            "lng": "139.572176"
        },
        {
            "index": "14",
            "id": "00102510",
            "name": "港南車庫入口",
            "lat": "35.378052",
            "lng": "139.569507"
        },
        {
            "index": "15",
            "id": "00126554",
            "name": "原(横浜市港南区)",
            "lat": "35.375277",
            "lng": "139.566767"
        },
        {
            "index": "16",
            "id": "00126552",
            "name": "七曲",
            "lat": "35.371669",
            "lng": "139.565245"
        },
        {
            "index": "17",
            "id": "00126551",
            "name": "鍛冶ヶ谷",
            "lat": "35.367902",
            "lng": "139.562263"
        },
        {
            "index": "18",
            "id": "00126550",
            "name": "本郷石橋",
            "lat": "35.36521",
            "lng": "139.557744"
        },
        {
            "index": "19",
            "id": "00126507",
            "name": "天神橋(横浜市栄区)",
            "lat": "35.363256",
            "lng": "139.555255"
        },
        {
            "index": "20",
            "id": "00126609",
            "name": "栄警察署前",
            "lat": "35.362342",
            "lng": "139.553224"
        },
        {
            "index": "21",
            "id": "00126506",
            "name": "公田",
            "lat": "35.361053",
            "lng": "139.550497"
        },
        {
            "index": "22",
            "id": "00126505",
            "name": "鎌倉女子大前",
            "lat": "35.360113",
            "lng": "139.546834"
        },
        {
            "index": "23",
            "id": "00126504",
            "name": "平島(鎌倉市)",
            "lat": "35.360823",
            "lng": "139.544062"
        },
        {
            "index": "24",
            "id": "00126503",
            "name": "笠間十字路",
            "lat": "35.361021",
            "lng": "139.539279"
        },
        {
            "index": "25",
            "id": "00126502",
            "name": "笠間町",
            "lat": "35.360496",
            "lng": "139.537543"
        },
        {
            "index": "26",
            "id": "00126501",
            "name": "岩井口",
            "lat": "35.359325",
            "lng": "139.535652"
        },
        {
            "index": "27",
            "id": "00126594",
            "name": "大船駅(横浜市栄区)",
            "lat": "35.355998",
            "lng": "139.533269"
        }
    ],
    "route_url": "https://www.kanachu.co.jp/dia/route/index/cid:0000803427/"
}
