{
    "date": "2025/01/14",
    "name": "中村入口(厚木市)",
    "position": "-",
    "system": "厚66",
    "destinations": [
        "妻田薬師",
        "松蓮寺",
        "糀屋前(厚木市)",
        "宿原入口",
        "山王坂上",
        "山王坂下(厚木市)",
        "清源院前",
        "睦合北公民館前",
        "十軒村",
        "上三田",
        "才戸橋",
        "下川入",
        "坂本(愛甲郡愛川町)",
        "桜台(愛甲郡愛川町)",
        "運輸支局入口(愛甲郡愛川町)",
        "一本松(愛甲郡愛川町)",
        "局前(愛甲郡愛川町)",
        "中津(愛甲郡愛川町)",
        "東中学校前(愛甲郡愛川町)",
        "箕輪(愛甲郡愛川町)",
        "愛川町役場",
        "愛川バスセンター"
    ],
    "weekday": [
        "6:13",
        "6:53",
        "7:28",
        "8:17",
        "9:03",
        "9:54",
        "10:54",
        "11:54",
        "12:54",
        "13:53",
        "14:54",
        "15:54",
        "16:58",
        "17:57",
        "19:03",
        "19:39",
        "20:28",
        "21:31"
    ],
    "saturday": [
        "7:00",
        "7:36",
        "8:22",
        "9:22",
        "10:17",
        "11:17",
        "12:17",
        "13:17",
        "14:17",
        "15:17",
        "16:17",
        "17:17",
        "18:17",
        "19:18",
        "20:08",
        "21:23"
    ],
    "holiday": [
        "7:17",
        "8:15",
        "9:20",
        "10:17",
        "11:17",
        "12:17",
        "13:17",
        "14:17",
        "15:17",
        "16:17",
        "17:17",
        "18:20",
        "19:16",
        "20:23"
    ],
    "url": "https://www.kanachu.co.jp/dia/diagram/timetable01_js/course:0000802866-10/node:00128263/kt:0/lname:/"
}
