{
    "date": "2025/01/14",
    "name": "才戸橋",
    "position": "-",
    "system": "厚66",
    "destinations": [
        "下川入",
        "坂本(愛甲郡愛川町)",
        "桜台(愛甲郡愛川町)",
        "運輸支局入口(愛甲郡愛川町)",
        "一本松(愛甲郡愛川町)",
        "局前(愛甲郡愛川町)",
        "中津(愛甲郡愛川町)",
        "東中学校前(愛甲郡愛川町)",
        "箕輪(愛甲郡愛川町)",
        "愛川町役場",
        "愛川バスセンター"
    ],
    "weekday": [
        "6:28",
        "7:08",
        "7:48",
        "8:38",
        "9:19",
        "10:10",
        "11:10",
        "12:10",
        "13:10",
        "14:09",
        "15:10",
        "16:10",
        "17:14",
        "18:13",
        "19:18",
        "19:54",
        "20:43",
        "21:46"
    ],
    "saturday": [
        "7:12",
        "7:48",
        "8:34",
        "9:35",
        "10:30",
        "11:30",
        "12:30",
        "13:30",
        "14:30",
        "15:30",
        "16:30",
        "17:30",
        "18:30",
        "19:30",
        "20:20",
        "21:35"
    ],
    "holiday": [
        "7:29",
        "8:27",
        "9:32",
        "10:30",
        "11:30",
        "12:30",
        "13:30",
        "14:30",
        "15:30",
        "16:30",
        "17:30",
        "18:33",
        "19:28",
        "20:35"
    ],
    "url": "https://www.kanachu.co.jp/dia/diagram/timetable01_js/course:0000802866-21/node:00128318/kt:0/lname:/"
}
