{
    "date": "2025/01/14",
    "name": "坂本(愛甲郡愛川町)",
    "position": "-",
    "system": "厚66",
    "destinations": [
        "桜台(愛甲郡愛川町)",
        "運輸支局入口(愛甲郡愛川町)",
        "一本松(愛甲郡愛川町)",
        "局前(愛甲郡愛川町)",
        "中津(愛甲郡愛川町)",
        "東中学校前(愛甲郡愛川町)",
        "箕輪(愛甲郡愛川町)",
        "愛川町役場",
        "愛川バスセンター"
    ],
    "weekday": [
        "6:32",
        "7:12",
        "7:53",
        "8:43",
        "9:23",
        "10:14",
        "11:14",
        "12:14",
        "13:14",
        "14:13",
        "15:14",
        "16:14",
        "17:18",
        "18:17",
        "19:22",
        "19:58",
        "20:47",
        "21:50"
    ],
    "saturday": [
        "7:15",
        "7:51",
        "8:37",
        "9:38",
        "10:33",
        "11:33",
        "12:33",
        "13:33",
        "14:33",
        "15:33",
        "16:33",
        "17:33",
        "18:33",
        "19:33",
        "20:23",
        "21:38"
    ],
    "holiday": [
        "7:32",
        "8:30",
        "9:35",
        "10:33",
        "11:33",
        "12:33",
        "13:33",
        "14:33",
        "15:33",
        "16:33",
        "17:33",
        "18:36",
        "19:31",
        "20:38"
    ],
    "url": "https://www.kanachu.co.jp/dia/diagram/timetable01_js/course:0000802866-23/node:00128319/kt:0/lname:/"
}
