{
    "date": "2025/01/14",
    "name": "中津(愛甲郡愛川町)",
    "position": "-",
    "system": "厚66",
    "destinations": [
        "東中学校前(愛甲郡愛川町)",
        "箕輪(愛甲郡愛川町)",
        "愛川町役場",
        "愛川バスセンター"
    ],
    "weekday": [
        "6:38",
        "7:18",
        "7:59",
        "8:49",
        "9:29",
        "10:20",
        "11:20",
        "12:20",
        "13:20",
        "14:19",
        "15:20",
        "16:20",
        "17:24",
        "18:23",
        "19:28",
        "20:04",
        "20:53",
        "21:56"
    ],
    "saturday": [
        "7:21",
        "7:57",
        "8:43",
        "9:44",
        "10:39",
        "11:39",
        "12:39",
        "13:39",
        "14:39",
        "15:39",
        "16:39",
        "17:39",
        "18:39",
        "19:39",
        "20:29",
        "21:44"
    ],
    "holiday": [
        "7:38",
        "8:36",
        "9:41",
        "10:39",
        "11:39",
        "12:39",
        "13:39",
        "14:39",
        "15:39",
        "16:39",
        "17:39",
        "18:42",
        "19:37",
        "20:44"
    ],
    "url": "https://www.kanachu.co.jp/dia/diagram/timetable01_js/course:0000802866-28/node:00128324/kt:0/lname:/"
}
