{
    "date": "2025/01/14",
    "name": "東中学校前(愛甲郡愛川町)",
    "position": "-",
    "system": "厚66",
    "destinations": [
        "箕輪(愛甲郡愛川町)",
        "愛川町役場",
        "愛川バスセンター"
    ],
    "weekday": [
        "6:39",
        "7:19",
        "8:00",
        "8:50",
        "9:30",
        "10:21",
        "11:21",
        "12:21",
        "13:21",
        "14:20",
        "15:21",
        "16:21",
        "17:25",
        "18:24",
        "19:29",
        "20:05",
        "20:54",
        "21:57"
    ],
    "saturday": [
        "7:22",
        "7:58",
        "8:44",
        "9:45",
        "10:40",
        "11:40",
        "12:40",
        "13:40",
        "14:40",
        "15:40",
        "16:40",
        "17:40",
        "18:40",
        "19:40",
        "20:30",
        "21:45"
    ],
    "holiday": [
        "7:39",
        "8:37",
        "9:42",
        "10:40",
        "11:40",
        "12:40",
        "13:40",
        "14:40",
        "15:40",
        "16:40",
        "17:40",
        "18:43",
        "19:38",
        "20:45"
    ],
    "url": "https://www.kanachu.co.jp/dia/diagram/timetable01_js/course:0000802866-29/node:00128325/kt:0/lname:/"
}
