{
    "date": "2025/01/14",
    "name": "愛川町役場",
    "position": "-",
    "system": "厚66",
    "destinations": [
        "愛川バスセンター"
    ],
    "weekday": [
        "6:42",
        "7:22",
        "8:03",
        "8:53",
        "9:33",
        "10:24",
        "11:24",
        "12:24",
        "13:24",
        "14:23",
        "15:24",
        "16:24",
        "17:28",
        "18:27",
        "19:32",
        "20:08",
        "20:57",
        "22:00"
    ],
    "saturday": [
        "7:25",
        "8:01",
        "8:47",
        "9:48",
        "10:43",
        "11:43",
        "12:43",
        "13:43",
        "14:43",
        "15:43",
        "16:43",
        "17:43",
        "18:43",
        "19:43",
        "20:33",
        "21:48"
    ],
    "holiday": [
        "7:42",
        "8:40",
        "9:45",
        "10:43",
        "11:43",
        "12:43",
        "13:43",
        "14:43",
        "15:43",
        "16:43",
        "17:43",
        "18:46",
        "19:41",
        "20:48"
    ],
    "url": "https://www.kanachu.co.jp/dia/diagram/timetable01_js/course:0000802866-31/node:00128520/kt:0/lname:/"
}
