{
    "date": "2025/03/15",
    "name": "西高校前(藤沢市)",
    "position": "-",
    "system": "辻35",
    "destinations": [
        "小糸",
        "ライフタウン中央(藤沢市)",
        "二番構保健医療センター",
        "駒寄",
        "滝の沢(藤沢市)",
        "滝の沢不動前",
        "湘南ライフタウン",
        "刈込(藤沢市)",
        "諸之木",
        "慶応大学",
        "慶応大学本館前",
        "慶応中高降車場"
    ],
    "weekday": [
        "8:39",
        "8:51",
        "9:02",
        "9:09",
        "10:11",
        "16:34",
        "16:54",
        "17:09",
        "17:24",
        "18:18",
        "18:41",
        "19:16",
        "20:09"
    ],
    "saturday": [],
    "holiday": [],
    "url": "https://www.kanachu.co.jp/dia/diagram/timetable01_js/course:0000802714-2/node:00129939/kt:0/lname:/"
}
