{
    "date": "2025/03/15",
    "name": "湘南ライフタウン",
    "position": "-",
    "system": "辻35",
    "destinations": [
        "刈込(藤沢市)",
        "諸之木",
        "慶応大学",
        "慶応大学本館前",
        "慶応中高降車場"
    ],
    "weekday": [
        "8:48",
        "9:00",
        "9:11",
        "9:18",
        "10:20",
        "16:43",
        "17:03",
        "17:18",
        "17:33",
        "18:27",
        "18:50",
        "19:25",
        "20:18"
    ],
    "saturday": [],
    "holiday": [],
    "url": "https://www.kanachu.co.jp/dia/diagram/timetable01_js/course:0000802714-9/node:00129948/kt:0/lname:/"
}
