{
    "date": "2025/11/16",
    "name": "保土ヶ谷駅西口",
    "position": "-",
    "system": "",
    "destinations": [
        "帷子町会館前",
        "大門通",
        "天王町駅前",
        "天王町(横浜市保土ケ谷区)",
        "洪福寺",
        "宮田町(横浜市保土ケ谷区)",
        "峯小学校前",
        "峰岡町",
        "常盤園下",
        "和田町(横浜市保土ケ谷区)",
        "保土ヶ谷中学校前",
        "上星川",
        "杉山神社前(横浜市保土ケ谷区)",
        "川島町(横浜市保土ケ谷区)",
        "川島住宅",
        "池の谷戸(横浜市保土ケ谷区)",
        "羽沢南",
        "高山(横浜市神奈川区)",
        "羽沢横浜国大駅前",
        "生花市場前",
        "三枚町",
        "羽沢団地前",
        "東泉寺前",
        "羽沢町",
        "羽沢下町",
        "八反橋",
        "菅田町入口",
        "港神境",
        "又口橋",
        "新横浜駅前"
    ],
    "weekday": [
        "6:58",
        "7:45",
        "8:46",
        "9:28",
        "10:26",
        "11:26",
        "12:26",
        "13:26",
        "14:26",
        "15:26",
        "16:27",
        "17:26",
        "18:25",
        "19:26"
    ],
    "saturday": [
        "8:07",
        "9:05",
        "10:05",
        "11:05",
        "12:05",
        "13:05",
        "14:05",
        "15:05",
        "16:05",
        "17:05",
        "18:05",
        "19:05"
    ],
    "holiday": [
        "8:07",
        "9:05",
        "10:05",
        "11:05",
        "12:05",
        "13:05",
        "14:05",
        "15:05",
        "16:05",
        "17:05",
        "18:05",
        "19:05"
    ],
    "url": "https://www.kanachu.co.jp/dia/diagram/timetable01_js/course:0000802236-1/node:00103044/kt:0/lname:/"
}
