{
    "date": "2025/11/16",
    "name": "川島町(横浜市保土ケ谷区)",
    "position": "-",
    "system": "",
    "destinations": [
        "川島住宅",
        "池の谷戸(横浜市保土ケ谷区)",
        "羽沢南",
        "高山(横浜市神奈川区)",
        "羽沢横浜国大駅前",
        "生花市場前",
        "三枚町",
        "羽沢団地前",
        "東泉寺前",
        "羽沢町",
        "羽沢下町",
        "八反橋",
        "菅田町入口",
        "港神境",
        "又口橋",
        "新横浜駅前"
    ],
    "weekday": [
        "7:15",
        "8:02",
        "9:03",
        "9:45",
        "10:43",
        "11:43",
        "12:43",
        "13:43",
        "14:43",
        "15:43",
        "16:44",
        "17:43",
        "18:42",
        "19:42"
    ],
    "saturday": [
        "8:24",
        "9:22",
        "10:22",
        "11:22",
        "12:22",
        "13:22",
        "14:22",
        "15:23",
        "16:23",
        "17:23",
        "18:22",
        "19:22"
    ],
    "holiday": [
        "8:24",
        "9:22",
        "10:22",
        "11:22",
        "12:22",
        "13:22",
        "14:22",
        "15:23",
        "16:23",
        "17:23",
        "18:22",
        "19:22"
    ],
    "url": "https://www.kanachu.co.jp/dia/diagram/timetable01_js/course:0000802236-15/node:00102379/kt:0/lname:/"
}
