{
    "date": "2025/11/16",
    "name": "三枚町",
    "position": "-",
    "system": "",
    "destinations": [
        "羽沢団地前",
        "東泉寺前",
        "羽沢町",
        "羽沢下町",
        "八反橋",
        "菅田町入口",
        "港神境",
        "又口橋",
        "新横浜駅前"
    ],
    "weekday": [
        "7:24",
        "8:11",
        "9:12",
        "9:54",
        "10:52",
        "11:52",
        "12:52",
        "13:52",
        "14:52",
        "15:53",
        "16:54",
        "17:53",
        "18:52",
        "19:50"
    ],
    "saturday": [
        "8:32",
        "9:30",
        "10:31",
        "11:31",
        "12:31",
        "13:31",
        "14:31",
        "15:33",
        "16:33",
        "17:33",
        "18:32",
        "19:32"
    ],
    "holiday": [
        "8:32",
        "9:30",
        "10:31",
        "11:31",
        "12:31",
        "13:31",
        "14:31",
        "15:33",
        "16:33",
        "17:33",
        "18:32",
        "19:32"
    ],
    "url": "https://www.kanachu.co.jp/dia/diagram/timetable01_js/course:0000802236-22/node:00102558/kt:0/lname:/"
}
