{
    "date": "2025/11/16",
    "name": "菅田町入口",
    "position": "-",
    "system": "",
    "destinations": [
        "港神境",
        "又口橋",
        "新横浜駅前"
    ],
    "weekday": [
        "7:34",
        "8:21",
        "9:20",
        "10:02",
        "11:00",
        "12:00",
        "13:00",
        "14:00",
        "15:00",
        "16:01",
        "17:02",
        "18:01",
        "19:00",
        "19:58"
    ],
    "saturday": [
        "8:41",
        "9:39",
        "10:40",
        "11:40",
        "12:40",
        "13:40",
        "14:40",
        "15:42",
        "16:42",
        "17:42",
        "18:41",
        "19:41"
    ],
    "holiday": [
        "8:41",
        "9:39",
        "10:40",
        "11:40",
        "12:40",
        "13:40",
        "14:40",
        "15:42",
        "16:42",
        "17:42",
        "18:41",
        "19:41"
    ],
    "url": "https://www.kanachu.co.jp/dia/diagram/timetable01_js/course:0000802236-28/node:00102657/kt:0/lname:/"
}
