{
    "date": "2025/10/20",
    "name": "成瀬駅",
    "position": "-",
    "system": "成02",
    "destinations": [
        "南成瀬",
        "成瀬高校入口",
        "中村(町田市成瀬)",
        "観性寺前",
        "昭和薬科大学入口",
        "昭和薬科大学",
        "児童公園前(町田市)",
        "東玉川学園四丁目"
    ],
    "weekday": [
        "8:20",
        "8:30",
        "8:45",
        "9:33",
        "11:50",
        "13:50",
        "15:50",
        "16:50",
        "17:38",
        "18:04",
        "18:40",
        "19:05"
    ],
    "saturday": [
        "8:50",
        "9:50",
        "10:50",
        "11:50",
        "13:50",
        "15:50",
        "16:50",
        "17:50"
    ],
    "holiday": [
        "9:50",
        "10:50",
        "11:50",
        "13:50",
        "15:50",
        "16:50",
        "17:50"
    ],
    "url": "https://www.kanachu.co.jp/dia/diagram/timetable01_js/course:0000801549-1/node:00129552/kt:0/lname:/"
}
