{
    "date": "2025/10/20",
    "name": "中村(町田市成瀬)",
    "position": "-",
    "system": "成02",
    "destinations": [
        "観性寺前",
        "昭和薬科大学入口",
        "昭和薬科大学",
        "児童公園前(町田市)",
        "東玉川学園四丁目"
    ],
    "weekday": [
        "8:23",
        "8:33",
        "8:48",
        "9:36",
        "11:53",
        "13:53",
        "15:53",
        "16:53",
        "17:41",
        "18:07",
        "18:43",
        "19:08"
    ],
    "saturday": [
        "8:53",
        "9:53",
        "10:53",
        "11:53",
        "13:53",
        "15:53",
        "16:53",
        "17:53"
    ],
    "holiday": [
        "9:53",
        "10:53",
        "11:53",
        "13:53",
        "15:53",
        "16:53",
        "17:53"
    ],
    "url": "https://www.kanachu.co.jp/dia/diagram/timetable01_js/course:0000801549-4/node:00129560/kt:0/lname:/"
}
