{
    "date": "2025/10/20",
    "name": "昭和薬科大学入口",
    "position": "-",
    "system": "成02",
    "destinations": [
        "昭和薬科大学",
        "児童公園前(町田市)",
        "東玉川学園四丁目"
    ],
    "weekday": [
        "8:26",
        "8:36",
        "8:51",
        "9:39",
        "11:56",
        "13:56",
        "15:56",
        "16:56",
        "17:44",
        "18:10",
        "18:46",
        "19:11"
    ],
    "saturday": [
        "8:56",
        "9:56",
        "10:56",
        "11:56",
        "13:56",
        "15:56",
        "16:56",
        "17:56"
    ],
    "holiday": [
        "9:56",
        "10:56",
        "11:56",
        "13:56",
        "15:56",
        "16:56",
        "17:56"
    ],
    "url": "https://www.kanachu.co.jp/dia/diagram/timetable01_js/course:0000801549-6/node:00129735/kt:0/lname:/"
}
