{
    "date": "2025/10/20",
    "name": "児童公園前(町田市)",
    "position": "-",
    "system": "成02",
    "destinations": [
        "東玉川学園四丁目"
    ],
    "weekday": [
        "8:28",
        "8:38",
        "8:53",
        "9:41",
        "11:58",
        "13:58",
        "15:58",
        "16:58",
        "17:46",
        "18:12",
        "18:48",
        "19:13"
    ],
    "saturday": [
        "8:58",
        "9:58",
        "10:58",
        "11:58",
        "13:58",
        "15:58",
        "16:58",
        "17:58"
    ],
    "holiday": [
        "9:58",
        "10:58",
        "11:58",
        "13:58",
        "15:58",
        "16:58",
        "17:58"
    ],
    "url": "https://www.kanachu.co.jp/dia/diagram/timetable01_js/course:0000801549-8/node:00049454/kt:0/lname:/"
}
