{
    "date": "2025/01/14",
    "name": "広沢寺温泉",
    "position": "-",
    "system": "厚38",
    "destinations": [
        "河鹿の沢",
        "鐘ヶ獄",
        "広沢寺温泉入口",
        "七沢病院入口",
        "七沢病院前",
        "七沢城跡",
        "高旗観音",
        "七沢温泉",
        "高旗観音",
        "七沢城跡",
        "七沢病院前",
        "七沢温泉入口",
        "馬場リハビリ入口",
        "神奈川リハビリ",
        "馬場リハビリ入口",
        "日向川",
        "玉川公民館前",
        "玉川農協前",
        "中屋橋",
        "小野橋(厚木市)",
        "小野宮前",
        "愛名入口",
        "上長谷(厚木市)",
        "観音坂",
        "清水(厚木市)",
        "南毛利小学校前",
        "高坪入口",
        "温水",
        "片岸(厚木市)",
        "アステモ[Astemo]前〔旧:日立アステモ前〕",
        "厚木高校前",
        "合同庁舎前(厚木市)",
        "市役所入口(厚木市)",
        "本厚木駅",
        "厚木バスセンター"
    ],
    "weekday": [
        "10:05",
        "17:00"
    ],
    "saturday": [
        "9:05",
        "13:05",
        "15:06",
        "19:05"
    ],
    "holiday": [
        "9:05",
        "13:05",
        "15:10",
        "19:10"
    ],
    "url": "https://www.kanachu.co.jp/dia/diagram/timetable01_js/course:0000803366-1/node:00128463/kt:0/lname:/"
}
