{
    "date": "2025/01/14",
    "name": "観音坂",
    "position": "-",
    "system": "厚38",
    "destinations": [
        "清水(厚木市)",
        "南毛利小学校前",
        "高坪入口",
        "温水",
        "片岸(厚木市)",
        "日立アステモ前",
        "厚木高校前",
        "合同庁舎前(厚木市)",
        "市役所入口(厚木市)",
        "本厚木駅",
        "厚木バスセンター"
    ],
    "weekday": [
        "10:31",
        "17:27"
    ],
    "saturday": [
        "9:30",
        "13:30",
        "15:31",
        "19:29"
    ],
    "holiday": [
        "9:30",
        "13:30",
        "15:35",
        "19:34"
    ],
    "url": "https://www.kanachu.co.jp/dia/diagram/timetable01_js/course:0000803366-25/node:00128446/kt:0/lname:/"
}
