{
    "date": "2025/01/14",
    "name": "高坪入口",
    "position": "-",
    "system": "厚38",
    "destinations": [
        "温水",
        "片岸(厚木市)",
        "日立アステモ前",
        "厚木高校前",
        "合同庁舎前(厚木市)",
        "市役所入口(厚木市)",
        "本厚木駅",
        "厚木バスセンター"
    ],
    "weekday": [
        "10:34",
        "17:30"
    ],
    "saturday": [
        "9:33",
        "13:33",
        "15:34",
        "19:32"
    ],
    "holiday": [
        "9:33",
        "13:33",
        "15:38",
        "19:37"
    ],
    "url": "https://www.kanachu.co.jp/dia/diagram/timetable01_js/course:0000803366-28/node:00128444/kt:0/lname:/"
}
