{
    "date": "2025/01/14",
    "name": "日立アステモ前",
    "position": "-",
    "system": "厚38",
    "destinations": [
        "厚木高校前",
        "合同庁舎前(厚木市)",
        "市役所入口(厚木市)",
        "本厚木駅",
        "厚木バスセンター"
    ],
    "weekday": [
        "10:38",
        "17:34"
    ],
    "saturday": [
        "9:37",
        "13:37",
        "15:38",
        "19:36"
    ],
    "holiday": [
        "9:37",
        "13:37",
        "15:42",
        "19:41"
    ],
    "url": "https://www.kanachu.co.jp/dia/diagram/timetable01_js/course:0000803366-31/node:00128441/kt:0/lname:/"
}
