{
    "date": "2025/03/15",
    "name": "工業団地入口(藤沢市)",
    "position": "-",
    "system": "湘22",
    "destinations": [
        "菖蒲沢団地",
        "公民館前(藤沢市葛原)",
        "葛原(藤沢市)",
        "出荷場前",
        "谷戸入口(藤沢市)",
        "宮下(藤沢市)",
        "上宮下",
        "天沼入口",
        "天沼(藤沢市)",
        "芝原入口",
        "新道向",
        "団地中央(綾瀬市)",
        "吉岡工業団地"
    ],
    "weekday": [
        "7:54",
        "8:19",
        "8:49",
        "9:19",
        "9:49",
        "10:19",
        "10:49",
        "11:19",
        "12:19",
        "13:19",
        "13:49",
        "14:19",
        "14:49",
        "15:19",
        "16:19",
        "16:59",
        "17:44",
        "18:24",
        "18:49",
        "19:19",
        "19:54",
        "20:24",
        "20:49",
        "21:28"
    ],
    "saturday": [
        "7:39",
        "8:19",
        "8:49",
        "9:19",
        "9:49",
        "10:49",
        "11:19",
        "11:49",
        "12:34",
        "13:19",
        "14:19",
        "14:49",
        "15:19",
        "15:49",
        "16:19",
        "17:19",
        "17:49",
        "18:19",
        "18:49",
        "19:19",
        "19:49",
        "20:19",
        "21:08"
    ],
    "holiday": [
        "7:39",
        "8:19",
        "8:49",
        "9:19",
        "9:49",
        "10:49",
        "11:19",
        "11:49",
        "12:34",
        "13:19",
        "14:19",
        "14:49",
        "15:19",
        "15:49",
        "16:19",
        "17:19",
        "17:49",
        "18:19",
        "18:49",
        "19:19",
        "19:49",
        "20:19",
        "21:08"
    ],
    "url": "https://www.kanachu.co.jp/dia/diagram/timetable01_js/course:0000801227-4/node:00129909/kt:0/lname:/"
}
