{
    "date": "2025/03/15",
    "name": "上宮下",
    "position": "-",
    "system": "湘22",
    "destinations": [
        "天沼入口",
        "天沼(藤沢市)",
        "芝原入口",
        "新道向",
        "団地中央(綾瀬市)",
        "吉岡工業団地"
    ],
    "weekday": [
        "8:04",
        "8:29",
        "8:59",
        "9:29",
        "9:59",
        "10:29",
        "10:59",
        "11:29",
        "12:29",
        "13:29",
        "13:59",
        "14:29",
        "14:59",
        "15:29",
        "16:29",
        "17:09",
        "17:54",
        "18:34",
        "18:59",
        "19:29",
        "20:04",
        "20:34",
        "20:59",
        "21:38"
    ],
    "saturday": [
        "7:49",
        "8:29",
        "8:59",
        "9:29",
        "9:59",
        "10:59",
        "11:29",
        "11:59",
        "12:44",
        "13:29",
        "14:29",
        "14:59",
        "15:29",
        "15:59",
        "16:29",
        "17:29",
        "17:59",
        "18:29",
        "18:59",
        "19:29",
        "19:59",
        "20:29",
        "21:18"
    ],
    "holiday": [
        "7:49",
        "8:29",
        "8:59",
        "9:29",
        "9:59",
        "10:59",
        "11:29",
        "11:59",
        "12:44",
        "13:29",
        "14:29",
        "14:59",
        "15:29",
        "15:59",
        "16:29",
        "17:29",
        "17:59",
        "18:29",
        "18:59",
        "19:29",
        "19:59",
        "20:29",
        "21:18"
    ],
    "url": "https://www.kanachu.co.jp/dia/diagram/timetable01_js/course:0000801227-11/node:00129903/kt:0/lname:/"
}
