{
    "date": "2025/03/15",
    "name": "天沼(藤沢市)",
    "position": "-",
    "system": "湘22",
    "destinations": [
        "芝原入口",
        "新道向",
        "団地中央(綾瀬市)",
        "吉岡工業団地"
    ],
    "weekday": [
        "8:06",
        "8:31",
        "9:01",
        "9:31",
        "10:01",
        "10:31",
        "11:01",
        "11:31",
        "12:31",
        "13:31",
        "14:01",
        "14:31",
        "15:01",
        "15:31",
        "16:31",
        "17:11",
        "17:56",
        "18:36",
        "19:01",
        "19:31",
        "20:06",
        "20:36",
        "21:01",
        "21:40"
    ],
    "saturday": [
        "7:51",
        "8:31",
        "9:01",
        "9:31",
        "10:01",
        "11:01",
        "11:31",
        "12:01",
        "12:46",
        "13:31",
        "14:31",
        "15:01",
        "15:31",
        "16:01",
        "16:31",
        "17:31",
        "18:01",
        "18:31",
        "19:01",
        "19:31",
        "20:01",
        "20:31",
        "21:20"
    ],
    "holiday": [
        "7:51",
        "8:31",
        "9:01",
        "9:31",
        "10:01",
        "11:01",
        "11:31",
        "12:01",
        "12:46",
        "13:31",
        "14:31",
        "15:01",
        "15:31",
        "16:01",
        "16:31",
        "17:31",
        "18:01",
        "18:31",
        "19:01",
        "19:31",
        "20:01",
        "20:31",
        "21:20"
    ],
    "url": "https://www.kanachu.co.jp/dia/diagram/timetable01_js/course:0000801227-13/node:00129901/kt:0/lname:/"
}
