{
    "date": "2025/03/15",
    "name": "芝原入口",
    "position": "-",
    "system": "湘22",
    "destinations": [
        "新道向",
        "団地中央(綾瀬市)",
        "吉岡工業団地"
    ],
    "weekday": [
        "8:07",
        "8:32",
        "9:02",
        "9:32",
        "10:02",
        "10:32",
        "11:02",
        "11:32",
        "12:32",
        "13:32",
        "14:02",
        "14:32",
        "15:02",
        "15:32",
        "16:32",
        "17:12",
        "17:57",
        "18:37",
        "19:02",
        "19:32",
        "20:07",
        "20:37",
        "21:02",
        "21:41"
    ],
    "saturday": [
        "7:52",
        "8:32",
        "9:02",
        "9:32",
        "10:02",
        "11:02",
        "11:32",
        "12:02",
        "12:47",
        "13:32",
        "14:32",
        "15:02",
        "15:32",
        "16:02",
        "16:32",
        "17:32",
        "18:02",
        "18:32",
        "19:02",
        "19:32",
        "20:02",
        "20:32",
        "21:21"
    ],
    "holiday": [
        "7:52",
        "8:32",
        "9:02",
        "9:32",
        "10:02",
        "11:02",
        "11:32",
        "12:02",
        "12:47",
        "13:32",
        "14:32",
        "15:02",
        "15:32",
        "16:02",
        "16:32",
        "17:32",
        "18:02",
        "18:32",
        "19:02",
        "19:32",
        "20:02",
        "20:32",
        "21:21"
    ],
    "url": "https://www.kanachu.co.jp/dia/diagram/timetable01_js/course:0000801227-14/node:00129900/kt:0/lname:/"
}
