{
    "date": "2025/03/15",
    "name": "新道向",
    "position": "-",
    "system": "湘22",
    "destinations": [
        "団地中央(綾瀬市)",
        "吉岡工業団地"
    ],
    "weekday": [
        "8:08",
        "8:33",
        "9:03",
        "9:33",
        "10:03",
        "10:33",
        "11:03",
        "11:33",
        "12:33",
        "13:33",
        "14:03",
        "14:33",
        "15:03",
        "15:33",
        "16:33",
        "17:13",
        "17:58",
        "18:38",
        "19:03",
        "19:33",
        "20:08",
        "20:38",
        "21:03",
        "21:42"
    ],
    "saturday": [
        "7:53",
        "8:33",
        "9:03",
        "9:33",
        "10:03",
        "11:03",
        "11:33",
        "12:03",
        "12:48",
        "13:33",
        "14:33",
        "15:03",
        "15:33",
        "16:03",
        "16:33",
        "17:33",
        "18:03",
        "18:33",
        "19:03",
        "19:33",
        "20:03",
        "20:33",
        "21:22"
    ],
    "holiday": [
        "7:53",
        "8:33",
        "9:03",
        "9:33",
        "10:03",
        "11:03",
        "11:33",
        "12:03",
        "12:48",
        "13:33",
        "14:33",
        "15:03",
        "15:33",
        "16:03",
        "16:33",
        "17:33",
        "18:03",
        "18:33",
        "19:03",
        "19:33",
        "20:03",
        "20:33",
        "21:22"
    ],
    "url": "https://www.kanachu.co.jp/dia/diagram/timetable01_js/course:0000801227-15/node:00129899/kt:0/lname:/"
}
