{
    "date": "2025/03/15",
    "name": "団地中央(綾瀬市)",
    "position": "-",
    "system": "湘22",
    "destinations": [
        "吉岡工業団地"
    ],
    "weekday": [
        "8:10",
        "8:35",
        "9:05",
        "9:35",
        "10:05",
        "10:35",
        "11:05",
        "11:35",
        "12:35",
        "13:35",
        "14:05",
        "14:35",
        "15:05",
        "15:35",
        "16:35",
        "17:15",
        "18:00",
        "18:40",
        "19:05",
        "19:35",
        "20:10",
        "20:40",
        "21:05",
        "21:44"
    ],
    "saturday": [
        "7:55",
        "8:35",
        "9:05",
        "9:35",
        "10:05",
        "11:05",
        "11:35",
        "12:05",
        "12:50",
        "13:35",
        "14:35",
        "15:05",
        "15:35",
        "16:05",
        "16:35",
        "17:35",
        "18:05",
        "18:35",
        "19:05",
        "19:35",
        "20:05",
        "20:35",
        "21:24"
    ],
    "holiday": [
        "7:55",
        "8:35",
        "9:05",
        "9:35",
        "10:05",
        "11:05",
        "11:35",
        "12:05",
        "12:50",
        "13:35",
        "14:35",
        "15:05",
        "15:35",
        "16:05",
        "16:35",
        "17:35",
        "18:05",
        "18:35",
        "19:05",
        "19:35",
        "20:05",
        "20:35",
        "21:24"
    ],
    "url": "https://www.kanachu.co.jp/dia/diagram/timetable01_js/course:0000801227-16/node:00129898/kt:0/lname:/"
}
