{
    "date": "2025/03/15",
    "name": "三ツ境駅",
    "position": "-",
    "system": "境11",
    "destinations": [
        "三ツ境駅前",
        "富士見通り商店街",
        "富士見台(横浜市瀬谷区)",
        "住宅前(横浜市瀬谷区)",
        "旭ヶ丘(横浜市瀬谷区)",
        "三ツ境小学校前",
        "原中学校前",
        "向原(横浜市瀬谷区)",
        "原店(横浜市瀬谷区)",
        "阿久和山谷",
        "西村(横浜市瀬谷区)",
        "宮沢(横浜市瀬谷区)"
    ],
    "weekday": [
        "6:00",
        "6:12",
        "6:22",
        "6:47",
        "7:02",
        "7:08",
        "7:14",
        "7:20",
        "7:33",
        "7:41",
        "7:58",
        "8:06",
        "8:18",
        "8:40",
        "8:50",
        "9:15",
        "9:30",
        "10:00",
        "10:30",
        "10:45",
        "11:15",
        "11:45",
        "12:00",
        "12:30",
        "13:00",
        "13:15",
        "13:45",
        "14:15",
        "14:30",
        "15:00",
        "15:30",
        "15:45",
        "16:15",
        "16:45",
        "17:00",
        "17:30",
        "18:00",
        "18:30",
        "18:40",
        "19:00",
        "19:10",
        "19:35",
        "20:05",
        "20:55",
        "21:20",
        "21:50",
        "22:20",
        "23:03"
    ],
    "saturday": [
        "6:00",
        "6:37",
        "7:30",
        "8:00",
        "8:30",
        "8:45",
        "9:15",
        "9:45",
        "10:00",
        "10:30",
        "11:00",
        "11:15",
        "11:45",
        "12:15",
        "12:30",
        "13:00",
        "13:30",
        "13:45",
        "14:15",
        "14:45",
        "15:00",
        "15:30",
        "16:00",
        "16:15",
        "16:45",
        "17:15",
        "17:30",
        "18:00",
        "18:30",
        "18:45",
        "19:15",
        "19:45",
        "20:00",
        "20:30",
        "21:10",
        "21:55",
        "22:30",
        "23:00"
    ],
    "holiday": [
        "6:00",
        "6:37",
        "7:30",
        "8:00",
        "8:30",
        "8:45",
        "9:15",
        "9:45",
        "10:00",
        "10:30",
        "11:00",
        "11:15",
        "11:45",
        "12:15",
        "12:30",
        "13:00",
        "13:30",
        "13:45",
        "14:15",
        "14:45",
        "15:00",
        "15:30",
        "16:00",
        "16:15",
        "16:45",
        "17:15",
        "17:30",
        "18:00",
        "18:30",
        "18:45",
        "19:15",
        "19:45",
        "20:00",
        "20:30",
        "21:10",
        "21:55",
        "22:30",
        "23:00"
    ],
    "url": "https://www.kanachu.co.jp/dia/diagram/timetable01_js/course:0000803637-1/node:00126706/kt:0/lname:/"
}
