{
    "date": "2024/10/01",
    "name": "渓松園前",
    "position": "-",
    "system": "橋30",
    "destinations": [
        "中の郷(相模原市緑区)",
        "上大島南",
        "上大島東",
        "合野原",
        "内出(相模原市緑区)",
        "九沢自治会館前",
        "北公園入口(相模原市緑区)",
        "北公園・ほねごりアリーナ前",
        "北の丘センター",
        "峡の原工業団地",
        "金属団地内郵便局前",
        "ライフタウン東",
        "ライフタウン西口",
        "みのり公園入口",
        "緑区合同庁舎前(相模原市緑区)",
        "橋本二丁目",
        "橋本駅南口"
    ],
    "weekday": [
        "7:36",
        "8:56",
        "9:41",
        "11:51",
        "14:01",
        "16:11",
        "17:31",
        "18:21"
    ],
    "saturday": [
        "7:36",
        "8:56",
        "9:41",
        "11:51",
        "14:01",
        "16:11",
        "17:31",
        "18:21"
    ],
    "holiday": [
        "7:36",
        "8:56",
        "9:41",
        "11:51",
        "14:01",
        "16:11",
        "17:31",
        "18:21"
    ],
    "url": "https://www.kanachu.co.jp/dia/diagram/timetable01_js/course:0000803633-2/node:00130171/kt:0/lname:/"
}
