{
    "date": "2024/10/01",
    "name": "合野原",
    "position": "-",
    "system": "橋30",
    "destinations": [
        "内出(相模原市緑区)",
        "九沢自治会館前",
        "北公園入口(相模原市緑区)",
        "北公園・ほねごりアリーナ前",
        "北の丘センター",
        "峡の原工業団地",
        "金属団地内郵便局前",
        "ライフタウン東",
        "ライフタウン西口",
        "みのり公園入口",
        "緑区合同庁舎前(相模原市緑区)",
        "橋本二丁目",
        "橋本駅南口"
    ],
    "weekday": [
        "7:40",
        "9:00",
        "9:45",
        "11:55",
        "14:05",
        "16:15",
        "17:35",
        "18:25"
    ],
    "saturday": [
        "7:40",
        "9:00",
        "9:45",
        "11:55",
        "14:05",
        "16:15",
        "17:35",
        "18:25"
    ],
    "holiday": [
        "7:40",
        "9:00",
        "9:45",
        "11:55",
        "14:05",
        "16:15",
        "17:35",
        "18:25"
    ],
    "url": "https://www.kanachu.co.jp/dia/diagram/timetable01_js/course:0000803633-6/node:00128979/kt:0/lname:/"
}
