{
    "date": "2025/07/12",
    "name": "相生町(藤沢市)",
    "position": "-",
    "system": "船32",
    "destinations": [
        "南仲通り",
        "藤沢小学校前",
        "藤沢橋",
        "山王神社前",
        "公民館前(藤沢市大鋸)",
        "柄沢橋",
        "藤ヶ岡中学校前",
        "渡内",
        "渡内第三会館前",
        "久成寺前",
        "植木(鎌倉市)",
        "公会堂前(鎌倉市)",
        "岡本(鎌倉市)",
        "玉縄行政センター入口",
        "児童公園前(鎌倉市)",
        "大船駅西口"
    ],
    "weekday": [
        "5:37",
        "5:46",
        "5:55",
        "6:02",
        "6:18",
        "6:27",
        "6:40",
        "6:45",
        "6:51",
        "6:57",
        "7:02",
        "7:11",
        "7:21",
        "7:34",
        "7:42",
        "7:49",
        "7:57",
        "8:20",
        "8:41",
        "9:02",
        "9:22",
        "9:42",
        "10:02",
        "10:22",
        "10:42",
        "11:02",
        "11:22",
        "11:42",
        "12:02",
        "12:22",
        "12:42",
        "13:02",
        "13:22",
        "13:42",
        "14:02",
        "14:22",
        "14:42",
        "14:57",
        "15:12",
        "15:27",
        "15:42",
        "15:57",
        "16:12",
        "16:27",
        "16:42",
        "16:57",
        "17:12",
        "17:27",
        "17:42",
        "18:02",
        "18:22",
        "18:42",
        "19:02",
        "19:22",
        "19:37",
        "19:57",
        "20:27",
        "20:57",
        "21:29",
        "22:02",
        "22:42",
        "23:22"
    ],
    "saturday": [
        "5:52",
        "6:02",
        "6:17",
        "6:27",
        "6:35",
        "6:42",
        "7:02",
        "7:22",
        "7:42",
        "8:02",
        "8:22",
        "8:42",
        "9:02",
        "9:22",
        "9:42",
        "10:02",
        "10:22",
        "10:42",
        "11:02",
        "11:22",
        "11:42",
        "12:02",
        "12:22",
        "12:42",
        "13:02",
        "13:22",
        "13:42",
        "14:02",
        "14:22",
        "14:42",
        "15:02",
        "15:22",
        "15:42",
        "16:02",
        "16:22",
        "16:42",
        "17:02",
        "17:22",
        "17:42",
        "18:02",
        "18:22",
        "18:42",
        "19:02",
        "19:22",
        "19:42",
        "20:12",
        "20:42",
        "21:07",
        "21:37",
        "22:42"
    ],
    "holiday": [
        "5:52",
        "6:02",
        "6:17",
        "6:27",
        "6:42",
        "7:02",
        "7:22",
        "7:42",
        "8:02",
        "8:22",
        "8:42",
        "9:02",
        "9:22",
        "9:42",
        "10:02",
        "10:22",
        "10:42",
        "11:02",
        "11:22",
        "11:42",
        "12:02",
        "12:22",
        "12:42",
        "13:02",
        "13:22",
        "13:42",
        "14:02",
        "14:22",
        "14:42",
        "15:02",
        "15:22",
        "15:42",
        "16:02",
        "16:22",
        "16:42",
        "17:02",
        "17:22",
        "17:42",
        "18:02",
        "18:22",
        "18:42",
        "19:02",
        "19:22",
        "19:42",
        "20:12",
        "20:42",
        "21:07",
        "21:37",
        "22:42"
    ],
    "url": "https://www.kanachu.co.jp/dia/diagram/timetable01_js/course:0000800812-3/node:00126972/kt:0/lname:/"
}
