{
    "date": "2025/07/12",
    "name": "藤沢小学校前",
    "position": "-",
    "system": "船32",
    "destinations": [
        "藤沢橋",
        "山王神社前",
        "公民館前(藤沢市大鋸)",
        "柄沢橋",
        "藤ヶ岡中学校前",
        "渡内",
        "渡内第三会館前",
        "久成寺前",
        "植木(鎌倉市)",
        "公会堂前(鎌倉市)",
        "岡本(鎌倉市)",
        "玉縄行政センター入口",
        "児童公園前(鎌倉市)",
        "大船駅西口"
    ],
    "weekday": [
        "5:39",
        "5:48",
        "5:57",
        "6:04",
        "6:20",
        "6:29",
        "6:42",
        "6:47",
        "6:53",
        "6:59",
        "7:04",
        "7:13",
        "7:23",
        "7:36",
        "7:44",
        "7:51",
        "7:59",
        "8:22",
        "8:43",
        "9:04",
        "9:24",
        "9:44",
        "10:04",
        "10:24",
        "10:44",
        "11:04",
        "11:24",
        "11:44",
        "12:04",
        "12:24",
        "12:44",
        "13:04",
        "13:24",
        "13:44",
        "14:04",
        "14:24",
        "14:44",
        "14:59",
        "15:14",
        "15:29",
        "15:44",
        "15:59",
        "16:14",
        "16:29",
        "16:44",
        "16:59",
        "17:14",
        "17:29",
        "17:44",
        "18:04",
        "18:24",
        "18:44",
        "19:04",
        "19:24",
        "19:39",
        "19:59",
        "20:29",
        "20:59",
        "21:31",
        "22:04",
        "22:44",
        "23:24"
    ],
    "saturday": [
        "5:54",
        "6:04",
        "6:19",
        "6:29",
        "6:37",
        "6:44",
        "7:04",
        "7:24",
        "7:44",
        "8:04",
        "8:24",
        "8:44",
        "9:04",
        "9:24",
        "9:44",
        "10:04",
        "10:24",
        "10:44",
        "11:04",
        "11:24",
        "11:44",
        "12:04",
        "12:24",
        "12:44",
        "13:04",
        "13:24",
        "13:44",
        "14:04",
        "14:24",
        "14:44",
        "15:04",
        "15:24",
        "15:44",
        "16:04",
        "16:24",
        "16:44",
        "17:04",
        "17:24",
        "17:44",
        "18:04",
        "18:24",
        "18:44",
        "19:04",
        "19:24",
        "19:44",
        "20:14",
        "20:44",
        "21:09",
        "21:39",
        "22:44"
    ],
    "holiday": [
        "5:54",
        "6:04",
        "6:19",
        "6:29",
        "6:44",
        "7:04",
        "7:24",
        "7:44",
        "8:04",
        "8:24",
        "8:44",
        "9:04",
        "9:24",
        "9:44",
        "10:04",
        "10:24",
        "10:44",
        "11:04",
        "11:24",
        "11:44",
        "12:04",
        "12:24",
        "12:44",
        "13:04",
        "13:24",
        "13:44",
        "14:04",
        "14:24",
        "14:44",
        "15:04",
        "15:24",
        "15:44",
        "16:04",
        "16:24",
        "16:44",
        "17:04",
        "17:24",
        "17:44",
        "18:04",
        "18:24",
        "18:44",
        "19:04",
        "19:24",
        "19:44",
        "20:14",
        "20:44",
        "21:09",
        "21:39",
        "22:44"
    ],
    "url": "https://www.kanachu.co.jp/dia/diagram/timetable01_js/course:0000800812-5/node:00126974/kt:0/lname:/"
}
