{
    "date": "2025/07/12",
    "name": "山王神社前",
    "position": "-",
    "system": "船32",
    "destinations": [
        "公民館前(藤沢市大鋸)",
        "柄沢橋",
        "藤ヶ岡中学校前",
        "渡内",
        "渡内第三会館前",
        "久成寺前",
        "植木(鎌倉市)",
        "公会堂前(鎌倉市)",
        "岡本(鎌倉市)",
        "玉縄行政センター入口",
        "児童公園前(鎌倉市)",
        "大船駅西口"
    ],
    "weekday": [
        "5:42",
        "5:51",
        "6:00",
        "6:07",
        "6:23",
        "6:32",
        "6:45",
        "6:50",
        "6:56",
        "7:02",
        "7:07",
        "7:16",
        "7:26",
        "7:39",
        "7:47",
        "7:54",
        "8:02",
        "8:25",
        "8:46",
        "9:07",
        "9:27",
        "9:47",
        "10:07",
        "10:27",
        "10:47",
        "11:07",
        "11:27",
        "11:47",
        "12:07",
        "12:27",
        "12:47",
        "13:07",
        "13:27",
        "13:47",
        "14:07",
        "14:27",
        "14:47",
        "15:02",
        "15:17",
        "15:32",
        "15:47",
        "16:02",
        "16:17",
        "16:32",
        "16:47",
        "17:02",
        "17:17",
        "17:32",
        "17:47",
        "18:07",
        "18:27",
        "18:47",
        "19:06",
        "19:26",
        "19:41",
        "20:01",
        "20:31",
        "21:01",
        "21:33",
        "22:06",
        "22:46",
        "23:26"
    ],
    "saturday": [
        "5:57",
        "6:07",
        "6:22",
        "6:32",
        "6:40",
        "6:47",
        "7:07",
        "7:27",
        "7:47",
        "8:07",
        "8:27",
        "8:47",
        "9:07",
        "9:27",
        "9:47",
        "10:07",
        "10:27",
        "10:47",
        "11:07",
        "11:27",
        "11:47",
        "12:07",
        "12:27",
        "12:47",
        "13:07",
        "13:27",
        "13:47",
        "14:07",
        "14:27",
        "14:47",
        "15:07",
        "15:27",
        "15:47",
        "16:07",
        "16:27",
        "16:47",
        "17:07",
        "17:27",
        "17:47",
        "18:07",
        "18:27",
        "18:47",
        "19:07",
        "19:27",
        "19:47",
        "20:17",
        "20:47",
        "21:12",
        "21:42",
        "22:47"
    ],
    "holiday": [
        "5:57",
        "6:07",
        "6:22",
        "6:32",
        "6:47",
        "7:07",
        "7:27",
        "7:47",
        "8:07",
        "8:27",
        "8:47",
        "9:07",
        "9:27",
        "9:47",
        "10:07",
        "10:27",
        "10:47",
        "11:07",
        "11:27",
        "11:47",
        "12:07",
        "12:27",
        "12:47",
        "13:07",
        "13:27",
        "13:47",
        "14:07",
        "14:27",
        "14:47",
        "15:07",
        "15:27",
        "15:47",
        "16:07",
        "16:27",
        "16:47",
        "17:07",
        "17:27",
        "17:47",
        "18:07",
        "18:27",
        "18:47",
        "19:07",
        "19:27",
        "19:47",
        "20:17",
        "20:47",
        "21:12",
        "21:42",
        "22:47"
    ],
    "url": "https://www.kanachu.co.jp/dia/diagram/timetable01_js/course:0000800812-7/node:00126982/kt:0/lname:/"
}
