{
    "date": "2026/01/16",
    "name": "下栗原",
    "position": "-",
    "system": "綾76",
    "destinations": [
        "栗原交番前",
        "栗原小学校前",
        "上栗原",
        "北向庚申前",
        "下小池",
        "上小池",
        "小池坂上",
        "相武台前駅南口",
        "相武台前駅"
    ],
    "weekday": [
        "6:21",
        "6:51",
        "7:19",
        "7:49",
        "8:54",
        "9:54",
        "10:54",
        "11:54",
        "12:54",
        "13:54",
        "14:54",
        "15:54",
        "16:54",
        "17:24",
        "18:24",
        "19:24",
        "20:19"
    ],
    "saturday": [
        "6:49",
        "7:49",
        "8:49",
        "9:49",
        "10:49",
        "11:49",
        "12:49",
        "13:49",
        "14:49",
        "15:49",
        "16:49",
        "17:49",
        "19:00"
    ],
    "holiday": [
        "6:49",
        "7:49",
        "8:49",
        "9:49",
        "10:49",
        "11:49",
        "12:49",
        "13:49",
        "14:49",
        "15:49",
        "16:49",
        "17:49",
        "19:00"
    ],
    "url": "https://www.kanachu.co.jp/dia/diagram/timetable01_js/course:0000804285-2/node:00129757/kt:0/lname:/"
}
