{
    "date": "2026/01/16",
    "name": "栗原小学校前",
    "position": "-",
    "system": "綾76",
    "destinations": [
        "上栗原",
        "北向庚申前",
        "下小池",
        "上小池",
        "小池坂上",
        "相武台前駅南口",
        "相武台前駅"
    ],
    "weekday": [
        "6:25",
        "6:55",
        "7:24",
        "7:54",
        "8:59",
        "9:59",
        "10:59",
        "11:59",
        "12:59",
        "13:59",
        "14:59",
        "15:59",
        "16:59",
        "17:29",
        "18:29",
        "19:29",
        "20:23"
    ],
    "saturday": [
        "6:52",
        "7:52",
        "8:52",
        "9:53",
        "10:53",
        "11:53",
        "12:53",
        "13:53",
        "14:53",
        "15:53",
        "16:53",
        "17:53",
        "19:04"
    ],
    "holiday": [
        "6:52",
        "7:52",
        "8:52",
        "9:53",
        "10:53",
        "11:53",
        "12:53",
        "13:53",
        "14:53",
        "15:53",
        "16:53",
        "17:53",
        "19:03"
    ],
    "url": "https://www.kanachu.co.jp/dia/diagram/timetable01_js/course:0000804285-4/node:00129873/kt:0/lname:/"
}
