{
    "date": "2026/01/16",
    "name": "上栗原",
    "position": "-",
    "system": "綾76",
    "destinations": [
        "北向庚申前",
        "下小池",
        "上小池",
        "小池坂上",
        "相武台前駅南口",
        "相武台前駅"
    ],
    "weekday": [
        "6:26",
        "6:56",
        "7:25",
        "7:55",
        "9:00",
        "10:00",
        "11:00",
        "12:00",
        "13:00",
        "14:00",
        "15:00",
        "16:00",
        "17:00",
        "17:30",
        "18:30",
        "19:30",
        "20:24"
    ],
    "saturday": [
        "6:53",
        "7:53",
        "8:53",
        "9:54",
        "10:54",
        "11:54",
        "12:54",
        "13:54",
        "14:54",
        "15:54",
        "16:54",
        "17:54",
        "19:05"
    ],
    "holiday": [
        "6:53",
        "7:53",
        "8:53",
        "9:54",
        "10:54",
        "11:54",
        "12:54",
        "13:54",
        "14:54",
        "15:54",
        "16:54",
        "17:54",
        "19:04"
    ],
    "url": "https://www.kanachu.co.jp/dia/diagram/timetable01_js/course:0000804285-5/node:00129874/kt:0/lname:/"
}
