{
    "date": "2026/01/16",
    "name": "上小池",
    "position": "-",
    "system": "綾76",
    "destinations": [
        "小池坂上",
        "相武台前駅南口",
        "相武台前駅"
    ],
    "weekday": [
        "6:30",
        "7:00",
        "7:29",
        "7:59",
        "9:04",
        "10:04",
        "11:04",
        "12:04",
        "13:04",
        "14:04",
        "15:04",
        "16:04",
        "17:04",
        "17:34",
        "18:34",
        "19:34",
        "20:28"
    ],
    "saturday": [
        "6:57",
        "7:57",
        "8:57",
        "9:58",
        "10:58",
        "11:58",
        "12:58",
        "13:58",
        "14:58",
        "15:58",
        "16:58",
        "17:58",
        "19:09"
    ],
    "holiday": [
        "6:57",
        "7:57",
        "8:57",
        "9:58",
        "10:58",
        "11:58",
        "12:58",
        "13:58",
        "14:58",
        "15:58",
        "16:58",
        "17:58",
        "19:08"
    ],
    "url": "https://www.kanachu.co.jp/dia/diagram/timetable01_js/course:0000804285-8/node:00129877/kt:0/lname:/"
}
