{
    "date": "2026/01/16",
    "name": "小池坂上",
    "position": "-",
    "system": "綾76",
    "destinations": [
        "相武台前駅南口",
        "相武台前駅"
    ],
    "weekday": [
        "6:31",
        "7:01",
        "7:30",
        "8:00",
        "9:05",
        "10:05",
        "11:05",
        "12:05",
        "13:05",
        "14:05",
        "15:05",
        "16:05",
        "17:05",
        "17:35",
        "18:35",
        "19:35",
        "20:29"
    ],
    "saturday": [
        "6:58",
        "7:58",
        "8:58",
        "9:59",
        "10:59",
        "11:59",
        "12:59",
        "13:59",
        "14:59",
        "15:59",
        "16:59",
        "17:59",
        "19:10"
    ],
    "holiday": [
        "6:58",
        "7:58",
        "8:58",
        "9:59",
        "10:59",
        "11:59",
        "12:59",
        "13:59",
        "14:59",
        "15:59",
        "16:59",
        "17:59",
        "19:09"
    ],
    "url": "https://www.kanachu.co.jp/dia/diagram/timetable01_js/course:0000804285-9/node:00129878/kt:0/lname:/"
}
