{
    "date": "2026/01/16",
    "name": "滝の沢不動前",
    "position": "-",
    "system": "辻34",
    "destinations": [
        "滝の沢(藤沢市)",
        "駒寄",
        "二番構保健医療センター",
        "ライフタウン中央(藤沢市)",
        "大庭小学校",
        "小糸",
        "南センター前(藤沢市)",
        "西高校前(藤沢市)",
        "有藤",
        "大庭隧道",
        "城南一丁目",
        "神台公園前",
        "辻堂駅北口"
    ],
    "weekday": [],
    "saturday": [
        "8:26",
        "8:46",
        "9:06",
        "9:26",
        "9:46",
        "10:06",
        "10:26",
        "10:46",
        "11:06",
        "11:26",
        "11:46",
        "12:06",
        "12:26"
    ],
    "holiday": [
        "10:06",
        "11:26",
        "12:46",
        "14:06",
        "15:26",
        "16:46",
        "18:06"
    ],
    "url": "https://www.kanachu.co.jp/dia/diagram/timetable01_js/course:0000804231-5/node:00129947/kt:0/lname:/"
}
