{
    "date": "2026/01/16",
    "name": "大庭小学校",
    "position": "-",
    "system": "辻34",
    "destinations": [
        "小糸",
        "南センター前(藤沢市)",
        "西高校前(藤沢市)",
        "有藤",
        "大庭隧道",
        "城南一丁目",
        "神台公園前",
        "辻堂駅北口"
    ],
    "weekday": [],
    "saturday": [
        "8:31",
        "8:51",
        "9:11",
        "9:31",
        "9:51",
        "10:11",
        "10:31",
        "10:51",
        "11:11",
        "11:31",
        "11:51",
        "12:11",
        "12:31"
    ],
    "holiday": [
        "10:11",
        "11:31",
        "12:51",
        "14:11",
        "15:31",
        "16:51",
        "18:11"
    ],
    "url": "https://www.kanachu.co.jp/dia/diagram/timetable01_js/course:0000804231-10/node:00129942/kt:0/lname:/"
}
