{
    "date": "2026/01/16",
    "name": "城南一丁目",
    "position": "-",
    "system": "辻34",
    "destinations": [
        "神台公園前",
        "辻堂駅北口"
    ],
    "weekday": [],
    "saturday": [
        "8:37",
        "8:57",
        "9:17",
        "9:37",
        "9:57",
        "10:17",
        "10:37",
        "10:57",
        "11:17",
        "11:37",
        "11:57",
        "12:17",
        "12:37"
    ],
    "holiday": [
        "10:17",
        "11:37",
        "12:57",
        "14:17",
        "15:37",
        "16:57",
        "18:17"
    ],
    "url": "https://www.kanachu.co.jp/dia/diagram/timetable01_js/course:0000804231-16/node:00129936/kt:0/lname:/"
}
