{
    "date": "2025/07/12",
    "name": "長尾台(横浜市栄区)",
    "position": "-",
    "system": "船65",
    "destinations": [
        "宮ノ前(横浜市栄区)",
        "小蓋山",
        "田谷(横浜市栄区)",
        "常勝寺(横浜市栄区)",
        "公文国際学園",
        "原宿四ツ角",
        "原宿(横浜市戸塚区)",
        "聖母の園前",
        "影取",
        "諏訪神社前(横浜市戸塚区)",
        "鉄砲宿",
        "緑ヶ丘(藤沢市)",
        "遊行寺坂上",
        "藤沢橋",
        "藤沢小学校前",
        "南仲通り",
        "相生町(藤沢市)",
        "三富士町",
        "藤沢駅北口"
    ],
    "weekday": [
        "6:55",
        "7:22",
        "7:57",
        "8:15",
        "8:37"
    ],
    "saturday": [],
    "holiday": [],
    "url": "https://www.kanachu.co.jp/dia/diagram/timetable01_js/course:0000800482-3/node:00126853/kt:0/lname:/"
}
