{
    "date": "2025/07/12",
    "name": "公文国際学園",
    "position": "-",
    "system": "船65",
    "destinations": [
        "原宿四ツ角",
        "原宿(横浜市戸塚区)",
        "聖母の園前",
        "影取",
        "諏訪神社前(横浜市戸塚区)",
        "鉄砲宿",
        "緑ヶ丘(藤沢市)",
        "遊行寺坂上",
        "藤沢橋",
        "藤沢小学校前",
        "南仲通り",
        "相生町(藤沢市)",
        "三富士町",
        "藤沢駅北口"
    ],
    "weekday": [
        "7:01",
        "7:28",
        "8:03",
        "8:21",
        "8:43"
    ],
    "saturday": [],
    "holiday": [],
    "url": "https://www.kanachu.co.jp/dia/diagram/timetable01_js/course:0000800482-8/node:00127117/kt:0/lname:/"
}
