{
    "date": "2021/04/01",
    "name": "大平(八王子市)",
    "position": "-",
    "system": "八07",
    "destinations": [
        "大垂水",
        "宮ノ台(相模原市緑区)",
        "神明台(相模原市緑区)",
        "岡本(相模原市緑区)",
        "千木良",
        "底沢",
        "小原(相模原市緑区)",
        "平野(相模原市緑区)",
        "北相中学校前",
        "桂北小学校前",
        "相模湖駅"
    ],
    "weekday": [
        "10:32",
        "13:35"
    ],
    "saturday": [
        "10:32",
        "13:35",
        "18:00"
    ],
    "holiday": [
        "10:32",
        "13:35",
        "18:00"
    ],
    "url": "https://www.kanachu.co.jp/dia/diagram/timetable01_js/course:0000800353-28/node:00128934/kt:0/lname:/"
}
