{
    "date": "2021/04/01",
    "name": "宮ノ台(相模原市緑区)",
    "position": "-",
    "system": "八07",
    "destinations": [
        "神明台(相模原市緑区)",
        "岡本(相模原市緑区)",
        "千木良",
        "底沢",
        "小原(相模原市緑区)",
        "平野(相模原市緑区)",
        "北相中学校前",
        "桂北小学校前",
        "相模湖駅"
    ],
    "weekday": [
        "10:39",
        "13:42"
    ],
    "saturday": [
        "10:39",
        "13:42",
        "18:07"
    ],
    "holiday": [
        "10:39",
        "13:42",
        "18:07"
    ],
    "url": "https://www.kanachu.co.jp/dia/diagram/timetable01_js/course:0000800353-30/node:00128932/kt:0/lname:/"
}
