{
    "date": "2021/04/01",
    "name": "藤木(相模原市緑区)",
    "position": "-",
    "system": "橋05",
    "destinations": [
        "中平(相模原市緑区)",
        "葉山(相模原市緑区)",
        "下河原(相模原市緑区)",
        "小沢(愛甲郡愛川町)"
    ],
    "weekday": [
        "7:06"
    ],
    "saturday": [],
    "holiday": [],
    "url": "https://www.kanachu.co.jp/dia/diagram/timetable01_js/course:0000802400-22/node:00128987/kt:0/lname:/"
}
