{
    "date": "2025/03/15",
    "name": "辻堂駅北口",
    "position": "-",
    "system": "辻23",
    "destinations": [
        "西高校前(藤沢市)",
        "小糸",
        "ライフタウン中央(藤沢市)",
        "二番構保健医療センター",
        "駒寄",
        "滝の沢(藤沢市)",
        "滝の沢不動前",
        "湘南ライフタウン"
    ],
    "weekday": [
        "8:02",
        "8:09",
        "18:00",
        "18:50",
        "19:35"
    ],
    "saturday": [],
    "holiday": [],
    "url": "https://www.kanachu.co.jp/dia/diagram/timetable01_js/course:0000802698-1/node:00129934/kt:0/lname:/"
}
