{
    "date": "2025/03/15",
    "name": "ライフタウン中央(藤沢市)",
    "position": "-",
    "system": "辻23",
    "destinations": [
        "二番構保健医療センター",
        "駒寄",
        "滝の沢(藤沢市)",
        "滝の沢不動前",
        "湘南ライフタウン"
    ],
    "weekday": [
        "8:12",
        "8:19",
        "18:10",
        "19:00",
        "19:45"
    ],
    "saturday": [],
    "holiday": [],
    "url": "https://www.kanachu.co.jp/dia/diagram/timetable01_js/course:0000802698-4/node:00129943/kt:0/lname:/"
}
