{
    "system": "辻23",
    "busstops": [
        {
            "index": "1",
            "id": "00129934",
            "name": "辻堂駅北口",
            "lat": "35.337407",
            "lng": "139.447239"
        },
        {
            "index": "2",
            "id": "00129939",
            "name": "西高校前(藤沢市)",
            "lat": "35.356892",
            "lng": "139.442643"
        },
        {
            "index": "3",
            "id": "00129941",
            "name": "小糸",
            "lat": "35.360789",
            "lng": "139.444848"
        },
        {
            "index": "4",
            "id": "00129943",
            "name": "ライフタウン中央(藤沢市)",
            "lat": "35.365704",
            "lng": "139.446251"
        },
        {
            "index": "5",
            "id": "00129944",
            "name": "二番構保健医療センター",
            "lat": "35.368671",
            "lng": "139.446386"
        },
        {
            "index": "6",
            "id": "00129945",
            "name": "駒寄",
            "lat": "35.37043",
            "lng": "139.442853"
        },
        {
            "index": "7",
            "id": "00129946",
            "name": "滝の沢(藤沢市)",
            "lat": "35.371557",
            "lng": "139.439634"
        },
        {
            "index": "8",
            "id": "00129947",
            "name": "滝の沢不動前",
            "lat": "35.372666",
            "lng": "139.436223"
        },
        {
            "index": "9",
            "id": "00129948",
            "name": "湘南ライフタウン",
            "lat": "35.374649",
            "lng": "139.434251"
        }
    ],
    "route_url": "https://www.kanachu.co.jp/dia/route/index/cid:0000802698/"
}
