{
    "date": "2024/05/20",
    "name": "共済病院前総合公園西",
    "position": "-",
    "system": "平89",
    "destinations": [
        "追分(平塚市)",
        "立野町(平塚市)",
        "横浜ゴム前",
        "市役所前(ゴム前/平塚市)",
        "四ツ角(平塚市)",
        "平塚駅北口"
    ],
    "weekday": [
        "13:46"
    ],
    "saturday": [],
    "holiday": [],
    "url": "https://www.kanachu.co.jp/dia/diagram/timetable01_js/course:0000801049-24/node:00128222/kt:0/lname:/"
}
