{
    "date": "2025/11/16",
    "name": "八雲幼稚園前",
    "position": "-",
    "system": "伊41",
    "destinations": [
        "殿村",
        "毘沙門池",
        "道灌塚前",
        "山王原(伊勢原市)",
        "石倉橋",
        "原田(伊勢原市)",
        "三の宮(伊勢原市)",
        "向原(伊勢原市)",
        "団地北(伊勢原市)",
        "伊勢原車庫"
    ],
    "weekday": [
        "7:26",
        "8:00",
        "8:05",
        "9:22",
        "10:55",
        "11:55",
        "13:55",
        "14:55",
        "18:27",
        "19:26",
        "21:43"
    ],
    "saturday": [
        "10:40",
        "12:40",
        "14:40",
        "16:40"
    ],
    "holiday": [
        "10:40",
        "12:40",
        "14:40",
        "16:40"
    ],
    "url": "https://www.kanachu.co.jp/dia/diagram/timetable01_js/course:0000801527-5/node:00128250/kt:0/lname:/"
}
