{
    "date": "2025/11/16",
    "name": "道灌塚前",
    "position": "-",
    "system": "伊41",
    "destinations": [
        "山王原(伊勢原市)",
        "石倉橋",
        "原田(伊勢原市)",
        "三の宮(伊勢原市)",
        "向原(伊勢原市)",
        "団地北(伊勢原市)",
        "伊勢原車庫"
    ],
    "weekday": [
        "7:29",
        "8:03",
        "8:08",
        "9:25",
        "10:58",
        "11:58",
        "13:58",
        "14:58",
        "18:30",
        "19:29",
        "21:46"
    ],
    "saturday": [
        "10:43",
        "12:43",
        "14:43",
        "16:43"
    ],
    "holiday": [
        "10:43",
        "12:43",
        "14:43",
        "16:43"
    ],
    "url": "https://www.kanachu.co.jp/dia/diagram/timetable01_js/course:0000801527-8/node:00128148/kt:0/lname:/"
}
