{
    "date": "2025/11/16",
    "name": "原田(伊勢原市)",
    "position": "-",
    "system": "伊41",
    "destinations": [
        "三の宮(伊勢原市)",
        "向原(伊勢原市)",
        "団地北(伊勢原市)",
        "伊勢原車庫"
    ],
    "weekday": [
        "7:31",
        "8:06",
        "8:11",
        "9:28",
        "11:01",
        "12:01",
        "14:01",
        "15:01",
        "18:33",
        "19:31",
        "21:48"
    ],
    "saturday": [
        "10:46",
        "12:46",
        "14:46",
        "16:46"
    ],
    "holiday": [
        "10:46",
        "12:46",
        "14:46",
        "16:46"
    ],
    "url": "https://www.kanachu.co.jp/dia/diagram/timetable01_js/course:0000801527-11/node:00128165/kt:0/lname:/"
}
