{
    "date": "2025/11/16",
    "name": "三の宮(伊勢原市)",
    "position": "-",
    "system": "伊41",
    "destinations": [
        "向原(伊勢原市)",
        "団地北(伊勢原市)",
        "伊勢原車庫"
    ],
    "weekday": [
        "7:32",
        "8:07",
        "8:12",
        "9:29",
        "11:02",
        "12:02",
        "14:02",
        "15:02",
        "18:34",
        "19:32",
        "21:49"
    ],
    "saturday": [
        "10:47",
        "12:47",
        "14:47",
        "16:47"
    ],
    "holiday": [
        "10:47",
        "12:47",
        "14:47",
        "16:47"
    ],
    "url": "https://www.kanachu.co.jp/dia/diagram/timetable01_js/course:0000801527-12/node:00128171/kt:0/lname:/"
}
