{
    "date": "2025/11/16",
    "name": "向原(伊勢原市)",
    "position": "-",
    "system": "伊41",
    "destinations": [
        "団地北(伊勢原市)",
        "伊勢原車庫"
    ],
    "weekday": [
        "7:33",
        "8:08",
        "8:13",
        "9:30",
        "11:03",
        "12:03",
        "14:03",
        "15:03",
        "18:35",
        "19:33",
        "21:50"
    ],
    "saturday": [
        "10:48",
        "12:48",
        "14:48",
        "16:48"
    ],
    "holiday": [
        "10:48",
        "12:48",
        "14:48",
        "16:48"
    ],
    "url": "https://www.kanachu.co.jp/dia/diagram/timetable01_js/course:0000801527-13/node:00128172/kt:0/lname:/"
}
