{
    "date": "2026/01/16",
    "name": "藤塚(厚木市)",
    "position": "-",
    "system": "厚76",
    "destinations": [
        "山際",
        "中平(厚木市)",
        "依知小学校前",
        "関口(厚木市)",
        "蓮生寺(厚木市)",
        "追分(厚木市)",
        "下依知入口",
        "金田神社前",
        "金田(厚木市)",
        "金田下宿",
        "積水ソフランウイズ前",
        "鮎津橋",
        "元町(厚木市)",
        "小田急通り",
        "厚木バスセンター"
    ],
    "weekday": [
        "5:47",
        "7:27",
        "9:18",
        "12:08",
        "13:38",
        "15:08",
        "17:53"
    ],
    "saturday": [
        "7:37",
        "10:01",
        "13:01",
        "16:01",
        "18:51"
    ],
    "holiday": [
        "7:36",
        "9:36",
        "12:36",
        "15:36",
        "18:36"
    ],
    "url": "https://www.kanachu.co.jp/dia/diagram/timetable01_js/course:0000804017-6/node:00128356/kt:0/lname:/"
}
