{
    "date": "2026/01/16",
    "name": "関口(厚木市)",
    "position": "-",
    "system": "厚76",
    "destinations": [
        "蓮生寺(厚木市)",
        "追分(厚木市)",
        "下依知入口",
        "金田神社前",
        "金田(厚木市)",
        "金田下宿",
        "積水ソフランウイズ前",
        "鮎津橋",
        "元町(厚木市)",
        "小田急通り",
        "厚木バスセンター"
    ],
    "weekday": [
        "5:54",
        "7:36",
        "9:27",
        "12:17",
        "13:47",
        "15:17",
        "18:03"
    ],
    "saturday": [
        "7:44",
        "10:08",
        "13:08",
        "16:08",
        "18:58"
    ],
    "holiday": [
        "7:43",
        "9:43",
        "12:43",
        "15:43",
        "18:43"
    ],
    "url": "https://www.kanachu.co.jp/dia/diagram/timetable01_js/course:0000804017-10/node:00128352/kt:0/lname:/"
}
