{
    "date": "2026/01/16",
    "name": "金田(厚木市)",
    "position": "-",
    "system": "厚76",
    "destinations": [
        "金田下宿",
        "積水ソフランウイズ前",
        "鮎津橋",
        "元町(厚木市)",
        "小田急通り",
        "厚木バスセンター"
    ],
    "weekday": [
        "5:59",
        "7:44",
        "9:34",
        "12:24",
        "13:54",
        "15:24",
        "18:10"
    ],
    "saturday": [
        "7:51",
        "10:14",
        "13:14",
        "16:14",
        "19:03"
    ],
    "holiday": [
        "7:49",
        "9:49",
        "12:49",
        "15:49",
        "18:48"
    ],
    "url": "https://www.kanachu.co.jp/dia/diagram/timetable01_js/course:0000804017-15/node:00128347/kt:0/lname:/"
}
