{
    "date": "2025/11/16",
    "name": "八雲神社前(伊勢原市)",
    "position": "-",
    "system": "伊59",
    "destinations": [
        "白根",
        "白根公民館前",
        "神戸(伊勢原市)",
        "串橋入口",
        "桜坂(伊勢原市)",
        "坪ノ内",
        "大住台",
        "谷戸岡",
        "笠窪",
        "鶴巻温泉駅"
    ],
    "weekday": [
        "6:05",
        "6:35",
        "7:00",
        "7:45",
        "8:30",
        "9:30",
        "10:30",
        "11:30",
        "12:30",
        "13:30",
        "14:30",
        "15:30",
        "16:30",
        "17:20",
        "17:50",
        "18:20",
        "19:20",
        "20:20"
    ],
    "saturday": [
        "7:10",
        "8:10",
        "9:10",
        "10:10",
        "11:10",
        "12:10",
        "13:10",
        "14:10",
        "15:10",
        "16:10",
        "17:10",
        "18:10",
        "19:10",
        "20:10"
    ],
    "holiday": [
        "7:10",
        "8:10",
        "9:10",
        "10:10",
        "11:10",
        "12:10",
        "13:10",
        "14:10",
        "15:10",
        "16:10",
        "17:10",
        "18:10",
        "19:10",
        "20:10"
    ],
    "url": "https://www.kanachu.co.jp/dia/diagram/timetable01_js/course:0000801005-5/node:00128131/kt:0/lname:/"
}
