{
    "date": "2025/01/14",
    "name": "相模台",
    "position": "-",
    "system": "小02",
    "destinations": [
        "小田急住宅前(座間市)",
        "マルマン工場前",
        "相模が丘",
        "小松原入口",
        "小松原(座間市)",
        "小松原二丁目",
        "ひばりが丘一丁目(座間市)",
        "十一条",
        "九条",
        "南林間駅前通り",
        "南林間駅"
    ],
    "weekday": [
        "6:22",
        "6:52",
        "7:22",
        "7:52",
        "8:22",
        "9:02",
        "10:07",
        "11:07",
        "12:07",
        "13:07",
        "14:07",
        "15:07",
        "16:07",
        "17:07",
        "17:37",
        "18:17",
        "18:51",
        "19:27",
        "20:32",
        "21:27"
    ],
    "saturday": [
        "7:07",
        "8:07",
        "9:07",
        "10:07",
        "11:07",
        "12:07",
        "13:07",
        "14:07",
        "15:07",
        "16:07",
        "17:07",
        "18:07",
        "19:07",
        "20:07",
        "21:07"
    ],
    "holiday": [
        "7:07",
        "8:07",
        "9:07",
        "10:07",
        "11:07",
        "12:07",
        "13:07",
        "14:07",
        "15:07",
        "16:07",
        "17:07",
        "18:07",
        "19:07",
        "20:07",
        "21:07"
    ],
    "url": "https://www.kanachu.co.jp/dia/diagram/timetable01_js/course:0000800367-2/node:00129675/kt:0/lname:/"
}
