{
    "date": "2025/01/14",
    "name": "小田急住宅前(座間市)",
    "position": "-",
    "system": "小02",
    "destinations": [
        "マルマン工場前",
        "相模が丘",
        "小松原入口",
        "小松原(座間市)",
        "小松原二丁目",
        "ひばりが丘一丁目(座間市)",
        "十一条",
        "九条",
        "南林間駅前通り",
        "南林間駅"
    ],
    "weekday": [
        "6:23",
        "6:53",
        "7:23",
        "7:53",
        "8:23",
        "9:03",
        "10:08",
        "11:08",
        "12:08",
        "13:08",
        "14:08",
        "15:08",
        "16:08",
        "17:08",
        "17:38",
        "18:18",
        "18:52",
        "19:28",
        "20:33",
        "21:28"
    ],
    "saturday": [
        "7:08",
        "8:08",
        "9:08",
        "10:08",
        "11:08",
        "12:08",
        "13:08",
        "14:08",
        "15:08",
        "16:08",
        "17:08",
        "18:08",
        "19:08",
        "20:08",
        "21:08"
    ],
    "holiday": [
        "7:08",
        "8:08",
        "9:08",
        "10:08",
        "11:08",
        "12:08",
        "13:08",
        "14:08",
        "15:08",
        "16:08",
        "17:08",
        "18:08",
        "19:08",
        "20:08",
        "21:08"
    ],
    "url": "https://www.kanachu.co.jp/dia/diagram/timetable01_js/course:0000800367-3/node:00129676/kt:0/lname:/"
}
