{
    "date": "2025/07/27",
    "name": "文化会館前(秦野市)",
    "position": "-",
    "system": "秦08",
    "destinations": [
        "水無瀬橋(秦野市)",
        "カルチャーパーク前",
        "浄屋入口",
        "富士見橋・警察署入口",
        "富士見町入口",
        "本町中学校前",
        "桜橋(秦野市)",
        "市役所前(秦野市)",
        "大川橋・本町小学校前",
        "まほろば大橋",
        "秦野駅"
    ],
    "weekday": [
        "7:39",
        "8:02",
        "8:18",
        "8:40",
        "9:37",
        "10:47",
        "11:47",
        "12:47",
        "13:47",
        "14:47",
        "15:47",
        "16:18",
        "16:47",
        "17:12",
        "17:42",
        "18:12",
        "18:43",
        "19:52"
    ],
    "saturday": [
        "7:50",
        "8:40",
        "9:50",
        "10:50",
        "12:03",
        "13:03",
        "14:03",
        "15:03",
        "16:03",
        "17:03"
    ],
    "holiday": [
        "7:50",
        "8:40",
        "9:50",
        "10:50",
        "12:03",
        "13:03",
        "14:03",
        "15:03",
        "16:03",
        "17:03"
    ],
    "url": "https://www.kanachu.co.jp/dia/diagram/timetable01_js/course:0000802746-7/node:00127923/kt:0/lname:/"
}
