{
    "date": "2025/07/27",
    "name": "水無瀬橋(秦野市)",
    "position": "-",
    "system": "秦08",
    "destinations": [
        "カルチャーパーク前",
        "浄屋入口",
        "富士見橋・警察署入口",
        "富士見町入口",
        "本町中学校前",
        "桜橋(秦野市)",
        "市役所前(秦野市)",
        "大川橋・本町小学校前",
        "まほろば大橋",
        "秦野駅"
    ],
    "weekday": [
        "7:41",
        "8:04",
        "8:20",
        "8:42",
        "9:39",
        "10:49",
        "11:49",
        "12:49",
        "13:49",
        "14:49",
        "15:49",
        "16:20",
        "16:49",
        "17:14",
        "17:44",
        "18:14",
        "18:45",
        "19:54"
    ],
    "saturday": [
        "7:52",
        "8:42",
        "9:52",
        "10:52",
        "12:05",
        "13:05",
        "14:05",
        "15:05",
        "16:05",
        "17:05"
    ],
    "holiday": [
        "7:52",
        "8:42",
        "9:52",
        "10:52",
        "12:05",
        "13:05",
        "14:05",
        "15:05",
        "16:05",
        "17:05"
    ],
    "url": "https://www.kanachu.co.jp/dia/diagram/timetable01_js/course:0000802746-8/node:00127919/kt:0/lname:/"
}
