{
    "date": "2025/07/27",
    "name": "カルチャーパーク前",
    "position": "-",
    "system": "秦08",
    "destinations": [
        "浄屋入口",
        "富士見橋・警察署入口",
        "富士見町入口",
        "本町中学校前",
        "桜橋(秦野市)",
        "市役所前(秦野市)",
        "大川橋・本町小学校前",
        "まほろば大橋",
        "秦野駅"
    ],
    "weekday": [
        "7:43",
        "8:06",
        "8:22",
        "8:44",
        "9:40",
        "10:50",
        "11:50",
        "12:50",
        "13:50",
        "14:50",
        "15:50",
        "16:21",
        "16:50",
        "17:16",
        "17:46",
        "18:16",
        "18:46",
        "19:55"
    ],
    "saturday": [
        "7:53",
        "8:43",
        "9:53",
        "10:53",
        "12:06",
        "13:06",
        "14:06",
        "15:06",
        "16:06",
        "17:06"
    ],
    "holiday": [
        "7:53",
        "8:43",
        "9:53",
        "10:53",
        "12:06",
        "13:06",
        "14:06",
        "15:06",
        "16:06",
        "17:06"
    ],
    "url": "https://www.kanachu.co.jp/dia/diagram/timetable01_js/course:0000802746-9/node:00127918/kt:0/lname:/"
}
