{
    "date": "2025/04/01",
    "name": "忠生公園入口",
    "position": "-",
    "system": "町38",
    "destinations": [
        "上宿(町田市)",
        "下根岸(町田市)",
        "根岸(根岸町/町田市)",
        "忠生都営住宅前",
        "桜美林学園東",
        "尾根緑道入口",
        "市立室内プール"
    ],
    "weekday": [
        "7:38"
    ],
    "saturday": [],
    "holiday": [],
    "url": "https://www.kanachu.co.jp/dia/diagram/timetable01_js/course:0000802477-11/node:00129494/kt:0/lname:/"
}
