{
    "date": "2025/04/01",
    "name": "真光寺公園",
    "position": "-",
    "system": "鶴26",
    "destinations": [
        "真光寺緑地入口",
        "真光寺会館入口",
        "鶴川台中央",
        "真光寺中学校入口",
        "広袴中央",
        "東平(町田市)",
        "きつねくぼ緑地前",
        "平和台入口",
        "能ヶ谷二丁目",
        "鶴川駅"
    ],
    "weekday": [
        "6:05",
        "6:15",
        "6:25",
        "6:35",
        "6:45",
        "6:55",
        "7:05",
        "7:15",
        "7:25",
        "7:35",
        "7:45",
        "7:55",
        "8:10",
        "8:25",
        "8:40",
        "8:55",
        "9:15",
        "9:35",
        "10:05",
        "10:35",
        "11:05",
        "11:35",
        "12:05",
        "12:35",
        "13:05",
        "13:35",
        "14:05",
        "14:35",
        "15:05",
        "15:35",
        "16:05",
        "16:35",
        "17:05",
        "17:35",
        "17:55",
        "18:15",
        "18:35",
        "18:50",
        "19:05",
        "19:20",
        "19:35",
        "19:50",
        "20:05",
        "20:20",
        "20:50",
        "21:25",
        "22:00"
    ],
    "saturday": [
        "6:25",
        "6:55",
        "7:15",
        "7:35",
        "7:55",
        "8:15",
        "8:35",
        "8:55",
        "9:15",
        "9:35",
        "9:55",
        "10:15",
        "10:35",
        "10:55",
        "11:25",
        "11:55",
        "12:25",
        "12:55",
        "13:25",
        "13:55",
        "14:25",
        "14:55",
        "15:25",
        "15:55",
        "16:25",
        "16:55",
        "17:25",
        "17:45",
        "18:05",
        "18:25",
        "18:45",
        "19:05",
        "19:25",
        "19:45",
        "20:05",
        "20:25"
    ],
    "holiday": [
        "6:25",
        "6:55",
        "7:25",
        "7:55",
        "8:15",
        "8:35",
        "8:55",
        "9:15",
        "9:35",
        "9:55",
        "10:15",
        "10:35",
        "10:55",
        "11:25",
        "11:55",
        "12:25",
        "12:55",
        "13:25",
        "13:55",
        "14:25",
        "14:55",
        "15:25",
        "15:55",
        "16:25",
        "16:55",
        "17:25",
        "17:45",
        "18:05",
        "18:25",
        "18:45",
        "19:05",
        "19:25",
        "20:00"
    ],
    "url": "https://www.kanachu.co.jp/dia/diagram/timetable01_js/course:0000803478-1/node:00049429/kt:0/lname:/"
}
