{
    "date": "2025/04/01",
    "name": "鶴川台中央",
    "position": "-",
    "system": "鶴26",
    "destinations": [
        "真光寺中学校入口",
        "広袴中央",
        "東平(町田市)",
        "きつねくぼ緑地前",
        "平和台入口",
        "能ヶ谷二丁目",
        "鶴川駅"
    ],
    "weekday": [
        "6:07",
        "6:17",
        "6:27",
        "6:37",
        "6:47",
        "6:57",
        "7:07",
        "7:17",
        "7:27",
        "7:37",
        "7:47",
        "7:57",
        "8:12",
        "8:27",
        "8:42",
        "8:57",
        "9:17",
        "9:37",
        "10:07",
        "10:37",
        "11:07",
        "11:37",
        "12:07",
        "12:37",
        "13:07",
        "13:37",
        "14:07",
        "14:37",
        "15:07",
        "15:37",
        "16:07",
        "16:37",
        "17:07",
        "17:37",
        "17:57",
        "18:17",
        "18:37",
        "18:52",
        "19:07",
        "19:22",
        "19:37",
        "19:52",
        "20:07",
        "20:22",
        "20:52",
        "21:27",
        "22:02"
    ],
    "saturday": [
        "6:27",
        "6:57",
        "7:17",
        "7:37",
        "7:57",
        "8:17",
        "8:37",
        "8:57",
        "9:17",
        "9:37",
        "9:57",
        "10:17",
        "10:37",
        "10:57",
        "11:27",
        "11:57",
        "12:27",
        "12:57",
        "13:27",
        "13:57",
        "14:27",
        "14:57",
        "15:27",
        "15:57",
        "16:27",
        "16:57",
        "17:27",
        "17:47",
        "18:07",
        "18:27",
        "18:47",
        "19:07",
        "19:27",
        "19:47",
        "20:07",
        "20:27"
    ],
    "holiday": [
        "6:27",
        "6:57",
        "7:27",
        "7:57",
        "8:17",
        "8:37",
        "8:57",
        "9:17",
        "9:37",
        "9:57",
        "10:17",
        "10:37",
        "10:57",
        "11:27",
        "11:57",
        "12:27",
        "12:57",
        "13:27",
        "13:57",
        "14:27",
        "14:57",
        "15:27",
        "15:57",
        "16:27",
        "16:57",
        "17:27",
        "17:47",
        "18:07",
        "18:27",
        "18:47",
        "19:07",
        "19:27",
        "20:02"
    ],
    "url": "https://www.kanachu.co.jp/dia/diagram/timetable01_js/course:0000803478-4/node:00049432/kt:0/lname:/"
}
