{
    "date": "2025/04/01",
    "name": "東平(町田市)",
    "position": "-",
    "system": "鶴26",
    "destinations": [
        "きつねくぼ緑地前",
        "平和台入口",
        "能ヶ谷二丁目",
        "鶴川駅"
    ],
    "weekday": [
        "6:10",
        "6:20",
        "6:30",
        "6:40",
        "6:50",
        "7:00",
        "7:10",
        "7:20",
        "7:30",
        "7:40",
        "7:50",
        "8:00",
        "8:15",
        "8:30",
        "8:45",
        "9:00",
        "9:20",
        "9:40",
        "10:10",
        "10:40",
        "11:10",
        "11:40",
        "12:10",
        "12:40",
        "13:10",
        "13:40",
        "14:10",
        "14:40",
        "15:10",
        "15:40",
        "16:10",
        "16:40",
        "17:10",
        "17:40",
        "18:00",
        "18:20",
        "18:40",
        "18:55",
        "19:10",
        "19:25",
        "19:40",
        "19:55",
        "20:10",
        "20:25",
        "20:55",
        "21:30",
        "22:05"
    ],
    "saturday": [
        "6:30",
        "7:00",
        "7:20",
        "7:40",
        "8:00",
        "8:20",
        "8:40",
        "9:00",
        "9:20",
        "9:40",
        "10:00",
        "10:20",
        "10:40",
        "11:00",
        "11:30",
        "12:00",
        "12:30",
        "13:00",
        "13:30",
        "14:00",
        "14:30",
        "15:00",
        "15:30",
        "16:00",
        "16:30",
        "17:00",
        "17:30",
        "17:50",
        "18:10",
        "18:30",
        "18:50",
        "19:10",
        "19:30",
        "19:50",
        "20:10",
        "20:30"
    ],
    "holiday": [
        "6:30",
        "7:00",
        "7:30",
        "8:00",
        "8:20",
        "8:40",
        "9:00",
        "9:20",
        "9:40",
        "10:00",
        "10:20",
        "10:40",
        "11:00",
        "11:30",
        "12:00",
        "12:30",
        "13:00",
        "13:30",
        "14:00",
        "14:30",
        "15:00",
        "15:30",
        "16:00",
        "16:30",
        "17:00",
        "17:30",
        "17:50",
        "18:10",
        "18:30",
        "18:50",
        "19:10",
        "19:30",
        "20:05"
    ],
    "url": "https://www.kanachu.co.jp/dia/diagram/timetable01_js/course:0000803478-7/node:00049435/kt:0/lname:/"
}
