{
    "date": "2025/04/01",
    "name": "きつねくぼ緑地前",
    "position": "-",
    "system": "鶴26",
    "destinations": [
        "平和台入口",
        "能ヶ谷二丁目",
        "鶴川駅"
    ],
    "weekday": [
        "6:11",
        "6:20",
        "6:31",
        "6:40",
        "6:51",
        "7:00",
        "7:11",
        "7:20",
        "7:31",
        "7:40",
        "7:51",
        "8:00",
        "8:16",
        "8:31",
        "8:45",
        "9:00",
        "9:21",
        "9:41",
        "10:10",
        "10:41",
        "11:10",
        "11:41",
        "12:10",
        "12:41",
        "13:10",
        "13:41",
        "14:10",
        "14:41",
        "15:10",
        "15:41",
        "16:10",
        "16:40",
        "17:10",
        "17:40",
        "18:01",
        "18:21",
        "18:40",
        "18:56",
        "19:10",
        "19:26",
        "19:40",
        "19:56",
        "20:10",
        "20:26",
        "20:56",
        "21:31",
        "22:05"
    ],
    "saturday": [
        "6:31",
        "7:01",
        "7:20",
        "7:41",
        "8:00",
        "8:21",
        "8:40",
        "9:01",
        "9:20",
        "9:41",
        "10:00",
        "10:21",
        "10:40",
        "11:01",
        "11:30",
        "12:01",
        "12:30",
        "13:01",
        "13:30",
        "14:01",
        "14:30",
        "15:01",
        "15:30",
        "16:01",
        "16:30",
        "17:01",
        "17:30",
        "17:51",
        "18:10",
        "18:31",
        "18:50",
        "19:11",
        "19:30",
        "19:51",
        "20:10",
        "20:31"
    ],
    "holiday": [
        "6:31",
        "7:00",
        "7:31",
        "8:00",
        "8:21",
        "8:40",
        "9:01",
        "9:20",
        "9:41",
        "10:00",
        "10:21",
        "10:40",
        "11:01",
        "11:30",
        "12:01",
        "12:30",
        "13:01",
        "13:30",
        "14:01",
        "14:30",
        "15:01",
        "15:30",
        "16:01",
        "16:30",
        "17:01",
        "17:30",
        "17:51",
        "18:10",
        "18:31",
        "18:50",
        "19:11",
        "19:30",
        "20:06"
    ],
    "url": "https://www.kanachu.co.jp/dia/diagram/timetable01_js/course:0000803478-8/node:00130512/kt:0/lname:/"
}
