{
    "date": "2024/03/16",
    "name": "小学校入口(相模原市中央区)",
    "position": "-",
    "system": "淵65",
    "destinations": [
        "淵野辺郵便局前",
        "幸町(相模原市中央区)",
        "淵野辺駅北口"
    ],
    "weekday": [
        "5:52",
        "6:31",
        "7:23",
        "7:38",
        "7:54",
        "10:00",
        "11:28",
        "13:03",
        "14:13",
        "15:25",
        "17:40",
        "18:53"
    ],
    "saturday": [
        "6:01",
        "6:36",
        "7:31",
        "7:56",
        "8:36",
        "10:38",
        "11:58",
        "12:38",
        "14:38",
        "16:24",
        "18:46"
    ],
    "holiday": [
        "6:36",
        "7:40",
        "9:00",
        "9:52",
        "10:52",
        "11:52",
        "12:28",
        "13:38",
        "15:12",
        "16:43",
        "18:46"
    ],
    "url": "https://www.kanachu.co.jp/dia/diagram/timetable01_js/course:0000800937-16/node:00129159/kt:0/lname:/"
}
