{
    "date": "2024/03/16",
    "name": "淵野辺郵便局前",
    "position": "-",
    "system": "淵65",
    "destinations": [
        "幸町(相模原市中央区)",
        "淵野辺駅北口"
    ],
    "weekday": [
        "5:53",
        "6:32",
        "7:24",
        "7:39",
        "7:55",
        "10:01",
        "11:29",
        "13:04",
        "14:14",
        "15:26",
        "17:41",
        "18:54"
    ],
    "saturday": [
        "6:02",
        "6:37",
        "7:32",
        "7:57",
        "8:37",
        "10:39",
        "11:59",
        "12:39",
        "14:39",
        "16:25",
        "18:47"
    ],
    "holiday": [
        "6:37",
        "7:41",
        "9:01",
        "9:53",
        "10:53",
        "11:53",
        "12:29",
        "13:39",
        "15:13",
        "16:44",
        "18:47"
    ],
    "url": "https://www.kanachu.co.jp/dia/diagram/timetable01_js/course:0000800937-17/node:00129309/kt:0/lname:/"
}
