{
    "date": "2025/01/14",
    "name": "愛名",
    "position": "-",
    "system": "厚32",
    "destinations": [
        "八ツ橋",
        "白山(厚木市)",
        "旗谷入口",
        "小鮎公民館前",
        "台ノ上",
        "学校前(厚木市)",
        "局前(厚木市)",
        "打越(厚木市)",
        "矢崎(厚木市)",
        "古沢(厚木市)",
        "上古沢",
        "ネポン入口",
        "上分",
        "旗谷下"
    ],
    "weekday": [
        "13:39",
        "17:40",
        "19:10"
    ],
    "saturday": [],
    "holiday": [],
    "url": "https://www.kanachu.co.jp/dia/diagram/timetable01_js/course:0000801648-15/node:00128512/kt:0/lname:/"
}
