{
    "date": "2024/04/01",
    "name": "四ツ角(平塚市)",
    "position": "-",
    "system": "平07",
    "destinations": [
        "松原(平塚市)",
        "蔵屋敷",
        "馬入橋",
        "工業団地入口(平塚市)",
        "馬入ふれあい公園入口",
        "長瀞",
        "馬入境",
        "古河電工前(平塚市)",
        "関西ペイント前(平塚市)",
        "工業団地(平塚市)",
        "全農前",
        "小松前",
        "小松電子前",
        "東八幡工業団地",
        "東八幡五丁目",
        "不動ケミカル前"
    ],
    "weekday": [
        "8:03",
        "8:13",
        "8:23",
        "8:33",
        "8:43"
    ],
    "saturday": [
        "8:01",
        "8:21"
    ],
    "holiday": [
        "8:01"
    ],
    "url": "https://www.kanachu.co.jp/dia/diagram/timetable01_js/course:0000803276-2/node:00127190/kt:0/lname:/"
}
