{
    "date": "2024/04/01",
    "name": "馬入ふれあい公園入口",
    "position": "-",
    "system": "平07",
    "destinations": [
        "長瀞",
        "馬入境",
        "古河電工前(平塚市)",
        "関西ペイント前(平塚市)",
        "工業団地(平塚市)",
        "全農前",
        "小松前",
        "小松電子前",
        "東八幡工業団地",
        "東八幡五丁目",
        "不動ケミカル前"
    ],
    "weekday": [
        "8:08",
        "8:18",
        "8:28",
        "8:38",
        "8:48"
    ],
    "saturday": [
        "8:06",
        "8:26"
    ],
    "holiday": [
        "8:06"
    ],
    "url": "https://www.kanachu.co.jp/dia/diagram/timetable01_js/course:0000803276-7/node:00127712/kt:0/lname:/"
}
