{
    "date": "2024/04/01",
    "name": "古河電工前(平塚市)",
    "position": "-",
    "system": "平07",
    "destinations": [
        "関西ペイント前(平塚市)",
        "工業団地(平塚市)",
        "全農前",
        "小松前",
        "小松電子前",
        "東八幡工業団地",
        "東八幡五丁目",
        "不動ケミカル前"
    ],
    "weekday": [
        "8:10",
        "8:20",
        "8:30",
        "8:40",
        "8:50"
    ],
    "saturday": [
        "8:08",
        "8:28"
    ],
    "holiday": [
        "8:08"
    ],
    "url": "https://www.kanachu.co.jp/dia/diagram/timetable01_js/course:0000803276-10/node:00127671/kt:0/lname:/"
}
