{
    "date": "2024/04/01",
    "name": "小松前",
    "position": "-",
    "system": "平07",
    "destinations": [
        "小松電子前",
        "東八幡工業団地",
        "東八幡五丁目",
        "不動ケミカル前"
    ],
    "weekday": [
        "8:12",
        "8:22",
        "8:32",
        "8:42",
        "8:52"
    ],
    "saturday": [
        "8:10",
        "8:30"
    ],
    "holiday": [
        "8:10"
    ],
    "url": "https://www.kanachu.co.jp/dia/diagram/timetable01_js/course:0000803276-14/node:00127675/kt:0/lname:/"
}
