{
    "date": "2024/04/01",
    "name": "東八幡工業団地",
    "position": "-",
    "system": "平07",
    "destinations": [
        "東八幡五丁目",
        "不動ケミカル前"
    ],
    "weekday": [
        "8:15",
        "8:25",
        "8:35",
        "8:45",
        "8:55"
    ],
    "saturday": [
        "8:13",
        "8:33"
    ],
    "holiday": [
        "8:13"
    ],
    "url": "https://www.kanachu.co.jp/dia/diagram/timetable01_js/course:0000803276-16/node:00127677/kt:0/lname:/"
}
