{
    "date": "2025/08/04",
    "name": "相模原協同病院入口",
    "position": "-",
    "system": "橋33",
    "destinations": [
        "上の原(相模原市緑区)",
        "公園前(相模原市緑区)",
        "住宅前(相模原市緑区)",
        "日本板硝子前(相模原市緑区)",
        "西橋本三丁目",
        "北警察署前(相模原市緑区)",
        "緑区合同庁舎前(相模原市緑区)",
        "橋本二丁目",
        "橋本駅南口"
    ],
    "weekday": [
        "5:43",
        "6:03",
        "6:18",
        "6:33",
        "6:48",
        "7:01",
        "7:13",
        "7:28",
        "7:38",
        "7:53",
        "8:03",
        "8:13",
        "8:28",
        "8:43",
        "8:58",
        "9:08",
        "9:28",
        "9:58",
        "10:18",
        "10:53",
        "11:13",
        "11:53",
        "12:13",
        "12:53",
        "13:13",
        "13:53",
        "14:13",
        "14:53",
        "15:13",
        "15:48",
        "16:08",
        "16:38",
        "17:08",
        "17:28",
        "17:48",
        "18:08",
        "18:23",
        "18:38",
        "18:58",
        "19:17",
        "19:37",
        "19:57",
        "20:17",
        "20:37",
        "20:57",
        "21:22",
        "22:02"
    ],
    "saturday": [
        "6:03",
        "6:43",
        "7:03",
        "7:23",
        "7:48",
        "8:03",
        "8:18",
        "8:38",
        "9:03",
        "9:43",
        "10:08",
        "10:48",
        "11:03",
        "11:43",
        "11:53",
        "12:43",
        "12:58",
        "13:48",
        "14:03",
        "14:48",
        "15:03",
        "15:43",
        "16:08",
        "16:53",
        "17:08",
        "17:48",
        "18:03",
        "18:48",
        "19:18",
        "19:43",
        "20:12",
        "20:47",
        "21:02",
        "22:02"
    ],
    "holiday": [
        "6:23",
        "7:03",
        "7:23",
        "7:48",
        "8:03",
        "8:18",
        "8:38",
        "9:03",
        "9:43",
        "10:08",
        "10:48",
        "11:03",
        "11:43",
        "11:53",
        "12:43",
        "12:58",
        "13:48",
        "14:03",
        "14:48",
        "15:03",
        "15:43",
        "16:08",
        "16:53",
        "17:08",
        "17:48",
        "18:03",
        "18:48",
        "19:17",
        "19:42",
        "20:12",
        "21:02"
    ],
    "url": "https://www.kanachu.co.jp/dia/diagram/timetable01_js/course:0000801280-4/node:00128977/kt:0/lname:/"
}
