{
    "date": "2025/08/04",
    "name": "上の原(相模原市緑区)",
    "position": "-",
    "system": "橋33",
    "destinations": [
        "公園前(相模原市緑区)",
        "住宅前(相模原市緑区)",
        "日本板硝子前(相模原市緑区)",
        "西橋本三丁目",
        "北警察署前(相模原市緑区)",
        "緑区合同庁舎前(相模原市緑区)",
        "橋本二丁目",
        "橋本駅南口"
    ],
    "weekday": [
        "5:44",
        "6:04",
        "6:19",
        "6:34",
        "6:49",
        "7:02",
        "7:14",
        "7:29",
        "7:39",
        "7:54",
        "8:04",
        "8:14",
        "8:29",
        "8:44",
        "8:59",
        "9:09",
        "9:29",
        "9:59",
        "10:19",
        "10:54",
        "11:14",
        "11:54",
        "12:14",
        "12:54",
        "13:14",
        "13:54",
        "14:14",
        "14:54",
        "15:14",
        "15:49",
        "16:09",
        "16:39",
        "17:09",
        "17:29",
        "17:49",
        "18:09",
        "18:24",
        "18:39",
        "18:59",
        "19:18",
        "19:38",
        "19:58",
        "20:18",
        "20:38",
        "20:58",
        "21:23",
        "22:03"
    ],
    "saturday": [
        "6:04",
        "6:44",
        "7:04",
        "7:24",
        "7:49",
        "8:04",
        "8:19",
        "8:39",
        "9:04",
        "9:44",
        "10:09",
        "10:49",
        "11:04",
        "11:44",
        "11:54",
        "12:44",
        "12:59",
        "13:49",
        "14:04",
        "14:49",
        "15:04",
        "15:44",
        "16:09",
        "16:54",
        "17:09",
        "17:49",
        "18:04",
        "18:49",
        "19:19",
        "19:44",
        "20:13",
        "20:48",
        "21:03",
        "22:03"
    ],
    "holiday": [
        "6:24",
        "7:04",
        "7:24",
        "7:49",
        "8:04",
        "8:19",
        "8:39",
        "9:04",
        "9:44",
        "10:09",
        "10:49",
        "11:04",
        "11:44",
        "11:54",
        "12:44",
        "12:59",
        "13:49",
        "14:04",
        "14:49",
        "15:04",
        "15:44",
        "16:09",
        "16:54",
        "17:09",
        "17:49",
        "18:04",
        "18:49",
        "19:18",
        "19:43",
        "20:13",
        "21:03"
    ],
    "url": "https://www.kanachu.co.jp/dia/diagram/timetable01_js/course:0000801280-5/node:00128976/kt:0/lname:/"
}
