{
    "date": "2025/08/04",
    "name": "住宅前(相模原市緑区)",
    "position": "-",
    "system": "橋33",
    "destinations": [
        "日本板硝子前(相模原市緑区)",
        "西橋本三丁目",
        "北警察署前(相模原市緑区)",
        "緑区合同庁舎前(相模原市緑区)",
        "橋本二丁目",
        "橋本駅南口"
    ],
    "weekday": [
        "5:46",
        "6:06",
        "6:21",
        "6:36",
        "6:51",
        "7:04",
        "7:16",
        "7:31",
        "7:41",
        "7:56",
        "8:06",
        "8:16",
        "8:31",
        "8:46",
        "9:01",
        "9:11",
        "9:31",
        "10:01",
        "10:21",
        "10:56",
        "11:16",
        "11:56",
        "12:16",
        "12:56",
        "13:16",
        "13:56",
        "14:16",
        "14:56",
        "15:16",
        "15:51",
        "16:11",
        "16:41",
        "17:11",
        "17:31",
        "17:51",
        "18:11",
        "18:26",
        "18:41",
        "19:01",
        "19:20",
        "19:40",
        "20:00",
        "20:20",
        "20:40",
        "21:00",
        "21:25",
        "22:05"
    ],
    "saturday": [
        "6:06",
        "6:46",
        "7:06",
        "7:26",
        "7:51",
        "8:06",
        "8:21",
        "8:41",
        "9:06",
        "9:46",
        "10:11",
        "10:51",
        "11:06",
        "11:46",
        "11:56",
        "12:46",
        "13:01",
        "13:51",
        "14:06",
        "14:51",
        "15:06",
        "15:46",
        "16:11",
        "16:56",
        "17:11",
        "17:51",
        "18:06",
        "18:51",
        "19:21",
        "19:46",
        "20:15",
        "20:50",
        "21:05",
        "22:05"
    ],
    "holiday": [
        "6:26",
        "7:06",
        "7:26",
        "7:51",
        "8:06",
        "8:21",
        "8:41",
        "9:06",
        "9:46",
        "10:11",
        "10:51",
        "11:06",
        "11:46",
        "11:56",
        "12:46",
        "13:01",
        "13:51",
        "14:06",
        "14:51",
        "15:06",
        "15:46",
        "16:11",
        "16:56",
        "17:11",
        "17:51",
        "18:06",
        "18:51",
        "19:20",
        "19:45",
        "20:15",
        "21:05"
    ],
    "url": "https://www.kanachu.co.jp/dia/diagram/timetable01_js/course:0000801280-7/node:00128974/kt:0/lname:/"
}
