{
    "date": "2025/08/04",
    "name": "緑区合同庁舎前(相模原市緑区)",
    "position": "-",
    "system": "橋33",
    "destinations": [
        "橋本二丁目",
        "橋本駅南口"
    ],
    "weekday": [
        "5:49",
        "6:09",
        "6:24",
        "6:41",
        "6:56",
        "7:09",
        "7:21",
        "7:36",
        "7:46",
        "8:01",
        "8:11",
        "8:21",
        "8:36",
        "8:51",
        "9:05",
        "9:15",
        "9:35",
        "10:05",
        "10:25",
        "11:00",
        "11:20",
        "12:00",
        "12:20",
        "13:00",
        "13:20",
        "14:00",
        "14:20",
        "15:00",
        "15:20",
        "15:55",
        "16:15",
        "16:45",
        "17:16",
        "17:36",
        "17:56",
        "18:16",
        "18:31",
        "18:46",
        "19:04",
        "19:23",
        "19:43",
        "20:03",
        "20:23",
        "20:43",
        "21:03",
        "21:28",
        "22:08"
    ],
    "saturday": [
        "6:10",
        "6:50",
        "7:10",
        "7:30",
        "7:55",
        "8:10",
        "8:25",
        "8:45",
        "9:10",
        "9:50",
        "10:15",
        "10:55",
        "11:10",
        "11:50",
        "12:00",
        "12:50",
        "13:05",
        "13:55",
        "14:10",
        "14:55",
        "15:10",
        "15:50",
        "16:15",
        "17:00",
        "17:15",
        "17:55",
        "18:10",
        "18:55",
        "19:25",
        "19:50",
        "20:18",
        "20:53",
        "21:08",
        "22:08"
    ],
    "holiday": [
        "6:30",
        "7:10",
        "7:30",
        "7:55",
        "8:10",
        "8:25",
        "8:45",
        "9:10",
        "9:50",
        "10:15",
        "10:55",
        "11:10",
        "11:50",
        "12:00",
        "12:50",
        "13:05",
        "13:55",
        "14:10",
        "14:55",
        "15:10",
        "15:50",
        "16:15",
        "17:00",
        "17:15",
        "17:55",
        "18:10",
        "18:55",
        "19:23",
        "19:48",
        "20:18",
        "21:08"
    ],
    "url": "https://www.kanachu.co.jp/dia/diagram/timetable01_js/course:0000801280-11/node:00129000/kt:0/lname:/"
}
