{
    "date": "2021/09/27",
    "name": "山崎団地入口",
    "position": "-",
    "system": "町20",
    "destinations": [
        "木曽入口",
        "上横町",
        "境川団地",
        "境川団地中央",
        "境川団地入口",
        "木曽都営入口",
        "桧台入口",
        "森野六丁目",
        "森野五丁目",
        "妙延寺(町田市)",
        "町田市役所市民ホール前",
        "町田バスセンター"
    ],
    "weekday": [
        "5:13",
        "5:23",
        "5:33"
    ],
    "saturday": [],
    "holiday": [],
    "url": "https://www.kanachu.co.jp/dia/diagram/timetable01_js/course:0000803185-2/node:00129387/kt:0/lname:/"
}
