{
    "date": "2022/12/17",
    "name": "ニュータウン入口(茅ケ崎市)",
    "position": "-",
    "system": "茅14",
    "destinations": [
        "ニュータウン中央(茅ケ崎市)",
        "高田三丁目",
        "室田二丁目",
        "室田一丁目",
        "室田小学校入口",
        "室田",
        "高田三丁目",
        "ニュータウン中央(茅ケ崎市)",
        "ニュータウン入口(茅ケ崎市)",
        "市立病院(茅ケ崎市)",
        "本村五丁目",
        "本村(茅ケ崎市)",
        "茅ヶ崎駅"
    ],
    "weekday": [
        "12:00",
        "13:30",
        "15:32",
        "16:15"
    ],
    "saturday": [
        "10:50",
        "12:08",
        "12:55",
        "15:55",
        "16:40",
        "17:27",
        "18:17"
    ],
    "holiday": [
        "10:50",
        "12:08",
        "12:55",
        "15:55",
        "16:40",
        "17:27",
        "18:17"
    ],
    "url": "https://www.kanachu.co.jp/dia/diagram/timetable01_js/course:0000801533-5/node:00127138/kt:0/lname:/"
}
