{
    "date": "2022/12/17",
    "name": "高田三丁目",
    "position": "-",
    "system": "茅14",
    "destinations": [
        "ニュータウン中央(茅ケ崎市)",
        "ニュータウン入口(茅ケ崎市)",
        "市立病院(茅ケ崎市)",
        "本村五丁目",
        "本村(茅ケ崎市)",
        "茅ヶ崎駅"
    ],
    "weekday": [
        "12:07",
        "13:37",
        "15:39",
        "16:22"
    ],
    "saturday": [
        "10:57",
        "12:15",
        "13:02",
        "16:02",
        "16:47",
        "17:34",
        "18:24"
    ],
    "holiday": [
        "10:57",
        "12:15",
        "13:02",
        "16:02",
        "16:47",
        "17:34",
        "18:24"
    ],
    "url": "https://www.kanachu.co.jp/dia/diagram/timetable01_js/course:0000801533-12/node:00127261/kt:0/lname:/"
}
