{
    "date": "2025/04/19",
    "name": "麻溝車庫",
    "position": "-",
    "system": "大25",
    "destinations": [
        "友愛病院前",
        "北里大学病院・北里大学",
        "麻溝台高校",
        "麻溝台入口",
        "大野台入口",
        "オルガノ前",
        "大沼",
        "大沼小学校前",
        "東通り(相模原市南区)",
        "団地入口(相模原市南区)",
        "小沼(相模原市南区)",
        "南中前(相模原市南区)",
        "グリーンホール前",
        "相模大野駅北口"
    ],
    "weekday": [
        "5:52",
        "6:04"
    ],
    "saturday": [
        "5:58"
    ],
    "holiday": [],
    "url": "https://www.kanachu.co.jp/dia/diagram/timetable01_js/course:0000803513-8/node:00129224/kt:0/lname:/"
}
