{
    "date": "2025/10/20",
    "name": "馬場屋敷",
    "position": "-",
    "system": "間15",
    "destinations": [
        "八幡神社前(横浜市瀬谷区)",
        "上瀬谷小学校入口",
        "竹村町",
        "中屋敷(横浜市瀬谷区)",
        "本郷原",
        "本郷(横浜市瀬谷区)",
        "瀬谷駅前通り",
        "瀬谷駅",
        "相沢",
        "相沢原",
        "上橋(横浜市瀬谷区)",
        "中丸(横浜市瀬谷区)",
        "瀬谷警察入口",
        "三ツ境駅北口"
    ],
    "weekday": [
        "14:13"
    ],
    "saturday": [],
    "holiday": [],
    "url": "https://www.kanachu.co.jp/dia/diagram/timetable01_js/course:0000803914-5/node:00129734/kt:0/lname:/"
}
