{
    "date": "2023/04/25",
    "name": "鹿見堂橋",
    "position": "-",
    "system": "平58",
    "destinations": [
        "駒返橋",
        "田村十字路",
        "相模神田",
        "農協神田支所前",
        "柳の内",
        "大神工業団地入口",
        "大神工業団地"
    ],
    "weekday": [
        "7:24",
        "20:36"
    ],
    "saturday": [],
    "holiday": [],
    "url": "https://www.kanachu.co.jp/dia/diagram/timetable01_js/course:0000800578-16/node:00127660/kt:0/lname:/"
}
