{
    "date": "2025/07/12",
    "name": "藤沢駅北口",
    "position": "-",
    "system": "藤09",
    "destinations": [
        "三富士町",
        "相生町(藤沢市)",
        "南仲通り",
        "南仲通り二丁目",
        "本町小学校前(藤沢市)",
        "白旗交差点",
        "台町(藤沢市)",
        "湘南高校前",
        "一中入口(藤沢市)",
        "引地橋",
        "湘南台",
        "梅ヶ枝通り",
        "住宅前(藤沢市明治)",
        "汲田",
        "明治中学校前",
        "羽鳥郵便局前",
        "神台公園前",
        "辻堂駅北口"
    ],
    "weekday": [
        "7:15",
        "15:35",
        "17:38",
        "19:35"
    ],
    "saturday": [
        "7:17",
        "9:10",
        "11:10",
        "13:10",
        "15:10",
        "17:10",
        "19:10"
    ],
    "holiday": [
        "7:17",
        "9:10",
        "11:10",
        "13:10",
        "15:10",
        "17:10",
        "19:10"
    ],
    "url": "https://www.kanachu.co.jp/dia/diagram/timetable01_js/course:0000800334-1/node:00126970/kt:0/lname:/"
}
