{
    "date": "2025/07/12",
    "name": "三富士町",
    "position": "-",
    "system": "藤09",
    "destinations": [
        "相生町(藤沢市)",
        "南仲通り",
        "南仲通り二丁目",
        "本町小学校前(藤沢市)",
        "白旗交差点",
        "台町(藤沢市)",
        "湘南高校前",
        "一中入口(藤沢市)",
        "引地橋",
        "湘南台",
        "梅ヶ枝通り",
        "住宅前(藤沢市明治)",
        "汲田",
        "明治中学校前",
        "羽鳥郵便局前",
        "神台公園前",
        "辻堂駅北口"
    ],
    "weekday": [
        "7:16",
        "15:36",
        "17:39",
        "19:36"
    ],
    "saturday": [
        "7:18",
        "9:11",
        "11:11",
        "13:11",
        "15:11",
        "17:11",
        "19:11"
    ],
    "holiday": [
        "7:18",
        "9:11",
        "11:11",
        "13:11",
        "15:11",
        "17:11",
        "19:11"
    ],
    "url": "https://www.kanachu.co.jp/dia/diagram/timetable01_js/course:0000800334-2/node:00126971/kt:0/lname:/"
}
