{
    "date": "2025/07/12",
    "name": "本町小学校前(藤沢市)",
    "position": "-",
    "system": "藤09",
    "destinations": [
        "白旗交差点",
        "台町(藤沢市)",
        "湘南高校前",
        "一中入口(藤沢市)",
        "引地橋",
        "湘南台",
        "梅ヶ枝通り",
        "住宅前(藤沢市明治)",
        "汲田",
        "明治中学校前",
        "羽鳥郵便局前",
        "神台公園前",
        "辻堂駅北口"
    ],
    "weekday": [
        "7:20",
        "15:40",
        "17:43",
        "19:40"
    ],
    "saturday": [
        "7:22",
        "9:15",
        "11:15",
        "13:15",
        "15:15",
        "17:15",
        "19:15"
    ],
    "holiday": [
        "7:22",
        "9:15",
        "11:15",
        "13:15",
        "15:15",
        "17:15",
        "19:15"
    ],
    "url": "https://www.kanachu.co.jp/dia/diagram/timetable01_js/course:0000800334-6/node:00127109/kt:0/lname:/"
}
