{
    "date": "2025/07/12",
    "name": "湘南高校前",
    "position": "-",
    "system": "藤09",
    "destinations": [
        "一中入口(藤沢市)",
        "引地橋",
        "湘南台",
        "梅ヶ枝通り",
        "住宅前(藤沢市明治)",
        "汲田",
        "明治中学校前",
        "羽鳥郵便局前",
        "神台公園前",
        "辻堂駅北口"
    ],
    "weekday": [
        "7:24",
        "15:44",
        "17:48",
        "19:44"
    ],
    "saturday": [
        "7:25",
        "9:18",
        "11:19",
        "13:19",
        "15:20",
        "17:20",
        "19:19"
    ],
    "holiday": [
        "7:25",
        "9:18",
        "11:19",
        "13:19",
        "15:20",
        "17:20",
        "19:19"
    ],
    "url": "https://www.kanachu.co.jp/dia/diagram/timetable01_js/course:0000800334-9/node:00127050/kt:0/lname:/"
}
