{
    "date": "2025/07/12",
    "name": "湘南台",
    "position": "-",
    "system": "藤09",
    "destinations": [
        "梅ヶ枝通り",
        "住宅前(藤沢市明治)",
        "汲田",
        "明治中学校前",
        "羽鳥郵便局前",
        "神台公園前",
        "辻堂駅北口"
    ],
    "weekday": [
        "7:28",
        "15:48",
        "17:52",
        "19:48"
    ],
    "saturday": [
        "7:28",
        "9:22",
        "11:23",
        "13:23",
        "15:24",
        "17:24",
        "19:23"
    ],
    "holiday": [
        "7:28",
        "9:22",
        "11:23",
        "13:23",
        "15:24",
        "17:24",
        "19:23"
    ],
    "url": "https://www.kanachu.co.jp/dia/diagram/timetable01_js/course:0000800334-12/node:00127087/kt:0/lname:/"
}
