{
    "date": "2025/07/12",
    "name": "住宅前(藤沢市明治)",
    "position": "-",
    "system": "藤09",
    "destinations": [
        "汲田",
        "明治中学校前",
        "羽鳥郵便局前",
        "神台公園前",
        "辻堂駅北口"
    ],
    "weekday": [
        "7:30",
        "15:50",
        "17:54",
        "19:50"
    ],
    "saturday": [
        "7:30",
        "9:24",
        "11:25",
        "13:25",
        "15:26",
        "17:26",
        "19:25"
    ],
    "holiday": [
        "7:30",
        "9:24",
        "11:25",
        "13:25",
        "15:26",
        "17:26",
        "19:25"
    ],
    "url": "https://www.kanachu.co.jp/dia/diagram/timetable01_js/course:0000800334-14/node:00130195/kt:0/lname:/"
}
