{
    "date": "2025/07/12",
    "name": "汲田",
    "position": "-",
    "system": "藤09",
    "destinations": [
        "明治中学校前",
        "羽鳥郵便局前",
        "神台公園前",
        "辻堂駅北口"
    ],
    "weekday": [
        "7:31",
        "15:51",
        "17:55",
        "19:51"
    ],
    "saturday": [
        "7:31",
        "9:25",
        "11:26",
        "13:26",
        "15:27",
        "17:27",
        "19:26"
    ],
    "holiday": [
        "7:31",
        "9:25",
        "11:26",
        "13:26",
        "15:27",
        "17:27",
        "19:26"
    ],
    "url": "https://www.kanachu.co.jp/dia/diagram/timetable01_js/course:0000800334-15/node:00127084/kt:0/lname:/"
}
