{
    "date": "2025/07/12",
    "name": "神台公園前",
    "position": "-",
    "system": "藤09",
    "destinations": [
        "辻堂駅北口"
    ],
    "weekday": [
        "7:35",
        "15:55",
        "17:59",
        "19:55"
    ],
    "saturday": [
        "7:34",
        "9:29",
        "11:30",
        "13:30",
        "15:31",
        "17:31",
        "19:30"
    ],
    "holiday": [
        "7:34",
        "9:29",
        "11:30",
        "13:30",
        "15:31",
        "17:31",
        "19:30"
    ],
    "url": "https://www.kanachu.co.jp/dia/diagram/timetable01_js/course:0000800334-18/node:00130068/kt:0/lname:/"
}
