{
    "date": "2025/05/11",
    "name": "滝ノ分",
    "position": "-",
    "system": "139",
    "destinations": [
        "渡戸(横浜市栄区)",
        "西谷戸(横浜市栄区)",
        "小菅ヶ谷橋",
        "小山台(横浜市栄区)",
        "つつじヶ丘(横浜市港南区)",
        "野村港南台",
        "原(横浜市港南区)",
        "港南車庫入口",
        "藤ヶ沢",
        "金井(横浜市港南区)",
        "清水橋(横浜市港南区)",
        "日野(横浜市港南区)",
        "日野小学校前(横浜市港南区)",
        "日野中央公園入口",
        "日野公園墓地入口",
        "新吉原橋",
        "吉原(横浜市港南区)",
        "港南区総合庁舎前",
        "笹下港南中央通り",
        "関の下",
        "上大岡駅"
    ],
    "weekday": [
        "5:52",
        "7:12",
        "8:33",
        "10:19",
        "12:29",
        "14:19",
        "16:19",
        "18:20"
    ],
    "saturday": [
        "7:02",
        "8:41",
        "10:43",
        "12:43",
        "14:43",
        "16:46",
        "18:14"
    ],
    "holiday": [
        "7:02",
        "8:41",
        "10:43",
        "12:43",
        "14:43",
        "16:46",
        "18:14"
    ],
    "url": "https://www.kanachu.co.jp/dia/diagram/timetable01_js/course:0000803820-2/node:00126601/kt:0/lname:/"
}
