{
    "date": "2025/05/11",
    "name": "西谷戸(横浜市栄区)",
    "position": "-",
    "system": "",
    "destinations": [
        "小菅ヶ谷橋",
        "小山台(横浜市栄区)",
        "つつじヶ丘(横浜市港南区)",
        "野村港南台",
        "原(横浜市港南区)",
        "港南車庫入口",
        "藤ヶ沢",
        "金井(横浜市港南区)",
        "清水橋(横浜市港南区)",
        "日野(横浜市港南区)",
        "日野小学校前(横浜市港南区)",
        "日野中央公園入口",
        "日野公園墓地入口",
        "新吉原橋",
        "吉原(横浜市港南区)",
        "港南区総合庁舎前",
        "笹下港南中央通り",
        "関の下",
        "上大岡駅"
    ],
    "weekday": [
        "5:54",
        "7:14",
        "8:35",
        "10:21",
        "12:31",
        "14:21",
        "16:21",
        "18:22"
    ],
    "saturday": [
        "7:04",
        "8:43",
        "10:45",
        "12:45",
        "14:45",
        "16:48",
        "18:16"
    ],
    "holiday": [
        "7:04",
        "8:43",
        "10:45",
        "12:45",
        "14:45",
        "16:48",
        "18:16"
    ],
    "url": "https://www.kanachu.co.jp/dia/diagram/timetable01_js/course:0000803820-4/node:00126599/kt:0/lname:/"
}
