{
    "date": "2025/05/11",
    "name": "小山台(横浜市栄区)",
    "position": "-",
    "system": "139",
    "destinations": [
        "つつじヶ丘(横浜市港南区)",
        "野村港南台",
        "原(横浜市港南区)",
        "港南車庫入口",
        "藤ヶ沢",
        "金井(横浜市港南区)",
        "清水橋(横浜市港南区)",
        "日野(横浜市港南区)",
        "日野小学校前(横浜市港南区)",
        "日野中央公園入口",
        "日野公園墓地入口",
        "新吉原橋",
        "吉原(横浜市港南区)",
        "港南区総合庁舎前",
        "笹下港南中央通り",
        "関の下",
        "上大岡駅"
    ],
    "weekday": [
        "5:57",
        "7:17",
        "8:38",
        "10:24",
        "12:34",
        "14:24",
        "16:24",
        "18:25"
    ],
    "saturday": [
        "7:07",
        "8:46",
        "10:48",
        "12:48",
        "14:48",
        "16:51",
        "18:19"
    ],
    "holiday": [
        "7:07",
        "8:46",
        "10:48",
        "12:48",
        "14:48",
        "16:51",
        "18:19"
    ],
    "url": "https://www.kanachu.co.jp/dia/diagram/timetable01_js/course:0000803820-6/node:00126557/kt:0/lname:/"
}
