{
    "date": "2025/05/11",
    "name": "つつじヶ丘(横浜市港南区)",
    "position": "-",
    "system": "139",
    "destinations": [
        "野村港南台",
        "原(横浜市港南区)",
        "港南車庫入口",
        "藤ヶ沢",
        "金井(横浜市港南区)",
        "清水橋(横浜市港南区)",
        "日野(横浜市港南区)",
        "日野小学校前(横浜市港南区)",
        "日野中央公園入口",
        "日野公園墓地入口",
        "新吉原橋",
        "吉原(横浜市港南区)",
        "港南区総合庁舎前",
        "笹下港南中央通り",
        "関の下",
        "上大岡駅"
    ],
    "weekday": [
        "5:58",
        "7:18",
        "8:39",
        "10:25",
        "12:35",
        "14:25",
        "16:25",
        "18:26"
    ],
    "saturday": [
        "7:08",
        "8:47",
        "10:49",
        "12:49",
        "14:49",
        "16:52",
        "18:20"
    ],
    "holiday": [
        "7:08",
        "8:47",
        "10:49",
        "12:49",
        "14:49",
        "16:52",
        "18:20"
    ],
    "url": "https://www.kanachu.co.jp/dia/diagram/timetable01_js/course:0000803820-7/node:00126556/kt:0/lname:/"
}
