{
    "date": "2025/05/11",
    "name": "野村港南台",
    "position": "-",
    "system": "",
    "destinations": [
        "原(横浜市港南区)",
        "港南車庫入口",
        "藤ヶ沢",
        "金井(横浜市港南区)",
        "清水橋(横浜市港南区)",
        "日野(横浜市港南区)",
        "日野小学校前(横浜市港南区)",
        "日野中央公園入口",
        "日野公園墓地入口",
        "新吉原橋",
        "吉原(横浜市港南区)",
        "港南区総合庁舎前",
        "笹下港南中央通り",
        "関の下",
        "上大岡駅"
    ],
    "weekday": [
        "5:59",
        "7:20",
        "8:41",
        "10:27",
        "12:37",
        "14:27",
        "16:27",
        "18:28"
    ],
    "saturday": [
        "7:10",
        "8:49",
        "10:51",
        "12:51",
        "14:51",
        "16:54",
        "18:22"
    ],
    "holiday": [
        "7:10",
        "8:49",
        "10:51",
        "12:51",
        "14:51",
        "16:54",
        "18:22"
    ],
    "url": "https://www.kanachu.co.jp/dia/diagram/timetable01_js/course:0000803820-8/node:00126555/kt:0/lname:/"
}
