{
    "date": "2025/05/11",
    "name": "港南車庫入口",
    "position": "-",
    "system": "",
    "destinations": [
        "藤ヶ沢",
        "金井(横浜市港南区)",
        "清水橋(横浜市港南区)",
        "日野(横浜市港南区)",
        "日野小学校前(横浜市港南区)",
        "日野中央公園入口",
        "日野公園墓地入口",
        "新吉原橋",
        "吉原(横浜市港南区)",
        "港南区総合庁舎前",
        "笹下港南中央通り",
        "関の下",
        "上大岡駅"
    ],
    "weekday": [
        "6:01",
        "7:22",
        "8:43",
        "10:29",
        "12:39",
        "14:29",
        "16:29",
        "18:30"
    ],
    "saturday": [
        "7:12",
        "8:51",
        "10:53",
        "12:53",
        "14:53",
        "16:56",
        "18:24"
    ],
    "holiday": [
        "7:12",
        "8:51",
        "10:53",
        "12:53",
        "14:53",
        "16:56",
        "18:24"
    ],
    "url": "https://www.kanachu.co.jp/dia/diagram/timetable01_js/course:0000803820-10/node:00102510/kt:0/lname:/"
}
