{
    "date": "2025/05/11",
    "name": "金井(横浜市港南区)",
    "position": "-",
    "system": "139",
    "destinations": [
        "清水橋(横浜市港南区)",
        "日野(横浜市港南区)",
        "日野小学校前(横浜市港南区)",
        "日野中央公園入口",
        "日野公園墓地入口",
        "新吉原橋",
        "吉原(横浜市港南区)",
        "港南区総合庁舎前",
        "笹下港南中央通り",
        "関の下",
        "上大岡駅"
    ],
    "weekday": [
        "6:03",
        "7:25",
        "8:46",
        "10:32",
        "12:42",
        "14:32",
        "16:32",
        "18:33"
    ],
    "saturday": [
        "7:15",
        "8:54",
        "10:56",
        "12:56",
        "14:56",
        "16:59",
        "18:27"
    ],
    "holiday": [
        "7:15",
        "8:54",
        "10:56",
        "12:56",
        "14:56",
        "16:59",
        "18:27"
    ],
    "url": "https://www.kanachu.co.jp/dia/diagram/timetable01_js/course:0000803820-12/node:00102359/kt:0/lname:/"
}
