{
    "date": "2025/05/11",
    "name": "清水橋(横浜市港南区)",
    "position": "-",
    "system": "139",
    "destinations": [
        "日野(横浜市港南区)",
        "日野小学校前(横浜市港南区)",
        "日野中央公園入口",
        "日野公園墓地入口",
        "新吉原橋",
        "吉原(横浜市港南区)",
        "港南区総合庁舎前",
        "笹下港南中央通り",
        "関の下",
        "上大岡駅"
    ],
    "weekday": [
        "6:04",
        "7:26",
        "8:47",
        "10:33",
        "12:43",
        "14:33",
        "16:33",
        "18:34"
    ],
    "saturday": [
        "7:16",
        "8:55",
        "10:57",
        "12:57",
        "14:57",
        "17:00",
        "18:28"
    ],
    "holiday": [
        "7:16",
        "8:55",
        "10:57",
        "12:57",
        "14:57",
        "17:00",
        "18:28"
    ],
    "url": "https://www.kanachu.co.jp/dia/diagram/timetable01_js/course:0000803820-13/node:00102574/kt:0/lname:/"
}
