{
    "date": "2025/05/11",
    "name": "日野中央公園入口",
    "position": "-",
    "system": "",
    "destinations": [
        "日野公園墓地入口",
        "新吉原橋",
        "吉原(横浜市港南区)",
        "港南区総合庁舎前",
        "笹下港南中央通り",
        "関の下",
        "上大岡駅"
    ],
    "weekday": [
        "6:08",
        "7:30",
        "8:51",
        "10:37",
        "12:47",
        "14:37",
        "16:37",
        "18:38"
    ],
    "saturday": [
        "7:20",
        "8:59",
        "11:01",
        "13:01",
        "15:01",
        "17:04",
        "18:32"
    ],
    "holiday": [
        "7:20",
        "8:59",
        "11:01",
        "13:01",
        "15:01",
        "17:04",
        "18:32"
    ],
    "url": "https://www.kanachu.co.jp/dia/diagram/timetable01_js/course:0000803820-16/node:00102994/kt:0/lname:/"
}
