{
    "date": "2025/05/11",
    "name": "新吉原橋",
    "position": "-",
    "system": "139",
    "destinations": [
        "吉原(横浜市港南区)",
        "港南区総合庁舎前",
        "笹下港南中央通り",
        "関の下",
        "上大岡駅"
    ],
    "weekday": [
        "6:10",
        "7:32",
        "8:53",
        "10:39",
        "12:49",
        "14:39",
        "16:39",
        "18:40"
    ],
    "saturday": [
        "7:22",
        "9:01",
        "11:03",
        "13:03",
        "15:03",
        "17:06",
        "18:34"
    ],
    "holiday": [
        "7:22",
        "9:01",
        "11:03",
        "13:03",
        "15:03",
        "17:06",
        "18:34"
    ],
    "url": "https://www.kanachu.co.jp/dia/diagram/timetable01_js/course:0000803820-18/node:00102633/kt:0/lname:/"
}
