{
    "system": "",
    "busstops": [
        {
            "index": "1",
            "id": "00126595",
            "name": "本郷台駅",
            "lat": "35.367099",
            "lng": "139.551179"
        },
        {
            "index": "2",
            "id": "00126601",
            "name": "滝ノ分",
            "lat": "35.372831",
            "lng": "139.550927"
        },
        {
            "index": "3",
            "id": "00126600",
            "name": "渡戸(横浜市栄区)",
            "lat": "35.37607",
            "lng": "139.551936"
        },
        {
            "index": "4",
            "id": "00126599",
            "name": "西谷戸(横浜市栄区)",
            "lat": "35.378426",
            "lng": "139.552637"
        },
        {
            "index": "5",
            "id": "00126607",
            "name": "小菅ヶ谷橋",
            "lat": "35.378528",
            "lng": "139.555181"
        },
        {
            "index": "6",
            "id": "00126557",
            "name": "小山台(横浜市栄区)",
            "lat": "35.37806",
            "lng": "139.558727"
        },
        {
            "index": "7",
            "id": "00126556",
            "name": "つつじヶ丘(横浜市港南区)",
            "lat": "35.377572",
            "lng": "139.562305"
        },
        {
            "index": "8",
            "id": "00126555",
            "name": "野村港南台",
            "lat": "35.376715",
            "lng": "139.56609"
        },
        {
            "index": "9",
            "id": "00126554",
            "name": "原(横浜市港南区)",
            "lat": "35.376632",
            "lng": "139.567389"
        },
        {
            "index": "10",
            "id": "00102510",
            "name": "港南車庫入口",
            "lat": "35.378765",
            "lng": "139.569802"
        },
        {
            "index": "11",
            "id": "00103008",
            "name": "藤ヶ沢",
            "lat": "35.380556",
            "lng": "139.571649"
        },
        {
            "index": "12",
            "id": "00102359",
            "name": "金井(横浜市港南区)",
            "lat": "35.382651",
            "lng": "139.574428"
        },
        {
            "index": "13",
            "id": "00102574",
            "name": "清水橋(横浜市港南区)",
            "lat": "35.383003",
            "lng": "139.576443"
        },
        {
            "index": "14",
            "id": "00102954",
            "name": "日野(横浜市港南区)",
            "lat": "35.384902",
            "lng": "139.579816"
        },
        {
            "index": "15",
            "id": "00102955",
            "name": "日野小学校前(横浜市港南区)",
            "lat": "35.38734",
            "lng": "139.581405"
        },
        {
            "index": "16",
            "id": "00102994",
            "name": "日野中央公園入口",
            "lat": "35.390344",
            "lng": "139.582423"
        },
        {
            "index": "17",
            "id": "00102958",
            "name": "日野公園墓地入口",
            "lat": "35.393252",
            "lng": "139.58389"
        },
        {
            "index": "18",
            "id": "00102633",
            "name": "新吉原橋",
            "lat": "35.39616",
            "lng": "139.586476"
        },
        {
            "index": "19",
            "id": "00103230",
            "name": "吉原(横浜市港南区)",
            "lat": "35.399159",
            "lng": "139.588277"
        },
        {
            "index": "20",
            "id": "00102499",
            "name": "港南区総合庁舎前",
            "lat": "35.401243",
            "lng": "139.591011"
        },
        {
            "index": "21",
            "id": "00126558",
            "name": "笹下港南中央通り",
            "lat": "35.402284",
            "lng": "139.592948"
        },
        {
            "index": "22",
            "id": "00102671",
            "name": "関の下",
            "lat": "35.405478",
            "lng": "139.595005"
        },
        {
            "index": "23",
            "id": "00102366",
            "name": "上大岡駅",
            "lat": "35.408323",
            "lng": "139.595741"
        }
    ],
    "route_url": "https://www.kanachu.co.jp/dia/route/index/cid:0000803820/"
}
