{
    "date": "2024/04/01",
    "name": "堀西駐在所前",
    "position": "-",
    "system": "秦51",
    "destinations": [
        "堀川",
        "関(秦野市)",
        "大倉入口",
        "平和橋(秦野市)",
        "戸川",
        "戸沢入口",
        "横野入口",
        "菩提(秦野市)",
        "菩提原",
        "戸川入口",
        "三屋入口",
        "羽根入口",
        "田原入口",
        "六反地",
        "榎木堂",
        "宮上(秦野市)",
        "宮前(秦野市)",
        "上大道",
        "大道(秦野市)",
        "上宿通り",
        "大川橋(秦野市)",
        "まほろば大橋",
        "秦野駅"
    ],
    "weekday": [
        "6:49",
        "7:08",
        "7:29",
        "7:38",
        "7:48",
        "8:03",
        "8:23",
        "8:45",
        "9:08",
        "9:38",
        "10:08",
        "10:38",
        "11:08",
        "11:38",
        "12:08",
        "12:38",
        "13:08",
        "13:38",
        "14:08",
        "14:38",
        "15:08",
        "15:38",
        "16:08",
        "16:38",
        "16:55",
        "17:16",
        "17:40",
        "17:52",
        "18:11",
        "18:31",
        "18:52",
        "19:11",
        "19:41",
        "20:26",
        "21:11",
        "21:59"
    ],
    "saturday": [
        "6:33",
        "7:33",
        "8:03",
        "8:33",
        "9:03",
        "9:33",
        "10:03",
        "10:33",
        "11:03",
        "11:33",
        "12:03",
        "12:33",
        "13:03",
        "13:33",
        "14:03",
        "14:33",
        "15:03",
        "15:33",
        "16:03",
        "16:33",
        "17:03",
        "17:33",
        "18:03",
        "18:33",
        "19:03",
        "19:33",
        "20:03",
        "20:53"
    ],
    "holiday": [
        "6:33",
        "7:33",
        "8:03",
        "8:33",
        "9:03",
        "9:33",
        "10:03",
        "10:33",
        "11:03",
        "11:33",
        "12:03",
        "12:33",
        "13:03",
        "13:33",
        "14:03",
        "14:33",
        "15:03",
        "15:33",
        "16:03",
        "16:33",
        "17:03",
        "17:33",
        "18:03",
        "18:33",
        "19:03",
        "19:33",
        "20:03",
        "20:53"
    ],
    "url": "https://www.kanachu.co.jp/dia/diagram/timetable01_js/course:0000801290-6/node:00128052/kt:0/lname:/"
}
