{
    "date": "2024/04/01",
    "name": "関(秦野市)",
    "position": "-",
    "system": "秦51",
    "destinations": [
        "大倉入口",
        "平和橋(秦野市)",
        "戸川",
        "戸沢入口",
        "横野入口",
        "菩提(秦野市)",
        "菩提原",
        "戸川入口",
        "三屋入口",
        "羽根入口",
        "田原入口",
        "六反地",
        "榎木堂",
        "宮上(秦野市)",
        "宮前(秦野市)",
        "上大道",
        "大道(秦野市)",
        "上宿通り",
        "大川橋(秦野市)",
        "まほろば大橋",
        "秦野駅"
    ],
    "weekday": [
        "6:51",
        "7:10",
        "7:31",
        "7:40",
        "7:50",
        "8:05",
        "8:25",
        "8:47",
        "9:10",
        "9:40",
        "10:10",
        "10:40",
        "11:10",
        "11:40",
        "12:10",
        "12:40",
        "13:10",
        "13:40",
        "14:10",
        "14:40",
        "15:10",
        "15:40",
        "16:10",
        "16:40",
        "16:57",
        "17:18",
        "17:42",
        "17:54",
        "18:13",
        "18:33",
        "18:54",
        "19:13",
        "19:43",
        "20:28",
        "21:13",
        "22:01"
    ],
    "saturday": [
        "6:35",
        "7:35",
        "8:05",
        "8:35",
        "9:05",
        "9:35",
        "10:05",
        "10:35",
        "11:05",
        "11:35",
        "12:05",
        "12:35",
        "13:05",
        "13:35",
        "14:05",
        "14:35",
        "15:05",
        "15:35",
        "16:05",
        "16:35",
        "17:05",
        "17:35",
        "18:05",
        "18:35",
        "19:05",
        "19:35",
        "20:05",
        "20:55"
    ],
    "holiday": [
        "6:35",
        "7:35",
        "8:05",
        "8:35",
        "9:05",
        "9:35",
        "10:05",
        "10:35",
        "11:05",
        "11:35",
        "12:05",
        "12:35",
        "13:05",
        "13:35",
        "14:05",
        "14:35",
        "15:05",
        "15:35",
        "16:05",
        "16:35",
        "17:05",
        "17:35",
        "18:05",
        "18:35",
        "19:05",
        "19:35",
        "20:05",
        "20:55"
    ],
    "url": "https://www.kanachu.co.jp/dia/diagram/timetable01_js/course:0000801290-8/node:00127893/kt:0/lname:/"
}
