{
    "date": "2024/04/01",
    "name": "大倉入口",
    "position": "-",
    "system": "秦51",
    "destinations": [
        "平和橋(秦野市)",
        "戸川",
        "戸沢入口",
        "横野入口",
        "菩提(秦野市)",
        "菩提原",
        "戸川入口",
        "三屋入口",
        "羽根入口",
        "田原入口",
        "六反地",
        "榎木堂",
        "宮上(秦野市)",
        "宮前(秦野市)",
        "上大道",
        "大道(秦野市)",
        "上宿通り",
        "大川橋(秦野市)",
        "まほろば大橋",
        "秦野駅"
    ],
    "weekday": [
        "6:53",
        "7:12",
        "7:33",
        "7:42",
        "7:52",
        "8:07",
        "8:27",
        "8:49",
        "9:12",
        "9:42",
        "10:12",
        "10:42",
        "11:12",
        "11:42",
        "12:12",
        "12:42",
        "13:12",
        "13:42",
        "14:12",
        "14:42",
        "15:12",
        "15:42",
        "16:12",
        "16:42",
        "16:59",
        "17:20",
        "17:44",
        "17:56",
        "18:15",
        "18:35",
        "18:56",
        "19:15",
        "19:45",
        "20:30",
        "21:15",
        "22:03"
    ],
    "saturday": [
        "6:37",
        "7:37",
        "8:07",
        "8:37",
        "9:07",
        "9:37",
        "10:07",
        "10:37",
        "11:07",
        "11:37",
        "12:07",
        "12:37",
        "13:07",
        "13:37",
        "14:07",
        "14:37",
        "15:07",
        "15:37",
        "16:07",
        "16:37",
        "17:07",
        "17:37",
        "18:07",
        "18:37",
        "19:07",
        "19:37",
        "20:07",
        "20:57"
    ],
    "holiday": [
        "6:37",
        "7:37",
        "8:07",
        "8:37",
        "9:07",
        "9:37",
        "10:07",
        "10:37",
        "11:07",
        "11:37",
        "12:07",
        "12:37",
        "13:07",
        "13:37",
        "14:07",
        "14:37",
        "15:07",
        "15:37",
        "16:07",
        "16:37",
        "17:07",
        "17:37",
        "18:07",
        "18:37",
        "19:07",
        "19:37",
        "20:07",
        "20:57"
    ],
    "url": "https://www.kanachu.co.jp/dia/diagram/timetable01_js/course:0000801290-9/node:00127892/kt:0/lname:/"
}
