{
    "date": "2024/04/01",
    "name": "羽根入口",
    "position": "-",
    "system": "秦51",
    "destinations": [
        "田原入口",
        "六反地",
        "榎木堂",
        "宮上(秦野市)",
        "宮前(秦野市)",
        "上大道",
        "大道(秦野市)",
        "上宿通り",
        "大川橋(秦野市)",
        "まほろば大橋",
        "秦野駅"
    ],
    "weekday": [
        "7:02",
        "7:22",
        "7:43",
        "7:52",
        "8:02",
        "8:17",
        "8:36",
        "8:58",
        "9:21",
        "9:51",
        "10:21",
        "10:51",
        "11:21",
        "11:51",
        "12:21",
        "12:51",
        "13:21",
        "13:51",
        "14:21",
        "14:51",
        "15:21",
        "15:51",
        "16:21",
        "16:51",
        "17:08",
        "17:29",
        "17:53",
        "18:05",
        "18:24",
        "18:44",
        "19:05",
        "19:24",
        "19:54",
        "20:39",
        "21:24",
        "22:12"
    ],
    "saturday": [
        "6:46",
        "7:46",
        "8:16",
        "8:46",
        "9:16",
        "9:46",
        "10:16",
        "10:46",
        "11:16",
        "11:46",
        "12:16",
        "12:46",
        "13:16",
        "13:46",
        "14:16",
        "14:46",
        "15:16",
        "15:46",
        "16:16",
        "16:46",
        "17:16",
        "17:46",
        "18:16",
        "18:46",
        "19:16",
        "19:46",
        "20:16",
        "21:06"
    ],
    "holiday": [
        "6:46",
        "7:46",
        "8:16",
        "8:46",
        "9:16",
        "9:46",
        "10:16",
        "10:46",
        "11:16",
        "11:46",
        "12:16",
        "12:46",
        "13:16",
        "13:46",
        "14:16",
        "14:46",
        "15:16",
        "15:46",
        "16:16",
        "16:46",
        "17:16",
        "17:46",
        "18:16",
        "18:46",
        "19:16",
        "19:46",
        "20:16",
        "21:06"
    ],
    "url": "https://www.kanachu.co.jp/dia/diagram/timetable01_js/course:0000801290-18/node:00127883/kt:0/lname:/"
}
