{
    "date": "2025/03/15",
    "name": "大塚上町",
    "position": "-",
    "system": "",
    "destinations": [
        "大塚本町",
        "共ヶ丘",
        "寺尾峰",
        "子ノ神(綾瀬市)",
        "綾北小学校前",
        "寺尾(綾瀬市)",
        "観音入口",
        "上深谷",
        "本郷(綾瀬市)",
        "綾瀬工業団地入口",
        "与蔵山下",
        "中郷(綾瀬市)",
        "観音橋",
        "浅間橋際",
        "ハンディホームセンター前",
        "春日原(綾瀬市)",
        "吉岡芝原",
        "団地中央(綾瀬市)",
        "吉岡工業団地"
    ],
    "weekday": [
        "7:07",
        "19:35"
    ],
    "saturday": [
        "9:05",
        "16:35",
        "18:05"
    ],
    "holiday": [
        "9:05",
        "16:35",
        "18:05"
    ],
    "url": "https://www.kanachu.co.jp/dia/diagram/timetable01_js/course:0000802331-2/node:00129871/kt:0/lname:/"
}
