{
    "date": "2025/03/15",
    "name": "寺尾峰",
    "position": "-",
    "system": "",
    "destinations": [
        "子ノ神(綾瀬市)",
        "綾北小学校前",
        "寺尾(綾瀬市)",
        "観音入口",
        "上深谷",
        "本郷(綾瀬市)",
        "綾瀬工業団地入口",
        "与蔵山下",
        "中郷(綾瀬市)",
        "観音橋",
        "浅間橋際",
        "ハンディホームセンター前",
        "春日原(綾瀬市)",
        "吉岡芝原",
        "団地中央(綾瀬市)",
        "吉岡工業団地"
    ],
    "weekday": [
        "7:11",
        "19:39"
    ],
    "saturday": [
        "9:09",
        "16:39",
        "18:09"
    ],
    "holiday": [
        "9:09",
        "16:39",
        "18:09"
    ],
    "url": "https://www.kanachu.co.jp/dia/diagram/timetable01_js/course:0000802331-5/node:00129868/kt:0/lname:/"
}
