{
    "date": "2020/01/19",
    "name": "相州病院",
    "position": "-",
    "system": "厚101",
    "destinations": [
        "源氏河原",
        "泉(厚木市)",
        "久保(厚木市)",
        "東谷戸入口",
        "荻野神社入口",
        "鳶尾山前",
        "稲荷木",
        "新道公所",
        "山中陣屋跡公園前",
        "天台上野原",
        "及川球技場入口",
        "林中学校入口",
        "愛光病院前",
        "本厚木駅",
        "厚木バスセンター"
    ],
    "weekday": [
        "7:05",
        "7:30"
    ],
    "saturday": [],
    "holiday": [],
    "url": "https://www.kanachu.co.jp/dia/diagram/timetable01_js/course:0000802180-14/node:00128279/kt:0/lname:/"
}
