{
    "date": "2020/01/19",
    "name": "稲荷木",
    "position": "-",
    "system": "厚101",
    "destinations": [
        "新道公所",
        "山中陣屋跡公園前",
        "天台上野原",
        "及川球技場入口",
        "林中学校入口",
        "愛光病院前",
        "本厚木駅",
        "厚木バスセンター"
    ],
    "weekday": [
        "7:10",
        "7:35"
    ],
    "saturday": [],
    "holiday": [],
    "url": "https://www.kanachu.co.jp/dia/diagram/timetable01_js/course:0000802180-21/node:00128272/kt:0/lname:/"
}
