{
    "date": "2012/09/07",
    "name": "本村二丁目",
    "position": "-",
    "system": "コ01",
    "destinations": [
        "徳洲会病院前(茅ケ崎市)",
        "茅ヶ崎駅南口",
        "図書館前(茅ケ崎市)",
        "高砂通り中央",
        "恵泉幼稚園前",
        "福祉会館(茅ケ崎市)",
        "中海岸2丁目",
        "サザン通り北",
        "サザン通り中央",
        "サザン通り南",
        "サザンビーチ入口",
        "西浜(茅ケ崎市)",
        "西浜小学校前",
        "南湖6丁目",
        "ヨーロッパ村",
        "南湖東",
        "魚市場(茅ケ崎市)",
        "南湖会館",
        "金刀比羅神社前",
        "南湖3丁目",
        "上町入口",
        "海岸通り(茅ケ崎市)",
        "共恵",
        "茅ヶ崎小学校前",
        "ツインウェイブ",
        "茅ヶ崎駅南口",
        "幸町(茅ケ崎市)",
        "徳洲会病院前(茅ケ崎市)",
        "本村二丁目",
        "本村五丁目",
        "市立病院(茅ケ崎市)"
    ],
    "weekday": [
        "6:58",
        "7:28",
        "7:58",
        "8:28",
        "8:58",
        "9:28",
        "9:58",
        "10:28",
        "10:58",
        "11:28",
        "11:58",
        "12:28",
        "12:58",
        "13:28",
        "13:58",
        "14:28",
        "14:58",
        "15:28",
        "15:58",
        "16:28",
        "16:58",
        "17:28",
        "17:58",
        "18:28",
        "18:58",
        "19:28"
    ],
    "saturday": [
        "6:58",
        "7:28",
        "7:58",
        "8:28",
        "8:58",
        "9:28",
        "9:58",
        "10:28",
        "10:58",
        "11:28",
        "11:58",
        "12:28",
        "12:58",
        "13:28",
        "13:58",
        "14:28",
        "14:58",
        "15:28",
        "15:58",
        "16:28",
        "16:58",
        "17:28",
        "17:58",
        "18:28",
        "18:58",
        "19:28"
    ],
    "holiday": [
        "6:58",
        "7:28",
        "7:58",
        "8:28",
        "8:58",
        "9:28",
        "9:58",
        "10:28",
        "10:58",
        "11:28",
        "11:58",
        "12:28",
        "12:58",
        "13:28",
        "13:58",
        "14:28",
        "14:58",
        "15:28",
        "15:58",
        "16:28",
        "16:58",
        "17:28",
        "17:58",
        "18:28",
        "18:58",
        "19:28"
    ],
    "url": "https://www.kanachu.co.jp/dia/diagram/timetable01_js/course:0000800723-3/node:00127357/kt:0/lname:/"
}
