{
    "date": "2012/09/07",
    "name": "徳洲会病院前(茅ケ崎市)",
    "position": "-",
    "system": "コ01",
    "destinations": [
        "茅ヶ崎駅南口",
        "図書館前(茅ケ崎市)",
        "高砂通り中央",
        "恵泉幼稚園前",
        "福祉会館(茅ケ崎市)",
        "中海岸2丁目",
        "サザン通り北",
        "サザン通り中央",
        "サザン通り南",
        "サザンビーチ入口",
        "西浜(茅ケ崎市)",
        "西浜小学校前",
        "南湖6丁目",
        "ヨーロッパ村",
        "南湖東",
        "魚市場(茅ケ崎市)",
        "南湖会館",
        "金刀比羅神社前",
        "南湖3丁目",
        "上町入口",
        "海岸通り(茅ケ崎市)",
        "共恵",
        "茅ヶ崎小学校前",
        "ツインウェイブ",
        "茅ヶ崎駅南口",
        "幸町(茅ケ崎市)",
        "徳洲会病院前(茅ケ崎市)",
        "本村二丁目",
        "本村五丁目",
        "市立病院(茅ケ崎市)"
    ],
    "weekday": [
        "6:59",
        "7:29",
        "7:59",
        "8:29",
        "8:59",
        "9:29",
        "9:59",
        "10:29",
        "10:59",
        "11:29",
        "11:59",
        "12:29",
        "12:59",
        "13:29",
        "13:59",
        "14:29",
        "14:59",
        "15:29",
        "15:59",
        "16:29",
        "16:59",
        "17:29",
        "17:59",
        "18:29",
        "18:59",
        "19:29"
    ],
    "saturday": [
        "6:59",
        "7:29",
        "7:59",
        "8:29",
        "8:59",
        "9:29",
        "9:59",
        "10:29",
        "10:59",
        "11:29",
        "11:59",
        "12:29",
        "12:59",
        "13:29",
        "13:59",
        "14:29",
        "14:59",
        "15:29",
        "15:59",
        "16:29",
        "16:59",
        "17:29",
        "17:59",
        "18:29",
        "18:59",
        "19:29"
    ],
    "holiday": [
        "6:59",
        "7:29",
        "7:59",
        "8:29",
        "8:59",
        "9:29",
        "9:59",
        "10:29",
        "10:59",
        "11:29",
        "11:59",
        "12:29",
        "12:59",
        "13:29",
        "13:59",
        "14:29",
        "14:59",
        "15:29",
        "15:59",
        "16:29",
        "16:59",
        "17:29",
        "17:59",
        "18:29",
        "18:59",
        "19:29"
    ],
    "url": "https://www.kanachu.co.jp/dia/diagram/timetable01_js/course:0000800723-4/node:00127242/kt:0/lname:/"
}
