{
    "date": "2012/09/07",
    "name": "南湖会館",
    "position": "-",
    "system": "",
    "destinations": [
        "金刀比羅神社前",
        "南湖3丁目",
        "上町入口",
        "海岸通り(茅ケ崎市)",
        "共恵",
        "茅ヶ崎小学校前",
        "ツインウェイブ",
        "茅ヶ崎駅南口",
        "幸町(茅ケ崎市)",
        "徳洲会病院前(茅ケ崎市)",
        "本村二丁目",
        "本村五丁目",
        "市立病院(茅ケ崎市)"
    ],
    "weekday": [
        "7:26",
        "7:56",
        "8:26",
        "8:56",
        "9:26",
        "9:56",
        "10:26",
        "10:56",
        "11:26",
        "11:56",
        "12:26",
        "12:56",
        "13:26",
        "13:56",
        "14:26",
        "14:56",
        "15:26",
        "15:56",
        "16:26",
        "16:56",
        "17:26",
        "17:56",
        "18:26",
        "18:56",
        "19:26",
        "19:56"
    ],
    "saturday": [
        "7:26",
        "7:56",
        "8:26",
        "8:56",
        "9:26",
        "9:56",
        "10:26",
        "10:56",
        "11:26",
        "11:56",
        "12:26",
        "12:56",
        "13:26",
        "13:56",
        "14:26",
        "14:56",
        "15:26",
        "15:56",
        "16:26",
        "16:56",
        "17:26",
        "17:56",
        "18:26",
        "18:56",
        "19:26",
        "19:56"
    ],
    "holiday": [
        "7:26",
        "7:56",
        "8:26",
        "8:56",
        "9:26",
        "9:56",
        "10:26",
        "10:56",
        "11:26",
        "11:56",
        "12:26",
        "12:56",
        "13:26",
        "13:56",
        "14:26",
        "14:56",
        "15:26",
        "15:56",
        "16:26",
        "16:56",
        "17:26",
        "17:56",
        "18:26",
        "18:56",
        "19:26",
        "19:56"
    ],
    "url": "https://www.kanachu.co.jp/dia/diagram/timetable01_js/course:0000800723-21/node:00127301/kt:0/lname:/"
}
