{
    "date": "2012/09/07",
    "name": "茅ヶ崎小学校前",
    "position": "-",
    "system": "",
    "destinations": [
        "ツインウェイブ",
        "茅ヶ崎駅南口",
        "幸町(茅ケ崎市)",
        "徳洲会病院前(茅ケ崎市)",
        "本村二丁目",
        "本村五丁目",
        "市立病院(茅ケ崎市)"
    ],
    "weekday": [
        "7:32",
        "8:02",
        "8:32",
        "9:02",
        "9:32",
        "10:02",
        "10:32",
        "11:02",
        "11:32",
        "12:02",
        "12:32",
        "13:02",
        "13:32",
        "14:02",
        "14:32",
        "15:02",
        "15:32",
        "16:02",
        "16:32",
        "17:02",
        "17:32",
        "18:02",
        "18:32",
        "19:02",
        "19:32",
        "20:02"
    ],
    "saturday": [
        "7:32",
        "8:02",
        "8:32",
        "9:02",
        "9:32",
        "10:02",
        "10:32",
        "11:02",
        "11:32",
        "12:02",
        "12:32",
        "13:02",
        "13:32",
        "14:02",
        "14:32",
        "15:02",
        "15:32",
        "16:02",
        "16:32",
        "17:02",
        "17:32",
        "18:02",
        "18:32",
        "19:02",
        "19:32",
        "20:02"
    ],
    "holiday": [
        "7:32",
        "8:02",
        "8:32",
        "9:02",
        "9:32",
        "10:02",
        "10:32",
        "11:02",
        "11:32",
        "12:02",
        "12:32",
        "13:02",
        "13:32",
        "14:02",
        "14:32",
        "15:02",
        "15:32",
        "16:02",
        "16:32",
        "17:02",
        "17:32",
        "18:02",
        "18:32",
        "19:02",
        "19:32",
        "20:02"
    ],
    "url": "https://www.kanachu.co.jp/dia/diagram/timetable01_js/course:0000800723-27/node:00127307/kt:0/lname:/"
}
