{
    "date": "2025/01/14",
    "name": "柳町(厚木市)",
    "position": "-",
    "system": "厚43",
    "destinations": [
        "仲町(厚木市長谷)",
        "籠堰橋",
        "広町橋",
        "小野宮前",
        "小野橋(厚木市)",
        "榎田",
        "若宮橋(厚木市)",
        "森の里一丁目",
        "森の里二丁目",
        "森の里小学校前",
        "森の里三丁目",
        "森の里中学校前",
        "北センター(厚木市)",
        "森の里五丁目",
        "森の里"
    ],
    "weekday": [
        "7:16",
        "9:04",
        "10:02",
        "11:02",
        "12:02",
        "13:02",
        "14:02",
        "15:02",
        "16:02",
        "16:42",
        "17:24",
        "18:04",
        "18:44",
        "19:44",
        "20:39",
        "21:40"
    ],
    "saturday": [
        "7:55",
        "8:58",
        "9:58",
        "10:58",
        "11:58",
        "12:58",
        "13:58",
        "14:58",
        "15:59",
        "16:59",
        "17:59",
        "18:59",
        "19:55",
        "20:55",
        "21:37"
    ],
    "holiday": [
        "7:55",
        "8:58",
        "9:58",
        "10:58",
        "11:58",
        "12:58",
        "13:58",
        "14:58",
        "15:59",
        "16:59",
        "17:59",
        "18:59",
        "19:55",
        "20:55",
        "21:37"
    ],
    "url": "https://www.kanachu.co.jp/dia/diagram/timetable01_js/course:0000801007-10/node:00128508/kt:0/lname:/"
}
