{
    "date": "2025/01/14",
    "name": "籠堰橋",
    "position": "-",
    "system": "厚43",
    "destinations": [
        "広町橋",
        "小野宮前",
        "小野橋(厚木市)",
        "榎田",
        "若宮橋(厚木市)",
        "森の里一丁目",
        "森の里二丁目",
        "森の里小学校前",
        "森の里三丁目",
        "森の里中学校前",
        "北センター(厚木市)",
        "森の里五丁目",
        "森の里"
    ],
    "weekday": [
        "7:17",
        "9:06",
        "10:04",
        "11:04",
        "12:04",
        "13:04",
        "14:04",
        "15:04",
        "16:04",
        "16:44",
        "17:26",
        "18:06",
        "18:46",
        "19:46",
        "20:40",
        "21:41"
    ],
    "saturday": [
        "7:56",
        "8:59",
        "9:59",
        "10:59",
        "11:59",
        "12:59",
        "13:59",
        "14:59",
        "16:00",
        "17:00",
        "18:00",
        "19:00",
        "19:56",
        "20:56",
        "21:38"
    ],
    "holiday": [
        "7:56",
        "8:59",
        "9:59",
        "10:59",
        "11:59",
        "12:59",
        "13:59",
        "14:59",
        "16:00",
        "17:00",
        "18:00",
        "19:00",
        "19:56",
        "20:56",
        "21:38"
    ],
    "url": "https://www.kanachu.co.jp/dia/diagram/timetable01_js/course:0000801007-12/node:00128499/kt:0/lname:/"
}
