{
    "date": "2025/01/14",
    "name": "若宮橋(厚木市)",
    "position": "-",
    "system": "厚43",
    "destinations": [
        "森の里一丁目",
        "森の里二丁目",
        "森の里小学校前",
        "森の里三丁目",
        "森の里中学校前",
        "北センター(厚木市)",
        "森の里五丁目",
        "森の里"
    ],
    "weekday": [
        "7:22",
        "9:11",
        "10:09",
        "11:09",
        "12:09",
        "13:09",
        "14:09",
        "15:09",
        "16:09",
        "16:49",
        "17:31",
        "18:11",
        "18:51",
        "19:51",
        "20:45",
        "21:46"
    ],
    "saturday": [
        "8:01",
        "9:04",
        "10:04",
        "11:04",
        "12:04",
        "13:04",
        "14:04",
        "15:04",
        "16:05",
        "17:05",
        "18:05",
        "19:05",
        "20:01",
        "21:01",
        "21:43"
    ],
    "holiday": [
        "8:01",
        "9:04",
        "10:04",
        "11:04",
        "12:04",
        "13:04",
        "14:04",
        "15:04",
        "16:05",
        "17:05",
        "18:05",
        "19:05",
        "20:01",
        "21:01",
        "21:43"
    ],
    "url": "https://www.kanachu.co.jp/dia/diagram/timetable01_js/course:0000801007-17/node:00128497/kt:0/lname:/"
}
