{
    "date": "2025/01/14",
    "name": "森の里三丁目",
    "position": "-",
    "system": "厚43",
    "destinations": [
        "森の里中学校前",
        "北センター(厚木市)",
        "森の里五丁目",
        "森の里"
    ],
    "weekday": [
        "7:25",
        "9:14",
        "10:12",
        "11:12",
        "12:12",
        "13:12",
        "14:12",
        "15:12",
        "16:12",
        "16:52",
        "17:34",
        "18:14",
        "18:54",
        "19:54",
        "20:48",
        "21:49"
    ],
    "saturday": [
        "8:04",
        "9:07",
        "10:07",
        "11:07",
        "12:07",
        "13:07",
        "14:07",
        "15:07",
        "16:08",
        "17:08",
        "18:08",
        "19:08",
        "20:04",
        "21:04",
        "21:46"
    ],
    "holiday": [
        "8:04",
        "9:07",
        "10:07",
        "11:07",
        "12:07",
        "13:07",
        "14:07",
        "15:07",
        "16:08",
        "17:08",
        "18:08",
        "19:08",
        "20:04",
        "21:04",
        "21:46"
    ],
    "url": "https://www.kanachu.co.jp/dia/diagram/timetable01_js/course:0000801007-21/node:00128648/kt:0/lname:/"
}
