{
    "system": "厚43",
    "busstops": [
        {
            "index": "1",
            "id": "00128256",
            "name": "厚木バスセンター",
            "lat": "35.441647",
            "lng": "139.366635"
        },
        {
            "index": "2",
            "id": "00127682",
            "name": "中町四丁目(厚木市)",
            "lat": "35.437992",
            "lng": "139.361746"
        },
        {
            "index": "3",
            "id": "00128501",
            "name": "厚木市文化会館前",
            "lat": "35.435501",
            "lng": "139.354709"
        },
        {
            "index": "4",
            "id": "00128502",
            "name": "恩名下",
            "lat": "35.435606",
            "lng": "139.352858"
        },
        {
            "index": "5",
            "id": "00128503",
            "name": "赤羽根入口",
            "lat": "35.433265",
            "lng": "139.352564"
        },
        {
            "index": "6",
            "id": "00128504",
            "name": "農大入口",
            "lat": "35.430761",
            "lng": "139.352652"
        },
        {
            "index": "7",
            "id": "00128505",
            "name": "船子",
            "lat": "35.426115",
            "lng": "139.349305"
        },
        {
            "index": "8",
            "id": "00128506",
            "name": "仲田(厚木市)",
            "lat": "35.426704",
            "lng": "139.347312"
        },
        {
            "index": "9",
            "id": "00128507",
            "name": "依胡田",
            "lat": "35.427796",
            "lng": "139.341747"
        },
        {
            "index": "10",
            "id": "00128508",
            "name": "柳町(厚木市)",
            "lat": "35.428587",
            "lng": "139.337896"
        },
        {
            "index": "11",
            "id": "00130197",
            "name": "仲町(厚木市長谷)",
            "lat": "35.429486",
            "lng": "139.334693"
        },
        {
            "index": "12",
            "id": "00128499",
            "name": "籠堰橋",
            "lat": "35.431791",
            "lng": "139.327247"
        },
        {
            "index": "13",
            "id": "00128498",
            "name": "広町橋",
            "lat": "35.433143",
            "lng": "139.323264"
        },
        {
            "index": "14",
            "id": "00128449",
            "name": "小野宮前",
            "lat": "35.434018",
            "lng": "139.319281"
        },
        {
            "index": "15",
            "id": "00128450",
            "name": "小野橋(厚木市)",
            "lat": "35.434765",
            "lng": "139.315365"
        },
        {
            "index": "16",
            "id": "00128517",
            "name": "榎田",
            "lat": "35.436942",
            "lng": "139.313278"
        },
        {
            "index": "17",
            "id": "00128497",
            "name": "若宮橋(厚木市)",
            "lat": "35.440685",
            "lng": "139.311926"
        },
        {
            "index": "18",
            "id": "00128645",
            "name": "森の里一丁目",
            "lat": "35.440807",
            "lng": "139.307095"
        },
        {
            "index": "19",
            "id": "00128646",
            "name": "森の里二丁目",
            "lat": "35.442504",
            "lng": "139.305817"
        },
        {
            "index": "20",
            "id": "00128647",
            "name": "森の里小学校前",
            "lat": "35.445198",
            "lng": "139.305328"
        },
        {
            "index": "21",
            "id": "00128648",
            "name": "森の里三丁目",
            "lat": "35.446687",
            "lng": "139.304651"
        },
        {
            "index": "22",
            "id": "00128668",
            "name": "森の里中学校前",
            "lat": "35.44897",
            "lng": "139.303953"
        },
        {
            "index": "23",
            "id": "00128667",
            "name": "北センター(厚木市)",
            "lat": "35.452748",
            "lng": "139.304408"
        },
        {
            "index": "24",
            "id": "00128666",
            "name": "森の里五丁目",
            "lat": "35.453605",
            "lng": "139.304564"
        },
        {
            "index": "25",
            "id": "00128649",
            "name": "森の里",
            "lat": "35.455678",
            "lng": "139.304065"
        }
    ],
    "route_url": "https://www.kanachu.co.jp/dia/route/index/cid:0000801007/"
}
