{
    "date": "2025/03/15",
    "name": "南センター前(藤沢市)",
    "position": "-",
    "system": "辻29",
    "destinations": [
        "小糸",
        "大庭小学校",
        "羽根沢",
        "湘南カントリークラブ前",
        "堤羽根沢",
        "南大平",
        "滝の沢小学校前",
        "滝の沢不動前",
        "湘南ライフタウン"
    ],
    "weekday": [
        "7:47",
        "8:00",
        "8:15",
        "8:38",
        "9:17",
        "9:37",
        "9:55",
        "10:25",
        "10:55",
        "11:25",
        "11:55",
        "12:25",
        "12:55",
        "13:25",
        "13:55",
        "14:25",
        "14:55",
        "15:25",
        "15:55",
        "16:25",
        "16:56",
        "17:23",
        "17:38",
        "17:53",
        "18:08",
        "18:20",
        "18:31",
        "18:58",
        "19:08",
        "19:30",
        "19:50",
        "20:00",
        "20:22",
        "21:00",
        "21:22",
        "22:04",
        "22:22",
        "22:42",
        "23:02"
    ],
    "saturday": [
        "6:57",
        "7:36",
        "7:56",
        "8:36",
        "8:58",
        "9:31",
        "9:58",
        "10:31",
        "10:58",
        "11:31",
        "11:58",
        "12:31",
        "12:58",
        "13:31",
        "13:58",
        "14:31",
        "14:58",
        "15:31",
        "15:58",
        "16:31",
        "16:58",
        "17:31",
        "17:58",
        "18:31",
        "18:58",
        "19:36",
        "19:56",
        "20:36",
        "20:57",
        "21:37",
        "21:57",
        "22:40"
    ],
    "holiday": [
        "6:57",
        "7:39",
        "7:59",
        "8:36",
        "8:58",
        "9:31",
        "9:58",
        "10:31",
        "10:58",
        "11:31",
        "11:58",
        "12:31",
        "12:58",
        "13:31",
        "13:58",
        "14:31",
        "14:58",
        "15:31",
        "15:58",
        "16:31",
        "16:58",
        "17:31",
        "17:58",
        "18:31",
        "18:58",
        "19:37",
        "19:59",
        "20:37",
        "20:57",
        "21:37",
        "21:57",
        "22:22"
    ],
    "url": "https://www.kanachu.co.jp/dia/diagram/timetable01_js/course:0000803119-8/node:00129940/kt:0/lname:/"
}
