{
    "date": "2025/03/15",
    "name": "湘南カントリークラブ前",
    "position": "-",
    "system": "辻29",
    "destinations": [
        "堤羽根沢",
        "南大平",
        "滝の沢小学校前",
        "滝の沢不動前",
        "湘南ライフタウン"
    ],
    "weekday": [
        "7:51",
        "8:04",
        "8:19",
        "8:42",
        "9:21",
        "9:41",
        "9:59",
        "10:29",
        "10:59",
        "11:29",
        "11:59",
        "12:29",
        "12:59",
        "13:29",
        "13:59",
        "14:29",
        "14:59",
        "15:29",
        "15:59",
        "16:29",
        "17:00",
        "17:27",
        "17:42",
        "17:57",
        "18:12",
        "18:24",
        "18:35",
        "19:02",
        "19:12",
        "19:34",
        "19:54",
        "20:04",
        "20:26",
        "21:04",
        "21:26",
        "22:08",
        "22:26",
        "22:46",
        "23:06"
    ],
    "saturday": [
        "7:01",
        "7:40",
        "8:00",
        "8:40",
        "9:02",
        "9:35",
        "10:02",
        "10:35",
        "11:02",
        "11:35",
        "12:02",
        "12:35",
        "13:02",
        "13:35",
        "14:02",
        "14:35",
        "15:02",
        "15:35",
        "16:02",
        "16:35",
        "17:02",
        "17:35",
        "18:02",
        "18:35",
        "19:02",
        "19:40",
        "20:00",
        "20:40",
        "21:01",
        "21:41",
        "22:01",
        "22:44"
    ],
    "holiday": [
        "7:01",
        "7:43",
        "8:03",
        "8:40",
        "9:02",
        "9:35",
        "10:02",
        "10:35",
        "11:02",
        "11:35",
        "12:02",
        "12:35",
        "13:02",
        "13:35",
        "14:02",
        "14:35",
        "15:02",
        "15:35",
        "16:02",
        "16:35",
        "17:02",
        "17:35",
        "18:02",
        "18:35",
        "19:02",
        "19:41",
        "20:03",
        "20:41",
        "21:01",
        "21:41",
        "22:01",
        "22:26"
    ],
    "url": "https://www.kanachu.co.jp/dia/diagram/timetable01_js/course:0000803119-12/node:00129962/kt:0/lname:/"
}
