{
    "date": "2025/03/15",
    "name": "堤羽根沢",
    "position": "-",
    "system": "辻29",
    "destinations": [
        "南大平",
        "滝の沢小学校前",
        "滝の沢不動前",
        "湘南ライフタウン"
    ],
    "weekday": [
        "7:52",
        "8:05",
        "8:20",
        "8:43",
        "9:22",
        "9:42",
        "10:00",
        "10:30",
        "11:00",
        "11:30",
        "12:00",
        "12:30",
        "13:00",
        "13:30",
        "14:00",
        "14:30",
        "15:00",
        "15:30",
        "16:00",
        "16:30",
        "17:01",
        "17:28",
        "17:43",
        "17:58",
        "18:13",
        "18:25",
        "18:36",
        "19:03",
        "19:13",
        "19:35",
        "19:55",
        "20:05",
        "20:27",
        "21:05",
        "21:27",
        "22:09",
        "22:27",
        "22:47",
        "23:07"
    ],
    "saturday": [
        "7:02",
        "7:41",
        "8:01",
        "8:41",
        "9:03",
        "9:36",
        "10:03",
        "10:36",
        "11:03",
        "11:36",
        "12:03",
        "12:36",
        "13:03",
        "13:36",
        "14:03",
        "14:36",
        "15:03",
        "15:36",
        "16:03",
        "16:36",
        "17:03",
        "17:36",
        "18:03",
        "18:36",
        "19:03",
        "19:41",
        "20:01",
        "20:41",
        "21:02",
        "21:42",
        "22:02",
        "22:45"
    ],
    "holiday": [
        "7:02",
        "7:44",
        "8:04",
        "8:41",
        "9:03",
        "9:36",
        "10:03",
        "10:36",
        "11:03",
        "11:36",
        "12:03",
        "12:36",
        "13:03",
        "13:36",
        "14:03",
        "14:36",
        "15:03",
        "15:36",
        "16:03",
        "16:36",
        "17:03",
        "17:36",
        "18:03",
        "18:36",
        "19:03",
        "19:42",
        "20:04",
        "20:42",
        "21:02",
        "21:42",
        "22:02",
        "22:27"
    ],
    "url": "https://www.kanachu.co.jp/dia/diagram/timetable01_js/course:0000803119-13/node:00129963/kt:0/lname:/"
}
