{
    "date": "2025/03/15",
    "name": "滝の沢不動前",
    "position": "-",
    "system": "辻29",
    "destinations": [
        "湘南ライフタウン"
    ],
    "weekday": [
        "7:55",
        "8:08",
        "8:23",
        "8:46",
        "9:25",
        "9:45",
        "10:03",
        "10:33",
        "11:03",
        "11:33",
        "12:03",
        "12:33",
        "13:03",
        "13:33",
        "14:03",
        "14:33",
        "15:03",
        "15:33",
        "16:03",
        "16:33",
        "17:04",
        "17:31",
        "17:46",
        "18:01",
        "18:16",
        "18:28",
        "18:39",
        "19:06",
        "19:16",
        "19:38",
        "19:58",
        "20:08",
        "20:30",
        "21:08",
        "21:30",
        "22:12",
        "22:30",
        "22:50",
        "23:10"
    ],
    "saturday": [
        "7:05",
        "7:44",
        "8:04",
        "8:44",
        "9:06",
        "9:39",
        "10:06",
        "10:39",
        "11:06",
        "11:39",
        "12:06",
        "12:39",
        "13:06",
        "13:39",
        "14:06",
        "14:39",
        "15:06",
        "15:39",
        "16:06",
        "16:39",
        "17:06",
        "17:39",
        "18:06",
        "18:39",
        "19:06",
        "19:44",
        "20:04",
        "20:44",
        "21:05",
        "21:45",
        "22:05",
        "22:48"
    ],
    "holiday": [
        "7:05",
        "7:47",
        "8:07",
        "8:44",
        "9:06",
        "9:39",
        "10:06",
        "10:39",
        "11:06",
        "11:39",
        "12:06",
        "12:39",
        "13:06",
        "13:39",
        "14:06",
        "14:39",
        "15:06",
        "15:39",
        "16:06",
        "16:39",
        "17:06",
        "17:39",
        "18:06",
        "18:39",
        "19:06",
        "19:45",
        "20:07",
        "20:45",
        "21:05",
        "21:45",
        "22:05",
        "22:30"
    ],
    "url": "https://www.kanachu.co.jp/dia/diagram/timetable01_js/course:0000803119-16/node:00129947/kt:0/lname:/"
}
