{
    "date": "2025/11/16",
    "name": "追分(平塚市)",
    "position": "-",
    "system": "平93",
    "destinations": [
        "共済病院前総合公園西",
        "中原一丁目(平塚市)",
        "中原公園前",
        "遺跡公園前(平塚市)",
        "新大縄橋",
        "豊田本郷駅",
        "東橋(平塚市)",
        "矢崎(平塚市)",
        "矢崎大橋",
        "岡崎農協前",
        "稲荷坂(平塚市)",
        "大畑平岡幼稚園前",
        "町谷(平塚市)",
        "丸島",
        "あいの坂",
        "宮上(平塚市)",
        "ふじみ野",
        "竹園小学校入口",
        "谷戸大竹",
        "関台",
        "団地南(伊勢原市)",
        "団地西(伊勢原市)",
        "鈴川会館前",
        "伊勢原車庫"
    ],
    "weekday": [
        "7:25",
        "8:01",
        "8:29",
        "17:31",
        "19:31",
        "20:06",
        "21:06",
        "22:09"
    ],
    "saturday": [
        "7:11",
        "8:11",
        "20:34",
        "21:34"
    ],
    "holiday": [
        "8:11",
        "20:34",
        "21:34"
    ],
    "url": "https://www.kanachu.co.jp/dia/diagram/timetable01_js/course:0000802265-6/node:00127556/kt:0/lname:/"
}
