{
    "date": "2025/11/16",
    "name": "中原公園前",
    "position": "-",
    "system": "平93",
    "destinations": [
        "遺跡公園前(平塚市)",
        "新大縄橋",
        "豊田本郷駅",
        "東橋(平塚市)",
        "矢崎(平塚市)",
        "矢崎大橋",
        "岡崎農協前",
        "稲荷坂(平塚市)",
        "大畑平岡幼稚園前",
        "町谷(平塚市)",
        "丸島",
        "あいの坂",
        "宮上(平塚市)",
        "ふじみ野",
        "竹園小学校入口",
        "谷戸大竹",
        "関台",
        "団地南(伊勢原市)",
        "団地西(伊勢原市)",
        "鈴川会館前",
        "伊勢原車庫"
    ],
    "weekday": [
        "7:30",
        "8:06",
        "8:34",
        "17:36",
        "19:36",
        "20:11",
        "21:11",
        "22:14"
    ],
    "saturday": [
        "7:15",
        "8:16",
        "20:38",
        "21:38"
    ],
    "holiday": [
        "8:16",
        "20:38",
        "21:38"
    ],
    "url": "https://www.kanachu.co.jp/dia/diagram/timetable01_js/course:0000802265-9/node:00128111/kt:0/lname:/"
}
