{
    "date": "2025/11/16",
    "name": "竹園小学校入口",
    "position": "-",
    "system": "平93",
    "destinations": [
        "谷戸大竹",
        "関台",
        "団地南(伊勢原市)",
        "団地西(伊勢原市)",
        "鈴川会館前",
        "伊勢原車庫"
    ],
    "weekday": [
        "7:50",
        "8:26",
        "8:54",
        "17:56",
        "19:56",
        "20:28",
        "21:28",
        "22:31"
    ],
    "saturday": [
        "7:31",
        "8:33",
        "20:54",
        "21:54"
    ],
    "holiday": [
        "8:33",
        "20:54",
        "21:54"
    ],
    "url": "https://www.kanachu.co.jp/dia/diagram/timetable01_js/course:0000802265-24/node:00128078/kt:0/lname:/"
}
