{
    "date": "2024/03/16",
    "name": "忠生公園入口",
    "position": "-",
    "system": "町60",
    "destinations": [
        "木曽(町田市)",
        "三家(町田市)",
        "木曽住宅",
        "滝の沢(町田市)",
        "浄水場前(町田市)",
        "市民病院前(町田市)",
        "森野三丁目",
        "保健所入口",
        "森野一丁目",
        "町田バスセンター"
    ],
    "weekday": [
        "7:06",
        "8:27"
    ],
    "saturday": [
        "7:19",
        "8:17"
    ],
    "holiday": [],
    "url": "https://www.kanachu.co.jp/dia/diagram/timetable01_js/course:0000803171-27/node:00129494/kt:0/lname:/"
}
