{
    "date": "2024/03/16",
    "name": "木曽住宅",
    "position": "-",
    "system": "町60",
    "destinations": [
        "滝の沢(町田市)",
        "浄水場前(町田市)",
        "市民病院前(町田市)",
        "森野三丁目",
        "保健所入口",
        "森野一丁目",
        "町田バスセンター"
    ],
    "weekday": [
        "7:10",
        "8:31"
    ],
    "saturday": [
        "7:22",
        "8:20"
    ],
    "holiday": [],
    "url": "https://www.kanachu.co.jp/dia/diagram/timetable01_js/course:0000803171-30/node:00129362/kt:0/lname:/"
}
