{
    "date": "2025/05/11",
    "name": "東農協前",
    "position": "-",
    "system": "秦23",
    "destinations": [
        "東田原(秦野市)",
        "朝日神社前",
        "中庭",
        "谷戸入口(秦野市)",
        "東田原神社前",
        "東田原下宿",
        "井ノ城",
        "くず葉台",
        "九沢",
        "北原(秦野市)",
        "ジョイフルタウン",
        "仲宿(秦野市)",
        "上宿通り",
        "大川橋(秦野市)",
        "まほろば大橋",
        "秦野駅"
    ],
    "weekday": [
        "5:57",
        "6:32",
        "6:47",
        "7:05",
        "7:24",
        "8:52",
        "10:01",
        "11:01",
        "12:01",
        "13:01",
        "14:01",
        "15:03",
        "16:03",
        "21:11"
    ],
    "saturday": [
        "6:27",
        "6:59",
        "7:32",
        "8:02",
        "9:07"
    ],
    "holiday": [
        "6:27",
        "6:59",
        "7:32",
        "8:02",
        "9:07"
    ],
    "url": "https://www.kanachu.co.jp/dia/diagram/timetable01_js/course:0000800341-2/node:00127873/kt:0/lname:/"
}
