{
    "date": "2025/05/11",
    "name": "東田原(秦野市)",
    "position": "-",
    "system": "秦23",
    "destinations": [
        "朝日神社前",
        "中庭",
        "谷戸入口(秦野市)",
        "東田原神社前",
        "東田原下宿",
        "井ノ城",
        "くず葉台",
        "九沢",
        "北原(秦野市)",
        "ジョイフルタウン",
        "仲宿(秦野市)",
        "上宿通り",
        "大川橋(秦野市)",
        "まほろば大橋",
        "秦野駅"
    ],
    "weekday": [
        "5:58",
        "6:33",
        "6:48",
        "7:06",
        "7:25",
        "8:53",
        "10:02",
        "11:02",
        "12:02",
        "13:02",
        "14:02",
        "15:04",
        "16:04",
        "21:12"
    ],
    "saturday": [
        "6:28",
        "7:00",
        "7:33",
        "8:03",
        "9:08"
    ],
    "holiday": [
        "6:28",
        "7:00",
        "7:33",
        "8:03",
        "9:08"
    ],
    "url": "https://www.kanachu.co.jp/dia/diagram/timetable01_js/course:0000800341-3/node:00127872/kt:0/lname:/"
}
