{
    "date": "2025/05/11",
    "name": "朝日神社前",
    "position": "-",
    "system": "秦23",
    "destinations": [
        "中庭",
        "谷戸入口(秦野市)",
        "東田原神社前",
        "東田原下宿",
        "井ノ城",
        "くず葉台",
        "九沢",
        "北原(秦野市)",
        "ジョイフルタウン",
        "仲宿(秦野市)",
        "上宿通り",
        "大川橋(秦野市)",
        "まほろば大橋",
        "秦野駅"
    ],
    "weekday": [
        "5:59",
        "6:34",
        "6:49",
        "7:07",
        "7:26",
        "8:54",
        "10:03",
        "11:03",
        "12:03",
        "13:03",
        "14:03",
        "15:05",
        "16:05",
        "21:13"
    ],
    "saturday": [
        "6:29",
        "7:01",
        "7:34",
        "8:04",
        "9:09"
    ],
    "holiday": [
        "6:29",
        "7:01",
        "7:34",
        "8:04",
        "9:09"
    ],
    "url": "https://www.kanachu.co.jp/dia/diagram/timetable01_js/course:0000800341-4/node:00127871/kt:0/lname:/"
}
