{
    "date": "2025/05/11",
    "name": "ジョイフルタウン",
    "position": "-",
    "system": "秦23",
    "destinations": [
        "仲宿(秦野市)",
        "上宿通り",
        "大川橋(秦野市)",
        "まほろば大橋",
        "秦野駅"
    ],
    "weekday": [
        "6:10",
        "6:45",
        "7:00",
        "7:18",
        "7:37",
        "9:05",
        "10:14",
        "11:14",
        "12:14",
        "13:14",
        "14:14",
        "15:16",
        "16:16",
        "21:23"
    ],
    "saturday": [
        "6:40",
        "7:12",
        "7:45",
        "8:15",
        "9:20"
    ],
    "holiday": [
        "6:40",
        "7:12",
        "7:45",
        "8:15",
        "9:20"
    ],
    "url": "https://www.kanachu.co.jp/dia/diagram/timetable01_js/course:0000800341-13/node:00127862/kt:0/lname:/"
}
