{
    "date": "2025/04/01",
    "name": "大野農協前",
    "position": "-",
    "system": "平67",
    "destinations": [
        "南真土",
        "神明中学校入口",
        "西八幡(平塚市)",
        "古河電工入口",
        "八幡公民館入口",
        "八幡(平塚市)",
        "八幡入口",
        "コンフォール平塚前",
        "市役所前(平塚市)",
        "四ツ角(平塚市)",
        "平塚駅北口"
    ],
    "weekday": [
        "5:16",
        "5:36",
        "5:56",
        "6:11",
        "6:26",
        "6:40",
        "6:49",
        "7:04",
        "7:16",
        "7:26",
        "7:38",
        "7:51",
        "8:04",
        "8:16",
        "8:36",
        "8:56",
        "9:16",
        "9:36",
        "9:56",
        "10:16",
        "10:36",
        "10:56",
        "11:16",
        "11:36",
        "11:56",
        "12:16",
        "12:36",
        "12:56",
        "13:16",
        "13:36",
        "13:56",
        "14:16",
        "14:36",
        "14:56",
        "15:16",
        "15:36",
        "15:56",
        "16:03",
        "16:16",
        "16:28",
        "16:46",
        "17:16",
        "17:46",
        "18:20",
        "18:50",
        "19:20",
        "19:50",
        "20:20"
    ],
    "saturday": [
        "5:43",
        "6:43",
        "7:08",
        "7:28",
        "7:48",
        "8:08",
        "8:28",
        "8:48",
        "9:08",
        "9:28",
        "9:48",
        "10:08",
        "10:28",
        "10:48",
        "11:08",
        "11:28",
        "11:48",
        "12:08",
        "12:28",
        "12:48",
        "13:08",
        "13:28",
        "13:48",
        "14:08",
        "14:28",
        "14:48",
        "15:08",
        "15:28",
        "15:48",
        "16:08",
        "16:28",
        "16:48",
        "17:08",
        "17:38",
        "18:08",
        "19:08",
        "20:08"
    ],
    "holiday": [
        "5:43",
        "6:43",
        "7:08",
        "7:28",
        "7:48",
        "8:08",
        "8:28",
        "8:48",
        "9:08",
        "9:28",
        "9:48",
        "10:08",
        "10:28",
        "10:48",
        "11:08",
        "11:28",
        "11:48",
        "12:08",
        "12:28",
        "12:48",
        "13:08",
        "13:28",
        "13:48",
        "14:08",
        "14:28",
        "14:48",
        "15:08",
        "15:28",
        "15:48",
        "16:08",
        "16:28",
        "16:48",
        "17:08",
        "17:38",
        "18:08",
        "19:08",
        "20:08"
    ],
    "url": "https://www.kanachu.co.jp/dia/diagram/timetable01_js/course:0000803778-9/node:00127609/kt:0/lname:/"
}
