{
    "date": "2025/04/01",
    "name": "西八幡(平塚市)",
    "position": "-",
    "system": "平67",
    "destinations": [
        "古河電工入口",
        "八幡公民館入口",
        "八幡(平塚市)",
        "八幡入口",
        "コンフォール平塚前",
        "市役所前(平塚市)",
        "四ツ角(平塚市)",
        "平塚駅北口"
    ],
    "weekday": [
        "5:19",
        "5:39",
        "5:59",
        "6:14",
        "6:29",
        "6:43",
        "6:52",
        "7:07",
        "7:19",
        "7:29",
        "7:41",
        "7:54",
        "8:07",
        "8:19",
        "8:39",
        "8:59",
        "9:19",
        "9:39",
        "9:59",
        "10:19",
        "10:39",
        "10:59",
        "11:19",
        "11:39",
        "11:59",
        "12:19",
        "12:39",
        "12:59",
        "13:19",
        "13:39",
        "13:59",
        "14:19",
        "14:39",
        "14:59",
        "15:19",
        "15:39",
        "15:59",
        "16:06",
        "16:19",
        "16:31",
        "16:49",
        "17:19",
        "17:49",
        "18:23",
        "18:53",
        "19:23",
        "19:53",
        "20:23"
    ],
    "saturday": [
        "5:46",
        "6:46",
        "7:11",
        "7:31",
        "7:51",
        "8:11",
        "8:31",
        "8:51",
        "9:11",
        "9:31",
        "9:51",
        "10:11",
        "10:31",
        "10:51",
        "11:11",
        "11:31",
        "11:51",
        "12:11",
        "12:31",
        "12:51",
        "13:11",
        "13:31",
        "13:51",
        "14:11",
        "14:31",
        "14:51",
        "15:11",
        "15:31",
        "15:51",
        "16:11",
        "16:31",
        "16:51",
        "17:11",
        "17:41",
        "18:11",
        "19:11",
        "20:11"
    ],
    "holiday": [
        "5:46",
        "6:46",
        "7:11",
        "7:31",
        "7:51",
        "8:11",
        "8:31",
        "8:51",
        "9:11",
        "9:31",
        "9:51",
        "10:11",
        "10:31",
        "10:51",
        "11:11",
        "11:31",
        "11:51",
        "12:11",
        "12:31",
        "12:51",
        "13:11",
        "13:31",
        "13:51",
        "14:11",
        "14:31",
        "14:51",
        "15:11",
        "15:31",
        "15:51",
        "16:11",
        "16:31",
        "16:51",
        "17:11",
        "17:41",
        "18:11",
        "19:11",
        "20:11"
    ],
    "url": "https://www.kanachu.co.jp/dia/diagram/timetable01_js/course:0000803778-12/node:00127641/kt:0/lname:/"
}
