{
    "date": "2025/04/01",
    "name": "八幡入口",
    "position": "-",
    "system": "平67",
    "destinations": [
        "コンフォール平塚前",
        "市役所前(平塚市)",
        "四ツ角(平塚市)",
        "平塚駅北口"
    ],
    "weekday": [
        "5:22",
        "5:42",
        "6:02",
        "6:17",
        "6:32",
        "6:46",
        "6:55",
        "7:10",
        "7:22",
        "7:32",
        "7:44",
        "7:57",
        "8:10",
        "8:22",
        "8:42",
        "9:02",
        "9:22",
        "9:42",
        "10:02",
        "10:22",
        "10:42",
        "11:02",
        "11:22",
        "11:42",
        "12:02",
        "12:22",
        "12:42",
        "13:02",
        "13:22",
        "13:42",
        "14:02",
        "14:22",
        "14:42",
        "15:02",
        "15:22",
        "15:42",
        "16:02",
        "16:09",
        "16:22",
        "16:34",
        "16:52",
        "17:22",
        "17:52",
        "18:26",
        "18:56",
        "19:26",
        "19:56",
        "20:26"
    ],
    "saturday": [
        "5:49",
        "6:49",
        "7:14",
        "7:34",
        "7:54",
        "8:14",
        "8:34",
        "8:54",
        "9:14",
        "9:34",
        "9:54",
        "10:14",
        "10:34",
        "10:54",
        "11:14",
        "11:34",
        "11:54",
        "12:14",
        "12:34",
        "12:54",
        "13:14",
        "13:34",
        "13:54",
        "14:14",
        "14:34",
        "14:54",
        "15:14",
        "15:34",
        "15:54",
        "16:14",
        "16:34",
        "16:54",
        "17:14",
        "17:44",
        "18:14",
        "19:14",
        "20:14"
    ],
    "holiday": [
        "5:49",
        "6:49",
        "7:14",
        "7:34",
        "7:54",
        "8:14",
        "8:34",
        "8:54",
        "9:14",
        "9:34",
        "9:54",
        "10:14",
        "10:34",
        "10:54",
        "11:14",
        "11:34",
        "11:54",
        "12:14",
        "12:34",
        "12:54",
        "13:14",
        "13:34",
        "13:54",
        "14:14",
        "14:34",
        "14:54",
        "15:14",
        "15:34",
        "15:54",
        "16:14",
        "16:34",
        "16:54",
        "17:14",
        "17:44",
        "18:14",
        "19:14",
        "20:14"
    ],
    "url": "https://www.kanachu.co.jp/dia/diagram/timetable01_js/course:0000803778-16/node:00127645/kt:0/lname:/"
}
