{
    "date": "2021/11/27",
    "name": "今里(海老名市)",
    "position": "-",
    "system": "長16",
    "destinations": [
        "南今里",
        "高野(海老名市)",
        "上河内(海老名市)",
        "杉久保",
        "恩馬ヶ原",
        "畜産研究所",
        "根恩馬",
        "用田橋",
        "西用田",
        "用田辻",
        "用田(藤沢市)",
        "御所見市民センター前",
        "御所見中学校前",
        "西葛原",
        "葛野",
        "宮の腰(藤沢市)",
        "葛原(藤沢市)",
        "東山田(藤沢市)",
        "山谷(藤沢市)",
        "大持",
        "いすゞ前",
        "下土棚",
        "坂下(藤沢市)",
        "住宅前(藤沢市下土棚)",
        "長後市民センター前",
        "長後駅西口"
    ],
    "weekday": [
        "8:33"
    ],
    "saturday": [],
    "holiday": [],
    "url": "https://www.kanachu.co.jp/dia/diagram/timetable01_js/course:0000801402-10/node:00129837/kt:0/lname:/"
}
