{
    "date": "2024/03/16",
    "name": "円行上庭",
    "position": "-",
    "system": "湘11",
    "destinations": [
        "北警察署前(藤沢市)",
        "工業団地入口(藤沢市)",
        "南大山",
        "遠藤(藤沢市)",
        "秋葉台小学校",
        "遠藤北原",
        "市営住宅前(藤沢市)",
        "遠藤松原",
        "遠藤中原",
        "湘南ライフタウン",
        "小出一本松",
        "大辻(藤沢市)",
        "小出二本松",
        "堤坂下",
        "長谷戸",
        "南長谷戸",
        "殿山公園前",
        "八幡神社前(茅ケ崎市)",
        "甘沼",
        "高田(茅ケ崎市)",
        "鶴が台入口",
        "ニュータウン入口(茅ケ崎市)",
        "神奈中営業所前",
        "前の田",
        "中央公園前(茅ケ崎市)",
        "茅ヶ崎駅"
    ],
    "weekday": [
        "6:36",
        "7:01",
        "7:46",
        "8:31",
        "9:06",
        "10:01",
        "10:56",
        "11:56",
        "12:56",
        "13:56",
        "14:56",
        "16:11",
        "17:16",
        "18:16",
        "19:11",
        "20:13",
        "20:59",
        "22:09"
    ],
    "saturday": [
        "6:34",
        "7:19",
        "8:16",
        "9:16",
        "10:01",
        "11:01",
        "12:06",
        "13:06",
        "14:06",
        "15:06",
        "16:06",
        "17:06",
        "18:06",
        "19:06",
        "19:56",
        "20:56",
        "21:51"
    ],
    "holiday": [
        "6:34",
        "7:19",
        "8:16",
        "9:01",
        "10:01",
        "11:06",
        "12:06",
        "13:06",
        "14:06",
        "15:06",
        "16:06",
        "17:06",
        "18:06",
        "19:06",
        "19:56",
        "20:56",
        "21:51"
    ],
    "url": "https://www.kanachu.co.jp/dia/diagram/timetable01_js/course:0000800070-2/node:00129896/kt:0/lname:/"
}
