{
    "date": "2024/03/16",
    "name": "大辻(藤沢市)",
    "position": "-",
    "system": "湘11",
    "destinations": [
        "小出二本松",
        "堤坂下",
        "長谷戸",
        "南長谷戸",
        "殿山公園前",
        "八幡神社前(茅ケ崎市)",
        "甘沼",
        "高田(茅ケ崎市)",
        "鶴が台入口",
        "ニュータウン入口(茅ケ崎市)",
        "神奈中営業所前",
        "前の田",
        "中央公園前(茅ケ崎市)",
        "茅ヶ崎駅"
    ],
    "weekday": [
        "6:52",
        "7:18",
        "8:03",
        "8:48",
        "9:23",
        "10:18",
        "11:13",
        "12:13",
        "13:13",
        "14:13",
        "15:13",
        "16:28",
        "17:33",
        "18:33",
        "19:28",
        "20:29",
        "21:15",
        "22:25"
    ],
    "saturday": [
        "6:49",
        "7:34",
        "8:33",
        "9:33",
        "10:18",
        "11:18",
        "12:23",
        "13:23",
        "14:23",
        "15:23",
        "16:23",
        "17:23",
        "18:23",
        "19:21",
        "20:11",
        "21:11",
        "22:06"
    ],
    "holiday": [
        "6:49",
        "7:34",
        "8:33",
        "9:18",
        "10:18",
        "11:23",
        "12:23",
        "13:23",
        "14:23",
        "15:23",
        "16:23",
        "17:23",
        "18:23",
        "19:21",
        "20:11",
        "21:11",
        "22:06"
    ],
    "url": "https://www.kanachu.co.jp/dia/diagram/timetable01_js/course:0000800070-14/node:00129958/kt:0/lname:/"
}
