{
    "date": "2026/01/16",
    "name": "上星川",
    "position": "-",
    "system": "横52",
    "destinations": [
        "杉山神社前(横浜市保土ケ谷区)",
        "川島町(横浜市保土ケ谷区)",
        "西谷妙福寺前",
        "梅の木(横浜市保土ケ谷区)",
        "西谷駅前",
        "西谷(横浜市旭区)",
        "下白根橋",
        "白根不動入口",
        "白根町",
        "鶴ヶ峰駅",
        "鶴ヶ峰本町",
        "薬王寺入口",
        "鶴ヶ峰中学校前",
        "今宿小学校入口",
        "今宿(横浜市旭区)",
        "筑池",
        "農協前(横浜市旭区)",
        "都岡町",
        "下宿(横浜市旭区)",
        "川井宿",
        "横丁",
        "笹峰",
        "三保市民の森",
        "梅田谷戸",
        "梅田(横浜市緑区)",
        "坂下(横浜市緑区)",
        "三保橋",
        "薬師谷戸",
        "住宅前(横浜市緑区)",
        "宮根(横浜市緑区)",
        "三保交差点",
        "台村町",
        "中山駅"
    ],
    "weekday": [
        "8:43",
        "9:23",
        "10:32",
        "11:42",
        "12:42",
        "13:42",
        "14:42",
        "15:42",
        "16:39",
        "17:39",
        "18:37",
        "19:46"
    ],
    "saturday": [
        "8:23",
        "10:27",
        "11:27",
        "12:27",
        "13:27",
        "14:27",
        "15:27",
        "16:24",
        "17:22",
        "18:22",
        "19:32"
    ],
    "holiday": [
        "8:20",
        "10:32",
        "11:27",
        "12:27",
        "13:27",
        "14:27",
        "15:27",
        "16:24",
        "17:22",
        "18:22",
        "19:32"
    ],
    "url": "https://www.kanachu.co.jp/dia/diagram/timetable01_js/course:0000804064-14/node:00102369/kt:0/lname:/"
}
