{
    "date": "2026/01/16",
    "name": "下白根橋",
    "position": "-",
    "system": "横52",
    "destinations": [
        "白根不動入口",
        "白根町",
        "鶴ヶ峰駅",
        "鶴ヶ峰本町",
        "薬王寺入口",
        "鶴ヶ峰中学校前",
        "今宿小学校入口",
        "今宿(横浜市旭区)",
        "筑池",
        "農協前(横浜市旭区)",
        "都岡町",
        "下宿(横浜市旭区)",
        "川井宿",
        "横丁",
        "笹峰",
        "三保市民の森",
        "梅田谷戸",
        "梅田(横浜市緑区)",
        "坂下(横浜市緑区)",
        "三保橋",
        "薬師谷戸",
        "住宅前(横浜市緑区)",
        "宮根(横浜市緑区)",
        "三保交差点",
        "台村町",
        "中山駅"
    ],
    "weekday": [
        "8:54",
        "9:34",
        "10:43",
        "11:53",
        "12:53",
        "13:53",
        "14:53",
        "15:53",
        "16:50",
        "17:50",
        "18:48",
        "19:57"
    ],
    "saturday": [
        "8:32",
        "10:38",
        "11:38",
        "12:38",
        "13:38",
        "14:38",
        "15:38",
        "16:35",
        "17:33",
        "18:33",
        "19:41"
    ],
    "holiday": [
        "8:29",
        "10:43",
        "11:38",
        "12:38",
        "13:38",
        "14:38",
        "15:38",
        "16:35",
        "17:33",
        "18:33",
        "19:41"
    ],
    "url": "https://www.kanachu.co.jp/dia/diagram/timetable01_js/course:0000804064-21/node:00102591/kt:0/lname:/"
}
