{
    "date": "2026/01/16",
    "name": "都岡町",
    "position": "-",
    "system": "横52",
    "destinations": [
        "下宿(横浜市旭区)",
        "川井宿",
        "横丁",
        "笹峰",
        "三保市民の森",
        "梅田谷戸",
        "梅田(横浜市緑区)",
        "坂下(横浜市緑区)",
        "三保橋",
        "薬師谷戸",
        "住宅前(横浜市緑区)",
        "宮根(横浜市緑区)",
        "三保交差点",
        "台村町",
        "中山駅"
    ],
    "weekday": [
        "9:12",
        "9:52",
        "11:01",
        "12:11",
        "13:11",
        "14:11",
        "15:11",
        "16:11",
        "17:11",
        "18:13",
        "19:11",
        "20:15"
    ],
    "saturday": [
        "8:46",
        "10:56",
        "11:56",
        "12:56",
        "13:56",
        "14:56",
        "15:56",
        "16:56",
        "17:56",
        "18:56",
        "19:56"
    ],
    "holiday": [
        "8:43",
        "11:01",
        "11:56",
        "12:56",
        "13:56",
        "14:56",
        "15:56",
        "16:56",
        "17:56",
        "18:56",
        "19:56"
    ],
    "url": "https://www.kanachu.co.jp/dia/diagram/timetable01_js/course:0000804064-32/node:00129713/kt:0/lname:/"
}
