{
    "date": "2026/01/16",
    "name": "川井宿",
    "position": "-",
    "system": "横52",
    "destinations": [
        "横丁",
        "笹峰",
        "三保市民の森",
        "梅田谷戸",
        "梅田(横浜市緑区)",
        "坂下(横浜市緑区)",
        "三保橋",
        "薬師谷戸",
        "住宅前(横浜市緑区)",
        "宮根(横浜市緑区)",
        "三保交差点",
        "台村町",
        "中山駅"
    ],
    "weekday": [
        "9:14",
        "9:54",
        "11:03",
        "12:13",
        "13:13",
        "14:13",
        "15:13",
        "16:13",
        "17:13",
        "18:15",
        "19:13",
        "20:17"
    ],
    "saturday": [
        "8:48",
        "10:58",
        "11:58",
        "12:58",
        "13:58",
        "14:58",
        "15:58",
        "16:58",
        "17:58",
        "18:58",
        "19:58"
    ],
    "holiday": [
        "8:45",
        "11:03",
        "11:58",
        "12:58",
        "13:58",
        "14:58",
        "15:58",
        "16:58",
        "17:58",
        "18:58",
        "19:58"
    ],
    "url": "https://www.kanachu.co.jp/dia/diagram/timetable01_js/course:0000804064-34/node:00129711/kt:0/lname:/"
}
