{
    "date": "2026/01/16",
    "name": "元町(中郡二宮町)",
    "position": "-",
    "system": "二38",
    "destinations": [
        "堂面(中郡二宮町)",
        "中島(中郡二宮町)",
        "中里(中郡二宮町)",
        "四ツ谷(中郡二宮町)",
        "谷屋津",
        "南5号前",
        "南3号前",
        "インター入口",
        "橘団地中央",
        "橘団地"
    ],
    "weekday": [
        "7:56",
        "8:35",
        "8:59",
        "9:53",
        "10:53",
        "11:53",
        "12:53",
        "13:53",
        "14:55",
        "15:43",
        "16:30",
        "17:13",
        "17:53"
    ],
    "saturday": [
        "9:00",
        "10:30",
        "11:15",
        "12:00",
        "13:30",
        "14:15",
        "15:00",
        "16:30",
        "17:25"
    ],
    "holiday": [
        "9:00",
        "10:30",
        "11:15",
        "12:00",
        "13:30",
        "14:15",
        "15:00",
        "16:30",
        "17:25"
    ],
    "url": "https://www.kanachu.co.jp/dia/diagram/timetable01_js/course:0000804269-2/node:00127791/kt:0/lname:/"
}
