{
    "date": "2026/01/16",
    "name": "南5号前",
    "position": "-",
    "system": "二38",
    "destinations": [
        "南3号前",
        "インター入口",
        "橘団地中央",
        "橘団地"
    ],
    "weekday": [
        "8:01",
        "8:40",
        "9:04",
        "9:58",
        "10:58",
        "11:58",
        "12:58",
        "13:58",
        "15:00",
        "15:48",
        "16:35",
        "17:18",
        "17:58"
    ],
    "saturday": [
        "9:05",
        "10:35",
        "11:20",
        "12:05",
        "13:35",
        "14:20",
        "15:05",
        "16:35",
        "17:30"
    ],
    "holiday": [
        "9:05",
        "10:35",
        "11:20",
        "12:05",
        "13:35",
        "14:20",
        "15:05",
        "16:35",
        "17:30"
    ],
    "url": "https://www.kanachu.co.jp/dia/diagram/timetable01_js/course:0000804269-8/node:00127794/kt:0/lname:/"
}
