{
    "date": "2025/08/30",
    "name": "日限山",
    "position": "-",
    "system": "東12",
    "destinations": [
        "丸山台中学校前",
        "丸山台(横浜市港南区)",
        "上永谷駅",
        "永野小学校前",
        "日限地蔵入口",
        "水田(横浜市港南区)",
        "中永谷",
        "般若寺橋",
        "下永谷(横浜市港南区)",
        "平戸(横浜市港南区)",
        "国道平戸",
        "品濃口",
        "坂下(横浜市戸塚区)",
        "品濃町(横浜市戸塚区)",
        "東戸塚駅東口"
    ],
    "weekday": [
        "6:10",
        "6:55",
        "7:22",
        "8:25",
        "9:54",
        "10:59",
        "11:45",
        "12:50",
        "14:01",
        "15:40",
        "16:48"
    ],
    "saturday": [
        "6:10",
        "6:55",
        "7:45",
        "8:46",
        "9:43",
        "10:35",
        "11:53",
        "13:00",
        "13:52",
        "15:40"
    ],
    "holiday": [
        "6:50",
        "7:30",
        "8:30",
        "9:42",
        "11:01",
        "15:31"
    ],
    "url": "https://www.kanachu.co.jp/dia/diagram/timetable01_js/course:0000803857-5/node:00102959/kt:0/lname:/"
}
