{
    "date": "2025/08/30",
    "name": "中永谷",
    "position": "-",
    "system": "東12",
    "destinations": [
        "般若寺橋",
        "下永谷(横浜市港南区)",
        "平戸(横浜市港南区)",
        "国道平戸",
        "品濃口",
        "坂下(横浜市戸塚区)",
        "品濃町(横浜市戸塚区)",
        "東戸塚駅東口"
    ],
    "weekday": [
        "6:22",
        "7:07",
        "7:34",
        "8:37",
        "10:06",
        "11:11",
        "11:57",
        "13:02",
        "14:13",
        "15:52",
        "17:00"
    ],
    "saturday": [
        "6:22",
        "7:07",
        "7:57",
        "8:58",
        "9:55",
        "10:47",
        "12:05",
        "13:12",
        "14:04",
        "15:52"
    ],
    "holiday": [
        "7:02",
        "7:42",
        "8:42",
        "9:54",
        "11:13",
        "15:43"
    ],
    "url": "https://www.kanachu.co.jp/dia/diagram/timetable01_js/course:0000803857-12/node:00102823/kt:0/lname:/"
}
