{
    "date": "2025/11/16",
    "name": "山下団地入口",
    "position": "-",
    "system": "平29",
    "destinations": [
        "山下団地",
        "山下団地入口",
        "神明下",
        "平塚大橋",
        "上平塚",
        "桜ヶ丘",
        "桜ヶ丘公園(平塚市)",
        "古花水",
        "柳町(平塚市)",
        "豊田道",
        "八間通り",
        "平塚文化芸術ホール前",
        "銀座通り(平塚市)",
        "平塚駅北口"
    ],
    "weekday": [
        "5:32",
        "5:47",
        "5:57",
        "6:07",
        "6:15",
        "6:23",
        "6:31",
        "6:39",
        "6:47",
        "6:55",
        "7:04",
        "7:12",
        "7:20",
        "7:28",
        "7:36",
        "7:45",
        "7:55",
        "8:18",
        "8:30",
        "8:42",
        "8:54",
        "9:37",
        "10:19",
        "10:37",
        "11:25",
        "12:25",
        "13:25",
        "14:25",
        "15:25",
        "16:32",
        "17:16",
        "17:34",
        "18:16",
        "18:40",
        "18:51",
        "19:16",
        "19:40",
        "20:11",
        "21:11",
        "22:56"
    ],
    "saturday": [
        "5:47",
        "6:02",
        "6:17",
        "6:37",
        "6:57",
        "7:12",
        "7:27",
        "7:42",
        "7:57",
        "8:12",
        "8:27",
        "8:42",
        "9:12",
        "9:27",
        "9:42",
        "10:20",
        "10:40",
        "11:20",
        "12:20",
        "13:20",
        "14:20",
        "15:20",
        "16:20",
        "17:20",
        "18:20",
        "18:50",
        "19:27",
        "20:27",
        "21:22"
    ],
    "holiday": [
        "6:02",
        "6:27",
        "6:52",
        "7:17",
        "7:37",
        "7:57",
        "8:17",
        "8:37",
        "9:17",
        "9:37",
        "10:20",
        "10:40",
        "11:20",
        "12:20",
        "13:20",
        "14:20",
        "15:20",
        "16:20",
        "17:20",
        "18:20",
        "18:50",
        "19:27",
        "20:27",
        "21:22"
    ],
    "url": "https://www.kanachu.co.jp/dia/diagram/timetable01_js/course:0000800238-4/node:00127574/kt:0/lname:/"
}
