{
    "date": "2025/11/16",
    "name": "山下団地入口",
    "position": "-",
    "system": "平29",
    "destinations": [
        "神明下",
        "平塚大橋",
        "上平塚",
        "桜ヶ丘",
        "桜ヶ丘公園(平塚市)",
        "古花水",
        "柳町(平塚市)",
        "豊田道",
        "八間通り",
        "平塚文化芸術ホール前",
        "銀座通り(平塚市)",
        "平塚駅北口"
    ],
    "weekday": [
        "5:34",
        "5:49",
        "5:59",
        "6:09",
        "6:17",
        "6:25",
        "6:33",
        "6:41",
        "6:49",
        "6:57",
        "7:06",
        "7:14",
        "7:22",
        "7:30",
        "7:38",
        "7:47",
        "7:57",
        "8:20",
        "8:32",
        "8:44",
        "8:56",
        "9:39",
        "10:21",
        "10:39",
        "11:27",
        "12:27",
        "13:27",
        "14:27",
        "15:27",
        "16:34",
        "17:18",
        "17:36",
        "18:18",
        "18:42",
        "18:53",
        "19:18",
        "19:42",
        "20:13",
        "21:13",
        "22:58"
    ],
    "saturday": [
        "5:49",
        "6:04",
        "6:19",
        "6:39",
        "6:59",
        "7:14",
        "7:29",
        "7:44",
        "7:59",
        "8:14",
        "8:29",
        "8:44",
        "9:14",
        "9:29",
        "9:44",
        "10:22",
        "10:42",
        "11:22",
        "12:22",
        "13:22",
        "14:22",
        "15:22",
        "16:22",
        "17:22",
        "18:22",
        "18:52",
        "19:29",
        "20:29",
        "21:24"
    ],
    "holiday": [
        "6:04",
        "6:29",
        "6:54",
        "7:19",
        "7:39",
        "7:59",
        "8:19",
        "8:39",
        "9:19",
        "9:39",
        "10:22",
        "10:42",
        "11:22",
        "12:22",
        "13:22",
        "14:22",
        "15:22",
        "16:22",
        "17:22",
        "18:22",
        "18:52",
        "19:29",
        "20:29",
        "21:24"
    ],
    "url": "https://www.kanachu.co.jp/dia/diagram/timetable01_js/course:0000800238-6/node:00127574/kt:0/lname:/"
}
