{
    "date": "2025/11/16",
    "name": "桜ヶ丘",
    "position": "-",
    "system": "平29",
    "destinations": [
        "桜ヶ丘公園(平塚市)",
        "古花水",
        "柳町(平塚市)",
        "豊田道",
        "八間通り",
        "平塚文化芸術ホール前",
        "銀座通り(平塚市)",
        "平塚駅北口"
    ],
    "weekday": [
        "5:38",
        "5:53",
        "6:03",
        "6:13",
        "6:21",
        "6:29",
        "6:37",
        "6:45",
        "6:53",
        "7:01",
        "7:10",
        "7:18",
        "7:26",
        "7:34",
        "7:42",
        "7:51",
        "8:01",
        "8:24",
        "8:36",
        "8:48",
        "9:00",
        "9:43",
        "10:25",
        "10:43",
        "11:31",
        "12:31",
        "13:31",
        "14:31",
        "15:31",
        "16:38",
        "17:22",
        "17:40",
        "18:22",
        "18:46",
        "18:57",
        "19:22",
        "19:46",
        "20:17",
        "21:17",
        "23:02"
    ],
    "saturday": [
        "5:53",
        "6:08",
        "6:23",
        "6:43",
        "7:03",
        "7:18",
        "7:33",
        "7:48",
        "8:03",
        "8:18",
        "8:33",
        "8:48",
        "9:18",
        "9:33",
        "9:48",
        "10:26",
        "10:46",
        "11:26",
        "12:26",
        "13:26",
        "14:26",
        "15:26",
        "16:26",
        "17:26",
        "18:26",
        "18:56",
        "19:33",
        "20:33",
        "21:28"
    ],
    "holiday": [
        "6:08",
        "6:33",
        "6:58",
        "7:23",
        "7:43",
        "8:03",
        "8:23",
        "8:43",
        "9:23",
        "9:43",
        "10:26",
        "10:46",
        "11:26",
        "12:26",
        "13:26",
        "14:26",
        "15:26",
        "16:26",
        "17:26",
        "18:26",
        "18:56",
        "19:33",
        "20:33",
        "21:28"
    ],
    "url": "https://www.kanachu.co.jp/dia/diagram/timetable01_js/course:0000800238-10/node:00127571/kt:0/lname:/"
}
