{
    "date": "2025/11/16",
    "name": "桜ヶ丘公園(平塚市)",
    "position": "-",
    "system": "平29",
    "destinations": [
        "古花水",
        "柳町(平塚市)",
        "豊田道",
        "八間通り",
        "平塚文化芸術ホール前",
        "銀座通り(平塚市)",
        "平塚駅北口"
    ],
    "weekday": [
        "5:39",
        "5:54",
        "6:04",
        "6:14",
        "6:22",
        "6:30",
        "6:38",
        "6:46",
        "6:54",
        "7:02",
        "7:11",
        "7:19",
        "7:27",
        "7:35",
        "7:43",
        "7:52",
        "8:02",
        "8:25",
        "8:37",
        "8:49",
        "9:01",
        "9:44",
        "10:26",
        "10:44",
        "11:32",
        "12:32",
        "13:32",
        "14:32",
        "15:32",
        "16:39",
        "17:23",
        "17:41",
        "18:23",
        "18:47",
        "18:58",
        "19:23",
        "19:47",
        "20:18",
        "21:18",
        "23:03"
    ],
    "saturday": [
        "5:54",
        "6:09",
        "6:24",
        "6:44",
        "7:04",
        "7:19",
        "7:34",
        "7:49",
        "8:04",
        "8:19",
        "8:34",
        "8:49",
        "9:19",
        "9:34",
        "9:49",
        "10:27",
        "10:47",
        "11:27",
        "12:27",
        "13:27",
        "14:27",
        "15:27",
        "16:27",
        "17:27",
        "18:27",
        "18:57",
        "19:34",
        "20:34",
        "21:29"
    ],
    "holiday": [
        "6:09",
        "6:34",
        "6:59",
        "7:24",
        "7:44",
        "8:04",
        "8:24",
        "8:44",
        "9:24",
        "9:44",
        "10:27",
        "10:47",
        "11:27",
        "12:27",
        "13:27",
        "14:27",
        "15:27",
        "16:27",
        "17:27",
        "18:27",
        "18:57",
        "19:34",
        "20:34",
        "21:29"
    ],
    "url": "https://www.kanachu.co.jp/dia/diagram/timetable01_js/course:0000800238-11/node:00127570/kt:0/lname:/"
}
