{
    "date": "2025/11/16",
    "name": "柳町(平塚市)",
    "position": "-",
    "system": "平29",
    "destinations": [
        "豊田道",
        "八間通り",
        "平塚文化芸術ホール前",
        "銀座通り(平塚市)",
        "平塚駅北口"
    ],
    "weekday": [
        "5:41",
        "5:56",
        "6:06",
        "6:16",
        "6:24",
        "6:32",
        "6:40",
        "6:48",
        "6:56",
        "7:04",
        "7:13",
        "7:21",
        "7:29",
        "7:37",
        "7:45",
        "7:54",
        "8:04",
        "8:27",
        "8:39",
        "8:51",
        "9:03",
        "9:46",
        "10:28",
        "10:46",
        "11:34",
        "12:34",
        "13:34",
        "14:34",
        "15:34",
        "16:41",
        "17:25",
        "17:43",
        "18:25",
        "18:49",
        "19:00",
        "19:25",
        "19:49",
        "20:20",
        "21:20",
        "23:05"
    ],
    "saturday": [
        "5:56",
        "6:11",
        "6:26",
        "6:46",
        "7:06",
        "7:21",
        "7:36",
        "7:51",
        "8:06",
        "8:21",
        "8:36",
        "8:51",
        "9:21",
        "9:36",
        "9:51",
        "10:29",
        "10:49",
        "11:29",
        "12:29",
        "13:29",
        "14:29",
        "15:29",
        "16:29",
        "17:29",
        "18:29",
        "18:59",
        "19:36",
        "20:36",
        "21:31"
    ],
    "holiday": [
        "6:11",
        "6:36",
        "7:01",
        "7:26",
        "7:46",
        "8:06",
        "8:26",
        "8:46",
        "9:26",
        "9:46",
        "10:29",
        "10:49",
        "11:29",
        "12:29",
        "13:29",
        "14:29",
        "15:29",
        "16:29",
        "17:29",
        "18:29",
        "18:59",
        "19:36",
        "20:36",
        "21:31"
    ],
    "url": "https://www.kanachu.co.jp/dia/diagram/timetable01_js/course:0000800238-13/node:00127469/kt:0/lname:/"
}
