{
    "date": "2025/10/20",
    "name": "中村(町田市成瀬)",
    "position": "-",
    "system": "町74",
    "destinations": [
        "成瀬コミュニティセンター前",
        "成瀬消防出張所前",
        "鞍掛",
        "高瀬橋(町田市)",
        "熊野神社前(成瀬街道側/町田市)",
        "三塚",
        "町田ターミナル前",
        "町田バスセンター"
    ],
    "weekday": [
        "9:03",
        "10:33",
        "12:28",
        "13:28",
        "14:08",
        "15:28",
        "16:28",
        "18:28"
    ],
    "saturday": [
        "9:33",
        "10:18",
        "11:28",
        "12:28",
        "13:28",
        "14:28",
        "15:28",
        "16:28",
        "17:28"
    ],
    "holiday": [
        "9:48",
        "10:28",
        "11:28",
        "12:28",
        "13:28",
        "14:28",
        "15:28"
    ],
    "url": "https://www.kanachu.co.jp/dia/diagram/timetable01_js/course:0000803172-7/node:00129560/kt:0/lname:/"
}
