{
    "date": "2025/10/20",
    "name": "鞍掛",
    "position": "-",
    "system": "町74",
    "destinations": [
        "高瀬橋(町田市)",
        "熊野神社前(成瀬街道側/町田市)",
        "三塚",
        "町田ターミナル前",
        "町田バスセンター"
    ],
    "weekday": [
        "9:07",
        "10:37",
        "12:32",
        "13:32",
        "14:12",
        "15:32",
        "16:32",
        "18:32"
    ],
    "saturday": [
        "9:37",
        "10:22",
        "11:32",
        "12:32",
        "13:32",
        "14:32",
        "15:32",
        "16:32",
        "17:32"
    ],
    "holiday": [
        "9:52",
        "10:32",
        "11:32",
        "12:32",
        "13:32",
        "14:32",
        "15:32"
    ],
    "url": "https://www.kanachu.co.jp/dia/diagram/timetable01_js/course:0000803172-10/node:00129583/kt:0/lname:/"
}
