{
    "date": "2025/10/20",
    "name": "熊野神社前(成瀬街道側/町田市)",
    "position": "-",
    "system": "町74",
    "destinations": [
        "三塚",
        "町田ターミナル前",
        "町田バスセンター"
    ],
    "weekday": [
        "9:10",
        "10:40",
        "12:35",
        "13:35",
        "14:15",
        "15:35",
        "16:35",
        "18:35"
    ],
    "saturday": [
        "9:40",
        "10:25",
        "11:35",
        "12:35",
        "13:35",
        "14:35",
        "15:35",
        "16:35",
        "17:35"
    ],
    "holiday": [
        "9:55",
        "10:35",
        "11:35",
        "12:35",
        "13:35",
        "14:35",
        "15:35"
    ],
    "url": "https://www.kanachu.co.jp/dia/diagram/timetable01_js/course:0000803172-12/node:00129581/kt:0/lname:/"
}
