{
    "system": "町74",
    "busstops": [
        {
            "index": "1",
            "id": "00129603",
            "name": "成瀬台",
            "lat": "35.558993",
            "lng": "139.478159"
        },
        {
            "index": "2",
            "id": "00129602",
            "name": "野村住宅中央",
            "lat": "35.554713",
            "lng": "139.478712"
        },
        {
            "index": "3",
            "id": "00129601",
            "name": "成瀬台二丁目",
            "lat": "35.551974",
            "lng": "139.479144"
        },
        {
            "index": "4",
            "id": "00129600",
            "name": "ポプラヶ丘前",
            "lat": "35.54929",
            "lng": "139.477258"
        },
        {
            "index": "5",
            "id": "00129599",
            "name": "成瀬台入口",
            "lat": "35.549463",
            "lng": "139.472693"
        },
        {
            "index": "6",
            "id": "00129559",
            "name": "観性寺前",
            "lat": "35.547348",
            "lng": "139.472808"
        },
        {
            "index": "7",
            "id": "00129560",
            "name": "中村(町田市成瀬)",
            "lat": "35.544976",
            "lng": "139.473645"
        },
        {
            "index": "8",
            "id": "00129585",
            "name": "成瀬コミュニティセンター前",
            "lat": "35.543126",
            "lng": "139.472371"
        },
        {
            "index": "9",
            "id": "00129584",
            "name": "成瀬消防出張所前",
            "lat": "35.543139",
            "lng": "139.469568"
        },
        {
            "index": "10",
            "id": "00129583",
            "name": "鞍掛",
            "lat": "35.542901",
            "lng": "139.465794"
        },
        {
            "index": "11",
            "id": "00129582",
            "name": "高瀬橋(町田市)",
            "lat": "35.54238",
            "lng": "139.461814"
        },
        {
            "index": "12",
            "id": "00129581",
            "name": "熊野神社前(成瀬街道側/町田市)",
            "lat": "35.539856",
            "lng": "139.457448"
        },
        {
            "index": "13",
            "id": "00129543",
            "name": "三塚",
            "lat": "35.538489",
            "lng": "139.454279"
        },
        {
            "index": "14",
            "id": "00129545",
            "name": "町田ターミナル前",
            "lat": "35.540847",
            "lng": "139.448655"
        },
        {
            "index": "15",
            "id": "00025625",
            "name": "町田バスセンター",
            "lat": "35.542707",
            "lng": "139.445092"
        }
    ],
    "route_url": "https://www.kanachu.co.jp/dia/route/index/cid:0000803172/"
}
