{
    "date": "2025/11/25",
    "name": "千代田(相模原市中央区)",
    "position": "-",
    "system": "淵35",
    "destinations": [
        "光が丘一丁目(相模原市中央区)",
        "光が丘小学校前",
        "光が丘大通り",
        "光が丘三丁目(相模原市中央区)",
        "上溝団地",
        "上溝保育園前",
        "光が丘(相模原市中央区)",
        "千代田(相模原市中央区)",
        "栄公園前",
        "弥栄(相模原市中央区)",
        "淵野辺十字路",
        "淵野辺駅入口",
        "淵野辺駅南口"
    ],
    "weekday": [
        "6:24",
        "6:44",
        "6:54",
        "7:07",
        "7:20",
        "7:34",
        "7:49",
        "8:02",
        "8:30",
        "8:50",
        "9:07",
        "9:47",
        "10:27",
        "11:07",
        "11:47"
    ],
    "saturday": [
        "7:26",
        "8:06",
        "8:26",
        "8:46",
        "9:06",
        "9:46",
        "10:26",
        "11:06",
        "11:46"
    ],
    "holiday": [
        "7:26",
        "8:06",
        "8:26",
        "9:06",
        "9:46",
        "10:26",
        "11:06",
        "11:46"
    ],
    "url": "https://www.kanachu.co.jp/dia/diagram/timetable01_js/course:0000802362-6/node:00129195/kt:0/lname:/"
}
