{
    "date": "2025/11/25",
    "name": "千代田(相模原市中央区)",
    "position": "-",
    "system": "淵35",
    "destinations": [
        "栄公園前",
        "弥栄(相模原市中央区)",
        "淵野辺十字路",
        "淵野辺駅入口",
        "淵野辺駅南口"
    ],
    "weekday": [
        "6:35",
        "6:55",
        "7:06",
        "7:21",
        "7:34",
        "7:48",
        "8:03",
        "8:16",
        "8:44",
        "9:04",
        "9:20",
        "10:00",
        "10:40",
        "11:20",
        "12:00"
    ],
    "saturday": [
        "7:37",
        "8:17",
        "8:37",
        "8:57",
        "9:17",
        "9:57",
        "10:39",
        "11:19",
        "11:59"
    ],
    "holiday": [
        "7:37",
        "8:17",
        "8:37",
        "9:17",
        "9:57",
        "10:39",
        "11:19",
        "11:59"
    ],
    "url": "https://www.kanachu.co.jp/dia/diagram/timetable01_js/course:0000802362-14/node:00129195/kt:0/lname:/"
}
