{
    "date": "2026/01/16",
    "name": "国府津駅",
    "position": "-",
    "system": "国06",
    "destinations": [
        "西前川",
        "前川(小田原市)",
        "近戸神社",
        "小学校前(小田原市)",
        "町屋(小田原市)",
        "橘インター入口",
        "押切・塔台橋",
        "押切(中郡二宮町)",
        "橘中学校入口(小田原市)",
        "下原(小田原市)",
        "中村原",
        "テクノパーク中央",
        "テクノパーク北",
        "上町入口(小田原市)",
        "診療所前(小田原市)",
        "鐘藪",
        "中村原",
        "下原(小田原市)",
        "橘中学校入口(小田原市)",
        "押切(中郡二宮町)",
        "押切・塔台橋",
        "橘インター入口",
        "町屋(小田原市)",
        "小学校前(小田原市)",
        "近戸神社",
        "前川(小田原市)",
        "西前川",
        "国府津駅"
    ],
    "weekday": [
        "6:51",
        "7:36",
        "8:25",
        "17:13",
        "17:55",
        "18:46"
    ],
    "saturday": [
        "6:51",
        "7:36",
        "8:23",
        "17:13",
        "17:55",
        "18:40"
    ],
    "holiday": [
        "6:51",
        "7:36",
        "8:23",
        "17:13",
        "17:55",
        "18:40"
    ],
    "url": "https://www.kanachu.co.jp/dia/diagram/timetable01_js/course:0000804262-1/node:00121436/kt:0/lname:/"
}
