{
    "date": "2026/01/16",
    "name": "押切・塔台橋",
    "position": "-",
    "system": "国06",
    "destinations": [
        "押切(中郡二宮町)",
        "橘中学校入口(小田原市)",
        "下原(小田原市)",
        "中村原",
        "テクノパーク中央",
        "テクノパーク北",
        "上町入口(小田原市)",
        "診療所前(小田原市)",
        "鐘藪",
        "中村原",
        "下原(小田原市)",
        "橘中学校入口(小田原市)",
        "押切(中郡二宮町)",
        "押切・塔台橋",
        "橘インター入口",
        "町屋(小田原市)",
        "小学校前(小田原市)",
        "近戸神社",
        "前川(小田原市)",
        "西前川",
        "国府津駅"
    ],
    "weekday": [
        "6:57",
        "7:46",
        "8:33",
        "17:19",
        "18:01",
        "18:52"
    ],
    "saturday": [
        "6:57",
        "7:42",
        "8:29",
        "17:19",
        "18:01",
        "18:46"
    ],
    "holiday": [
        "6:57",
        "7:42",
        "8:29",
        "17:19",
        "18:01",
        "18:46"
    ],
    "url": "https://www.kanachu.co.jp/dia/diagram/timetable01_js/course:0000804262-8/node:00130384/kt:0/lname:/"
}
