{
    "date": "2026/01/16",
    "name": "前川(小田原市)",
    "position": "-",
    "system": "国06",
    "destinations": [
        "西前川",
        "国府津駅"
    ],
    "weekday": [
        "7:15",
        "8:04",
        "8:49",
        "17:36",
        "18:18",
        "19:09"
    ],
    "saturday": [
        "7:12",
        "7:57",
        "8:44",
        "17:34",
        "18:16",
        "19:01"
    ],
    "holiday": [
        "7:12",
        "7:57",
        "8:44",
        "17:34",
        "18:16",
        "19:01"
    ],
    "url": "https://www.kanachu.co.jp/dia/diagram/timetable01_js/course:0000804262-27/node:00127500/kt:0/lname:/"
}
