{
    "date": "2025/07/12",
    "name": "戸塚バスセンター",
    "position": "-",
    "system": "戸81",
    "destinations": [
        "消防署前(横浜市戸塚区)",
        "八坂神社前",
        "大坂下",
        "大坂台",
        "大坂上(横浜市戸塚区)",
        "新道大坂上",
        "西横浜国際総合病院前",
        "吹上(横浜市戸塚区)",
        "大運寺",
        "原宿(横浜市戸塚区)",
        "聖母の園前",
        "影取",
        "諏訪神社前(横浜市戸塚区)",
        "鉄砲宿",
        "緑ヶ丘(藤沢市)",
        "遊行寺坂上",
        "藤沢橋",
        "藤沢小学校前",
        "南仲通り",
        "相生町(藤沢市)",
        "三富士町",
        "藤沢駅北口"
    ],
    "weekday": [
        "6:15",
        "6:30",
        "6:45",
        "7:05",
        "7:27",
        "7:47",
        "8:05",
        "8:25",
        "8:45",
        "9:05",
        "9:25",
        "9:45",
        "10:05",
        "10:27",
        "10:45",
        "11:05",
        "11:27",
        "11:45",
        "12:05",
        "12:27",
        "12:45",
        "13:05",
        "13:27",
        "13:45",
        "14:05",
        "14:27",
        "14:45",
        "15:05",
        "15:27",
        "15:45",
        "16:05",
        "16:27",
        "16:45",
        "17:05",
        "17:25",
        "17:45",
        "18:05",
        "18:25",
        "18:47",
        "19:07",
        "19:23",
        "19:37",
        "19:57",
        "20:16",
        "20:33",
        "20:52",
        "21:18",
        "21:35",
        "21:55",
        "22:21",
        "22:56",
        "23:33"
    ],
    "saturday": [
        "6:50",
        "7:30",
        "7:50",
        "8:25",
        "8:55",
        "9:25",
        "9:55",
        "10:25",
        "10:55",
        "11:25",
        "11:55",
        "12:25",
        "12:55",
        "13:25",
        "13:55",
        "14:25",
        "14:55",
        "15:25",
        "15:55",
        "16:25",
        "16:55",
        "17:25",
        "17:55",
        "18:25",
        "18:55",
        "19:25",
        "19:55",
        "20:15",
        "20:45",
        "21:25",
        "22:05",
        "22:45"
    ],
    "holiday": [
        "6:50",
        "7:30",
        "7:50",
        "8:25",
        "8:55",
        "9:25",
        "9:55",
        "10:25",
        "10:55",
        "11:25",
        "11:55",
        "12:25",
        "12:55",
        "13:25",
        "13:55",
        "14:25",
        "14:55",
        "15:25",
        "15:55",
        "16:25",
        "16:55",
        "17:25",
        "17:55",
        "18:25",
        "18:55",
        "19:25",
        "19:55",
        "20:15",
        "20:45",
        "21:25",
        "22:05",
        "22:45"
    ],
    "url": "https://www.kanachu.co.jp/dia/diagram/timetable01_js/course:0000802848-1/node:00126775/kt:0/lname:/"
}
