{
    "date": "2025/07/12",
    "name": "大坂上(横浜市戸塚区)",
    "position": "-",
    "system": "戸81",
    "destinations": [
        "新道大坂上",
        "西横浜国際総合病院前",
        "吹上(横浜市戸塚区)",
        "大運寺",
        "原宿(横浜市戸塚区)",
        "聖母の園前",
        "影取",
        "諏訪神社前(横浜市戸塚区)",
        "鉄砲宿",
        "緑ヶ丘(藤沢市)",
        "遊行寺坂上",
        "藤沢橋",
        "藤沢小学校前",
        "南仲通り",
        "相生町(藤沢市)",
        "三富士町",
        "藤沢駅北口"
    ],
    "weekday": [
        "6:20",
        "6:35",
        "6:50",
        "7:10",
        "7:32",
        "7:52",
        "8:10",
        "8:30",
        "8:50",
        "9:10",
        "9:30",
        "9:50",
        "10:10",
        "10:32",
        "10:50",
        "11:10",
        "11:32",
        "11:50",
        "12:10",
        "12:32",
        "12:50",
        "13:10",
        "13:32",
        "13:50",
        "14:10",
        "14:32",
        "14:50",
        "15:10",
        "15:32",
        "15:50",
        "16:10",
        "16:32",
        "16:50",
        "17:10",
        "17:30",
        "17:50",
        "18:10",
        "18:30",
        "18:52",
        "19:12",
        "19:28",
        "19:42",
        "20:02",
        "20:21",
        "20:38",
        "20:57",
        "21:23",
        "21:40",
        "22:00",
        "22:26",
        "23:01",
        "23:38"
    ],
    "saturday": [
        "6:55",
        "7:35",
        "7:55",
        "8:30",
        "9:00",
        "9:30",
        "10:00",
        "10:30",
        "11:00",
        "11:30",
        "12:00",
        "12:30",
        "13:00",
        "13:30",
        "14:00",
        "14:30",
        "15:00",
        "15:30",
        "16:00",
        "16:30",
        "17:00",
        "17:30",
        "18:00",
        "18:30",
        "19:00",
        "19:30",
        "20:00",
        "20:20",
        "20:50",
        "21:30",
        "22:10",
        "22:50"
    ],
    "holiday": [
        "6:55",
        "7:35",
        "7:55",
        "8:30",
        "9:00",
        "9:30",
        "10:00",
        "10:30",
        "11:00",
        "11:30",
        "12:00",
        "12:30",
        "13:00",
        "13:30",
        "14:00",
        "14:30",
        "15:00",
        "15:30",
        "16:00",
        "16:30",
        "17:00",
        "17:30",
        "18:00",
        "18:30",
        "19:00",
        "19:30",
        "20:00",
        "20:20",
        "20:50",
        "21:30",
        "22:10",
        "22:50"
    ],
    "url": "https://www.kanachu.co.jp/dia/diagram/timetable01_js/course:0000802848-6/node:00126813/kt:0/lname:/"
}
