{
    "date": "2025/07/12",
    "name": "原宿(横浜市戸塚区)",
    "position": "-",
    "system": "戸81",
    "destinations": [
        "聖母の園前",
        "影取",
        "諏訪神社前(横浜市戸塚区)",
        "鉄砲宿",
        "緑ヶ丘(藤沢市)",
        "遊行寺坂上",
        "藤沢橋",
        "藤沢小学校前",
        "南仲通り",
        "相生町(藤沢市)",
        "三富士町",
        "藤沢駅北口"
    ],
    "weekday": [
        "6:28",
        "6:44",
        "6:59",
        "7:19",
        "7:42",
        "8:02",
        "8:20",
        "8:39",
        "8:59",
        "9:18",
        "9:38",
        "9:58",
        "10:18",
        "10:40",
        "10:58",
        "11:18",
        "11:40",
        "11:58",
        "12:18",
        "12:40",
        "12:58",
        "13:18",
        "13:40",
        "13:58",
        "14:18",
        "14:40",
        "14:58",
        "15:18",
        "15:40",
        "15:58",
        "16:18",
        "16:40",
        "16:58",
        "17:18",
        "17:38",
        "17:58",
        "18:18",
        "18:38",
        "19:00",
        "19:20",
        "19:36",
        "19:50",
        "20:10",
        "20:29",
        "20:46",
        "21:05",
        "21:31",
        "21:48",
        "22:08",
        "22:34",
        "23:09",
        "23:43"
    ],
    "saturday": [
        "7:04",
        "7:44",
        "8:04",
        "8:39",
        "9:09",
        "9:39",
        "10:09",
        "10:40",
        "11:10",
        "11:40",
        "12:10",
        "12:40",
        "13:10",
        "13:40",
        "14:10",
        "14:40",
        "15:10",
        "15:40",
        "16:10",
        "16:40",
        "17:10",
        "17:40",
        "18:10",
        "18:40",
        "19:10",
        "19:40",
        "20:08",
        "20:28",
        "20:58",
        "21:38",
        "22:18",
        "22:58"
    ],
    "holiday": [
        "7:04",
        "7:44",
        "8:04",
        "8:39",
        "9:09",
        "9:39",
        "10:09",
        "10:40",
        "11:10",
        "11:40",
        "12:10",
        "12:40",
        "13:10",
        "13:40",
        "14:10",
        "14:40",
        "15:10",
        "15:40",
        "16:10",
        "16:40",
        "17:10",
        "17:40",
        "18:10",
        "18:40",
        "19:10",
        "19:40",
        "20:08",
        "20:28",
        "20:58",
        "21:38",
        "22:18",
        "22:58"
    ],
    "url": "https://www.kanachu.co.jp/dia/diagram/timetable01_js/course:0000802848-11/node:00126818/kt:0/lname:/"
}
