{
    "date": "2025/07/12",
    "name": "鉄砲宿",
    "position": "-",
    "system": "戸81",
    "destinations": [
        "緑ヶ丘(藤沢市)",
        "遊行寺坂上",
        "藤沢橋",
        "藤沢小学校前",
        "南仲通り",
        "相生町(藤沢市)",
        "三富士町",
        "藤沢駅北口"
    ],
    "weekday": [
        "6:40",
        "6:57",
        "7:12",
        "7:32",
        "7:55",
        "8:15",
        "8:33",
        "8:52",
        "9:10",
        "9:28",
        "9:48",
        "10:08",
        "10:28",
        "10:50",
        "11:08",
        "11:28",
        "11:50",
        "12:08",
        "12:28",
        "12:50",
        "13:08",
        "13:28",
        "13:50",
        "14:08",
        "14:28",
        "14:50",
        "15:08",
        "15:28",
        "15:50",
        "16:09",
        "16:30",
        "16:52",
        "17:10",
        "17:30",
        "17:50",
        "18:10",
        "18:30",
        "18:50",
        "19:10",
        "19:30",
        "19:46",
        "20:00",
        "20:20",
        "20:39",
        "20:56",
        "21:12",
        "21:38",
        "21:55",
        "22:15",
        "22:41",
        "23:16",
        "23:49"
    ],
    "saturday": [
        "7:14",
        "7:54",
        "8:14",
        "8:49",
        "9:19",
        "9:49",
        "10:19",
        "10:51",
        "11:21",
        "11:51",
        "12:21",
        "12:51",
        "13:21",
        "13:51",
        "14:21",
        "14:51",
        "15:21",
        "15:51",
        "16:21",
        "16:51",
        "17:21",
        "17:51",
        "18:21",
        "18:51",
        "19:21",
        "19:51",
        "20:14",
        "20:34",
        "21:04",
        "21:44",
        "22:24",
        "23:04"
    ],
    "holiday": [
        "7:14",
        "7:54",
        "8:14",
        "8:49",
        "9:19",
        "9:49",
        "10:19",
        "10:51",
        "11:21",
        "11:51",
        "12:21",
        "12:51",
        "13:21",
        "13:51",
        "14:21",
        "14:51",
        "15:21",
        "15:51",
        "16:21",
        "16:51",
        "17:21",
        "17:51",
        "18:21",
        "18:51",
        "19:21",
        "19:51",
        "20:14",
        "20:34",
        "21:04",
        "21:44",
        "22:24",
        "23:04"
    ],
    "url": "https://www.kanachu.co.jp/dia/diagram/timetable01_js/course:0000802848-15/node:00126978/kt:0/lname:/"
}
