{
    "date": "2025/07/27",
    "name": "東海大学正門前",
    "position": "-",
    "system": "平75",
    "destinations": [
        "青柳(平塚市)",
        "北金目入口",
        "金目駅",
        "南金目",
        "片岡(平塚市)",
        "飯島(平塚市)",
        "平塚支援学校前",
        "水神橋(平塚市)",
        "長持",
        "長瀬(平塚市)",
        "南原土手",
        "南原(平塚市)",
        "向原(平塚市)",
        "江南高校前",
        "追分(平塚市)",
        "営林署前(平塚市)",
        "旭通り(平塚市)",
        "八間通り",
        "平塚文化芸術ホール前",
        "銀座通り(平塚市)",
        "平塚駅北口"
    ],
    "weekday": [
        "6:55",
        "16:58"
    ],
    "saturday": [
        "7:20"
    ],
    "holiday": [
        "7:20"
    ],
    "url": "https://www.kanachu.co.jp/dia/diagram/timetable01_js/course:0000801004-22/node:00127728/kt:0/lname:/"
}
