{
    "date": "2025/07/27",
    "name": "平塚支援学校前",
    "position": "-",
    "system": "平75",
    "destinations": [
        "水神橋(平塚市)",
        "長持",
        "長瀬(平塚市)",
        "南原土手",
        "南原(平塚市)",
        "向原(平塚市)",
        "江南高校前",
        "追分(平塚市)",
        "営林署前(平塚市)",
        "旭通り(平塚市)",
        "八間通り",
        "平塚文化芸術ホール前",
        "銀座通り(平塚市)",
        "平塚駅北口"
    ],
    "weekday": [
        "7:05",
        "17:10"
    ],
    "saturday": [
        "7:28"
    ],
    "holiday": [
        "7:28"
    ],
    "url": "https://www.kanachu.co.jp/dia/diagram/timetable01_js/course:0000801004-29/node:00127735/kt:0/lname:/"
}
