{
    "date": "2025/07/27",
    "name": "南原(平塚市)",
    "position": "-",
    "system": "平75",
    "destinations": [
        "向原(平塚市)",
        "江南高校前",
        "追分(平塚市)",
        "営林署前(平塚市)",
        "旭通り(平塚市)",
        "八間通り",
        "平塚文化芸術ホール前",
        "銀座通り(平塚市)",
        "平塚駅北口"
    ],
    "weekday": [
        "7:10",
        "17:16"
    ],
    "saturday": [
        "7:33"
    ],
    "holiday": [
        "7:33"
    ],
    "url": "https://www.kanachu.co.jp/dia/diagram/timetable01_js/course:0000801004-34/node:00127559/kt:0/lname:/"
}
