{
  "date": "2024/07/08",
  "name": "町田総合高校前",
  "position": "サイゼリヤ前",
  "system": "町78",
  "destinations": [
    "木曽南団地",
    "横町(町田市)",
    "境川団地",
    "境川団地中央",
    "境川団地入口",
    "木曽都営入口",
    "桧台入口",
    "森野六丁目",
    "森野五丁目",
    "妙延寺(町田市)",
    "町田市役所市民ホール前",
    "町田バスセンター"
  ],
  "weekday": [
    "5:56",
    "6:05", "6:14",
    "10:21",
    "11:28",
    "12:28",
    "13:28",
    "14:31",
    "15:29",
    "16:34",
    "17:34",
    "18:35",
    "19:36",
    "20:36"
  ],
  "saturday": [
    "5:55",
    "7:22",
    "9:38",
    "10:38",
    "11:38",
    "12:40",
    "13:40",
    "14:38",
    "15:38",
    "16:39",
    "17:41",
    "18:39",
    "19:38",
    "20:35"
  ],
  "holiday": [
    "6:01",
    "7:22",
    "9:35",
    "10:41",
    "11:40",
    "12:40",
    "13:40",
    "14:40",
    "15:39",
    "16:39",
    "17:39",
    "18:40",
    "19:38",
    "20:38"
  ]
}
