{
    "date": "2025/03/15",
    "name": "南大山",
    "position": "-",
    "system": "湘23",
    "destinations": [
        "工業団地入口(藤沢市)",
        "北警察署前(藤沢市)",
        "湘南台駅西口"
    ],
    "weekday": [
        "8:16",
        "8:28",
        "8:33",
        "8:39",
        "9:46",
        "10:31",
        "10:47",
        "10:57",
        "11:24",
        "11:34",
        "12:19",
        "12:34",
        "13:14",
        "13:24",
        "13:34",
        "13:44",
        "14:14",
        "14:24"
    ],
    "saturday": [
        "8:24",
        "8:35",
        "9:19",
        "10:16",
        "11:24"
    ],
    "holiday": [
        "8:14",
        "8:29",
        "8:44",
        "8:59",
        "9:14",
        "9:29",
        "9:51",
        "10:14",
        "10:36",
        "10:59",
        "11:21",
        "11:44",
        "12:06",
        "12:29",
        "12:51",
        "13:14",
        "13:36",
        "13:59",
        "14:21",
        "14:44",
        "15:06",
        "15:29",
        "15:51",
        "16:14",
        "16:36",
        "16:59",
        "17:21",
        "17:44",
        "18:06",
        "18:29",
        "19:42",
        "20:17"
    ],
    "url": "https://www.kanachu.co.jp/dia/diagram/timetable01_js/course:0000801015-4/node:00129918/kt:0/lname:/"
}
