{
    "date": "2025/03/15",
    "name": "工業団地入口(藤沢市)",
    "position": "-",
    "system": "湘23",
    "destinations": [
        "北警察署前(藤沢市)",
        "湘南台駅西口"
    ],
    "weekday": [
        "8:17",
        "8:29",
        "8:34",
        "8:40",
        "9:47",
        "10:32",
        "10:48",
        "10:58",
        "11:25",
        "11:35",
        "12:20",
        "12:35",
        "13:15",
        "13:25",
        "13:35",
        "13:45",
        "14:15",
        "14:25"
    ],
    "saturday": [
        "8:25",
        "8:36",
        "9:20",
        "10:17",
        "11:25"
    ],
    "holiday": [
        "8:15",
        "8:30",
        "8:45",
        "9:00",
        "9:15",
        "9:30",
        "9:52",
        "10:15",
        "10:37",
        "11:00",
        "11:22",
        "11:45",
        "12:07",
        "12:30",
        "12:52",
        "13:15",
        "13:37",
        "14:00",
        "14:22",
        "14:45",
        "15:07",
        "15:30",
        "15:52",
        "16:15",
        "16:37",
        "17:00",
        "17:22",
        "17:45",
        "18:07",
        "18:30",
        "19:43",
        "20:18"
    ],
    "url": "https://www.kanachu.co.jp/dia/diagram/timetable01_js/course:0000801015-5/node:00129909/kt:0/lname:/"
}
