{
    "date": "2025/01/14",
    "name": "上荻野車庫前",
    "position": "-",
    "system": "厚02",
    "destinations": [
        "平山坂上",
        "半僧坊前",
        "田代(愛甲郡愛川町)",
        "愛川田代局前",
        "田代坂下",
        "田代坂上",
        "馬渡(愛甲郡愛川町)",
        "深沢尻",
        "愛川橋",
        "原下(愛甲郡愛川町)",
        "学校入口(愛甲郡愛川町)",
        "撚糸組合前",
        "半原"
    ],
    "weekday": [
        "7:14",
        "7:39",
        "8:13",
        "8:48",
        "9:29",
        "10:11"
    ],
    "saturday": [
        "7:14",
        "8:17",
        "9:17",
        "10:17"
    ],
    "holiday": [
        "7:19",
        "8:16",
        "9:16",
        "10:17"
    ],
    "url": "https://www.kanachu.co.jp/dia/diagram/timetable01_js/course:0000800695-28/node:00128282/kt:0/lname:/"
}
