{
    "date": "2025/01/14",
    "name": "学校入口(愛甲郡愛川町)",
    "position": "-",
    "system": "厚02",
    "destinations": [
        "撚糸組合前",
        "半原"
    ],
    "weekday": [
        "7:26",
        "7:51",
        "8:25",
        "9:00",
        "9:41",
        "10:23"
    ],
    "saturday": [
        "7:26",
        "8:29",
        "9:29",
        "10:29"
    ],
    "holiday": [
        "7:31",
        "8:28",
        "9:28",
        "10:29"
    ],
    "url": "https://www.kanachu.co.jp/dia/diagram/timetable01_js/course:0000800695-39/node:00128293/kt:0/lname:/"
}
