{
    "date": "2024/10/01",
    "name": "県営住宅前(愛甲郡愛川町)",
    "position": "-",
    "system": "",
    "destinations": [
        "陸運支局前",
        "中津商店街",
        "レディースプラザ前",
        "菅原小学校前(愛甲郡愛川町)",
        "春日台入口",
        "春日台一丁目",
        "春日台三丁目(愛甲郡愛川町)",
        "春日台団地",
        "郵便局前(愛甲郡愛川町)",
        "箕輪(愛甲郡愛川町)",
        "愛川町役場",
        "愛川北部病院前",
        "愛川バスセンター"
    ],
    "weekday": [
        "7:30",
        "9:30",
        "12:55",
        "15:00",
        "18:25"
    ],
    "saturday": [],
    "holiday": [],
    "url": "https://www.kanachu.co.jp/dia/diagram/timetable01_js/course:0000803626-25/node:00128730/kt:0/lname:/"
}
