{
    "date": "2024/10/01",
    "name": "レディースプラザ前",
    "position": "-",
    "system": "",
    "destinations": [
        "菅原小学校前(愛甲郡愛川町)",
        "春日台入口",
        "春日台一丁目",
        "春日台三丁目(愛甲郡愛川町)",
        "春日台団地",
        "郵便局前(愛甲郡愛川町)",
        "箕輪(愛甲郡愛川町)",
        "愛川町役場",
        "愛川北部病院前",
        "愛川バスセンター"
    ],
    "weekday": [
        "7:36",
        "9:36",
        "13:01",
        "15:06",
        "18:31"
    ],
    "saturday": [],
    "holiday": [],
    "url": "https://www.kanachu.co.jp/dia/diagram/timetable01_js/course:0000803626-28/node:00128742/kt:0/lname:/"
}
