{
    "date": "2024/10/01",
    "name": "菅原小学校前(愛甲郡愛川町)",
    "position": "-",
    "system": "ー",
    "destinations": [
        "春日台入口",
        "春日台一丁目",
        "春日台三丁目(愛甲郡愛川町)",
        "春日台団地",
        "郵便局前(愛甲郡愛川町)",
        "箕輪(愛甲郡愛川町)",
        "愛川町役場",
        "愛川北部病院前",
        "愛川バスセンター"
    ],
    "weekday": [
        "7:38",
        "9:38",
        "13:03",
        "15:08",
        "18:33"
    ],
    "saturday": [],
    "holiday": [],
    "url": "https://www.kanachu.co.jp/dia/diagram/timetable01_js/course:0000803626-29/node:00128741/kt:0/lname:/"
}
