{
    "date": "2024/10/01",
    "name": "郵便局前(愛甲郡愛川町)",
    "position": "-",
    "system": "",
    "destinations": [
        "箕輪(愛甲郡愛川町)",
        "愛川町役場",
        "愛川北部病院前",
        "愛川バスセンター"
    ],
    "weekday": [
        "7:45",
        "9:45",
        "13:10",
        "15:15",
        "18:40"
    ],
    "saturday": [],
    "holiday": [],
    "url": "https://www.kanachu.co.jp/dia/diagram/timetable01_js/course:0000803626-34/node:00128740/kt:0/lname:/"
}
