{
    "date": "2025/07/03",
    "name": "海水浴場前(茅ケ崎市)",
    "position": "-",
    "system": "茅37",
    "destinations": [
        "西浜(茅ケ崎市)",
        "南湖入口",
        "西浜高校前",
        "団地中央(茅ケ崎市)",
        "浜見平団地"
    ],
    "weekday": [
        "6:41",
        "7:26",
        "7:56",
        "20:02",
        "20:59"
    ],
    "saturday": [
        "7:06",
        "19:48"
    ],
    "holiday": [
        "7:06",
        "19:48"
    ],
    "url": "https://www.kanachu.co.jp/dia/diagram/timetable01_js/course:0000800819-9/node:00127250/kt:0/lname:/"
}
