{
    "date": "2024/04/01",
    "name": "柳町(秦野市)",
    "position": "-",
    "system": "秦12",
    "destinations": [
        "西中学校前(秦野市)",
        "西小学校前(秦野市)",
        "中道(秦野市)",
        "堀西駐在所前",
        "堀川",
        "関(秦野市)",
        "大倉入口",
        "平和橋(秦野市)",
        "上河原(秦野市)",
        "古墳公園前",
        "塚原橋(秦野市)",
        "三屋出口",
        "水無瀬橋(秦野市)",
        "カルチャーパーク前",
        "浄屋入口",
        "富士見橋・警察署入口",
        "富士見町入口",
        "本町中学校前",
        "桜橋(秦野市)",
        "市役所前(秦野市)",
        "大川橋・本町小学校前",
        "まほろば大橋",
        "秦野駅"
    ],
    "weekday": [
        "6:52",
        "7:58",
        "9:04",
        "9:43",
        "10:21",
        "15:44",
        "16:49",
        "19:21"
    ],
    "saturday": [
        "9:26",
        "10:26",
        "11:41",
        "14:10",
        "16:41",
        "18:06"
    ],
    "holiday": [
        "9:26",
        "10:26",
        "11:41",
        "14:10",
        "16:41",
        "18:06"
    ],
    "url": "https://www.kanachu.co.jp/dia/diagram/timetable01_js/course:0000802736-2/node:00127898/kt:0/lname:/"
}
