{
    "date": "2024/04/01",
    "name": "堀西駐在所前",
    "position": "-",
    "system": "秦12",
    "destinations": [
        "堀川",
        "関(秦野市)",
        "大倉入口",
        "平和橋(秦野市)",
        "上河原(秦野市)",
        "古墳公園前",
        "塚原橋(秦野市)",
        "三屋出口",
        "水無瀬橋(秦野市)",
        "カルチャーパーク前",
        "浄屋入口",
        "富士見橋・警察署入口",
        "富士見町入口",
        "本町中学校前",
        "桜橋(秦野市)",
        "市役所前(秦野市)",
        "大川橋・本町小学校前",
        "まほろば大橋",
        "秦野駅"
    ],
    "weekday": [
        "6:55",
        "8:01",
        "9:07",
        "9:46",
        "10:24",
        "15:47",
        "16:52",
        "19:24"
    ],
    "saturday": [
        "9:29",
        "10:29",
        "11:44",
        "14:13",
        "16:44",
        "18:09"
    ],
    "holiday": [
        "9:29",
        "10:29",
        "11:44",
        "14:13",
        "16:44",
        "18:09"
    ],
    "url": "https://www.kanachu.co.jp/dia/diagram/timetable01_js/course:0000802736-6/node:00128052/kt:0/lname:/"
}
