{
    "date": "2024/04/01",
    "name": "平和橋(秦野市)",
    "position": "-",
    "system": "秦12",
    "destinations": [
        "上河原(秦野市)",
        "古墳公園前",
        "塚原橋(秦野市)",
        "三屋出口",
        "水無瀬橋(秦野市)",
        "カルチャーパーク前",
        "浄屋入口",
        "富士見橋・警察署入口",
        "富士見町入口",
        "本町中学校前",
        "桜橋(秦野市)",
        "市役所前(秦野市)",
        "大川橋・本町小学校前",
        "まほろば大橋",
        "秦野駅"
    ],
    "weekday": [
        "7:00",
        "8:06",
        "9:12",
        "9:51",
        "10:29",
        "15:52",
        "16:57",
        "19:29"
    ],
    "saturday": [
        "9:34",
        "10:34",
        "11:49",
        "14:18",
        "16:49",
        "18:14"
    ],
    "holiday": [
        "9:34",
        "10:34",
        "11:49",
        "14:18",
        "16:49",
        "18:14"
    ],
    "url": "https://www.kanachu.co.jp/dia/diagram/timetable01_js/course:0000802736-10/node:00127891/kt:0/lname:/"
}
