{
    "date": "2024/04/01",
    "name": "水無瀬橋(秦野市)",
    "position": "-",
    "system": "秦12",
    "destinations": [
        "カルチャーパーク前",
        "浄屋入口",
        "富士見橋・警察署入口",
        "富士見町入口",
        "本町中学校前",
        "桜橋(秦野市)",
        "市役所前(秦野市)",
        "大川橋・本町小学校前",
        "まほろば大橋",
        "秦野駅"
    ],
    "weekday": [
        "7:04",
        "8:10",
        "9:16",
        "9:55",
        "10:33",
        "15:56",
        "17:01",
        "19:33"
    ],
    "saturday": [
        "9:38",
        "10:38",
        "11:53",
        "14:22",
        "16:53",
        "18:18"
    ],
    "holiday": [
        "9:38",
        "10:38",
        "11:53",
        "14:22",
        "16:53",
        "18:18"
    ],
    "url": "https://www.kanachu.co.jp/dia/diagram/timetable01_js/course:0000802736-15/node:00127919/kt:0/lname:/"
}
