{
    "date": "2024/04/01",
    "name": "浄屋入口",
    "position": "-",
    "system": "秦12",
    "destinations": [
        "富士見橋・警察署入口",
        "富士見町入口",
        "本町中学校前",
        "桜橋(秦野市)",
        "市役所前(秦野市)",
        "大川橋・本町小学校前",
        "まほろば大橋",
        "秦野駅"
    ],
    "weekday": [
        "7:06",
        "8:12",
        "9:18",
        "9:57",
        "10:35",
        "15:58",
        "17:03",
        "19:35"
    ],
    "saturday": [
        "9:40",
        "10:40",
        "11:55",
        "14:24",
        "16:55",
        "18:20"
    ],
    "holiday": [
        "9:40",
        "10:40",
        "11:55",
        "14:24",
        "16:55",
        "18:20"
    ],
    "url": "https://www.kanachu.co.jp/dia/diagram/timetable01_js/course:0000802736-17/node:00127917/kt:0/lname:/"
}
