{
    "date": "2024/04/01",
    "name": "大川橋・本町小学校前",
    "position": "-",
    "system": "秦12",
    "destinations": [
        "まほろば大橋",
        "秦野駅"
    ],
    "weekday": [
        "7:11",
        "8:17",
        "9:23",
        "10:02",
        "10:40",
        "16:03",
        "17:08",
        "19:40"
    ],
    "saturday": [
        "9:45",
        "10:45",
        "12:00",
        "14:29",
        "17:00",
        "18:25"
    ],
    "holiday": [
        "9:45",
        "10:45",
        "12:00",
        "14:29",
        "17:00",
        "18:25"
    ],
    "url": "https://www.kanachu.co.jp/dia/diagram/timetable01_js/course:0000802736-23/node:00130496/kt:0/lname:/"
}
