{
    "date": "2025/10/20",
    "name": "成瀬台",
    "position": "-",
    "system": "つ01",
    "destinations": [
        "野村住宅中央",
        "成瀬台二丁目",
        "ポプラヶ丘前",
        "成瀬台入口",
        "観性寺前",
        "中村(町田市成瀬)",
        "成瀬高校入口",
        "南成瀬",
        "成瀬駅",
        "成瀬駅ガード南",
        "小川高校入口",
        "小川かえで公園前",
        "小川小学校前",
        "柳谷戸",
        "小川中央",
        "つくし野二丁目(町田市)",
        "つくし野小学校",
        "つくし野駅"
    ],
    "weekday": [
        "6:22",
        "6:58",
        "7:28",
        "8:10",
        "8:54",
        "9:54",
        "12:01",
        "14:01",
        "16:00",
        "17:24",
        "18:24",
        "19:19"
    ],
    "saturday": [
        "6:30",
        "7:00",
        "7:54",
        "8:58",
        "11:01",
        "12:01",
        "14:01",
        "16:01",
        "17:01",
        "18:01",
        "19:09"
    ],
    "holiday": [
        "8:23",
        "9:21",
        "11:01",
        "12:01",
        "14:01",
        "16:01",
        "17:01",
        "18:01"
    ],
    "url": "https://www.kanachu.co.jp/dia/diagram/timetable01_js/course:0000801099-1/node:00129603/kt:0/lname:/"
}
