{
    "date": "2025/10/20",
    "name": "観性寺前",
    "position": "-",
    "system": "",
    "destinations": [
        "中村(町田市成瀬)",
        "成瀬高校入口",
        "南成瀬",
        "成瀬駅",
        "成瀬駅ガード南",
        "小川高校入口",
        "小川かえで公園前",
        "小川小学校前",
        "柳谷戸",
        "小川中央",
        "つくし野二丁目(町田市)",
        "つくし野小学校",
        "つくし野駅"
    ],
    "weekday": [
        "6:28",
        "7:04",
        "7:34",
        "8:16",
        "9:00",
        "10:00",
        "12:07",
        "14:07",
        "16:06",
        "17:30",
        "18:30",
        "19:25"
    ],
    "saturday": [
        "6:36",
        "7:06",
        "8:00",
        "9:04",
        "11:07",
        "12:07",
        "14:07",
        "16:07",
        "17:07",
        "18:07",
        "19:15"
    ],
    "holiday": [
        "8:29",
        "9:27",
        "11:07",
        "12:07",
        "14:07",
        "16:07",
        "17:07",
        "18:07"
    ],
    "url": "https://www.kanachu.co.jp/dia/diagram/timetable01_js/course:0000801099-6/node:00129559/kt:0/lname:/"
}
