{
    "date": "2025/10/20",
    "name": "成瀬高校入口",
    "position": "-",
    "system": "",
    "destinations": [
        "南成瀬",
        "成瀬駅",
        "成瀬駅ガード南",
        "小川高校入口",
        "小川かえで公園前",
        "小川小学校前",
        "柳谷戸",
        "小川中央",
        "つくし野二丁目(町田市)",
        "つくし野小学校",
        "つくし野駅"
    ],
    "weekday": [
        "6:30",
        "7:06",
        "7:36",
        "8:18",
        "9:02",
        "10:02",
        "12:09",
        "14:09",
        "16:08",
        "17:32",
        "18:32",
        "19:27"
    ],
    "saturday": [
        "6:38",
        "7:08",
        "8:02",
        "9:06",
        "11:09",
        "12:09",
        "14:09",
        "16:09",
        "17:09",
        "18:09",
        "19:17"
    ],
    "holiday": [
        "8:31",
        "9:29",
        "11:09",
        "12:09",
        "14:09",
        "16:09",
        "17:09",
        "18:09"
    ],
    "url": "https://www.kanachu.co.jp/dia/diagram/timetable01_js/course:0000801099-8/node:00129561/kt:0/lname:/"
}
