{
    "date": "2025/10/20",
    "name": "南成瀬",
    "position": "-",
    "system": "",
    "destinations": [
        "成瀬駅",
        "成瀬駅ガード南",
        "小川高校入口",
        "小川かえで公園前",
        "小川小学校前",
        "柳谷戸",
        "小川中央",
        "つくし野二丁目(町田市)",
        "つくし野小学校",
        "つくし野駅"
    ],
    "weekday": [
        "6:31",
        "7:07",
        "7:37",
        "8:19",
        "9:03",
        "10:03",
        "12:10",
        "14:10",
        "16:09",
        "17:33",
        "18:33",
        "19:28"
    ],
    "saturday": [
        "6:39",
        "7:09",
        "8:03",
        "9:07",
        "11:10",
        "12:10",
        "14:10",
        "16:10",
        "17:10",
        "18:10",
        "19:18"
    ],
    "holiday": [
        "8:32",
        "9:30",
        "11:10",
        "12:10",
        "14:10",
        "16:10",
        "17:10",
        "18:10"
    ],
    "url": "https://www.kanachu.co.jp/dia/diagram/timetable01_js/course:0000801099-9/node:00129562/kt:0/lname:/"
}
