{
    "date": "2025/10/20",
    "name": "小川小学校前",
    "position": "-",
    "system": "",
    "destinations": [
        "柳谷戸",
        "小川中央",
        "つくし野二丁目(町田市)",
        "つくし野小学校",
        "つくし野駅"
    ],
    "weekday": [
        "6:40",
        "7:19",
        "7:49",
        "8:31",
        "9:12",
        "10:12",
        "12:19",
        "14:19",
        "16:18",
        "17:43",
        "18:43",
        "19:38"
    ],
    "saturday": [
        "6:48",
        "7:18",
        "8:12",
        "9:16",
        "11:19",
        "12:19",
        "14:21",
        "16:21",
        "17:20",
        "18:20",
        "19:28"
    ],
    "holiday": [
        "8:41",
        "9:39",
        "11:19",
        "12:19",
        "14:21",
        "16:21",
        "17:20",
        "18:20"
    ],
    "url": "https://www.kanachu.co.jp/dia/diagram/timetable01_js/course:0000801099-14/node:00129563/kt:0/lname:/"
}
