{
    "date": "2025/10/20",
    "name": "小川中央",
    "position": "-",
    "system": "",
    "destinations": [
        "つくし野二丁目(町田市)",
        "つくし野小学校",
        "つくし野駅"
    ],
    "weekday": [
        "6:43",
        "7:22",
        "7:52",
        "8:34",
        "9:15",
        "10:15",
        "12:22",
        "14:22",
        "16:21",
        "17:46",
        "18:46",
        "19:41"
    ],
    "saturday": [
        "6:51",
        "7:21",
        "8:15",
        "9:19",
        "11:22",
        "12:22",
        "14:24",
        "16:24",
        "17:23",
        "18:23",
        "19:31"
    ],
    "holiday": [
        "8:44",
        "9:42",
        "11:22",
        "12:22",
        "14:24",
        "16:24",
        "17:23",
        "18:23"
    ],
    "url": "https://www.kanachu.co.jp/dia/diagram/timetable01_js/course:0000801099-16/node:00129555/kt:0/lname:/"
}
