{
    "date": "2025/07/27",
    "name": "秦野駅",
    "position": "-",
    "system": "秦20",
    "destinations": [
        "大川橋(秦野市)",
        "上宿通り",
        "仲宿(秦野市)",
        "下宿(秦野市)",
        "末広小学校前",
        "落合入口",
        "名古木",
        "上原台",
        "上原入口",
        "藤棚(秦野市)",
        "東中学校前(秦野市)",
        "中丸橋(秦野市)",
        "久保(秦野市)",
        "才戸入口",
        "小蓑毛",
        "鳥居前(秦野市)",
        "青年橋",
        "蓑毛中",
        "蓑毛"
    ],
    "weekday": [
        "7:10",
        "7:40",
        "8:00",
        "9:30",
        "10:30",
        "11:20",
        "12:20",
        "13:20",
        "14:20",
        "15:20",
        "15:50",
        "16:20",
        "16:50",
        "17:20",
        "17:50",
        "18:20",
        "18:50",
        "19:20",
        "20:00",
        "21:00",
        "22:00"
    ],
    "saturday": [
        "7:00",
        "7:25",
        "8:00",
        "8:35",
        "9:30",
        "10:30",
        "11:30",
        "12:30",
        "13:30",
        "16:35",
        "17:35",
        "18:35",
        "19:35",
        "20:35",
        "21:35"
    ],
    "holiday": [
        "7:00",
        "7:25",
        "8:00",
        "8:35",
        "9:30",
        "10:30",
        "11:30",
        "12:30",
        "13:30",
        "16:35",
        "17:35",
        "18:35",
        "19:35",
        "20:35",
        "21:35"
    ],
    "url": "https://www.kanachu.co.jp/dia/diagram/timetable01_js/course:0000800459-1/node:00127715/kt:0/lname:/"
}
