{
    "date": "2024/12/16",
    "name": "消防署前(多摩市)",
    "position": "-",
    "system": "桜24",
    "destinations": [
        "永山駅",
        "諏訪二丁目(多摩市)",
        "諏訪幼稚園前",
        "諏訪南公園",
        "永山いちょう通り",
        "永山高校",
        "永山五丁目",
        "南貝取",
        "瓜生(多摩市)",
        "南瓜生",
        "京王多摩車庫前",
        "中村(町田市小野路町)",
        "別所(町田市)",
        "湯船(町田市)",
        "五反田(町田市)",
        "下堤(町田市)",
        "岩子山",
        "井の花",
        "大蔵(鶴川郵便局前/町田市)",
        "鶴川市民センター入口",
        "下大蔵",
        "金井入口",
        "上能ヶ谷",
        "鶴川駅西口",
        "鶴川駅"
    ],
    "weekday": [
        "7:22",
        "8:08",
        "9:06",
        "10:06",
        "11:06",
        "12:06",
        "13:06",
        "14:06",
        "15:06",
        "16:06",
        "17:06",
        "18:06",
        "19:06",
        "20:06",
        "21:03"
    ],
    "saturday": [
        "8:06",
        "9:06",
        "10:06",
        "11:06",
        "12:06",
        "13:06",
        "14:06",
        "15:06",
        "16:06",
        "17:06",
        "18:06",
        "19:03",
        "20:03",
        "21:03"
    ],
    "holiday": [
        "8:06",
        "9:06",
        "10:06",
        "11:06",
        "12:06",
        "13:06",
        "14:06",
        "15:06",
        "16:06",
        "17:06",
        "18:06",
        "19:03",
        "20:03",
        "21:03"
    ],
    "url": "https://www.kanachu.co.jp/dia/diagram/timetable01_js/course:0000803445-5/node:00021488/kt:0/lname:/"
}
