{
    "date": "2026/01/16",
    "name": "細谷戸第3",
    "position": "-",
    "system": "瀬31",
    "destinations": [
        "細谷戸第4",
        "細谷戸第5"
    ],
    "weekday": [
        "6:30",
        "6:45",
        "7:02",
        "7:22",
        "7:37",
        "7:53",
        "8:12",
        "8:29",
        "8:44",
        "8:59",
        "9:21",
        "9:35",
        "9:57",
        "10:12",
        "10:42",
        "10:55",
        "11:19",
        "11:32",
        "11:52",
        "12:07",
        "12:37",
        "13:19",
        "14:05",
        "14:37",
        "14:57",
        "15:32",
        "16:02",
        "16:22",
        "16:42",
        "17:02",
        "17:22",
        "17:42",
        "18:02",
        "18:17",
        "18:32",
        "18:47",
        "19:02",
        "19:32",
        "20:02",
        "20:32",
        "21:02",
        "21:32",
        "22:02",
        "22:32",
        "23:02"
    ],
    "saturday": [
        "6:28",
        "7:00",
        "7:32",
        "8:04",
        "8:36",
        "8:55",
        "9:15",
        "9:35",
        "9:55",
        "10:15",
        "10:35",
        "10:55",
        "11:27",
        "11:59",
        "12:31",
        "13:03",
        "13:35",
        "14:07",
        "14:39",
        "15:11",
        "15:43",
        "16:15",
        "16:47",
        "17:19",
        "17:51",
        "18:23",
        "18:55",
        "19:27",
        "19:59",
        "20:31",
        "21:03",
        "21:35",
        "22:07"
    ],
    "holiday": [
        "6:28",
        "7:00",
        "7:32",
        "8:04",
        "8:36",
        "8:55",
        "9:15",
        "9:35",
        "9:55",
        "10:15",
        "10:35",
        "10:55",
        "11:27",
        "11:59",
        "12:31",
        "13:03",
        "13:35",
        "14:07",
        "14:39",
        "15:11",
        "15:43",
        "16:15",
        "16:47",
        "17:19",
        "17:51",
        "18:23",
        "18:55",
        "19:27",
        "19:59",
        "20:31",
        "21:03",
        "21:35",
        "22:07"
    ],
    "url": "https://www.kanachu.co.jp/dia/diagram/timetable01_js/course:0000804122-7/node:00129789/kt:0/lname:/"
}
