{
    "date": "2025/04/19",
    "name": "ニュー相模団地",
    "position": "-",
    "system": "淵22",
    "destinations": [
        "嶽の内",
        "竜像寺入口",
        "古淵一丁目",
        "古淵駅北",
        "古淵駅"
    ],
    "weekday": [
        "6:30",
        "7:32",
        "8:32",
        "12:37",
        "13:37",
        "17:07",
        "18:07"
    ],
    "saturday": [
        "6:32",
        "7:32",
        "8:32",
        "12:37",
        "13:37",
        "17:07",
        "18:07"
    ],
    "holiday": [
        "6:32",
        "7:32",
        "8:32",
        "12:37",
        "13:37",
        "17:07",
        "18:07"
    ],
    "url": "https://www.kanachu.co.jp/dia/diagram/timetable01_js/course:0000803434-9/node:00129215/kt:0/lname:/"
}
