{
    "date": "2025/04/19",
    "name": "竜像寺入口",
    "position": "-",
    "system": "淵22",
    "destinations": [
        "古淵一丁目",
        "古淵駅北",
        "古淵駅"
    ],
    "weekday": [
        "6:32",
        "7:35",
        "8:35",
        "12:40",
        "13:40",
        "17:10",
        "18:10"
    ],
    "saturday": [
        "6:35",
        "7:35",
        "8:35",
        "12:40",
        "13:40",
        "17:10",
        "18:10"
    ],
    "holiday": [
        "6:35",
        "7:35",
        "8:35",
        "12:40",
        "13:40",
        "17:10",
        "18:10"
    ],
    "url": "https://www.kanachu.co.jp/dia/diagram/timetable01_js/course:0000803434-11/node:00129296/kt:0/lname:/"
}
