{
    "system": "淵22",
    "busstops": [
        {
            "index": "1",
            "id": "00129246",
            "name": "淵野辺駅北口",
            "lat": "35.569139",
            "lng": "139.394487"
        },
        {
            "index": "2",
            "id": "00129148",
            "name": "幸町(相模原市中央区)",
            "lat": "35.570378",
            "lng": "139.396274"
        },
        {
            "index": "3",
            "id": "00129309",
            "name": "淵野辺郵便局前",
            "lat": "35.571689",
            "lng": "139.397635"
        },
        {
            "index": "4",
            "id": "00129159",
            "name": "小学校入口(相模原市中央区)",
            "lat": "35.572784",
            "lng": "139.398729"
        },
        {
            "index": "5",
            "id": "00129068",
            "name": "東町(相模原市中央区)",
            "lat": "35.570587",
            "lng": "139.401898"
        },
        {
            "index": "6",
            "id": "00129139",
            "name": "皇武神社入口",
            "lat": "35.567727",
            "lng": "139.404751"
        },
        {
            "index": "7",
            "id": "00129249",
            "name": "淵野辺五丁目",
            "lat": "35.565595",
            "lng": "139.407194"
        },
        {
            "index": "8",
            "id": "00129207",
            "name": "中淵",
            "lat": "35.564296",
            "lng": "139.409075"
        },
        {
            "index": "9",
            "id": "00129215",
            "name": "ニュー相模団地",
            "lat": "35.566112",
            "lng": "139.41169"
        },
        {
            "index": "10",
            "id": "00129190",
            "name": "嶽の内",
            "lat": "35.561843",
            "lng": "139.410979"
        },
        {
            "index": "11",
            "id": "00129296",
            "name": "竜像寺入口",
            "lat": "35.560433",
            "lng": "139.41317"
        },
        {
            "index": "12",
            "id": "00129136",
            "name": "古淵一丁目",
            "lat": "35.558301",
            "lng": "139.417953"
        },
        {
            "index": "13",
            "id": "00129306",
            "name": "古淵駅北",
            "lat": "35.556713",
            "lng": "139.41928"
        },
        {
            "index": "14",
            "id": "00129313",
            "name": "古淵駅",
            "lat": "35.555809",
            "lng": "139.419386"
        }
    ],
    "route_url": "https://www.kanachu.co.jp/dia/route/index/cid:0000803434/"
}
