{
    "date": "2024/09/02",
    "name": "元町(横浜市戸塚区)",
    "position": "-",
    "system": "戸13",
    "destinations": [
        "ブリヂストン前",
        "不動坂(横浜市戸塚区)",
        "富士橋",
        "上矢部インター",
        "上矢部",
        "日の森",
        "下岡津",
        "岡津",
        "岡津橋",
        "まほろば",
        "下新橋",
        "新橋町(横浜市泉区)",
        "観音寺前(横浜市泉区)",
        "相模新橋",
        "大中村",
        "中村(横浜市瀬谷区)",
        "阿久和",
        "阿久和坂上",
        "阿久和山谷",
        "柳明",
        "遊水池前(横浜市泉区)",
        "ひなた山",
        "上飯田車庫"
    ],
    "weekday": [
        "19:15",
        "19:33",
        "20:11",
        "20:28",
        "21:08",
        "21:28",
        "21:53",
        "22:20",
        "22:35",
        "22:50",
        "23:05",
        "23:30"
    ],
    "saturday": [
        "18:45",
        "19:25",
        "19:45",
        "20:29",
        "21:20",
        "21:50",
        "22:05",
        "22:21",
        "22:40"
    ],
    "holiday": [
        "19:25",
        "20:25",
        "21:16",
        "21:46",
        "22:05",
        "22:28"
    ],
    "url": "https://www.kanachu.co.jp/dia/diagram/timetable01_js/course:0000803575-2/node:00126611/kt:0/lname:/"
}
