{
    "date": "2024/09/02",
    "name": "富士橋",
    "position": "-",
    "system": "戸13",
    "destinations": [
        "上矢部インター",
        "上矢部",
        "日の森",
        "下岡津",
        "岡津",
        "岡津橋",
        "まほろば",
        "下新橋",
        "新橋町(横浜市泉区)",
        "観音寺前(横浜市泉区)",
        "相模新橋",
        "大中村",
        "中村(横浜市瀬谷区)",
        "阿久和",
        "阿久和坂上",
        "阿久和山谷",
        "柳明",
        "遊水池前(横浜市泉区)",
        "ひなた山",
        "上飯田車庫"
    ],
    "weekday": [
        "19:19",
        "19:37",
        "20:15",
        "20:32",
        "21:12",
        "21:32",
        "21:57",
        "22:24",
        "22:39",
        "22:54",
        "23:09",
        "23:34"
    ],
    "saturday": [
        "18:49",
        "19:29",
        "19:49",
        "20:33",
        "21:24",
        "21:54",
        "22:09",
        "22:25",
        "22:44"
    ],
    "holiday": [
        "19:29",
        "20:29",
        "21:20",
        "21:50",
        "22:09",
        "22:32"
    ],
    "url": "https://www.kanachu.co.jp/dia/diagram/timetable01_js/course:0000803575-5/node:00126668/kt:0/lname:/"
}
