{
    "date": "2024/09/02",
    "name": "上矢部",
    "position": "-",
    "system": "戸13",
    "destinations": [
        "日の森",
        "下岡津",
        "岡津",
        "岡津橋",
        "まほろば",
        "下新橋",
        "新橋町(横浜市泉区)",
        "観音寺前(横浜市泉区)",
        "相模新橋",
        "大中村",
        "中村(横浜市瀬谷区)",
        "阿久和",
        "阿久和坂上",
        "阿久和山谷",
        "柳明",
        "遊水池前(横浜市泉区)",
        "ひなた山",
        "上飯田車庫"
    ],
    "weekday": [
        "19:21",
        "19:39",
        "20:17",
        "20:34",
        "21:14",
        "21:34",
        "21:59",
        "22:26",
        "22:41",
        "22:56",
        "23:11",
        "23:36"
    ],
    "saturday": [
        "18:51",
        "19:31",
        "19:51",
        "20:35",
        "21:26",
        "21:56",
        "22:11",
        "22:27",
        "22:46"
    ],
    "holiday": [
        "19:31",
        "20:31",
        "21:22",
        "21:52",
        "22:11",
        "22:34"
    ],
    "url": "https://www.kanachu.co.jp/dia/diagram/timetable01_js/course:0000803575-7/node:00126670/kt:0/lname:/"
}
