{
    "date": "2024/09/02",
    "name": "岡津",
    "position": "-",
    "system": "戸13",
    "destinations": [
        "岡津橋",
        "まほろば",
        "下新橋",
        "新橋町(横浜市泉区)",
        "観音寺前(横浜市泉区)",
        "相模新橋",
        "大中村",
        "中村(横浜市瀬谷区)",
        "阿久和",
        "阿久和坂上",
        "阿久和山谷",
        "柳明",
        "遊水池前(横浜市泉区)",
        "ひなた山",
        "上飯田車庫"
    ],
    "weekday": [
        "19:24",
        "19:42",
        "20:20",
        "20:37",
        "21:17",
        "21:37",
        "22:02",
        "22:29",
        "22:44",
        "22:59",
        "23:14",
        "23:39"
    ],
    "saturday": [
        "18:55",
        "19:35",
        "19:55",
        "20:38",
        "21:29",
        "21:59",
        "22:14",
        "22:30",
        "22:49"
    ],
    "holiday": [
        "19:35",
        "20:34",
        "21:25",
        "21:55",
        "22:14",
        "22:37"
    ],
    "url": "https://www.kanachu.co.jp/dia/diagram/timetable01_js/course:0000803575-10/node:00126673/kt:0/lname:/"
}
