{
    "date": "2024/09/02",
    "name": "新橋町(横浜市泉区)",
    "position": "-",
    "system": "戸13",
    "destinations": [
        "観音寺前(横浜市泉区)",
        "相模新橋",
        "大中村",
        "中村(横浜市瀬谷区)",
        "阿久和",
        "阿久和坂上",
        "阿久和山谷",
        "柳明",
        "遊水池前(横浜市泉区)",
        "ひなた山",
        "上飯田車庫"
    ],
    "weekday": [
        "19:28",
        "19:46",
        "20:24",
        "20:41",
        "21:21",
        "21:41",
        "22:06",
        "22:33",
        "22:48",
        "23:03",
        "23:18",
        "23:43"
    ],
    "saturday": [
        "18:59",
        "19:39",
        "19:59",
        "20:42",
        "21:33",
        "22:03",
        "22:18",
        "22:34",
        "22:53"
    ],
    "holiday": [
        "19:39",
        "20:38",
        "21:29",
        "21:59",
        "22:18",
        "22:41"
    ],
    "url": "https://www.kanachu.co.jp/dia/diagram/timetable01_js/course:0000803575-14/node:00126676/kt:0/lname:/"
}
