{
    "date": "2024/09/02",
    "name": "観音寺前(横浜市泉区)",
    "position": "-",
    "system": "戸13",
    "destinations": [
        "相模新橋",
        "大中村",
        "中村(横浜市瀬谷区)",
        "阿久和",
        "阿久和坂上",
        "阿久和山谷",
        "柳明",
        "遊水池前(横浜市泉区)",
        "ひなた山",
        "上飯田車庫"
    ],
    "weekday": [
        "19:29",
        "19:47",
        "20:25",
        "20:42",
        "21:22",
        "21:42",
        "22:07",
        "22:34",
        "22:49",
        "23:04",
        "23:19",
        "23:44"
    ],
    "saturday": [
        "19:00",
        "19:40",
        "20:00",
        "20:43",
        "21:34",
        "22:04",
        "22:19",
        "22:35",
        "22:54"
    ],
    "holiday": [
        "19:40",
        "20:39",
        "21:30",
        "22:00",
        "22:19",
        "22:42"
    ],
    "url": "https://www.kanachu.co.jp/dia/diagram/timetable01_js/course:0000803575-15/node:00126677/kt:0/lname:/"
}
