{
    "date": "2024/09/02",
    "name": "阿久和",
    "position": "-",
    "system": "戸13",
    "destinations": [
        "阿久和坂上",
        "阿久和山谷",
        "柳明",
        "遊水池前(横浜市泉区)",
        "ひなた山",
        "上飯田車庫"
    ],
    "weekday": [
        "19:34",
        "19:52",
        "20:30",
        "20:47",
        "21:27",
        "21:47",
        "22:12",
        "22:39",
        "22:54",
        "23:09",
        "23:24",
        "23:49"
    ],
    "saturday": [
        "19:06",
        "19:46",
        "20:05",
        "20:48",
        "21:39",
        "22:09",
        "22:24",
        "22:40",
        "22:59"
    ],
    "holiday": [
        "19:46",
        "20:44",
        "21:35",
        "22:05",
        "22:24",
        "22:47"
    ],
    "url": "https://www.kanachu.co.jp/dia/diagram/timetable01_js/course:0000803575-19/node:00126681/kt:0/lname:/"
}
