{
    "date": "2024/09/02",
    "name": "ひなた山",
    "position": "-",
    "system": "戸13",
    "destinations": [
        "上飯田車庫"
    ],
    "weekday": [
        "19:40",
        "19:58",
        "20:36",
        "20:53",
        "21:33",
        "21:53",
        "22:18",
        "22:45",
        "23:00",
        "23:15",
        "23:30",
        "23:55"
    ],
    "saturday": [
        "19:13",
        "19:53",
        "20:11",
        "20:54",
        "21:45",
        "22:15",
        "22:30",
        "22:46",
        "23:05"
    ],
    "holiday": [
        "19:53",
        "20:50",
        "21:41",
        "22:11",
        "22:30",
        "22:53"
    ],
    "url": "https://www.kanachu.co.jp/dia/diagram/timetable01_js/course:0000803575-24/node:00126702/kt:0/lname:/"
}
