{
    "date": "2024/09/02",
    "name": "和泉坂上",
    "position": "-",
    "system": "長54",
    "destinations": [
        "飯田(横浜市泉区)",
        "上高倉",
        "藤沢湘南台病院前",
        "住宅前(藤沢市高倉)",
        "長後駅"
    ],
    "weekday": [
        "6:41",
        "7:31",
        "8:21",
        "9:11",
        "10:01",
        "10:51",
        "11:41",
        "12:31",
        "13:21",
        "14:11",
        "15:01",
        "15:51",
        "16:41",
        "17:31",
        "18:21",
        "19:11",
        "20:01"
    ],
    "saturday": [
        "7:55",
        "8:45",
        "9:35",
        "10:25",
        "11:15",
        "12:05",
        "12:55",
        "13:45",
        "14:35",
        "15:25",
        "16:15",
        "17:05",
        "17:55",
        "18:45",
        "19:35"
    ],
    "holiday": [
        "7:55",
        "8:45",
        "9:35",
        "10:25",
        "11:15",
        "12:05",
        "12:55",
        "13:45",
        "14:35",
        "15:25",
        "16:15",
        "17:05",
        "17:55",
        "18:45",
        "19:35"
    ],
    "url": "https://www.kanachu.co.jp/dia/diagram/timetable01_js/course:0000800261-5/node:00126787/kt:0/lname:/"
}
