{
    "date": "2026/01/16",
    "name": "下之街道",
    "position": "-",
    "system": "田01",
    "destinations": [
        "箕輪辻",
        "梅沢(愛甲郡愛川町)",
        "小沢(愛甲郡愛川町)",
        "高田橋入口",
        "田名坂上",
        "田名バスターミナル"
    ],
    "weekday": [
        "6:46",
        "7:26",
        "8:06",
        "8:43",
        "9:26",
        "10:06",
        "10:43",
        "11:26",
        "12:43",
        "13:26",
        "14:43",
        "16:06",
        "16:43",
        "17:26",
        "18:06",
        "18:46",
        "19:26",
        "20:06",
        "21:16"
    ],
    "saturday": [
        "6:46",
        "7:26",
        "8:06",
        "8:46",
        "9:26",
        "10:06",
        "10:46",
        "11:26",
        "12:46",
        "13:26",
        "14:46",
        "15:26",
        "16:06",
        "16:46",
        "17:26",
        "18:06",
        "18:46",
        "19:26",
        "20:06"
    ],
    "holiday": [
        "6:46",
        "7:26",
        "8:06",
        "8:46",
        "9:26",
        "10:06",
        "10:46",
        "11:26",
        "12:46",
        "13:26",
        "14:46",
        "15:26",
        "16:06",
        "16:46",
        "17:26",
        "18:06",
        "18:46",
        "19:26",
        "20:06"
    ],
    "url": "https://www.kanachu.co.jp/dia/diagram/timetable01_js/course:0000804215-17/node:00129163/kt:0/lname:/"
}
