{
    "system": "町36",
    "destination": "鶴川駅",
    "stations": [
        {
            "name": "町田バスセンター",
            "file": "01_machida_bus_center_14.json"
        },
        {
            "name": "町田市役所市民ホール前",
            "file": ""
        },
        {
            "name": "第四小学校前(町田市)",
            "file": ""
        },
        {
            "name": "森野三丁目",
            "file": ""
        },
        {
            "name": "市民病院前(町田市)",
            "file": ""
        },
        {
            "name": "浄水場前(町田市)",
            "file": ""
        },
        {
            "name": "滝の沢(町田市)",
            "file": ""
        },
        {
            "name": "木曽住宅",
            "file": ""
        },
        {
            "name": "三家(町田市)",
            "file": ""
        },
        {
            "name": "木曽(町田市)",
            "file": ""
        },
        {
            "name": "忠生公園入口",
            "file": ""
        },
        {
            "name": "上宿(町田市)",
            "file": ""
        },
        {
            "name": "下根岸(町田市)",
            "file": ""
        },
        {
            "name": "根岸(根岸町/町田市)",
            "file": ""
        },
        {
            "name": "馬駈",
            "file": ""
        },
        {
            "name": "図師大橋",
            "file": ""
        },
        {
            "name": "図師",
            "file": ""
        },
        {
            "name": "並木(町田市)",
            "file": ""
        },
        {
            "name": "ろうわ学校",
            "file": ""
        },
        {
            "name": "野津田高校入口",
            "file": ""
        },
        {
            "name": "向坂(町田市)",
            "file": ""
        },
        {
            "name": "小野神社前(町田市)",
            "file": ""
        },
        {
            "name": "新屋敷(町田市)",
            "file": ""
        },
        {
            "name": "サンシティ町田",
            "file": ""
        },
        {
            "name": "五反田(町田市)",
            "file": ""
        },
        {
            "name": "下堤(町田市)",
            "file": ""
        },
        {
            "name": "岩子山",
            "file": ""
        },
        {
            "name": "井の花",
            "file": ""
        },
        {
            "name": "大蔵(鶴川郵便局前/町田市)",
            "file": ""
        },
        {
            "name": "鶴川市民センター入口",
            "file": ""
        },
        {
            "name": "下大蔵",
            "file": ""
        },
        {
            "name": "金井入口",
            "file": ""
        },
        {
            "name": "上能ヶ谷",
            "file": ""
        },
        {
            "name": "鶴川駅西口",
            "file": ""
        },
        {
            "name": "鶴川駅",
            "file": ""
        }
    ]
}
