{
    "date": "2025/07/12",
    "name": "大庭小学校",
    "position": "-",
    "system": "藤40",
    "destinations": [
        "小糸",
        "城下(藤沢市)",
        "舟地蔵",
        "大六天(藤沢市)",
        "明治小学校前",
        "羽鳥(藤沢市)",
        "メルシャン前",
        "引地橋",
        "一中入口(藤沢市)",
        "湘南高校前",
        "台町(藤沢市)",
        "白旗交差点",
        "本町小学校前(藤沢市)",
        "南仲通り二丁目",
        "南仲通り",
        "相生町(藤沢市)",
        "三富士町",
        "藤沢駅北口"
    ],
    "weekday": [
        "6:38",
        "10:48",
        "12:48",
        "14:26",
        "16:27",
        "18:28"
    ],
    "saturday": [
        "7:29",
        "8:34",
        "9:34",
        "10:34",
        "11:34",
        "12:34",
        "13:34",
        "14:34",
        "15:35",
        "16:35",
        "17:35",
        "18:34",
        "19:34"
    ],
    "holiday": [
        "7:29",
        "8:34",
        "9:34",
        "10:34",
        "11:34",
        "12:34",
        "13:34",
        "14:34",
        "15:35",
        "16:35",
        "17:35",
        "18:34",
        "19:34"
    ],
    "url": "https://www.kanachu.co.jp/dia/diagram/timetable01_js/course:0000803432-9/node:00129942/kt:0/lname:/"
}
