{
    "date": "2025/07/12",
    "name": "城下(藤沢市)",
    "position": "-",
    "system": "藤40",
    "destinations": [
        "舟地蔵",
        "大六天(藤沢市)",
        "明治小学校前",
        "羽鳥(藤沢市)",
        "メルシャン前",
        "引地橋",
        "一中入口(藤沢市)",
        "湘南高校前",
        "台町(藤沢市)",
        "白旗交差点",
        "本町小学校前(藤沢市)",
        "南仲通り二丁目",
        "南仲通り",
        "相生町(藤沢市)",
        "三富士町",
        "藤沢駅北口"
    ],
    "weekday": [
        "6:40",
        "10:50",
        "12:50",
        "14:28",
        "16:29",
        "18:30"
    ],
    "saturday": [
        "7:31",
        "8:36",
        "9:36",
        "10:36",
        "11:36",
        "12:36",
        "13:36",
        "14:36",
        "15:37",
        "16:37",
        "17:37",
        "18:36",
        "19:36"
    ],
    "holiday": [
        "7:31",
        "8:36",
        "9:36",
        "10:36",
        "11:36",
        "12:36",
        "13:36",
        "14:36",
        "15:37",
        "16:37",
        "17:37",
        "18:36",
        "19:36"
    ],
    "url": "https://www.kanachu.co.jp/dia/diagram/timetable01_js/course:0000803432-11/node:00129970/kt:0/lname:/"
}
