{
    "date": "2025/07/12",
    "name": "本町小学校前(藤沢市)",
    "position": "-",
    "system": "藤40",
    "destinations": [
        "南仲通り二丁目",
        "南仲通り",
        "相生町(藤沢市)",
        "三富士町",
        "藤沢駅北口"
    ],
    "weekday": [
        "6:52",
        "11:04",
        "13:04",
        "14:42",
        "16:44",
        "18:43"
    ],
    "saturday": [
        "7:43",
        "8:49",
        "9:49",
        "10:50",
        "11:50",
        "12:50",
        "13:50",
        "14:50",
        "15:52",
        "16:52",
        "17:52",
        "18:49",
        "19:48"
    ],
    "holiday": [
        "7:43",
        "8:49",
        "9:49",
        "10:50",
        "11:50",
        "12:50",
        "13:50",
        "14:50",
        "15:52",
        "16:52",
        "17:52",
        "18:49",
        "19:48"
    ],
    "url": "https://www.kanachu.co.jp/dia/diagram/timetable01_js/course:0000803432-22/node:00127109/kt:0/lname:/"
}
