{
    "date": "2025/07/12",
    "name": "南仲通り",
    "position": "-",
    "system": "藤40",
    "destinations": [
        "相生町(藤沢市)",
        "三富士町",
        "藤沢駅北口"
    ],
    "weekday": [
        "6:54",
        "11:06",
        "13:06",
        "14:44",
        "16:46",
        "18:45"
    ],
    "saturday": [
        "7:45",
        "8:51",
        "9:51",
        "10:52",
        "11:52",
        "12:52",
        "13:52",
        "14:52",
        "15:54",
        "16:54",
        "17:54",
        "18:51",
        "19:50"
    ],
    "holiday": [
        "7:45",
        "8:51",
        "9:51",
        "10:52",
        "11:52",
        "12:52",
        "13:52",
        "14:52",
        "15:54",
        "16:54",
        "17:54",
        "18:51",
        "19:50"
    ],
    "url": "https://www.kanachu.co.jp/dia/diagram/timetable01_js/course:0000803432-24/node:00126973/kt:0/lname:/"
}
