{
    "date": "2025/04/01",
    "name": "桃浜町",
    "position": "-",
    "system": "平40",
    "destinations": [
        "花水公民館前",
        "浜岳中学校前",
        "すみれ平局前",
        "浜岳",
        "花水台",
        "花水公園前",
        "なでしこ公民館前",
        "下花水橋",
        "西海岸"
    ],
    "weekday": [
        "7:35",
        "8:12",
        "8:22",
        "8:52",
        "9:22",
        "9:42",
        "10:22",
        "10:42",
        "11:22",
        "11:42",
        "12:22",
        "12:42",
        "13:22",
        "13:42",
        "14:22",
        "14:42",
        "15:22",
        "15:42",
        "16:22",
        "16:42",
        "17:17",
        "17:57",
        "18:14",
        "18:26",
        "18:50",
        "19:14",
        "19:26",
        "19:50",
        "20:17",
        "20:57",
        "21:17",
        "21:42",
        "22:12",
        "22:39",
        "23:05"
    ],
    "saturday": [
        "7:22",
        "7:42",
        "8:22",
        "8:42",
        "9:22",
        "9:42",
        "10:22",
        "10:42",
        "11:22",
        "11:42",
        "12:22",
        "12:42",
        "13:22",
        "13:42",
        "14:22",
        "14:42",
        "15:22",
        "15:42",
        "16:22",
        "16:42",
        "17:22",
        "17:42",
        "18:22",
        "18:42",
        "19:22",
        "19:42",
        "20:32",
        "21:07",
        "21:37",
        "22:07",
        "22:37"
    ],
    "holiday": [
        "7:22",
        "7:42",
        "8:22",
        "8:42",
        "9:22",
        "9:42",
        "10:22",
        "10:42",
        "11:22",
        "11:42",
        "12:22",
        "12:42",
        "13:22",
        "13:42",
        "14:22",
        "14:42",
        "15:22",
        "15:42",
        "16:22",
        "16:42",
        "17:22",
        "17:42",
        "18:22",
        "18:42",
        "19:22",
        "19:42",
        "20:32",
        "21:07",
        "21:37",
        "22:07",
        "22:37"
    ],
    "url": "https://www.kanachu.co.jp/dia/diagram/timetable01_js/course:0000803810-4/node:00127443/kt:0/lname:/"
}
