{
    "date": "2025/04/01",
    "name": "花水公園前",
    "position": "-",
    "system": "平40",
    "destinations": [
        "なでしこ公民館前",
        "下花水橋",
        "西海岸"
    ],
    "weekday": [
        "7:40",
        "8:17",
        "8:27",
        "8:57",
        "9:27",
        "9:47",
        "10:27",
        "10:47",
        "11:27",
        "11:47",
        "12:27",
        "12:47",
        "13:27",
        "13:47",
        "14:27",
        "14:47",
        "15:27",
        "15:47",
        "16:27",
        "16:47",
        "17:22",
        "18:02",
        "18:19",
        "18:31",
        "18:55",
        "19:19",
        "19:31",
        "19:55",
        "20:22",
        "21:02",
        "21:22",
        "21:47",
        "22:17",
        "22:44",
        "23:10"
    ],
    "saturday": [
        "7:27",
        "7:47",
        "8:27",
        "8:47",
        "9:27",
        "9:47",
        "10:27",
        "10:47",
        "11:27",
        "11:47",
        "12:27",
        "12:47",
        "13:27",
        "13:47",
        "14:27",
        "14:47",
        "15:27",
        "15:47",
        "16:27",
        "16:47",
        "17:27",
        "17:47",
        "18:27",
        "18:47",
        "19:27",
        "19:47",
        "20:37",
        "21:12",
        "21:42",
        "22:12",
        "22:42"
    ],
    "holiday": [
        "7:27",
        "7:47",
        "8:27",
        "8:47",
        "9:27",
        "9:47",
        "10:27",
        "10:47",
        "11:27",
        "11:47",
        "12:27",
        "12:47",
        "13:27",
        "13:47",
        "14:27",
        "14:47",
        "15:27",
        "15:47",
        "16:27",
        "16:47",
        "17:27",
        "17:47",
        "18:27",
        "18:47",
        "19:27",
        "19:47",
        "20:37",
        "21:12",
        "21:42",
        "22:12",
        "22:42"
    ],
    "url": "https://www.kanachu.co.jp/dia/diagram/timetable01_js/course:0000803810-10/node:00127449/kt:0/lname:/"
}
