{
    "date": "2025/11/25",
    "name": "三叉路(愛甲郡清川村)",
    "position": "-",
    "system": "厚20",
    "destinations": [
        "宮の平(愛甲郡清川村)",
        "宮ヶ瀬小・中学校前",
        "仏果山登山口",
        "土山峠",
        "上煤ヶ谷",
        "柿ノ木平",
        "坂尻(愛甲郡清川村)",
        "古在家",
        "煤ヶ谷",
        "清川村役場前",
        "小学校前(愛甲郡清川村)",
        "公民館前(愛甲郡清川村)",
        "中里(愛甲郡清川村)",
        "郵便局前(愛甲郡清川村)",
        "別所温泉入口",
        "尾崎(愛甲郡清川村)",
        "御門橋",
        "上舟沢",
        "舟沢",
        "華厳橋",
        "上飯山(厚木市)",
        "飯山温泉入口",
        "志田原",
        "尼寺(厚木市)",
        "飯山観音前",
        "橋場(厚木市)",
        "光福寺(厚木市)",
        "小鮎久保",
        "ゴルフ場入口(厚木市)",
        "上千頭",
        "千頭",
        "及川",
        "穴口橋",
        "林(厚木市)",
        "戸室",
        "愛光病院前",
        "市立病院前(バイパス側)",
        "市立病院前(厚木市)",
        "税務署入口(厚木市)",
        "市役所入口(厚木市)",
        "本厚木駅"
    ],
    "weekday": [
        "6:33",
        "7:06",
        "7:51",
        "9:01",
        "10:01",
        "11:01",
        "12:01",
        "13:01",
        "14:01",
        "15:01",
        "16:01",
        "17:01",
        "18:06",
        "19:51"
    ],
    "saturday": [
        "7:06",
        "8:01",
        "9:01",
        "10:01",
        "11:01",
        "12:01",
        "13:01",
        "14:01",
        "15:01",
        "16:01",
        "17:01",
        "18:01",
        "19:01",
        "19:51"
    ],
    "holiday": [
        "7:06",
        "8:01",
        "9:01",
        "10:01",
        "11:01",
        "12:01",
        "13:01",
        "14:01",
        "15:01",
        "16:01",
        "17:01",
        "18:01",
        "19:01",
        "19:51"
    ],
    "url": "https://www.kanachu.co.jp/dia/diagram/timetable01_js/course:0000802790-2/node:00128431/kt:0/lname:/"
}
