{
    "date": "2025/11/25",
    "name": "宮ヶ瀬小・中学校前",
    "position": "-",
    "system": "厚20",
    "destinations": [
        "仏果山登山口",
        "土山峠",
        "上煤ヶ谷",
        "柿ノ木平",
        "坂尻(愛甲郡清川村)",
        "古在家",
        "煤ヶ谷",
        "清川村役場前",
        "小学校前(愛甲郡清川村)",
        "公民館前(愛甲郡清川村)",
        "中里(愛甲郡清川村)",
        "郵便局前(愛甲郡清川村)",
        "別所温泉入口",
        "尾崎(愛甲郡清川村)",
        "御門橋",
        "上舟沢",
        "舟沢",
        "華厳橋",
        "上飯山(厚木市)",
        "飯山温泉入口",
        "志田原",
        "尼寺(厚木市)",
        "飯山観音前",
        "橋場(厚木市)",
        "光福寺(厚木市)",
        "小鮎久保",
        "ゴルフ場入口(厚木市)",
        "上千頭",
        "千頭",
        "及川",
        "穴口橋",
        "林(厚木市)",
        "戸室",
        "愛光病院前",
        "市立病院前(バイパス側)",
        "市立病院前(厚木市)",
        "税務署入口(厚木市)",
        "市役所入口(厚木市)",
        "本厚木駅"
    ],
    "weekday": [
        "6:34",
        "7:07",
        "7:52",
        "9:02",
        "10:02",
        "11:02",
        "12:02",
        "13:02",
        "14:02",
        "15:02",
        "16:02",
        "17:02",
        "18:07",
        "19:52"
    ],
    "saturday": [
        "7:07",
        "8:02",
        "9:02",
        "10:02",
        "11:02",
        "12:02",
        "13:02",
        "14:02",
        "15:02",
        "16:02",
        "17:02",
        "18:02",
        "19:02",
        "19:52"
    ],
    "holiday": [
        "7:07",
        "8:02",
        "9:02",
        "10:02",
        "11:02",
        "12:02",
        "13:02",
        "14:02",
        "15:02",
        "16:02",
        "17:02",
        "18:02",
        "19:02",
        "19:52"
    ],
    "url": "https://www.kanachu.co.jp/dia/diagram/timetable01_js/course:0000802790-4/node:00128683/kt:0/lname:/"
}
