{
    "date": "2025/11/25",
    "name": "郵便局前(愛甲郡清川村)",
    "position": "-",
    "system": "厚20",
    "destinations": [
        "別所温泉入口",
        "尾崎(愛甲郡清川村)",
        "御門橋",
        "上舟沢",
        "舟沢",
        "華厳橋",
        "上飯山(厚木市)",
        "飯山温泉入口",
        "志田原",
        "尼寺(厚木市)",
        "飯山観音前",
        "橋場(厚木市)",
        "光福寺(厚木市)",
        "小鮎久保",
        "ゴルフ場入口(厚木市)",
        "上千頭",
        "千頭",
        "及川",
        "穴口橋",
        "林(厚木市)",
        "戸室",
        "愛光病院前",
        "市立病院前(バイパス側)",
        "市立病院前(厚木市)",
        "税務署入口(厚木市)",
        "市役所入口(厚木市)",
        "本厚木駅"
    ],
    "weekday": [
        "6:50",
        "7:23",
        "8:08",
        "9:18",
        "10:18",
        "11:18",
        "12:18",
        "13:18",
        "14:18",
        "15:18",
        "16:18",
        "17:18",
        "18:23",
        "20:08"
    ],
    "saturday": [
        "7:23",
        "8:18",
        "9:18",
        "10:18",
        "11:18",
        "12:18",
        "13:18",
        "14:18",
        "15:18",
        "16:18",
        "17:18",
        "18:18",
        "19:18",
        "20:08"
    ],
    "holiday": [
        "7:23",
        "8:18",
        "9:18",
        "10:18",
        "11:18",
        "12:18",
        "13:18",
        "14:18",
        "15:18",
        "16:18",
        "17:18",
        "18:18",
        "19:18",
        "20:08"
    ],
    "url": "https://www.kanachu.co.jp/dia/diagram/timetable01_js/course:0000802790-16/node:00128419/kt:0/lname:/"
}
