{
    "date": "2025/11/25",
    "name": "戸室",
    "position": "-",
    "system": "厚20",
    "destinations": [
        "愛光病院前",
        "市立病院前(バイパス側)",
        "市立病院前(厚木市)",
        "税務署入口(厚木市)",
        "市役所入口(厚木市)",
        "本厚木駅"
    ],
    "weekday": [
        "7:08",
        "7:41",
        "8:26",
        "9:36",
        "10:36",
        "11:36",
        "12:36",
        "13:36",
        "14:36",
        "15:36",
        "16:36",
        "17:36",
        "18:41",
        "20:26"
    ],
    "saturday": [
        "7:41",
        "8:36",
        "9:36",
        "10:36",
        "11:36",
        "12:36",
        "13:36",
        "14:36",
        "15:36",
        "16:36",
        "17:36",
        "18:36",
        "19:36",
        "20:26"
    ],
    "holiday": [
        "7:41",
        "8:36",
        "9:36",
        "10:36",
        "11:36",
        "12:36",
        "13:36",
        "14:36",
        "15:36",
        "16:36",
        "17:36",
        "18:36",
        "19:36",
        "20:26"
    ],
    "url": "https://www.kanachu.co.jp/dia/diagram/timetable01_js/course:0000802790-37/node:00128398/kt:0/lname:/"
}
