{
  "date": "2024/07/08",
  "name": "町田バスセンター",
  "position": "2番のりば",
  "system": "町12",
  "destinations": [
    "町田市役所市民ホール前",
    "妙延寺(町田市)",
    "森野五丁目",
    "森野六丁目",
    "桧台入口",
    "木曽都営入口",
    "境川団地入口",
    "境川団地中央",
    "境川団地",
    "横町(町田市)",
    "木曽南団地"
  ],
  "weekday": [
    "6:55",
    "7:40", "7:52",
    "9:04",
    "21:28",
    "22:20"
  ],
  "saturday": [
  ],
  "holiday": [
  ]
}
