{
  "date": "2025/04/01",
  "name": "桧台入口",
  "position": "-",
  "system": "町12",
  "destinations": [
    "木曽都営入口",
    "境川団地入口",
    "境川団地中央",
    "境川団地",
    "横町(町田市)",
    "木曽南団地"
  ],
  "weekday": [
    "7:00",
    "7:45",
    "7:57",
    "9:09",
    "21:33",
    "22:25"
  ],
  "saturday": [],
  "holiday": [],
  "url": "https://www.kanachu.co.jp/dia/diagram/timetable01_js/course:0000800780-6/node:00129378/kt:0/lname:/"
}