{
    "date": "2024/07/01",
    "name": "原宿四ツ角",
    "position": "-",
    "system": "船25",
    "destinations": [
        "庚申塚(横浜市戸塚区)",
        "小雀",
        "神社前(横浜市栄区)",
        "千秀小学校前",
        "青少年センター前(横浜市栄区)",
        "常勝寺(横浜市栄区)",
        "田谷(横浜市栄区)",
        "小蓋山",
        "宮ノ前(横浜市栄区)",
        "長尾台(横浜市栄区)",
        "坂本(鎌倉市)",
        "大船駅西口"
    ],
    "weekday": [
        "6:21",
        "6:52",
        "7:25",
        "7:37",
        "8:07",
        "8:32",
        "9:17",
        "9:47",
        "10:17",
        "10:47",
        "11:17",
        "11:47",
        "12:17",
        "12:50",
        "13:17",
        "13:47",
        "14:17",
        "14:47",
        "15:17",
        "15:48",
        "16:13",
        "16:25",
        "17:01",
        "17:33",
        "18:28",
        "19:28",
        "20:08",
        "21:38"
    ],
    "saturday": [
        "6:28",
        "7:08",
        "7:38",
        "8:08",
        "8:38",
        "9:08",
        "9:38",
        "10:08",
        "10:28",
        "11:08",
        "11:28",
        "12:08",
        "12:28",
        "13:08",
        "13:28",
        "14:08",
        "14:28",
        "15:08",
        "15:28",
        "16:08",
        "16:28",
        "17:08",
        "17:28",
        "18:08",
        "18:28",
        "19:08",
        "19:28",
        "20:28",
        "21:28"
    ],
    "holiday": [
        "6:28",
        "7:08",
        "7:28",
        "8:08",
        "8:28",
        "9:08",
        "9:28",
        "10:08",
        "10:28",
        "11:08",
        "11:28",
        "12:08",
        "12:28",
        "13:08",
        "13:28",
        "14:08",
        "14:28",
        "15:08",
        "15:28",
        "16:08",
        "16:28",
        "17:08",
        "17:28",
        "18:08",
        "18:28",
        "19:08",
        "19:28",
        "20:28",
        "21:28"
    ],
    "url": "https://www.kanachu.co.jp/dia/diagram/timetable01_js/course:0000801057-7/node:00126927/kt:0/lname:/"
}
