{
    "date": "2024/07/01",
    "name": "庚申塚(横浜市戸塚区)",
    "position": "-",
    "system": "船25",
    "destinations": [
        "小雀",
        "神社前(横浜市栄区)",
        "千秀小学校前",
        "青少年センター前(横浜市栄区)",
        "常勝寺(横浜市栄区)",
        "田谷(横浜市栄区)",
        "小蓋山",
        "宮ノ前(横浜市栄区)",
        "長尾台(横浜市栄区)",
        "坂本(鎌倉市)",
        "大船駅西口"
    ],
    "weekday": [
        "6:23",
        "6:54",
        "7:27",
        "7:39",
        "8:09",
        "8:34",
        "9:19",
        "9:49",
        "10:19",
        "10:49",
        "11:19",
        "11:49",
        "12:19",
        "12:52",
        "13:19",
        "13:49",
        "14:19",
        "14:49",
        "15:19",
        "15:50",
        "16:15",
        "16:27",
        "17:03",
        "17:35",
        "18:30",
        "19:30",
        "20:10",
        "21:40"
    ],
    "saturday": [
        "6:30",
        "7:10",
        "7:40",
        "8:10",
        "8:40",
        "9:10",
        "9:40",
        "10:10",
        "10:30",
        "11:10",
        "11:30",
        "12:10",
        "12:30",
        "13:10",
        "13:30",
        "14:10",
        "14:30",
        "15:10",
        "15:30",
        "16:10",
        "16:30",
        "17:10",
        "17:30",
        "18:10",
        "18:30",
        "19:10",
        "19:30",
        "20:30",
        "21:30"
    ],
    "holiday": [
        "6:30",
        "7:10",
        "7:30",
        "8:10",
        "8:30",
        "9:10",
        "9:30",
        "10:10",
        "10:30",
        "11:10",
        "11:30",
        "12:10",
        "12:30",
        "13:10",
        "13:30",
        "14:10",
        "14:30",
        "15:10",
        "15:30",
        "16:10",
        "16:30",
        "17:10",
        "17:30",
        "18:10",
        "18:30",
        "19:10",
        "19:30",
        "20:30",
        "21:30"
    ],
    "url": "https://www.kanachu.co.jp/dia/diagram/timetable01_js/course:0000801057-8/node:00126926/kt:0/lname:/"
}
