{
    "date": "2024/07/01",
    "name": "宮ノ前(横浜市栄区)",
    "position": "-",
    "system": "船25",
    "destinations": [
        "長尾台(横浜市栄区)",
        "坂本(鎌倉市)",
        "大船駅西口"
    ],
    "weekday": [
        "6:31",
        "7:02",
        "7:35",
        "7:47",
        "8:17",
        "8:42",
        "9:27",
        "9:57",
        "10:27",
        "10:57",
        "11:27",
        "11:57",
        "12:27",
        "13:00",
        "13:27",
        "13:57",
        "14:27",
        "14:57",
        "15:27",
        "15:58",
        "16:23",
        "16:35",
        "17:11",
        "17:43",
        "18:38",
        "19:38",
        "20:18",
        "21:48"
    ],
    "saturday": [
        "6:38",
        "7:18",
        "7:48",
        "8:18",
        "8:48",
        "9:18",
        "9:48",
        "10:18",
        "10:38",
        "11:18",
        "11:38",
        "12:18",
        "12:38",
        "13:18",
        "13:38",
        "14:18",
        "14:38",
        "15:18",
        "15:38",
        "16:18",
        "16:38",
        "17:18",
        "17:38",
        "18:18",
        "18:38",
        "19:18",
        "19:38",
        "20:38",
        "21:38"
    ],
    "holiday": [
        "6:38",
        "7:18",
        "7:38",
        "8:18",
        "8:38",
        "9:18",
        "9:38",
        "10:18",
        "10:38",
        "11:18",
        "11:38",
        "12:18",
        "12:38",
        "13:18",
        "13:38",
        "14:18",
        "14:38",
        "15:18",
        "15:38",
        "16:18",
        "16:38",
        "17:18",
        "17:38",
        "18:18",
        "18:38",
        "19:18",
        "19:38",
        "20:38",
        "21:38"
    ],
    "url": "https://www.kanachu.co.jp/dia/diagram/timetable01_js/course:0000801057-16/node:00126852/kt:0/lname:/"
}
