{
    "date": "2024/07/01",
    "name": "長尾台(横浜市栄区)",
    "position": "-",
    "system": "船25",
    "destinations": [
        "坂本(鎌倉市)",
        "大船駅西口"
    ],
    "weekday": [
        "6:32",
        "7:03",
        "7:36",
        "7:48",
        "8:18",
        "8:43",
        "9:28",
        "9:58",
        "10:28",
        "10:58",
        "11:28",
        "11:58",
        "12:28",
        "13:01",
        "13:28",
        "13:58",
        "14:28",
        "14:58",
        "15:28",
        "15:59",
        "16:24",
        "16:36",
        "17:12",
        "17:44",
        "18:39",
        "19:39",
        "20:19",
        "21:49"
    ],
    "saturday": [
        "6:39",
        "7:19",
        "7:49",
        "8:19",
        "8:49",
        "9:19",
        "9:49",
        "10:19",
        "10:39",
        "11:19",
        "11:39",
        "12:19",
        "12:39",
        "13:19",
        "13:39",
        "14:19",
        "14:39",
        "15:19",
        "15:39",
        "16:19",
        "16:39",
        "17:19",
        "17:39",
        "18:19",
        "18:39",
        "19:19",
        "19:39",
        "20:39",
        "21:39"
    ],
    "holiday": [
        "6:39",
        "7:19",
        "7:39",
        "8:19",
        "8:39",
        "9:19",
        "9:39",
        "10:19",
        "10:39",
        "11:19",
        "11:39",
        "12:19",
        "12:39",
        "13:19",
        "13:39",
        "14:19",
        "14:39",
        "15:19",
        "15:39",
        "16:19",
        "16:39",
        "17:19",
        "17:39",
        "18:19",
        "18:39",
        "19:19",
        "19:39",
        "20:39",
        "21:39"
    ],
    "url": "https://www.kanachu.co.jp/dia/diagram/timetable01_js/course:0000801057-17/node:00126853/kt:0/lname:/"
}
