{
  "date": "2024/07/08",
  "name": "境川団地中央",
  "position": "-",
  "system": "町12",
  "destinations": [
    "境川団地入口",
    "木曽都営入口",
    "桧台入口",
    "森野六丁目",
    "森野五丁目",
    "妙延寺(町田市)",
    "町田市役所市民ホール前",
    "町田バスセンター"
  ],
  "weekday": [
    "7:09",
    "7:16",
    "7:24",
    "7:34",
    "8:09",
    "8:34"
  ],
  "saturday": [
    "8:27"
  ],
  "holiday": [],
  "url": "https://www.kanachu.co.jp/dia/diagram/timetable01_js/course:0000803162-4/node:00129381/kt:0/lname:/"
}