{
    "date": "2025/07/27",
    "name": "中里(中郡二宮町)",
    "position": "-",
    "system": "二38",
    "destinations": [
        "四ツ谷(中郡二宮町)",
        "谷屋津",
        "南5号前",
        "南3号前",
        "インター入口",
        "橘団地中央",
        "橘団地"
    ],
    "weekday": [
        "7:59",
        "8:38",
        "9:02",
        "9:56",
        "10:56",
        "11:56",
        "12:56",
        "13:56",
        "14:58",
        "15:46",
        "16:33",
        "17:16",
        "17:56"
    ],
    "saturday": [
        "9:03",
        "10:33",
        "11:18",
        "12:03",
        "13:33",
        "14:18",
        "15:03",
        "16:33",
        "17:28"
    ],
    "holiday": [
        "9:03",
        "10:33",
        "11:18",
        "12:03",
        "13:33",
        "14:18",
        "15:03",
        "16:33",
        "17:28"
    ],
    "url": "https://www.kanachu.co.jp/dia/diagram/timetable01_js/course:0000802544-5/node:00127788/kt:0/lname:/"
}
