{
    "date": "2025/07/27",
    "name": "橘団地中央",
    "position": "-",
    "system": "二38",
    "destinations": [
        "橘団地"
    ],
    "weekday": [
        "8:04",
        "8:43",
        "9:07",
        "10:01",
        "11:01",
        "12:01",
        "13:01",
        "14:01",
        "15:03",
        "15:51",
        "16:38",
        "17:21",
        "18:01"
    ],
    "saturday": [
        "9:08",
        "10:38",
        "11:23",
        "12:08",
        "13:38",
        "14:23",
        "15:08",
        "16:38",
        "17:33"
    ],
    "holiday": [
        "9:08",
        "10:38",
        "11:23",
        "12:08",
        "13:38",
        "14:23",
        "15:08",
        "16:38",
        "17:33"
    ],
    "url": "https://www.kanachu.co.jp/dia/diagram/timetable01_js/course:0000802544-11/node:00127812/kt:0/lname:/"
}
