{
    "date": "2020/11/24",
    "name": "立場ターミナル",
    "position": "-",
    "system": "船22",
    "destinations": [
        "西原(横浜市泉区)",
        "萩丸",
        "高砂苑前",
        "通信隊前",
        "住宅前(横浜市泉区)",
        "深谷小入口",
        "汲沢入口",
        "クラブ前(横浜市戸塚区)",
        "深谷(横浜市戸塚区)",
        "横浜薬大南門",
        "俣野公園・横浜薬大前",
        "横浜薬大南門",
        "三叉路(横浜市戸塚区)",
        "横浜医療センター前",
        "原宿四ツ角",
        "庚申塚(横浜市戸塚区)",
        "小雀",
        "神社前(横浜市栄区)",
        "千秀小学校前",
        "青少年センター前(横浜市栄区)",
        "常勝寺(横浜市栄区)",
        "田谷(横浜市栄区)",
        "小蓋山",
        "宮ノ前(横浜市栄区)",
        "長尾台(横浜市栄区)",
        "坂本(鎌倉市)",
        "大船駅西口"
    ],
    "weekday": [
        "5:54",
        "7:30",
        "7:50",
        "8:35",
        "9:05",
        "9:35",
        "10:05",
        "10:35",
        "11:05",
        "11:35",
        "12:05",
        "12:35",
        "13:05",
        "13:35",
        "14:05",
        "14:35",
        "15:05",
        "15:35",
        "16:23",
        "16:49",
        "17:26",
        "17:41",
        "18:21",
        "18:41",
        "19:21",
        "20:12",
        "21:47",
        "22:17"
    ],
    "saturday": [
        "6:27",
        "7:02",
        "7:32",
        "8:02",
        "8:32",
        "8:56",
        "9:26",
        "10:21",
        "11:21",
        "12:21",
        "13:21",
        "14:21",
        "15:21",
        "16:21",
        "17:21",
        "18:21",
        "19:37",
        "20:37",
        "21:37",
        "22:16"
    ],
    "holiday": [
        "6:27",
        "7:27",
        "8:27",
        "9:21",
        "10:21",
        "11:21",
        "12:21",
        "13:21",
        "14:21",
        "15:21",
        "16:21",
        "17:21",
        "18:21",
        "19:37",
        "20:37",
        "21:37",
        "22:16"
    ],
    "url": "https://www.kanachu.co.jp/dia/diagram/timetable01_js/course:0000801249-1/node:00126783/kt:0/lname:/"
}
