{
    "date": "2020/11/24",
    "name": "クラブ前(横浜市戸塚区)",
    "position": "-",
    "system": "船22",
    "destinations": [
        "深谷(横浜市戸塚区)",
        "横浜薬大南門",
        "俣野公園・横浜薬大前",
        "横浜薬大南門",
        "三叉路(横浜市戸塚区)",
        "横浜医療センター前",
        "原宿四ツ角",
        "庚申塚(横浜市戸塚区)",
        "小雀",
        "神社前(横浜市栄区)",
        "千秀小学校前",
        "青少年センター前(横浜市栄区)",
        "常勝寺(横浜市栄区)",
        "田谷(横浜市栄区)",
        "小蓋山",
        "宮ノ前(横浜市栄区)",
        "長尾台(横浜市栄区)",
        "坂本(鎌倉市)",
        "大船駅西口"
    ],
    "weekday": [
        "6:03",
        "7:39",
        "7:59",
        "8:44",
        "9:14",
        "9:44",
        "10:14",
        "10:44",
        "11:14",
        "11:44",
        "12:14",
        "12:44",
        "13:14",
        "13:44",
        "14:14",
        "14:44",
        "15:14",
        "15:44",
        "16:32",
        "16:58",
        "17:35",
        "17:50",
        "18:30",
        "18:50",
        "19:30",
        "20:21",
        "21:56",
        "22:26"
    ],
    "saturday": [
        "6:36",
        "7:11",
        "7:41",
        "8:11",
        "8:41",
        "9:05",
        "9:35",
        "10:30",
        "11:30",
        "12:30",
        "13:30",
        "14:30",
        "15:30",
        "16:30",
        "17:30",
        "18:30",
        "19:46",
        "20:46",
        "21:46",
        "22:25"
    ],
    "holiday": [
        "6:36",
        "7:36",
        "8:36",
        "9:30",
        "10:30",
        "11:30",
        "12:30",
        "13:30",
        "14:30",
        "15:30",
        "16:30",
        "17:30",
        "18:30",
        "19:46",
        "20:46",
        "21:46",
        "22:25"
    ],
    "url": "https://www.kanachu.co.jp/dia/diagram/timetable01_js/course:0000801249-9/node:00126836/kt:0/lname:/"
}
