{
    "date": "2020/11/24",
    "name": "横浜薬大南門",
    "position": "-",
    "system": "船22",
    "destinations": [
        "三叉路(横浜市戸塚区)",
        "横浜医療センター前",
        "原宿四ツ角",
        "庚申塚(横浜市戸塚区)",
        "小雀",
        "神社前(横浜市栄区)",
        "千秀小学校前",
        "青少年センター前(横浜市栄区)",
        "常勝寺(横浜市栄区)",
        "田谷(横浜市栄区)",
        "小蓋山",
        "宮ノ前(横浜市栄区)",
        "長尾台(横浜市栄区)",
        "坂本(鎌倉市)",
        "大船駅西口"
    ],
    "weekday": [
        "6:10",
        "7:52",
        "8:12",
        "8:57",
        "9:27",
        "9:57",
        "10:27",
        "10:57",
        "11:27",
        "11:57",
        "12:27",
        "12:57",
        "13:27",
        "13:57",
        "14:27",
        "14:57",
        "15:27",
        "15:57",
        "16:45",
        "17:11",
        "17:48",
        "18:03",
        "18:43",
        "19:03",
        "19:43",
        "20:28",
        "22:03",
        "22:33"
    ],
    "saturday": [
        "6:43",
        "7:18",
        "7:48",
        "8:18",
        "8:48",
        "9:18",
        "9:48",
        "10:43",
        "11:43",
        "12:43",
        "13:43",
        "14:43",
        "15:43",
        "16:43",
        "17:43",
        "18:43",
        "19:53",
        "20:53",
        "21:53",
        "22:32"
    ],
    "holiday": [
        "6:43",
        "7:43",
        "8:43",
        "9:43",
        "10:43",
        "11:43",
        "12:43",
        "13:43",
        "14:43",
        "15:43",
        "16:43",
        "17:43",
        "18:43",
        "19:53",
        "20:53",
        "21:53",
        "22:32"
    ],
    "url": "https://www.kanachu.co.jp/dia/diagram/timetable01_js/course:0000801249-13/node:00126821/kt:0/lname:/"
}
