{
    "date": "2020/11/24",
    "name": "庚申塚(横浜市戸塚区)",
    "position": "-",
    "system": "船22",
    "destinations": [
        "小雀",
        "神社前(横浜市栄区)",
        "千秀小学校前",
        "青少年センター前(横浜市栄区)",
        "常勝寺(横浜市栄区)",
        "田谷(横浜市栄区)",
        "小蓋山",
        "宮ノ前(横浜市栄区)",
        "長尾台(横浜市栄区)",
        "坂本(鎌倉市)",
        "大船駅西口"
    ],
    "weekday": [
        "6:17",
        "7:59",
        "8:19",
        "9:04",
        "9:34",
        "10:04",
        "10:34",
        "11:04",
        "11:34",
        "12:04",
        "12:34",
        "13:04",
        "13:34",
        "14:04",
        "14:34",
        "15:04",
        "15:34",
        "16:04",
        "16:52",
        "17:18",
        "17:55",
        "18:10",
        "18:50",
        "19:10",
        "19:50",
        "20:35",
        "22:10",
        "22:40"
    ],
    "saturday": [
        "6:50",
        "7:25",
        "7:55",
        "8:25",
        "8:55",
        "9:25",
        "9:55",
        "10:50",
        "11:50",
        "12:50",
        "13:50",
        "14:50",
        "15:50",
        "16:50",
        "17:50",
        "18:50",
        "20:00",
        "21:00",
        "22:00",
        "22:39"
    ],
    "holiday": [
        "6:50",
        "7:50",
        "8:50",
        "9:50",
        "10:50",
        "11:50",
        "12:50",
        "13:50",
        "14:50",
        "15:50",
        "16:50",
        "17:50",
        "18:50",
        "20:00",
        "21:00",
        "22:00",
        "22:39"
    ],
    "url": "https://www.kanachu.co.jp/dia/diagram/timetable01_js/course:0000801249-17/node:00126926/kt:0/lname:/"
}
