{
    "date": "2020/11/24",
    "name": "小雀",
    "position": "-",
    "system": "船22",
    "destinations": [
        "神社前(横浜市栄区)",
        "千秀小学校前",
        "青少年センター前(横浜市栄区)",
        "常勝寺(横浜市栄区)",
        "田谷(横浜市栄区)",
        "小蓋山",
        "宮ノ前(横浜市栄区)",
        "長尾台(横浜市栄区)",
        "坂本(鎌倉市)",
        "大船駅西口"
    ],
    "weekday": [
        "6:18",
        "8:00",
        "8:20",
        "9:05",
        "9:35",
        "10:05",
        "10:35",
        "11:05",
        "11:35",
        "12:05",
        "12:35",
        "13:05",
        "13:35",
        "14:05",
        "14:35",
        "15:05",
        "15:35",
        "16:05",
        "16:53",
        "17:19",
        "17:56",
        "18:11",
        "18:51",
        "19:11",
        "19:51",
        "20:36",
        "22:11",
        "22:41"
    ],
    "saturday": [
        "6:51",
        "7:26",
        "7:56",
        "8:26",
        "8:56",
        "9:26",
        "9:56",
        "10:51",
        "11:51",
        "12:51",
        "13:51",
        "14:51",
        "15:51",
        "16:51",
        "17:51",
        "18:51",
        "20:01",
        "21:01",
        "22:01",
        "22:40"
    ],
    "holiday": [
        "6:51",
        "7:51",
        "8:51",
        "9:51",
        "10:51",
        "11:51",
        "12:51",
        "13:51",
        "14:51",
        "15:51",
        "16:51",
        "17:51",
        "18:51",
        "20:01",
        "21:01",
        "22:01",
        "22:40"
    ],
    "url": "https://www.kanachu.co.jp/dia/diagram/timetable01_js/course:0000801249-18/node:00126925/kt:0/lname:/"
}
