{
    "date": "2020/11/24",
    "name": "青少年センター前(横浜市栄区)",
    "position": "-",
    "system": "船22",
    "destinations": [
        "常勝寺(横浜市栄区)",
        "田谷(横浜市栄区)",
        "小蓋山",
        "宮ノ前(横浜市栄区)",
        "長尾台(横浜市栄区)",
        "坂本(鎌倉市)",
        "大船駅西口"
    ],
    "weekday": [
        "6:21",
        "8:03",
        "8:23",
        "9:08",
        "9:38",
        "10:08",
        "10:38",
        "11:08",
        "11:38",
        "12:08",
        "12:38",
        "13:08",
        "13:38",
        "14:08",
        "14:38",
        "15:08",
        "15:38",
        "16:08",
        "16:56",
        "17:22",
        "17:59",
        "18:14",
        "18:54",
        "19:14",
        "19:54",
        "20:39",
        "22:14",
        "22:44"
    ],
    "saturday": [
        "6:54",
        "7:29",
        "7:59",
        "8:29",
        "8:59",
        "9:29",
        "9:59",
        "10:54",
        "11:54",
        "12:54",
        "13:54",
        "14:54",
        "15:54",
        "16:54",
        "17:54",
        "18:54",
        "20:04",
        "21:04",
        "22:04",
        "22:43"
    ],
    "holiday": [
        "6:54",
        "7:54",
        "8:54",
        "9:54",
        "10:54",
        "11:54",
        "12:54",
        "13:54",
        "14:54",
        "15:54",
        "16:54",
        "17:54",
        "18:54",
        "20:04",
        "21:04",
        "22:04",
        "22:43"
    ],
    "url": "https://www.kanachu.co.jp/dia/diagram/timetable01_js/course:0000801249-21/node:00126922/kt:0/lname:/"
}
