{
    "date": "2025/11/16",
    "name": "愛甲石田駅",
    "position": "-",
    "system": "愛16",
    "destinations": [
        "宮前(厚木市)",
        "堂山",
        "愛甲橋",
        "上愛甲",
        "愛甲郵便局前",
        "聖木",
        "籠堰橋",
        "広町橋",
        "小野宮前",
        "小野橋(厚木市)",
        "榎田",
        "若宮橋(厚木市)",
        "森の里センター",
        "厚木西高校",
        "森の里四丁目",
        "森の里五丁目",
        "森の里"
    ],
    "weekday": [
        "12:28",
        "13:28",
        "14:28",
        "14:58",
        "15:28",
        "15:58",
        "16:28",
        "16:48",
        "17:08",
        "17:38",
        "18:08",
        "18:38",
        "19:08",
        "19:38",
        "20:08",
        "20:38",
        "21:08",
        "22:08",
        "23:06"
    ],
    "saturday": [
        "7:15",
        "7:50",
        "8:15",
        "8:53",
        "9:25",
        "9:53",
        "10:55",
        "11:55",
        "12:55",
        "13:55",
        "14:55",
        "15:55",
        "16:55",
        "17:25",
        "18:25",
        "19:25"
    ],
    "holiday": [
        "7:15",
        "7:50",
        "8:15",
        "8:53",
        "9:25",
        "9:53",
        "10:55",
        "11:55",
        "12:55",
        "13:55",
        "14:55",
        "15:55",
        "16:55",
        "17:25",
        "18:25",
        "19:25"
    ],
    "url": "https://www.kanachu.co.jp/dia/diagram/timetable01_js/course:0000800360-1/node:00128496/kt:0/lname:/"
}
