{
    "date": "2025/11/16",
    "name": "堂山",
    "position": "-",
    "system": "愛16",
    "destinations": [
        "愛甲橋",
        "上愛甲",
        "愛甲郵便局前",
        "聖木",
        "籠堰橋",
        "広町橋",
        "小野宮前",
        "小野橋(厚木市)",
        "榎田",
        "若宮橋(厚木市)",
        "森の里センター",
        "厚木西高校",
        "森の里四丁目",
        "森の里五丁目",
        "森の里"
    ],
    "weekday": [
        "12:30",
        "13:30",
        "14:30",
        "15:00",
        "15:30",
        "16:00",
        "16:30",
        "16:50",
        "17:10",
        "17:40",
        "18:10",
        "18:40",
        "19:10",
        "19:40",
        "20:10",
        "20:40",
        "21:10",
        "22:10",
        "23:08"
    ],
    "saturday": [
        "7:17",
        "7:52",
        "8:17",
        "8:55",
        "9:27",
        "9:55",
        "10:57",
        "11:57",
        "12:57",
        "13:57",
        "14:57",
        "15:57",
        "16:57",
        "17:27",
        "18:27",
        "19:27"
    ],
    "holiday": [
        "7:17",
        "7:52",
        "8:17",
        "8:55",
        "9:27",
        "9:55",
        "10:57",
        "11:57",
        "12:57",
        "13:57",
        "14:57",
        "15:57",
        "16:57",
        "17:27",
        "18:27",
        "19:27"
    ],
    "url": "https://www.kanachu.co.jp/dia/diagram/timetable01_js/course:0000800360-3/node:00128529/kt:0/lname:/"
}
