{
    "date": "2025/11/16",
    "name": "愛甲橋",
    "position": "-",
    "system": "愛16",
    "destinations": [
        "上愛甲",
        "愛甲郵便局前",
        "聖木",
        "籠堰橋",
        "広町橋",
        "小野宮前",
        "小野橋(厚木市)",
        "榎田",
        "若宮橋(厚木市)",
        "森の里センター",
        "厚木西高校",
        "森の里四丁目",
        "森の里五丁目",
        "森の里"
    ],
    "weekday": [
        "12:31",
        "13:31",
        "14:31",
        "15:01",
        "15:31",
        "16:01",
        "16:31",
        "16:51",
        "17:11",
        "17:41",
        "18:11",
        "18:41",
        "19:11",
        "19:41",
        "20:11",
        "20:41",
        "21:11",
        "22:11",
        "23:09"
    ],
    "saturday": [
        "7:18",
        "7:53",
        "8:18",
        "8:56",
        "9:28",
        "9:56",
        "10:58",
        "11:58",
        "12:58",
        "13:58",
        "14:58",
        "15:58",
        "16:58",
        "17:28",
        "18:28",
        "19:28"
    ],
    "holiday": [
        "7:18",
        "7:53",
        "8:18",
        "8:56",
        "9:28",
        "9:56",
        "10:58",
        "11:58",
        "12:58",
        "13:58",
        "14:58",
        "15:58",
        "16:58",
        "17:28",
        "18:28",
        "19:28"
    ],
    "url": "https://www.kanachu.co.jp/dia/diagram/timetable01_js/course:0000800360-4/node:00128528/kt:0/lname:/"
}
