{
    "date": "2025/11/16",
    "name": "広町橋",
    "position": "-",
    "system": "愛16",
    "destinations": [
        "小野宮前",
        "小野橋(厚木市)",
        "榎田",
        "若宮橋(厚木市)",
        "森の里センター",
        "厚木西高校",
        "森の里四丁目",
        "森の里五丁目",
        "森の里"
    ],
    "weekday": [
        "12:35",
        "13:35",
        "14:35",
        "15:05",
        "15:35",
        "16:05",
        "16:35",
        "16:55",
        "17:15",
        "17:45",
        "18:15",
        "18:45",
        "19:15",
        "19:45",
        "20:15",
        "20:45",
        "21:15",
        "22:15",
        "23:13"
    ],
    "saturday": [
        "7:22",
        "7:57",
        "8:22",
        "9:00",
        "9:32",
        "10:00",
        "11:02",
        "12:02",
        "13:02",
        "14:02",
        "15:02",
        "16:02",
        "17:02",
        "17:32",
        "18:32",
        "19:32"
    ],
    "holiday": [
        "7:22",
        "7:57",
        "8:22",
        "9:00",
        "9:32",
        "10:00",
        "11:02",
        "12:02",
        "13:02",
        "14:02",
        "15:02",
        "16:02",
        "17:02",
        "17:32",
        "18:32",
        "19:32"
    ],
    "url": "https://www.kanachu.co.jp/dia/diagram/timetable01_js/course:0000800360-9/node:00128498/kt:0/lname:/"
}
