{
    "date": "2025/11/16",
    "name": "榎田",
    "position": "-",
    "system": "愛16",
    "destinations": [
        "若宮橋(厚木市)",
        "森の里センター",
        "厚木西高校",
        "森の里四丁目",
        "森の里五丁目",
        "森の里"
    ],
    "weekday": [
        "12:39",
        "13:39",
        "14:39",
        "15:09",
        "15:39",
        "16:09",
        "16:39",
        "16:59",
        "17:19",
        "17:49",
        "18:19",
        "18:49",
        "19:19",
        "19:49",
        "20:19",
        "20:49",
        "21:19",
        "22:19",
        "23:17"
    ],
    "saturday": [
        "7:25",
        "8:00",
        "8:25",
        "9:03",
        "9:35",
        "10:03",
        "11:05",
        "12:05",
        "13:05",
        "14:05",
        "15:05",
        "16:05",
        "17:05",
        "17:35",
        "18:35",
        "19:35"
    ],
    "holiday": [
        "7:25",
        "8:00",
        "8:25",
        "9:03",
        "9:35",
        "10:03",
        "11:05",
        "12:05",
        "13:05",
        "14:05",
        "15:05",
        "16:05",
        "17:05",
        "17:35",
        "18:35",
        "19:35"
    ],
    "url": "https://www.kanachu.co.jp/dia/diagram/timetable01_js/course:0000800360-12/node:00128517/kt:0/lname:/"
}
