{
    "date": "2025/11/16",
    "name": "森の里センター",
    "position": "-",
    "system": "愛16",
    "destinations": [
        "厚木西高校",
        "森の里四丁目",
        "森の里五丁目",
        "森の里"
    ],
    "weekday": [
        "12:41",
        "13:41",
        "14:41",
        "15:11",
        "15:41",
        "16:11",
        "16:41",
        "17:01",
        "17:21",
        "17:51",
        "18:21",
        "18:51",
        "19:21",
        "19:51",
        "20:21",
        "20:51",
        "21:21",
        "22:21",
        "23:19"
    ],
    "saturday": [
        "7:27",
        "8:02",
        "8:27",
        "9:05",
        "9:37",
        "10:05",
        "11:07",
        "12:07",
        "13:07",
        "14:07",
        "15:07",
        "16:07",
        "17:07",
        "17:37",
        "18:37",
        "19:37"
    ],
    "holiday": [
        "7:27",
        "8:02",
        "8:27",
        "9:05",
        "9:37",
        "10:05",
        "11:07",
        "12:07",
        "13:07",
        "14:07",
        "15:07",
        "16:07",
        "17:07",
        "17:37",
        "18:37",
        "19:37"
    ],
    "url": "https://www.kanachu.co.jp/dia/diagram/timetable01_js/course:0000800360-14/node:00128662/kt:0/lname:/"
}
