{
    "date": "2025/11/16",
    "name": "厚木西高校",
    "position": "-",
    "system": "愛16",
    "destinations": [
        "森の里四丁目",
        "森の里五丁目",
        "森の里"
    ],
    "weekday": [
        "12:42",
        "13:42",
        "14:42",
        "15:12",
        "15:42",
        "16:12",
        "16:42",
        "17:02",
        "17:22",
        "17:52",
        "18:22",
        "18:52",
        "19:22",
        "19:52",
        "20:22",
        "20:52",
        "21:22",
        "22:22",
        "23:20"
    ],
    "saturday": [
        "7:28",
        "8:03",
        "8:28",
        "9:06",
        "9:38",
        "10:06",
        "11:08",
        "12:08",
        "13:08",
        "14:08",
        "15:08",
        "16:08",
        "17:08",
        "17:38",
        "18:38",
        "19:38"
    ],
    "holiday": [
        "7:28",
        "8:03",
        "8:28",
        "9:06",
        "9:38",
        "10:06",
        "11:08",
        "12:08",
        "13:08",
        "14:08",
        "15:08",
        "16:08",
        "17:08",
        "17:38",
        "18:38",
        "19:38"
    ],
    "url": "https://www.kanachu.co.jp/dia/diagram/timetable01_js/course:0000800360-15/node:00128663/kt:0/lname:/"
}
