{
    "date": "2025/11/16",
    "name": "森の里五丁目",
    "position": "-",
    "system": "愛16",
    "destinations": [
        "森の里"
    ],
    "weekday": [
        "12:44",
        "13:44",
        "14:44",
        "15:14",
        "15:44",
        "16:14",
        "16:44",
        "17:04",
        "17:24",
        "17:54",
        "18:24",
        "18:54",
        "19:24",
        "19:54",
        "20:24",
        "20:54",
        "21:24",
        "22:24",
        "23:22"
    ],
    "saturday": [
        "7:30",
        "8:05",
        "8:30",
        "9:08",
        "9:40",
        "10:08",
        "11:10",
        "12:10",
        "13:10",
        "14:10",
        "15:10",
        "16:10",
        "17:10",
        "17:40",
        "18:40",
        "19:40"
    ],
    "holiday": [
        "7:30",
        "8:05",
        "8:30",
        "9:08",
        "9:40",
        "10:08",
        "11:10",
        "12:10",
        "13:10",
        "14:10",
        "15:10",
        "16:10",
        "17:10",
        "17:40",
        "18:40",
        "19:40"
    ],
    "url": "https://www.kanachu.co.jp/dia/diagram/timetable01_js/course:0000800360-17/node:00128666/kt:0/lname:/"
}
