{
  "date": "2025/04/01",
  "name": "町田バスセンター",
  "position": "14番のりば",
  "system": "町39",
  "destinations": [
    "町田市役所市民ホール前",
    "第四小学校前(町田市)",
    "森野三丁目",
    "市民病院前(町田市)",
    "浄水場前(町田市)",
    "滝の沢(町田市)",
    "木曽住宅",
    "三家(町田市)",
    "木曽(町田市)",
    "忠生公園入口",
    "上宿(町田市)",
    "下根岸(町田市)",
    "根岸(根岸町/町田市)",
    "忠生都営住宅前",
    "桜美林学園東",
    "尾根緑道入口",
    "市立室内プール",
    "日大三高入口",
    "日影橋",
    "図師大橋",
    "図師",
    "並木(町田市)",
    "神学校(町田市)",
    "野津田車庫"
  ],
  "weekday": [
    "7:59",
    "8:27",
    "8:42",
    "9:01",
    "9:25",
    "10:10",
    "11:00",
    "11:58",
    "12:08",
    "12:45",
    "13:22",
    "14:24",
    "15:06",
    "15:58",
    "17:00",
    "17:55",
    "18:48",
    "19:50",
    "20:28"
  ],
  "saturday": [
    "8:30",
    "9:20",
    "10:20",
    "11:05",
    "11:50",
    "12:40",
    "13:35",
    "14:20",
    "15:20",
    "16:25",
    "17:25",
    "18:25",
    "19:25",
    "20:25"
  ],
  "holiday": [
    "8:35",
    "9:20",
    "10:20",
    "11:05",
    "11:50",
    "12:40",
    "13:07",
    "13:40",
    "14:20",
    "15:17",
    "16:35",
    "17:35",
    "18:25",
    "19:25",
    "20:25"
  ],
  "url": "https://www.kanachu.co.jp/dia/diagram/timetable01_js/course:0000802468-1/node:00025625/kt:1/lname:/dts:1740679200"
}