{
  "date": "-",
  "name": "上宿(町田市)",
  "position": "-",
  "system": "町39",
  "destinations": [
    "下根岸(町田市)",
    "根岸(根岸町/町田市)",
    "忠生都営住宅前",
    "桜美林学園東",
    "尾根緑道入口",
    "市立室内プール",
    "日大三高入口",
    "日影橋",
    "図師大橋",
    "図師",
    "並木(町田市)",
    "神学校(町田市)",
    "野津田車庫"
  ],
  "weekday": [],
  "saturday": [],
  "holiday": [],
  "url": "https://www.kanachu.co.jp/dia/diagram/timetable01_js/course:0000802468-13/node:00129365/kt:0/lname:/"
}