{
    "date": "2025/07/12",
    "name": "本町消防出張所前",
    "position": "-",
    "system": "藤66",
    "destinations": [
        "藤沢公民館前",
        "遊行寺前",
        "遊行通り四丁目",
        "藤沢駅北口"
    ],
    "weekday": [
        "8:52",
        "9:48",
        "11:33"
    ],
    "saturday": [],
    "holiday": [],
    "url": "https://www.kanachu.co.jp/dia/diagram/timetable01_js/course:0000803643-12/node:00127011/kt:0/lname:/"
}
