{
    "date": "2025/11/16",
    "name": "平塚大橋",
    "position": "-",
    "system": "平29",
    "destinations": [
        "上平塚",
        "桜ヶ丘",
        "桜ヶ丘公園(平塚市)",
        "古花水",
        "柳町(平塚市)",
        "豊田道",
        "八間通り",
        "平塚文化芸術ホール前",
        "銀座通り(平塚市)",
        "平塚駅北口"
    ],
    "weekday": [
        "5:35",
        "5:50",
        "6:00",
        "6:10",
        "6:18",
        "6:26",
        "6:34",
        "6:42",
        "6:50",
        "6:58",
        "7:07",
        "7:15",
        "7:23",
        "7:31",
        "7:39",
        "7:48",
        "7:58",
        "8:21",
        "8:33",
        "8:45",
        "8:57",
        "9:40",
        "10:22",
        "10:40",
        "11:28",
        "12:28",
        "13:28",
        "14:28",
        "15:28",
        "16:35",
        "17:19",
        "17:37",
        "18:19",
        "18:43",
        "18:54",
        "19:19",
        "19:43",
        "20:14",
        "21:14",
        "22:59"
    ],
    "saturday": [
        "5:50",
        "6:05",
        "6:20",
        "6:40",
        "7:00",
        "7:15",
        "7:30",
        "7:45",
        "8:00",
        "8:15",
        "8:30",
        "8:45",
        "9:15",
        "9:30",
        "9:45",
        "10:23",
        "10:43",
        "11:23",
        "12:23",
        "13:23",
        "14:23",
        "15:23",
        "16:23",
        "17:23",
        "18:23",
        "18:53",
        "19:30",
        "20:30",
        "21:25"
    ],
    "holiday": [
        "6:05",
        "6:30",
        "6:55",
        "7:20",
        "7:40",
        "8:00",
        "8:20",
        "8:40",
        "9:20",
        "9:40",
        "10:23",
        "10:43",
        "11:23",
        "12:23",
        "13:23",
        "14:23",
        "15:23",
        "16:23",
        "17:23",
        "18:23",
        "18:53",
        "19:30",
        "20:30",
        "21:25"
    ],
    "url": "https://www.kanachu.co.jp/dia/diagram/timetable01_js/course:0000800238-8/node:00127698/kt:0/lname:/"
}
