{
    "date": "2025/05/11",
    "name": "山手学院入口",
    "position": "-",
    "system": "船07",
    "destinations": [
        "本郷車庫前(横浜市栄区)",
        "紅葉橋(横浜市栄区)",
        "光明寺(横浜市栄区)",
        "中島(横浜市栄区)",
        "西ヶ谷入口",
        "西ヶ谷",
        "上郷ネオポリス",
        "栄プール"
    ],
    "weekday": [
        "9:07"
    ],
    "saturday": [
        "9:47"
    ],
    "holiday": [
        "9:47"
    ],
    "url": "https://www.kanachu.co.jp/dia/diagram/timetable01_js/course:0000803009-16/node:00126513/kt:0/lname:/"
}
