{
    "date": "2026/01/16",
    "name": "横内公民館入口",
    "position": "-",
    "system": "伊82",
    "destinations": [
        "横内四ツ角",
        "横内上",
        "枝大島入口",
        "下小稲葉",
        "小稲葉",
        "沖小稲葉",
        "下谷(伊勢原市)",
        "大田小学校前",
        "沼目",
        "つきみの団地",
        "西沼目",
        "藤田電機前(伊勢原市)",
        "三福寺前",
        "下宿(伊勢原市)",
        "伊勢原駅南口"
    ],
    "weekday": [
        "5:49",
        "6:19",
        "7:03"
    ],
    "saturday": [
        "6:27",
        "7:07"
    ],
    "holiday": [
        "7:07"
    ],
    "url": "https://www.kanachu.co.jp/dia/diagram/timetable01_js/course:0000804037-5/node:00127615/kt:0/lname:/"
}
