{
    "date": "2026/01/16",
    "name": "横内四ツ角",
    "position": "-",
    "system": "伊82",
    "destinations": [
        "横内上",
        "枝大島入口",
        "下小稲葉",
        "小稲葉",
        "沖小稲葉",
        "下谷(伊勢原市)",
        "大田小学校前",
        "沼目",
        "つきみの団地",
        "西沼目",
        "藤田電機前(伊勢原市)",
        "三福寺前",
        "下宿(伊勢原市)",
        "伊勢原駅南口"
    ],
    "weekday": [
        "5:50",
        "6:20",
        "7:04"
    ],
    "saturday": [
        "6:28",
        "7:08"
    ],
    "holiday": [
        "7:08"
    ],
    "url": "https://www.kanachu.co.jp/dia/diagram/timetable01_js/course:0000804037-6/node:00127616/kt:0/lname:/"
}
