{
    "date": "2026/01/16",
    "name": "小稲葉",
    "position": "-",
    "system": "伊82",
    "destinations": [
        "沖小稲葉",
        "下谷(伊勢原市)",
        "大田小学校前",
        "沼目",
        "つきみの団地",
        "西沼目",
        "藤田電機前(伊勢原市)",
        "三福寺前",
        "下宿(伊勢原市)",
        "伊勢原駅南口"
    ],
    "weekday": [
        "5:55",
        "6:25",
        "7:10"
    ],
    "saturday": [
        "6:33",
        "7:13"
    ],
    "holiday": [
        "7:13"
    ],
    "url": "https://www.kanachu.co.jp/dia/diagram/timetable01_js/course:0000804037-10/node:00128120/kt:0/lname:/"
}
