{
    "date": "2024/03/16",
    "name": "中島(横浜市栄区)",
    "position": "-",
    "system": "港36",
    "destinations": [
        "光明寺(横浜市栄区)",
        "紅葉橋(横浜市栄区)",
        "本郷車庫前(横浜市栄区)",
        "山手学院入口",
        "稲荷森",
        "中野町",
        "元大橋",
        "若竹町(横浜市栄区)",
        "元大橋公園前",
        "港南台西公園",
        "横浜女子短期大学前",
        "港南台駅"
    ],
    "weekday": [
        "8:28",
        "8:54",
        "10:01",
        "10:13",
        "10:45",
        "11:13",
        "11:43",
        "12:43",
        "13:26",
        "13:56",
        "14:28",
        "14:56",
        "15:56",
        "16:25",
        "16:59",
        "17:26",
        "17:48",
        "18:08",
        "18:28",
        "18:48",
        "19:08",
        "19:28",
        "19:48",
        "20:08"
    ],
    "saturday": [
        "6:18",
        "7:10",
        "7:49",
        "8:17",
        "8:45",
        "9:14",
        "10:13",
        "10:48",
        "11:20",
        "12:35",
        "13:23",
        "14:03",
        "14:43",
        "16:03",
        "16:43",
        "17:23",
        "18:03",
        "18:43",
        "19:23"
    ],
    "holiday": [
        "6:18",
        "7:10",
        "7:49",
        "8:17",
        "8:45",
        "9:14",
        "10:13",
        "10:48",
        "11:20",
        "12:35",
        "13:23",
        "14:03",
        "14:43",
        "16:03",
        "16:43",
        "17:23",
        "18:03",
        "18:43",
        "19:23"
    ],
    "url": "https://www.kanachu.co.jp/dia/diagram/timetable01_js/course:0000800907-4/node:00126516/kt:0/lname:/"
}
