{
    "date": "2024/03/16",
    "name": "光明寺(横浜市栄区)",
    "position": "-",
    "system": "港36",
    "destinations": [
        "紅葉橋(横浜市栄区)",
        "本郷車庫前(横浜市栄区)",
        "山手学院入口",
        "稲荷森",
        "中野町",
        "元大橋",
        "若竹町(横浜市栄区)",
        "元大橋公園前",
        "港南台西公園",
        "横浜女子短期大学前",
        "港南台駅"
    ],
    "weekday": [
        "8:30",
        "8:56",
        "10:02",
        "10:14",
        "10:46",
        "11:14",
        "11:44",
        "12:44",
        "13:27",
        "13:57",
        "14:29",
        "14:57",
        "15:57",
        "16:26",
        "17:00",
        "17:27",
        "17:49",
        "18:09",
        "18:29",
        "18:49",
        "19:09",
        "19:29",
        "19:49",
        "20:09"
    ],
    "saturday": [
        "6:19",
        "7:11",
        "7:50",
        "8:18",
        "8:46",
        "9:15",
        "10:14",
        "10:49",
        "11:21",
        "12:36",
        "13:24",
        "14:04",
        "14:44",
        "16:04",
        "16:44",
        "17:24",
        "18:04",
        "18:44",
        "19:24"
    ],
    "holiday": [
        "6:19",
        "7:11",
        "7:50",
        "8:18",
        "8:46",
        "9:15",
        "10:14",
        "10:49",
        "11:21",
        "12:36",
        "13:24",
        "14:04",
        "14:44",
        "16:04",
        "16:44",
        "17:24",
        "18:04",
        "18:44",
        "19:24"
    ],
    "url": "https://www.kanachu.co.jp/dia/diagram/timetable01_js/course:0000800907-5/node:00126515/kt:0/lname:/"
}
