{
    "date": "2024/03/16",
    "name": "本郷車庫前(横浜市栄区)",
    "position": "-",
    "system": "港36",
    "destinations": [
        "山手学院入口",
        "稲荷森",
        "中野町",
        "元大橋",
        "若竹町(横浜市栄区)",
        "元大橋公園前",
        "港南台西公園",
        "横浜女子短期大学前",
        "港南台駅"
    ],
    "weekday": [
        "8:32",
        "8:58",
        "10:04",
        "10:16",
        "10:48",
        "11:16",
        "11:46",
        "12:46",
        "13:29",
        "13:59",
        "14:31",
        "14:59",
        "15:59",
        "16:28",
        "17:02",
        "17:29",
        "17:51",
        "18:11",
        "18:31",
        "18:51",
        "19:11",
        "19:31",
        "19:51",
        "20:11"
    ],
    "saturday": [
        "6:21",
        "7:13",
        "7:52",
        "8:20",
        "8:48",
        "9:17",
        "10:17",
        "10:52",
        "11:24",
        "12:39",
        "13:27",
        "14:07",
        "14:47",
        "16:07",
        "16:47",
        "17:27",
        "18:07",
        "18:47",
        "19:26"
    ],
    "holiday": [
        "6:21",
        "7:13",
        "7:52",
        "8:20",
        "8:48",
        "9:17",
        "10:17",
        "10:52",
        "11:24",
        "12:39",
        "13:27",
        "14:07",
        "14:47",
        "16:07",
        "16:47",
        "17:27",
        "18:07",
        "18:47",
        "19:26"
    ],
    "url": "https://www.kanachu.co.jp/dia/diagram/timetable01_js/course:0000800907-7/node:00025683/kt:0/lname:/"
}
