{
    "date": "2024/03/16",
    "name": "稲荷森",
    "position": "-",
    "system": "港36",
    "destinations": [
        "中野町",
        "元大橋",
        "若竹町(横浜市栄区)",
        "元大橋公園前",
        "港南台西公園",
        "横浜女子短期大学前",
        "港南台駅"
    ],
    "weekday": [
        "8:34",
        "9:00",
        "10:06",
        "10:18",
        "10:50",
        "11:18",
        "11:48",
        "12:48",
        "13:31",
        "14:01",
        "14:33",
        "15:01",
        "16:01",
        "16:30",
        "17:04",
        "17:31",
        "17:53",
        "18:13",
        "18:33",
        "18:53",
        "19:13",
        "19:33",
        "19:53",
        "20:13"
    ],
    "saturday": [
        "6:23",
        "7:15",
        "7:54",
        "8:22",
        "8:50",
        "9:19",
        "10:19",
        "10:54",
        "11:26",
        "12:41",
        "13:29",
        "14:09",
        "14:49",
        "16:09",
        "16:49",
        "17:29",
        "18:09",
        "18:49",
        "19:28"
    ],
    "holiday": [
        "6:23",
        "7:15",
        "7:54",
        "8:22",
        "8:50",
        "9:19",
        "10:19",
        "10:54",
        "11:26",
        "12:41",
        "13:29",
        "14:09",
        "14:49",
        "16:09",
        "16:49",
        "17:29",
        "18:09",
        "18:49",
        "19:28"
    ],
    "url": "https://www.kanachu.co.jp/dia/diagram/timetable01_js/course:0000800907-9/node:00126512/kt:0/lname:/"
}
