{
    "date": "2024/03/16",
    "name": "三家(町田市)",
    "position": "",
    "system": "町30",
    "destinations": [
        "木曽(町田市)",
        "忠生公園入口",
        "上宿(町田市)",
        "下根岸(町田市)",
        "根岸(根岸町/町田市)",
        "忠生都営住宅前",
        "矢部",
        "下常盤",
        "中常盤",
        "常盤(町田市)",
        "下馬場",
        "馬場十字路",
        "中村不動入口",
        "小山郵便局前",
        "小山小学校前(町田市)",
        "横土手",
        "御嶽堂",
        "片所",
        "坂本橋(町田市)",
        "田端(町田市)",
        "堂の前(町田市)",
        "三ツ目(町田市)",
        "久保ヶ谷戸",
        "寿橋",
        "寿町(相模原市緑区)",
        "旭農協前",
        "橋本駅北口"
    ],
    "weekday": [
        "9:24",
        "9:44",
        "10:22",
        "10:42",
        "11:22",
        "11:42",
        "12:22",
        "12:42",
        "13:22",
        "13:42",
        "14:22",
        "14:42",
        "15:26",
        "15:46",
        "16:26",
        "16:46",
        "17:28",
        "17:48",
        "18:28",
        "18:48",
        "19:24",
        "19:44",
        "20:20"
    ],
    "saturday": [
        "9:20",
        "9:40",
        "10:20",
        "10:40",
        "11:20",
        "11:40",
        "12:20",
        "12:40",
        "13:20",
        "13:40",
        "14:22",
        "14:42",
        "15:26",
        "15:46",
        "16:26",
        "16:46",
        "17:26",
        "17:46",
        "18:31",
        "19:31",
        "20:30"
    ],
    "holiday": [
        "9:20",
        "9:40",
        "10:00",
        "10:20",
        "10:40",
        "11:20",
        "11:40",
        "12:20",
        "12:40",
        "13:20",
        "13:40",
        "14:22",
        "14:42",
        "15:34",
        "16:32",
        "17:41",
        "18:31",
        "19:31",
        "20:30",
        "21:00"
    ],
    "url": "https://www.kanachu.co.jp/dia/diagram/timetable01_js/course:0000802018-10/node:00129363/kt:0/lname:/"
}
