{
    "date": "2026/01/16",
    "name": "北警察署前(藤沢市)",
    "position": "-",
    "system": "湘20",
    "destinations": [
        "加温処理場前",
        "大山(藤沢市)",
        "大下(藤沢市)",
        "六地蔵(藤沢市)",
        "仲之桜",
        "笹久保(藤沢市)",
        "菖蒲沢(藤沢市)",
        "西菖蒲沢",
        "御所見中学校前",
        "御所見市民センター前",
        "用田(藤沢市)",
        "用田辻",
        "用田神社入口",
        "松葉(藤沢市)",
        "女坂",
        "山根(綾瀬市)",
        "吉岡芝原",
        "綾瀬車庫(綾瀬市)"
    ],
    "weekday": [
        "7:32",
        "8:32",
        "9:32",
        "10:32",
        "11:32",
        "12:02",
        "12:47",
        "13:32",
        "14:02",
        "14:52",
        "15:27",
        "15:57",
        "16:27",
        "17:02",
        "17:32",
        "18:02",
        "18:37",
        "19:02",
        "19:32",
        "20:02",
        "20:32",
        "21:02",
        "21:32",
        "22:22"
    ],
    "saturday": [
        "7:32",
        "8:22",
        "9:42",
        "10:37",
        "11:02",
        "11:37",
        "12:02",
        "13:02",
        "13:27",
        "14:02",
        "14:27",
        "15:02",
        "15:27",
        "15:57",
        "16:27",
        "17:02",
        "17:27",
        "18:02",
        "18:27",
        "19:02",
        "19:27",
        "20:02",
        "20:29",
        "21:08"
    ],
    "holiday": [
        "7:32",
        "8:22",
        "9:42",
        "10:37",
        "11:02",
        "11:37",
        "12:02",
        "13:02",
        "13:27",
        "14:02",
        "14:27",
        "15:02",
        "15:27",
        "15:57",
        "16:27",
        "17:02",
        "17:27",
        "18:02",
        "18:27",
        "19:02",
        "19:27",
        "20:02",
        "20:29",
        "21:08"
    ],
    "url": "https://www.kanachu.co.jp/dia/diagram/timetable01_js/course:0000803980-3/node:00129895/kt:0/lname:/"
}
