{
    "date": "2026/01/16",
    "name": "大山(藤沢市)",
    "position": "-",
    "system": "湘20",
    "destinations": [
        "大下(藤沢市)",
        "六地蔵(藤沢市)",
        "仲之桜",
        "笹久保(藤沢市)",
        "菖蒲沢(藤沢市)",
        "西菖蒲沢",
        "御所見中学校前",
        "御所見市民センター前",
        "用田(藤沢市)",
        "用田辻",
        "用田神社入口",
        "松葉(藤沢市)",
        "女坂",
        "山根(綾瀬市)",
        "吉岡芝原",
        "綾瀬車庫(綾瀬市)"
    ],
    "weekday": [
        "7:34",
        "8:34",
        "9:34",
        "10:34",
        "11:34",
        "12:04",
        "12:49",
        "13:34",
        "14:04",
        "14:54",
        "15:29",
        "15:59",
        "16:29",
        "17:04",
        "17:34",
        "18:04",
        "18:39",
        "19:04",
        "19:34",
        "20:04",
        "20:34",
        "21:04",
        "21:34",
        "22:24"
    ],
    "saturday": [
        "7:34",
        "8:24",
        "9:44",
        "10:39",
        "11:04",
        "11:39",
        "12:04",
        "13:04",
        "13:29",
        "14:04",
        "14:29",
        "15:04",
        "15:29",
        "15:59",
        "16:29",
        "17:04",
        "17:29",
        "18:04",
        "18:29",
        "19:04",
        "19:29",
        "20:04",
        "20:31",
        "21:10"
    ],
    "holiday": [
        "7:34",
        "8:24",
        "9:44",
        "10:39",
        "11:04",
        "11:39",
        "12:04",
        "13:04",
        "13:29",
        "14:04",
        "14:29",
        "15:04",
        "15:29",
        "15:59",
        "16:29",
        "17:04",
        "17:29",
        "18:04",
        "18:29",
        "19:04",
        "19:29",
        "20:04",
        "20:31",
        "21:10"
    ],
    "url": "https://www.kanachu.co.jp/dia/diagram/timetable01_js/course:0000803980-5/node:00129911/kt:0/lname:/"
}
