{
    "date": "2026/01/16",
    "name": "西菖蒲沢",
    "position": "-",
    "system": "湘20",
    "destinations": [
        "御所見中学校前",
        "御所見市民センター前",
        "用田(藤沢市)",
        "用田辻",
        "用田神社入口",
        "松葉(藤沢市)",
        "女坂",
        "山根(綾瀬市)",
        "吉岡芝原",
        "綾瀬車庫(綾瀬市)"
    ],
    "weekday": [
        "7:40",
        "8:40",
        "9:40",
        "10:40",
        "11:40",
        "12:10",
        "12:55",
        "13:40",
        "14:10",
        "15:00",
        "15:35",
        "16:05",
        "16:35",
        "17:10",
        "17:40",
        "18:10",
        "18:45",
        "19:10",
        "19:40",
        "20:10",
        "20:40",
        "21:10",
        "21:40",
        "22:30"
    ],
    "saturday": [
        "7:40",
        "8:30",
        "9:50",
        "10:45",
        "11:10",
        "11:45",
        "12:10",
        "13:10",
        "13:35",
        "14:10",
        "14:35",
        "15:10",
        "15:35",
        "16:05",
        "16:35",
        "17:10",
        "17:35",
        "18:10",
        "18:35",
        "19:10",
        "19:35",
        "20:10",
        "20:37",
        "21:16"
    ],
    "holiday": [
        "7:40",
        "8:30",
        "9:50",
        "10:45",
        "11:10",
        "11:45",
        "12:10",
        "13:10",
        "13:35",
        "14:10",
        "14:35",
        "15:10",
        "15:35",
        "16:05",
        "16:35",
        "17:10",
        "17:35",
        "18:10",
        "18:35",
        "19:10",
        "19:35",
        "20:10",
        "20:37",
        "21:16"
    ],
    "url": "https://www.kanachu.co.jp/dia/diagram/timetable01_js/course:0000803980-11/node:00129917/kt:0/lname:/"
}
