{
    "date": "2025/07/27",
    "name": "橘団地",
    "position": "-",
    "system": "二38",
    "destinations": [
        "橘団地中央",
        "インター入口",
        "南3号前",
        "南5号前",
        "四ツ谷(中郡二宮町)",
        "中里(中郡二宮町)",
        "中島(中郡二宮町)",
        "堂面(中郡二宮町)",
        "元町(中郡二宮町)",
        "二宮駅北口"
    ],
    "weekday": [
        "8:15",
        "8:55",
        "9:34",
        "10:29",
        "11:24",
        "12:24",
        "13:24",
        "14:24",
        "15:20",
        "16:04",
        "16:49",
        "17:34",
        "18:12"
    ],
    "saturday": [
        "9:16",
        "10:09",
        "11:39",
        "12:16",
        "13:09",
        "14:39",
        "15:16",
        "16:09",
        "17:41"
    ],
    "holiday": [
        "9:16",
        "10:09",
        "11:39",
        "12:16",
        "13:09",
        "14:39",
        "15:16",
        "16:09",
        "17:41"
    ],
    "url": "https://www.kanachu.co.jp/dia/diagram/timetable01_js/course:0000802557-1/node:00127813/kt:0/lname:/"
}
