{
    "date": "2025/07/27",
    "name": "橘団地中央",
    "position": "-",
    "system": "二38",
    "destinations": [
        "インター入口",
        "南3号前",
        "南5号前",
        "四ツ谷(中郡二宮町)",
        "中里(中郡二宮町)",
        "中島(中郡二宮町)",
        "堂面(中郡二宮町)",
        "元町(中郡二宮町)",
        "二宮駅北口"
    ],
    "weekday": [
        "8:16",
        "8:56",
        "9:35",
        "10:30",
        "11:25",
        "12:25",
        "13:25",
        "14:25",
        "15:21",
        "16:05",
        "16:50",
        "17:35",
        "18:13"
    ],
    "saturday": [
        "9:17",
        "10:10",
        "11:40",
        "12:17",
        "13:10",
        "14:40",
        "15:17",
        "16:10",
        "17:42"
    ],
    "holiday": [
        "9:17",
        "10:10",
        "11:40",
        "12:17",
        "13:10",
        "14:40",
        "15:17",
        "16:10",
        "17:42"
    ],
    "url": "https://www.kanachu.co.jp/dia/diagram/timetable01_js/course:0000802557-2/node:00127812/kt:0/lname:/"
}
