{
    "date": "2025/04/19",
    "name": "千代田(相模原市中央区)",
    "position": "-",
    "system": "淵34",
    "destinations": [
        "光が丘(相模原市中央区)",
        "上溝保育園前",
        "上溝団地",
        "光が丘三丁目(相模原市中央区)",
        "光が丘大通り",
        "光が丘小学校前",
        "光が丘一丁目(相模原市中央区)",
        "千代田(相模原市中央区)",
        "栄公園前",
        "弥栄(相模原市中央区)",
        "淵野辺十字路",
        "淵野辺駅入口",
        "淵野辺駅南口"
    ],
    "weekday": [
        "12:27",
        "13:07",
        "13:47",
        "14:27",
        "15:07",
        "15:47",
        "16:32",
        "16:52",
        "17:12",
        "17:32",
        "17:52",
        "18:12",
        "18:32",
        "18:52",
        "19:32",
        "19:52",
        "20:12",
        "20:42",
        "21:17",
        "21:52",
        "22:32"
    ],
    "saturday": [
        "12:27",
        "13:07",
        "13:47",
        "14:27",
        "15:07",
        "15:47",
        "16:27",
        "17:07",
        "17:47",
        "18:07",
        "18:47",
        "19:27",
        "20:02",
        "21:17",
        "21:52"
    ],
    "holiday": [
        "12:27",
        "13:05",
        "13:47",
        "14:27",
        "15:07",
        "15:47",
        "16:27",
        "17:07",
        "17:47",
        "18:07",
        "18:47",
        "19:27",
        "20:02",
        "20:42"
    ],
    "url": "https://www.kanachu.co.jp/dia/diagram/timetable01_js/course:0000802385-6/node:00129195/kt:0/lname:/"
}
