{
    "date": "2025/04/19",
    "name": "光が丘(相模原市中央区)",
    "position": "-",
    "system": "淵34",
    "destinations": [
        "上溝保育園前",
        "上溝団地",
        "光が丘三丁目(相模原市中央区)",
        "光が丘大通り",
        "光が丘小学校前",
        "光が丘一丁目(相模原市中央区)",
        "千代田(相模原市中央区)",
        "栄公園前",
        "弥栄(相模原市中央区)",
        "淵野辺十字路",
        "淵野辺駅入口",
        "淵野辺駅南口"
    ],
    "weekday": [
        "12:28",
        "13:08",
        "13:48",
        "14:28",
        "15:08",
        "15:48",
        "16:33",
        "16:53",
        "17:13",
        "17:33",
        "17:53",
        "18:13",
        "18:33",
        "18:53",
        "19:33",
        "19:53",
        "20:13",
        "20:43",
        "21:18",
        "21:53",
        "22:33"
    ],
    "saturday": [
        "12:28",
        "13:08",
        "13:48",
        "14:28",
        "15:08",
        "15:48",
        "16:28",
        "17:08",
        "17:48",
        "18:08",
        "18:48",
        "19:28",
        "20:03",
        "21:18",
        "21:53"
    ],
    "holiday": [
        "12:28",
        "13:06",
        "13:48",
        "14:28",
        "15:08",
        "15:48",
        "16:28",
        "17:08",
        "17:48",
        "18:08",
        "18:48",
        "19:28",
        "20:03",
        "20:43"
    ],
    "url": "https://www.kanachu.co.jp/dia/diagram/timetable01_js/course:0000802385-7/node:00129231/kt:0/lname:/"
}
