{
    "date": "2025/04/19",
    "name": "上溝保育園前",
    "position": "-",
    "system": "淵34",
    "destinations": [
        "上溝団地",
        "光が丘三丁目(相模原市中央区)",
        "光が丘大通り",
        "光が丘小学校前",
        "光が丘一丁目(相模原市中央区)",
        "千代田(相模原市中央区)",
        "栄公園前",
        "弥栄(相模原市中央区)",
        "淵野辺十字路",
        "淵野辺駅入口",
        "淵野辺駅南口"
    ],
    "weekday": [
        "12:29",
        "13:09",
        "13:49",
        "14:29",
        "15:09",
        "15:49",
        "16:34",
        "16:54",
        "17:14",
        "17:34",
        "17:54",
        "18:14",
        "18:34",
        "18:54",
        "19:34",
        "19:54",
        "20:14",
        "20:44",
        "21:19",
        "21:54",
        "22:34"
    ],
    "saturday": [
        "12:29",
        "13:09",
        "13:49",
        "14:29",
        "15:09",
        "15:49",
        "16:29",
        "17:09",
        "17:49",
        "18:09",
        "18:49",
        "19:29",
        "20:04",
        "21:19",
        "21:54"
    ],
    "holiday": [
        "12:29",
        "13:07",
        "13:49",
        "14:29",
        "15:09",
        "15:49",
        "16:29",
        "17:09",
        "17:49",
        "18:09",
        "18:49",
        "19:29",
        "20:04",
        "20:44"
    ],
    "url": "https://www.kanachu.co.jp/dia/diagram/timetable01_js/course:0000802385-8/node:00129114/kt:0/lname:/"
}
