{
    "date": "2025/07/12",
    "name": "2街区グラウンド前",
    "position": "-",
    "system": "善04",
    "destinations": [
        "マーケット前",
        "善行団地"
    ],
    "weekday": [
        "8:09",
        "8:34",
        "8:59",
        "9:24",
        "10:09",
        "10:53",
        "11:41",
        "12:29",
        "13:20",
        "14:08",
        "14:56",
        "15:44",
        "16:20",
        "16:44",
        "17:20",
        "17:44",
        "18:20",
        "18:44",
        "19:20",
        "19:44",
        "20:22"
    ],
    "saturday": [
        "8:09",
        "8:34",
        "8:59",
        "9:24",
        "10:08",
        "10:53",
        "11:41",
        "12:29",
        "13:20",
        "14:08",
        "14:56",
        "15:44",
        "16:20",
        "16:44",
        "17:20",
        "17:44",
        "18:20",
        "18:44",
        "19:20",
        "19:44",
        "20:22"
    ],
    "holiday": [
        "8:09",
        "8:34",
        "8:59",
        "9:24",
        "10:08",
        "10:53",
        "11:41",
        "12:29",
        "13:20",
        "14:08",
        "14:56",
        "15:44",
        "16:20",
        "16:44",
        "17:20",
        "17:44",
        "18:20",
        "18:44",
        "19:20",
        "19:44",
        "20:22"
    ],
    "url": "https://www.kanachu.co.jp/dia/diagram/timetable01_js/course:0000801275-5/node:00127120/kt:0/lname:/"
}
