{
    "date": "2026/01/16",
    "name": "串橋入口",
    "position": "-",
    "system": "伊59",
    "destinations": [
        "桜坂(伊勢原市)",
        "坪ノ内",
        "大住台",
        "谷戸岡",
        "笠窪",
        "鶴巻温泉駅"
    ],
    "weekday": [
        "6:10",
        "6:40",
        "7:05",
        "7:50",
        "8:36",
        "9:36",
        "10:36",
        "11:36",
        "12:36",
        "13:36",
        "14:36",
        "15:36",
        "16:36",
        "17:26",
        "17:58",
        "18:28",
        "19:28",
        "20:26"
    ],
    "saturday": [
        "7:15",
        "8:15",
        "9:15",
        "10:15",
        "11:15",
        "12:15",
        "13:15",
        "14:15",
        "15:15",
        "16:15",
        "17:15",
        "18:15",
        "19:14",
        "20:14"
    ],
    "holiday": [
        "7:15",
        "8:15",
        "9:15",
        "10:15",
        "11:15",
        "12:15",
        "13:15",
        "14:15",
        "15:15",
        "16:15",
        "17:15",
        "18:15",
        "19:14",
        "20:14"
    ],
    "url": "https://www.kanachu.co.jp/dia/diagram/timetable01_js/course:0000804057-9/node:00128135/kt:0/lname:/"
}
