{
    "date": "2026/01/16",
    "name": "慶応大学本館前",
    "position": "-",
    "system": "辻34",
    "destinations": [
        "慶応大学",
        "諸之木",
        "刈込(藤沢市)",
        "湘南ライフタウン",
        "滝の沢不動前",
        "滝の沢(藤沢市)",
        "駒寄",
        "二番構保健医療センター",
        "ライフタウン中央(藤沢市)",
        "大庭小学校",
        "小糸",
        "南センター前(藤沢市)",
        "西高校前(藤沢市)",
        "有藤",
        "大庭隧道",
        "城南一丁目",
        "羽鳥一丁目",
        "神台公園前",
        "辻堂駅北口"
    ],
    "weekday": [
        "15:19",
        "16:03",
        "16:45",
        "16:55",
        "17:05",
        "17:25",
        "17:45",
        "18:25",
        "19:50",
        "20:13",
        "21:13"
    ],
    "saturday": [],
    "holiday": [],
    "url": "https://www.kanachu.co.jp/dia/diagram/timetable01_js/course:0000804130-1/node:00129986/kt:0/lname:/"
}
