{
    "date": "2025/11/16",
    "name": "下宿(伊勢原市)",
    "position": "-",
    "system": "伊18",
    "destinations": [
        "伊勢原中学校前",
        "下大竹",
        "馬渡(伊勢原市)",
        "矢羽根",
        "城所入口",
        "大句",
        "岡崎城址入口",
        "王御住グランド前",
        "みどりヶ丘(平塚市)",
        "あいの坂",
        "丸島",
        "平塚西郵便局前",
        "片岡北",
        "片岡(平塚市)",
        "広川矢崎",
        "金旭中学校入口",
        "広川(平塚市)",
        "江東",
        "公所(平塚市)",
        "長久保(平塚市)",
        "湘南日向岡",
        "日向岡一丁目",
        "日向岡二丁目",
        "日向岡入口",
        "大町(平塚市)",
        "坂間",
        "高村団地入口",
        "勝原小学校前(平塚市)",
        "高村団地"
    ],
    "weekday": [
        "7:04",
        "7:41",
        "8:24",
        "8:59",
        "9:41",
        "10:41",
        "11:41",
        "12:41",
        "13:41",
        "14:41",
        "15:41",
        "16:41",
        "17:37",
        "18:11",
        "18:37",
        "19:11",
        "19:36",
        "20:26",
        "21:26"
    ],
    "saturday": [
        "7:01",
        "8:26",
        "9:51",
        "10:51",
        "11:51",
        "12:51",
        "13:51",
        "14:51",
        "15:51",
        "16:51",
        "17:51",
        "18:51",
        "19:52"
    ],
    "holiday": [
        "7:31",
        "8:26",
        "9:51",
        "10:51",
        "11:51",
        "12:51",
        "13:51",
        "14:51",
        "15:51",
        "16:51",
        "17:51",
        "18:51",
        "19:52"
    ],
    "url": "https://www.kanachu.co.jp/dia/diagram/timetable01_js/course:0000801101-2/node:00128057/kt:0/lname:/"
}
