{
    "date": "2025/11/16",
    "name": "下大竹",
    "position": "-",
    "system": "伊18",
    "destinations": [
        "馬渡(伊勢原市)",
        "矢羽根",
        "城所入口",
        "大句",
        "岡崎城址入口",
        "王御住グランド前",
        "みどりヶ丘(平塚市)",
        "あいの坂",
        "丸島",
        "平塚西郵便局前",
        "片岡北",
        "片岡(平塚市)",
        "広川矢崎",
        "金旭中学校入口",
        "広川(平塚市)",
        "江東",
        "公所(平塚市)",
        "長久保(平塚市)",
        "湘南日向岡",
        "日向岡一丁目",
        "日向岡二丁目",
        "日向岡入口",
        "大町(平塚市)",
        "坂間",
        "高村団地入口",
        "勝原小学校前(平塚市)",
        "高村団地"
    ],
    "weekday": [
        "7:07",
        "7:44",
        "8:27",
        "9:02",
        "9:44",
        "10:44",
        "11:44",
        "12:44",
        "13:44",
        "14:44",
        "15:44",
        "16:44",
        "17:40",
        "18:14",
        "18:40",
        "19:14",
        "19:38",
        "20:28",
        "21:28"
    ],
    "saturday": [
        "7:03",
        "8:28",
        "9:53",
        "10:53",
        "11:53",
        "12:53",
        "13:53",
        "14:53",
        "15:53",
        "16:53",
        "17:53",
        "18:53",
        "19:54"
    ],
    "holiday": [
        "7:33",
        "8:28",
        "9:53",
        "10:53",
        "11:53",
        "12:53",
        "13:53",
        "14:53",
        "15:53",
        "16:53",
        "17:53",
        "18:53",
        "19:54"
    ],
    "url": "https://www.kanachu.co.jp/dia/diagram/timetable01_js/course:0000801101-4/node:00128059/kt:0/lname:/"
}
