{
    "date": "2025/11/16",
    "name": "矢羽根",
    "position": "-",
    "system": "伊18",
    "destinations": [
        "城所入口",
        "大句",
        "岡崎城址入口",
        "王御住グランド前",
        "みどりヶ丘(平塚市)",
        "あいの坂",
        "丸島",
        "平塚西郵便局前",
        "片岡北",
        "片岡(平塚市)",
        "広川矢崎",
        "金旭中学校入口",
        "広川(平塚市)",
        "江東",
        "公所(平塚市)",
        "長久保(平塚市)",
        "湘南日向岡",
        "日向岡一丁目",
        "日向岡二丁目",
        "日向岡入口",
        "大町(平塚市)",
        "坂間",
        "高村団地入口",
        "勝原小学校前(平塚市)",
        "高村団地"
    ],
    "weekday": [
        "7:08",
        "7:45",
        "8:28",
        "9:03",
        "9:45",
        "10:45",
        "11:45",
        "12:45",
        "13:45",
        "14:45",
        "15:45",
        "16:45",
        "17:41",
        "18:15",
        "18:41",
        "19:15",
        "19:39",
        "20:29",
        "21:29"
    ],
    "saturday": [
        "7:04",
        "8:29",
        "9:54",
        "10:54",
        "11:54",
        "12:54",
        "13:54",
        "14:54",
        "15:54",
        "16:54",
        "17:54",
        "18:54",
        "19:55"
    ],
    "holiday": [
        "7:34",
        "8:29",
        "9:54",
        "10:54",
        "11:54",
        "12:54",
        "13:54",
        "14:54",
        "15:54",
        "16:54",
        "17:54",
        "18:54",
        "19:55"
    ],
    "url": "https://www.kanachu.co.jp/dia/diagram/timetable01_js/course:0000801101-6/node:00128070/kt:0/lname:/"
}
