{
    "date": "2025/11/16",
    "name": "みどりヶ丘(平塚市)",
    "position": "-",
    "system": "伊18",
    "destinations": [
        "あいの坂",
        "丸島",
        "平塚西郵便局前",
        "片岡北",
        "片岡(平塚市)",
        "広川矢崎",
        "金旭中学校入口",
        "広川(平塚市)",
        "江東",
        "公所(平塚市)",
        "長久保(平塚市)",
        "湘南日向岡",
        "日向岡一丁目",
        "日向岡二丁目",
        "日向岡入口",
        "大町(平塚市)",
        "坂間",
        "高村団地入口",
        "勝原小学校前(平塚市)",
        "高村団地"
    ],
    "weekday": [
        "7:14",
        "7:51",
        "8:34",
        "9:09",
        "9:50",
        "10:50",
        "11:50",
        "12:50",
        "13:50",
        "14:50",
        "15:50",
        "16:51",
        "17:47",
        "18:21",
        "18:47",
        "19:21",
        "19:44",
        "20:34",
        "21:34"
    ],
    "saturday": [
        "7:09",
        "8:35",
        "10:00",
        "11:00",
        "12:00",
        "13:00",
        "14:00",
        "15:00",
        "16:00",
        "17:00",
        "18:00",
        "19:00",
        "20:00"
    ],
    "holiday": [
        "7:40",
        "8:35",
        "10:00",
        "11:00",
        "12:00",
        "13:00",
        "14:00",
        "15:00",
        "16:00",
        "17:00",
        "18:00",
        "19:00",
        "20:00"
    ],
    "url": "https://www.kanachu.co.jp/dia/diagram/timetable01_js/course:0000801101-11/node:00128216/kt:0/lname:/"
}
