{
    "date": "2025/11/16",
    "name": "長久保(平塚市)",
    "position": "-",
    "system": "伊18",
    "destinations": [
        "湘南日向岡",
        "日向岡一丁目",
        "日向岡二丁目",
        "日向岡入口",
        "大町(平塚市)",
        "坂間",
        "高村団地入口",
        "勝原小学校前(平塚市)",
        "高村団地"
    ],
    "weekday": [
        "7:28",
        "8:05",
        "8:48",
        "9:23",
        "10:04",
        "11:04",
        "12:04",
        "13:04",
        "14:04",
        "15:04",
        "16:04",
        "17:05",
        "18:01",
        "18:35",
        "19:01",
        "19:35",
        "19:58",
        "20:48",
        "21:48"
    ],
    "saturday": [
        "7:23",
        "8:49",
        "10:14",
        "11:14",
        "12:14",
        "13:14",
        "14:14",
        "15:14",
        "16:14",
        "17:14",
        "18:14",
        "19:14",
        "20:14"
    ],
    "holiday": [
        "7:54",
        "8:49",
        "10:14",
        "11:14",
        "12:14",
        "13:14",
        "14:14",
        "15:14",
        "16:14",
        "17:14",
        "18:14",
        "19:14",
        "20:14"
    ],
    "url": "https://www.kanachu.co.jp/dia/diagram/timetable01_js/course:0000801101-22/node:00127568/kt:0/lname:/"
}
