{
    "date": "2025/11/16",
    "name": "湘南日向岡",
    "position": "-",
    "system": "伊18",
    "destinations": [
        "日向岡一丁目",
        "日向岡二丁目",
        "日向岡入口",
        "大町(平塚市)",
        "坂間",
        "高村団地入口",
        "勝原小学校前(平塚市)",
        "高村団地"
    ],
    "weekday": [
        "7:29",
        "8:06",
        "8:49",
        "9:24",
        "10:05",
        "11:05",
        "12:05",
        "13:05",
        "14:05",
        "15:05",
        "16:05",
        "17:06",
        "18:02",
        "18:36",
        "19:02",
        "19:36",
        "19:59",
        "20:49",
        "21:49"
    ],
    "saturday": [
        "7:24",
        "8:50",
        "10:15",
        "11:15",
        "12:15",
        "13:15",
        "14:15",
        "15:15",
        "16:15",
        "17:15",
        "18:15",
        "19:15",
        "20:15"
    ],
    "holiday": [
        "7:55",
        "8:50",
        "10:15",
        "11:15",
        "12:15",
        "13:15",
        "14:15",
        "15:15",
        "16:15",
        "17:15",
        "18:15",
        "19:15",
        "20:15"
    ],
    "url": "https://www.kanachu.co.jp/dia/diagram/timetable01_js/course:0000801101-23/node:00127582/kt:0/lname:/"
}
