{
    "date": "2025/11/16",
    "name": "高村団地入口",
    "position": "-",
    "system": "伊18",
    "destinations": [
        "勝原小学校前(平塚市)",
        "高村団地"
    ],
    "weekday": [
        "7:35",
        "8:12",
        "8:55",
        "9:30",
        "10:11",
        "11:11",
        "12:11",
        "13:11",
        "14:11",
        "15:11",
        "16:11",
        "17:12",
        "18:08",
        "18:42",
        "19:08",
        "19:42",
        "20:05",
        "20:55",
        "21:55"
    ],
    "saturday": [
        "7:30",
        "8:56",
        "10:21",
        "11:21",
        "12:21",
        "13:21",
        "14:21",
        "15:21",
        "16:21",
        "17:21",
        "18:21",
        "19:21",
        "20:21"
    ],
    "holiday": [
        "8:01",
        "8:56",
        "10:21",
        "11:21",
        "12:21",
        "13:21",
        "14:21",
        "15:21",
        "16:21",
        "17:21",
        "18:21",
        "19:21",
        "20:21"
    ],
    "url": "https://www.kanachu.co.jp/dia/diagram/timetable01_js/course:0000801101-29/node:00127688/kt:0/lname:/"
}
