{
    "date": "2024/09/02",
    "name": "下瀬谷橋",
    "position": "-",
    "system": "い12",
    "destinations": [
        "下瀬谷坂上",
        "ひなた山第二",
        "ひなた山バザール前",
        "ひなた山第一",
        "早稲田(横浜市泉区)",
        "三家(横浜市泉区)",
        "松陽高校前",
        "グリーンハイム前",
        "いずみ野駅",
        "泉警察署前",
        "富士塚(横浜市泉区)",
        "芝原(横浜市泉区)",
        "横浜泉郵便局前",
        "三ツ俣",
        "立場駅",
        "立場ターミナル"
    ],
    "weekday": [
        "5:45",
        "6:09",
        "6:33",
        "6:46",
        "7:11",
        "7:34",
        "7:59"
    ],
    "saturday": [
        "6:00",
        "6:40"
    ],
    "holiday": [
        "6:00",
        "6:40"
    ],
    "url": "https://www.kanachu.co.jp/dia/diagram/timetable01_js/course:0000800076-2/node:00126887/kt:0/lname:/"
}
