{
    "date": "2024/09/02",
    "name": "ひなた山第一",
    "position": "-",
    "system": "",
    "destinations": [
        "早稲田(横浜市泉区)",
        "三家(横浜市泉区)",
        "松陽高校前",
        "グリーンハイム前",
        "いずみ野駅",
        "泉警察署前",
        "富士塚(横浜市泉区)",
        "芝原(横浜市泉区)",
        "横浜泉郵便局前",
        "三ツ俣",
        "立場駅",
        "立場ターミナル"
    ],
    "weekday": [
        "5:50",
        "6:14",
        "6:38",
        "6:51",
        "7:16",
        "7:39",
        "8:04"
    ],
    "saturday": [
        "6:05",
        "6:45"
    ],
    "holiday": [
        "6:05",
        "6:45"
    ],
    "url": "https://www.kanachu.co.jp/dia/diagram/timetable01_js/course:0000800076-6/node:00126800/kt:0/lname:/"
}
