{
    "date": "2024/09/02",
    "name": "富士塚(横浜市泉区)",
    "position": "-",
    "system": "",
    "destinations": [
        "芝原(横浜市泉区)",
        "横浜泉郵便局前",
        "三ツ俣",
        "立場駅",
        "立場ターミナル"
    ],
    "weekday": [
        "5:59",
        "6:23",
        "6:48",
        "7:01",
        "7:26",
        "7:49",
        "8:14"
    ],
    "saturday": [
        "6:14",
        "6:55"
    ],
    "holiday": [
        "6:14",
        "6:55"
    ],
    "url": "https://www.kanachu.co.jp/dia/diagram/timetable01_js/course:0000800076-13/node:00126936/kt:0/lname:/"
}
