{
    "date": "2025/04/19",
    "name": "相模原五丁目",
    "position": "-",
    "system": "相29",
    "destinations": [
        "西門前(相模原市中央区)",
        "グリーンプラザ(相模原市中央区)",
        "市役所前(相模原市中央区)",
        "ウェルネスさがみはら前",
        "職業安定所前(相模原市中央区)",
        "千代田一丁目",
        "千代田十字路",
        "千代田五丁目",
        "光が丘一丁目(相模原市中央区)",
        "光が丘小学校前",
        "光が丘大通り",
        "光が丘三丁目(相模原市中央区)",
        "緑が丘一丁目(相模原市中央区)",
        "陽光台六丁目",
        "相模原浄水場",
        "麻溝車庫",
        "友愛病院前",
        "北里大学病院・北里大学"
    ],
    "weekday": [
        "7:31",
        "7:46",
        "8:11",
        "9:34",
        "9:54",
        "11:39",
        "13:39",
        "21:11"
    ],
    "saturday": [
        "14:36",
        "19:21",
        "20:31"
    ],
    "holiday": [
        "14:36",
        "18:11",
        "19:21",
        "20:31"
    ],
    "url": "https://www.kanachu.co.jp/dia/diagram/timetable01_js/course:0000801895-3/node:00128540/kt:0/lname:/"
}
