{
    "date": "2025/04/19",
    "name": "市役所前(相模原市中央区)",
    "position": "-",
    "system": "相29",
    "destinations": [
        "ウェルネスさがみはら前",
        "職業安定所前(相模原市中央区)",
        "千代田一丁目",
        "千代田十字路",
        "千代田五丁目",
        "光が丘一丁目(相模原市中央区)",
        "光が丘小学校前",
        "光が丘大通り",
        "光が丘三丁目(相模原市中央区)",
        "緑が丘一丁目(相模原市中央区)",
        "陽光台六丁目",
        "相模原浄水場",
        "麻溝車庫",
        "友愛病院前",
        "北里大学病院・北里大学"
    ],
    "weekday": [
        "7:36",
        "7:51",
        "8:16",
        "9:39",
        "9:59",
        "11:44",
        "13:44",
        "21:15"
    ],
    "saturday": [
        "14:40",
        "19:25",
        "20:35"
    ],
    "holiday": [
        "14:40",
        "18:15",
        "19:25",
        "20:35"
    ],
    "url": "https://www.kanachu.co.jp/dia/diagram/timetable01_js/course:0000801895-6/node:00128537/kt:0/lname:/"
}
