{
    "date": "2025/04/19",
    "name": "光が丘小学校前",
    "position": "-",
    "system": "相29",
    "destinations": [
        "光が丘大通り",
        "光が丘三丁目(相模原市中央区)",
        "緑が丘一丁目(相模原市中央区)",
        "陽光台六丁目",
        "相模原浄水場",
        "麻溝車庫",
        "友愛病院前",
        "北里大学病院・北里大学"
    ],
    "weekday": [
        "7:44",
        "7:59",
        "8:24",
        "9:47",
        "10:07",
        "11:52",
        "13:52",
        "21:22"
    ],
    "saturday": [
        "14:47",
        "19:32",
        "20:42"
    ],
    "holiday": [
        "14:47",
        "18:22",
        "19:32",
        "20:42"
    ],
    "url": "https://www.kanachu.co.jp/dia/diagram/timetable01_js/course:0000801895-13/node:00129122/kt:0/lname:/"
}
