{
    "date": "2025/04/01",
    "name": "センター前(町田市)",
    "position": "-",
    "system": "鶴11",
    "destinations": [
        "鶴川中央公園",
        "広袴",
        "給水塔前(鶴川団地/町田市)",
        "国士舘大学前",
        "鶴川団地"
    ],
    "weekday": [
        "6:10",
        "6:35",
        "7:00",
        "7:10",
        "7:30",
        "7:40",
        "7:55",
        "8:00",
        "8:05",
        "8:10",
        "8:15",
        "8:24",
        "8:28",
        "8:32",
        "8:50",
        "9:00",
        "9:25",
        "9:55",
        "10:10",
        "10:25",
        "10:55",
        "11:10",
        "11:25",
        "11:55",
        "12:25",
        "12:55",
        "13:25",
        "13:55",
        "14:25",
        "14:55",
        "15:25",
        "15:55",
        "16:10",
        "16:31",
        "16:55",
        "17:19",
        "17:31",
        "17:55",
        "18:17",
        "18:27",
        "18:47",
        "18:57",
        "19:05",
        "19:20",
        "19:30",
        "19:50",
        "20:00",
        "20:22",
        "20:34",
        "20:58",
        "21:10",
        "21:40",
        "21:55",
        "22:10",
        "22:30",
        "22:50",
        "23:10"
    ],
    "saturday": [
        "6:20",
        "6:50",
        "7:10",
        "7:40",
        "8:10",
        "8:37",
        "9:01",
        "9:13",
        "9:25",
        "9:37",
        "10:01",
        "10:13",
        "10:25",
        "10:37",
        "11:01",
        "11:13",
        "11:25",
        "11:37",
        "12:01",
        "12:13",
        "12:25",
        "13:01",
        "13:25",
        "13:40",
        "14:25",
        "14:40",
        "15:25",
        "15:40",
        "16:40",
        "17:10",
        "17:34",
        "17:46",
        "18:10",
        "18:34",
        "18:46",
        "19:10",
        "19:34",
        "19:46",
        "19:58",
        "20:10",
        "20:40",
        "20:55",
        "21:10",
        "21:50",
        "22:10",
        "22:30",
        "22:50",
        "23:10"
    ],
    "holiday": [
        "6:20",
        "7:00",
        "7:40",
        "8:00",
        "8:37",
        "9:01",
        "9:13",
        "9:25",
        "9:37",
        "10:01",
        "10:10",
        "10:25",
        "10:40",
        "11:10",
        "11:25",
        "11:40",
        "12:10",
        "13:30",
        "14:30",
        "15:30",
        "16:40",
        "17:10",
        "17:40",
        "18:10",
        "18:40",
        "19:10",
        "19:40",
        "19:55",
        "20:10",
        "20:50",
        "21:10",
        "21:50",
        "22:10",
        "22:30",
        "22:50",
        "23:10"
    ],
    "url": "https://www.kanachu.co.jp/dia/diagram/timetable01_js/course:0000803468-5/node:00049318/kt:0/lname:/"
}
