{
    "date": "2024/09/02",
    "name": "富士見台(横浜市瀬谷区)",
    "position": "-",
    "system": "戸19",
    "destinations": [
        "住宅前(横浜市瀬谷区)",
        "旭ヶ丘(横浜市瀬谷区)",
        "上阿久和",
        "谷戸阿久和",
        "宮の腰(横浜市瀬谷区)",
        "阿久和",
        "中村(横浜市瀬谷区)",
        "大中村",
        "相模新橋",
        "観音寺前(横浜市泉区)",
        "新橋町(横浜市泉区)",
        "下新橋",
        "まほろば",
        "岡津橋",
        "岡津",
        "下岡津",
        "日の森",
        "上矢部",
        "上矢部インター",
        "富士橋",
        "不動坂(横浜市戸塚区)",
        "ブリヂストン前",
        "元町(横浜市戸塚区)",
        "戸塚駅西口",
        "戸塚バスセンター"
    ],
    "weekday": [
        "6:21",
        "6:38",
        "6:53",
        "7:07",
        "7:22",
        "18:37",
        "18:57",
        "19:23",
        "19:53",
        "20:23",
        "20:53",
        "21:27",
        "22:11"
    ],
    "saturday": [
        "6:46",
        "7:21",
        "7:45",
        "18:22",
        "18:52",
        "19:22",
        "19:52",
        "20:22",
        "20:52",
        "21:30"
    ],
    "holiday": [
        "7:01",
        "7:25",
        "18:22",
        "18:52",
        "19:22",
        "19:52",
        "20:22",
        "20:52"
    ],
    "url": "https://www.kanachu.co.jp/dia/diagram/timetable01_js/course:0000803571-4/node:00126704/kt:0/lname:/"
}
