{
    "date": "2024/09/02",
    "name": "旭ヶ丘(横浜市瀬谷区)",
    "position": "-",
    "system": "戸19",
    "destinations": [
        "上阿久和",
        "谷戸阿久和",
        "宮の腰(横浜市瀬谷区)",
        "阿久和",
        "中村(横浜市瀬谷区)",
        "大中村",
        "相模新橋",
        "観音寺前(横浜市泉区)",
        "新橋町(横浜市泉区)",
        "下新橋",
        "まほろば",
        "岡津橋",
        "岡津",
        "下岡津",
        "日の森",
        "上矢部",
        "上矢部インター",
        "富士橋",
        "不動坂(横浜市戸塚区)",
        "ブリヂストン前",
        "元町(横浜市戸塚区)",
        "戸塚駅西口",
        "戸塚バスセンター"
    ],
    "weekday": [
        "6:23",
        "6:40",
        "6:55",
        "7:10",
        "7:25",
        "18:39",
        "18:59",
        "19:25",
        "19:55",
        "20:25",
        "20:55",
        "21:29",
        "22:13"
    ],
    "saturday": [
        "6:48",
        "7:23",
        "7:47",
        "18:24",
        "18:54",
        "19:24",
        "19:54",
        "20:24",
        "20:54",
        "21:32"
    ],
    "holiday": [
        "7:03",
        "7:27",
        "18:24",
        "18:54",
        "19:24",
        "19:54",
        "20:24",
        "20:54"
    ],
    "url": "https://www.kanachu.co.jp/dia/diagram/timetable01_js/course:0000803571-6/node:00126685/kt:0/lname:/"
}
