{
    "date": "2024/09/02",
    "name": "上阿久和",
    "position": "-",
    "system": "戸19",
    "destinations": [
        "谷戸阿久和",
        "宮の腰(横浜市瀬谷区)",
        "阿久和",
        "中村(横浜市瀬谷区)",
        "大中村",
        "相模新橋",
        "観音寺前(横浜市泉区)",
        "新橋町(横浜市泉区)",
        "下新橋",
        "まほろば",
        "岡津橋",
        "岡津",
        "下岡津",
        "日の森",
        "上矢部",
        "上矢部インター",
        "富士橋",
        "不動坂(横浜市戸塚区)",
        "ブリヂストン前",
        "元町(横浜市戸塚区)",
        "戸塚駅西口",
        "戸塚バスセンター"
    ],
    "weekday": [
        "6:24",
        "6:41",
        "6:56",
        "7:11",
        "7:26",
        "18:40",
        "19:00",
        "19:26",
        "19:56",
        "20:26",
        "20:56",
        "21:30",
        "22:14"
    ],
    "saturday": [
        "6:49",
        "7:24",
        "7:48",
        "18:25",
        "18:55",
        "19:25",
        "19:55",
        "20:25",
        "20:55",
        "21:33"
    ],
    "holiday": [
        "7:04",
        "7:28",
        "18:25",
        "18:55",
        "19:25",
        "19:55",
        "20:25",
        "20:55"
    ],
    "url": "https://www.kanachu.co.jp/dia/diagram/timetable01_js/course:0000803571-7/node:00126684/kt:0/lname:/"
}
