{
    "date": "2024/09/02",
    "name": "中村(横浜市瀬谷区)",
    "position": "-",
    "system": "戸19",
    "destinations": [
        "大中村",
        "相模新橋",
        "観音寺前(横浜市泉区)",
        "新橋町(横浜市泉区)",
        "下新橋",
        "まほろば",
        "岡津橋",
        "岡津",
        "下岡津",
        "日の森",
        "上矢部",
        "上矢部インター",
        "富士橋",
        "不動坂(横浜市戸塚区)",
        "ブリヂストン前",
        "元町(横浜市戸塚区)",
        "戸塚駅西口",
        "戸塚バスセンター"
    ],
    "weekday": [
        "6:28",
        "6:45",
        "7:00",
        "7:15",
        "7:30",
        "18:44",
        "19:04",
        "19:30",
        "20:00",
        "20:30",
        "21:00",
        "21:34",
        "22:18"
    ],
    "saturday": [
        "6:53",
        "7:28",
        "7:52",
        "18:29",
        "18:59",
        "19:29",
        "19:59",
        "20:29",
        "20:59",
        "21:37"
    ],
    "holiday": [
        "7:08",
        "7:32",
        "18:29",
        "18:59",
        "19:29",
        "19:59",
        "20:29",
        "20:59"
    ],
    "url": "https://www.kanachu.co.jp/dia/diagram/timetable01_js/course:0000803571-11/node:00126680/kt:0/lname:/"
}
