{
    "date": "2024/09/02",
    "name": "大中村",
    "position": "-",
    "system": "戸19",
    "destinations": [
        "相模新橋",
        "観音寺前(横浜市泉区)",
        "新橋町(横浜市泉区)",
        "下新橋",
        "まほろば",
        "岡津橋",
        "岡津",
        "下岡津",
        "日の森",
        "上矢部",
        "上矢部インター",
        "富士橋",
        "不動坂(横浜市戸塚区)",
        "ブリヂストン前",
        "元町(横浜市戸塚区)",
        "戸塚駅西口",
        "戸塚バスセンター"
    ],
    "weekday": [
        "6:29",
        "6:46",
        "7:01",
        "7:16",
        "7:31",
        "18:45",
        "19:05",
        "19:31",
        "20:01",
        "20:31",
        "21:01",
        "21:35",
        "22:19"
    ],
    "saturday": [
        "6:54",
        "7:29",
        "7:53",
        "18:30",
        "19:00",
        "19:30",
        "20:00",
        "20:30",
        "21:00",
        "21:38"
    ],
    "holiday": [
        "7:09",
        "7:33",
        "18:30",
        "19:00",
        "19:30",
        "20:00",
        "20:30",
        "21:00"
    ],
    "url": "https://www.kanachu.co.jp/dia/diagram/timetable01_js/course:0000803571-12/node:00126679/kt:0/lname:/"
}
