{
    "date": "2024/09/02",
    "name": "観音寺前(横浜市泉区)",
    "position": "-",
    "system": "戸19",
    "destinations": [
        "新橋町(横浜市泉区)",
        "下新橋",
        "まほろば",
        "岡津橋",
        "岡津",
        "下岡津",
        "日の森",
        "上矢部",
        "上矢部インター",
        "富士橋",
        "不動坂(横浜市戸塚区)",
        "ブリヂストン前",
        "元町(横浜市戸塚区)",
        "戸塚駅西口",
        "戸塚バスセンター"
    ],
    "weekday": [
        "6:31",
        "6:48",
        "7:03",
        "7:18",
        "7:33",
        "18:47",
        "19:07",
        "19:33",
        "20:03",
        "20:33",
        "21:03",
        "21:37",
        "22:21"
    ],
    "saturday": [
        "6:56",
        "7:31",
        "7:55",
        "18:32",
        "19:02",
        "19:32",
        "20:02",
        "20:32",
        "21:02",
        "21:40"
    ],
    "holiday": [
        "7:11",
        "7:35",
        "18:32",
        "19:02",
        "19:32",
        "20:02",
        "20:32",
        "21:02"
    ],
    "url": "https://www.kanachu.co.jp/dia/diagram/timetable01_js/course:0000803571-14/node:00126677/kt:0/lname:/"
}
