{
    "date": "2024/09/02",
    "name": "下岡津",
    "position": "-",
    "system": "戸19",
    "destinations": [
        "日の森",
        "上矢部",
        "上矢部インター",
        "富士橋",
        "不動坂(横浜市戸塚区)",
        "ブリヂストン前",
        "元町(横浜市戸塚区)",
        "戸塚駅西口",
        "戸塚バスセンター"
    ],
    "weekday": [
        "6:38",
        "6:55",
        "7:11",
        "7:26",
        "7:41",
        "18:55",
        "19:15",
        "19:41",
        "20:09",
        "20:39",
        "21:09",
        "21:43",
        "22:27"
    ],
    "saturday": [
        "7:03",
        "7:39",
        "8:03",
        "18:40",
        "19:10",
        "19:40",
        "20:09",
        "20:39",
        "21:09",
        "21:47"
    ],
    "holiday": [
        "7:19",
        "7:43",
        "18:40",
        "19:10",
        "19:40",
        "20:09",
        "20:39",
        "21:09"
    ],
    "url": "https://www.kanachu.co.jp/dia/diagram/timetable01_js/course:0000803571-20/node:00126672/kt:0/lname:/"
}
