{
    "date": "2024/09/02",
    "name": "日の森",
    "position": "-",
    "system": "戸19",
    "destinations": [
        "上矢部",
        "上矢部インター",
        "富士橋",
        "不動坂(横浜市戸塚区)",
        "ブリヂストン前",
        "元町(横浜市戸塚区)",
        "戸塚駅西口",
        "戸塚バスセンター"
    ],
    "weekday": [
        "6:39",
        "6:56",
        "7:13",
        "7:28",
        "7:43",
        "18:57",
        "19:17",
        "19:43",
        "20:10",
        "20:40",
        "21:10",
        "21:44",
        "22:28"
    ],
    "saturday": [
        "7:05",
        "7:41",
        "8:05",
        "18:42",
        "19:12",
        "19:42",
        "20:10",
        "20:40",
        "21:10",
        "21:48"
    ],
    "holiday": [
        "7:21",
        "7:45",
        "18:42",
        "19:12",
        "19:42",
        "20:10",
        "20:40",
        "21:10"
    ],
    "url": "https://www.kanachu.co.jp/dia/diagram/timetable01_js/course:0000803571-21/node:00126671/kt:0/lname:/"
}
