{
    "date": "2024/09/02",
    "name": "不動坂(横浜市戸塚区)",
    "position": "-",
    "system": "戸19",
    "destinations": [
        "ブリヂストン前",
        "元町(横浜市戸塚区)",
        "戸塚駅西口",
        "戸塚バスセンター"
    ],
    "weekday": [
        "6:45",
        "7:02",
        "7:23",
        "7:38",
        "7:53",
        "19:06",
        "19:26",
        "19:52",
        "20:17",
        "20:47",
        "21:17",
        "21:51",
        "22:35"
    ],
    "saturday": [
        "7:13",
        "7:49",
        "8:13",
        "18:50",
        "19:20",
        "19:50",
        "20:15",
        "20:45",
        "21:15",
        "21:53"
    ],
    "holiday": [
        "7:29",
        "7:53",
        "18:50",
        "19:20",
        "19:50",
        "20:15",
        "20:45",
        "21:15"
    ],
    "url": "https://www.kanachu.co.jp/dia/diagram/timetable01_js/course:0000803571-25/node:00126613/kt:0/lname:/"
}
