{
    "date": "2024/09/02",
    "name": "元町(横浜市戸塚区)",
    "position": "-",
    "system": "戸19",
    "destinations": [
        "戸塚駅西口",
        "戸塚バスセンター"
    ],
    "weekday": [
        "6:48",
        "7:07",
        "7:28",
        "7:43",
        "7:58",
        "19:10",
        "19:30",
        "19:56",
        "20:20",
        "20:50",
        "21:20",
        "21:54",
        "22:38"
    ],
    "saturday": [
        "7:16",
        "7:52",
        "8:16",
        "18:53",
        "19:23",
        "19:53",
        "20:18",
        "20:48",
        "21:18",
        "21:56"
    ],
    "holiday": [
        "7:32",
        "7:56",
        "18:53",
        "19:23",
        "19:53",
        "20:18",
        "20:48",
        "21:18"
    ],
    "url": "https://www.kanachu.co.jp/dia/diagram/timetable01_js/course:0000803571-27/node:00126611/kt:0/lname:/"
}
