{
    "date": "2024/03/16",
    "name": "山王平",
    "position": "-",
    "system": "鶴37",
    "destinations": [
        "東町(相模原市中央区)",
        "小学校入口(相模原市中央区)",
        "淵野辺郵便局前",
        "幸町(相模原市中央区)",
        "淵野辺駅北口"
    ],
    "weekday": [
        "8:30"
    ],
    "saturday": [],
    "holiday": [],
    "url": "https://www.kanachu.co.jp/dia/diagram/timetable01_js/course:0000803474-19/node:00129146/kt:0/lname:/"
}
