{
    "date": "2025/11/16",
    "name": "薬王寺入口",
    "position": "-",
    "system": "05",
    "destinations": [
        "鶴ヶ峰中学校前",
        "今宿小学校入口",
        "今宿(横浜市旭区)",
        "筑池",
        "農協前(横浜市旭区)",
        "都岡辻",
        "横浜旭陵高校前",
        "横浜旭陵高校坂下",
        "よこはま動物園"
    ],
    "weekday": [
        "9:09",
        "10:17",
        "11:44",
        "12:37",
        "13:37",
        "14:28",
        "15:13",
        "15:58",
        "16:33"
    ],
    "saturday": [
        "15:44",
        "15:58",
        "16:32"
    ],
    "holiday": [
        "15:57",
        "16:27"
    ],
    "url": "https://www.kanachu.co.jp/dia/diagram/timetable01_js/course:0000802207-3/node:00129719/kt:0/lname:/"
}
