{
    "date": "2025/11/16",
    "name": "鶴ヶ峰中学校前",
    "position": "-",
    "system": "",
    "destinations": [
        "今宿小学校入口",
        "今宿(横浜市旭区)",
        "筑池",
        "農協前(横浜市旭区)",
        "都岡辻",
        "横浜旭陵高校前",
        "横浜旭陵高校坂下",
        "よこはま動物園"
    ],
    "weekday": [
        "9:10",
        "10:18",
        "11:45",
        "12:38",
        "13:38",
        "14:29",
        "15:14",
        "15:59",
        "16:34"
    ],
    "saturday": [
        "15:45",
        "15:59",
        "16:33"
    ],
    "holiday": [
        "15:58",
        "16:28"
    ],
    "url": "https://www.kanachu.co.jp/dia/diagram/timetable01_js/course:0000802207-4/node:00129718/kt:0/lname:/"
}
