{
    "date": "2025/11/16",
    "name": "筑池",
    "position": "-",
    "system": "05",
    "destinations": [
        "農協前(横浜市旭区)",
        "都岡辻",
        "横浜旭陵高校前",
        "横浜旭陵高校坂下",
        "よこはま動物園"
    ],
    "weekday": [
        "9:15",
        "10:23",
        "11:50",
        "12:43",
        "13:43",
        "14:34",
        "15:19",
        "16:04",
        "16:39"
    ],
    "saturday": [
        "15:50",
        "16:04",
        "16:38"
    ],
    "holiday": [
        "16:03",
        "16:33"
    ],
    "url": "https://www.kanachu.co.jp/dia/diagram/timetable01_js/course:0000802207-7/node:00129715/kt:0/lname:/"
}
