{
    "date": "2025/11/16",
    "name": "農協前(横浜市旭区)",
    "position": "-",
    "system": "05",
    "destinations": [
        "都岡辻",
        "横浜旭陵高校前",
        "横浜旭陵高校坂下",
        "よこはま動物園"
    ],
    "weekday": [
        "9:16",
        "10:24",
        "11:51",
        "12:44",
        "13:44",
        "14:35",
        "15:20",
        "16:05",
        "16:40"
    ],
    "saturday": [
        "15:51",
        "16:05",
        "16:39"
    ],
    "holiday": [
        "16:04",
        "16:34"
    ],
    "url": "https://www.kanachu.co.jp/dia/diagram/timetable01_js/course:0000802207-8/node:00129714/kt:0/lname:/"
}
