{
    "date": "2025/11/16",
    "name": "横浜旭陵高校坂下",
    "position": "-",
    "system": "",
    "destinations": [
        "よこはま動物園"
    ],
    "weekday": [
        "9:20",
        "10:28",
        "11:55",
        "12:48",
        "13:48",
        "14:39",
        "15:24",
        "16:09",
        "16:44"
    ],
    "saturday": [
        "15:55",
        "16:09",
        "16:43"
    ],
    "holiday": [
        "16:08",
        "16:38"
    ],
    "url": "https://www.kanachu.co.jp/dia/diagram/timetable01_js/course:0000802207-11/node:00102810/kt:0/lname:/"
}
