{
    "system": "",
    "busstops": [
        {
            "index": "1",
            "id": "00102756",
            "name": "鶴ヶ峰駅",
            "lat": "35.476583",
            "lng": "139.547749"
        },
        {
            "index": "2",
            "id": "00129720",
            "name": "鶴ヶ峰本町",
            "lat": "35.476406",
            "lng": "139.543471"
        },
        {
            "index": "3",
            "id": "00129719",
            "name": "薬王寺入口",
            "lat": "35.477422",
            "lng": "139.540644"
        },
        {
            "index": "4",
            "id": "00129718",
            "name": "鶴ヶ峰中学校前",
            "lat": "35.479164",
            "lng": "139.537248"
        },
        {
            "index": "5",
            "id": "00129717",
            "name": "今宿小学校入口",
            "lat": "35.481522",
            "lng": "139.532777"
        },
        {
            "index": "6",
            "id": "00129716",
            "name": "今宿(横浜市旭区)",
            "lat": "35.482589",
            "lng": "139.530439"
        },
        {
            "index": "7",
            "id": "00129715",
            "name": "筑池",
            "lat": "35.484144",
            "lng": "139.524902"
        },
        {
            "index": "8",
            "id": "00129714",
            "name": "農協前(横浜市旭区)",
            "lat": "35.485212",
            "lng": "139.523381"
        },
        {
            "index": "9",
            "id": "00129782",
            "name": "都岡辻",
            "lat": "35.487333",
            "lng": "139.522998"
        },
        {
            "index": "10",
            "id": "00129783",
            "name": "横浜旭陵高校前",
            "lat": "35.491023",
            "lng": "139.527773"
        },
        {
            "index": "11",
            "id": "00102810",
            "name": "横浜旭陵高校坂下",
            "lat": "35.492443",
            "lng": "139.528964"
        },
        {
            "index": "12",
            "id": "00103244",
            "name": "よこはま動物園",
            "lat": "35.494456",
            "lng": "139.527251"
        }
    ],
    "route_url": "https://www.kanachu.co.jp/dia/route/index/cid:0000802207/"
}
