{
    "date": "2025/03/15",
    "name": "湘南台駅西口",
    "position": "-",
    "system": "湘21",
    "destinations": [
        "湘南台住宅前",
        "桐ヶ谷(藤沢市)",
        "南桐原",
        "石川山田",
        "和泉橋",
        "寿照寺前",
        "田方(藤沢市)",
        "矢尻(藤沢市)",
        "南原(藤沢市)",
        "湘南ライフタウン"
    ],
    "weekday": [
        "7:25",
        "8:35",
        "20:22",
        "22:58"
    ],
    "saturday": [
        "22:26"
    ],
    "holiday": [
        "22:06"
    ],
    "url": "https://www.kanachu.co.jp/dia/diagram/timetable01_js/course:0000802701-1/node:00129893/kt:0/lname:/"
}
