{
    "date": "2025/03/15",
    "name": "湘南台住宅前",
    "position": "-",
    "system": "湘21",
    "destinations": [
        "桐ヶ谷(藤沢市)",
        "南桐原",
        "石川山田",
        "和泉橋",
        "寿照寺前",
        "田方(藤沢市)",
        "矢尻(藤沢市)",
        "南原(藤沢市)",
        "湘南ライフタウン"
    ],
    "weekday": [
        "7:27",
        "8:37",
        "20:24",
        "23:00"
    ],
    "saturday": [
        "22:28"
    ],
    "holiday": [
        "22:08"
    ],
    "url": "https://www.kanachu.co.jp/dia/diagram/timetable01_js/course:0000802701-2/node:00129894/kt:0/lname:/"
}
