{
    "date": "2025/03/15",
    "name": "寿照寺前",
    "position": "-",
    "system": "湘21",
    "destinations": [
        "田方(藤沢市)",
        "矢尻(藤沢市)",
        "南原(藤沢市)",
        "湘南ライフタウン"
    ],
    "weekday": [
        "7:32",
        "8:42",
        "20:29",
        "23:05"
    ],
    "saturday": [
        "22:33"
    ],
    "holiday": [
        "22:13"
    ],
    "url": "https://www.kanachu.co.jp/dia/diagram/timetable01_js/course:0000802701-7/node:00129952/kt:0/lname:/"
}
