{
    "date": "2025/03/15",
    "name": "矢尻(藤沢市)",
    "position": "-",
    "system": "湘21",
    "destinations": [
        "南原(藤沢市)",
        "湘南ライフタウン"
    ],
    "weekday": [
        "7:34",
        "8:44",
        "20:31",
        "23:07"
    ],
    "saturday": [
        "22:35"
    ],
    "holiday": [
        "22:15"
    ],
    "url": "https://www.kanachu.co.jp/dia/diagram/timetable01_js/course:0000802701-9/node:00129950/kt:0/lname:/"
}
