{
    "date": "2016/12/19",
    "name": "高砂(藤沢市)",
    "position": "-",
    "system": "辻03",
    "destinations": [
        "高砂小学校前(藤沢市)",
        "辻堂海浜公園入口",
        "交通公園前(藤沢市)",
        "西海岸3丁目",
        "辻堂西海岸",
        "辻堂団地西",
        "辻堂団地"
    ],
    "weekday": [
        "6:54",
        "7:09",
        "7:29",
        "7:50",
        "8:09",
        "8:29",
        "8:49",
        "9:09",
        "9:59",
        "10:39",
        "11:19",
        "11:59",
        "12:39",
        "13:19",
        "13:59",
        "14:39",
        "15:19",
        "15:59",
        "16:39",
        "17:19",
        "17:39",
        "18:00",
        "18:19",
        "18:41",
        "18:59",
        "19:20",
        "19:40",
        "20:00",
        "20:22",
        "21:00"
    ],
    "saturday": [
        "6:59",
        "7:39",
        "8:19",
        "8:59",
        "9:39",
        "9:59",
        "10:19",
        "10:39",
        "10:59",
        "11:19",
        "11:39",
        "11:59",
        "12:39",
        "13:19",
        "13:59",
        "14:39",
        "15:19",
        "15:59",
        "16:39",
        "17:19",
        "17:39",
        "17:59",
        "18:19",
        "18:39",
        "18:59",
        "19:19",
        "19:39",
        "20:19",
        "20:47"
    ],
    "holiday": [
        "6:59",
        "7:39",
        "8:19",
        "8:59",
        "9:39",
        "9:59",
        "10:19",
        "10:39",
        "10:59",
        "11:19",
        "11:39",
        "11:59",
        "12:39",
        "13:19",
        "13:59",
        "14:39",
        "15:19",
        "15:59",
        "16:39",
        "17:19",
        "17:39",
        "17:59",
        "18:19",
        "18:39",
        "18:59",
        "19:19",
        "19:39",
        "20:19",
        "20:47"
    ],
    "url": "https://www.kanachu.co.jp/dia/diagram/timetable01_js/course:0000802426-3/node:00127037/kt:0/lname:/"
}
