{
    "date": "2016/12/19",
    "name": "高砂小学校前(藤沢市)",
    "position": "-",
    "system": "辻03",
    "destinations": [
        "辻堂海浜公園入口",
        "交通公園前(藤沢市)",
        "西海岸3丁目",
        "辻堂西海岸",
        "辻堂団地西",
        "辻堂団地"
    ],
    "weekday": [
        "6:56",
        "7:11",
        "7:31",
        "7:52",
        "8:11",
        "8:31",
        "8:51",
        "9:11",
        "10:01",
        "10:41",
        "11:21",
        "12:01",
        "12:41",
        "13:21",
        "14:01",
        "14:41",
        "15:21",
        "16:01",
        "16:41",
        "17:21",
        "17:41",
        "18:02",
        "18:21",
        "18:43",
        "19:01",
        "19:22",
        "19:42",
        "20:02",
        "20:24",
        "21:02"
    ],
    "saturday": [
        "7:01",
        "7:41",
        "8:21",
        "9:01",
        "9:41",
        "10:01",
        "10:21",
        "10:41",
        "11:01",
        "11:21",
        "11:41",
        "12:01",
        "12:41",
        "13:21",
        "14:01",
        "14:41",
        "15:21",
        "16:01",
        "16:41",
        "17:21",
        "17:41",
        "18:01",
        "18:21",
        "18:41",
        "19:01",
        "19:21",
        "19:41",
        "20:21",
        "20:49"
    ],
    "holiday": [
        "7:01",
        "7:41",
        "8:21",
        "9:01",
        "9:41",
        "10:01",
        "10:21",
        "10:41",
        "11:01",
        "11:21",
        "11:41",
        "12:01",
        "12:41",
        "13:21",
        "14:01",
        "14:41",
        "15:21",
        "16:01",
        "16:41",
        "17:21",
        "17:41",
        "18:01",
        "18:21",
        "18:41",
        "19:01",
        "19:21",
        "19:41",
        "20:21",
        "20:49"
    ],
    "url": "https://www.kanachu.co.jp/dia/diagram/timetable01_js/course:0000802426-4/node:00127106/kt:0/lname:/"
}
