{
    "date": "2025/10/20",
    "name": "大塚上町",
    "position": "-",
    "system": "海08",
    "destinations": [
        "さがみ野駅",
        "相模大塚",
        "扇野",
        "西鶴寺前",
        "南鶴間",
        "西鶴間",
        "鶴間駅"
    ],
    "weekday": [
        "18:44"
    ],
    "saturday": [],
    "holiday": [],
    "url": "https://www.kanachu.co.jp/dia/diagram/timetable01_js/course:0000801255-12/node:00129871/kt:0/lname:/"
}
