{
    "date": "2024/09/02",
    "name": "和泉(横浜市泉区)",
    "position": "-",
    "system": "立02",
    "destinations": [
        "泉区総合庁舎前",
        "いずみ中央駅",
        "和泉坂上",
        "池ノ上(横浜市泉区)",
        "向原(横浜市泉区)",
        "上飯田中学校入口",
        "飯田北小学校入口",
        "ひなた山第一",
        "ひなた山",
        "上飯田車庫"
    ],
    "weekday": [
        "9:19",
        "10:38",
        "11:28",
        "12:49",
        "13:29",
        "14:48",
        "16:13",
        "16:48",
        "17:53",
        "18:48",
        "19:28"
    ],
    "saturday": [
        "8:58",
        "9:59",
        "11:38",
        "12:29",
        "13:23",
        "14:23",
        "15:21",
        "16:53",
        "17:33",
        "18:23",
        "19:18"
    ],
    "holiday": [
        "8:58",
        "9:59",
        "11:38",
        "12:29",
        "13:23",
        "14:23",
        "15:21",
        "16:53",
        "17:33",
        "18:23",
        "19:18"
    ],
    "url": "https://www.kanachu.co.jp/dia/diagram/timetable01_js/course:0000800453-3/node:00126785/kt:0/lname:/"
}
