{
    "date": "2024/09/02",
    "name": "いずみ中央駅",
    "position": "-",
    "system": "立02",
    "destinations": [
        "和泉坂上",
        "池ノ上(横浜市泉区)",
        "向原(横浜市泉区)",
        "上飯田中学校入口",
        "飯田北小学校入口",
        "ひなた山第一",
        "ひなた山",
        "上飯田車庫"
    ],
    "weekday": [
        "9:23",
        "10:42",
        "11:32",
        "12:53",
        "13:33",
        "14:52",
        "16:17",
        "16:52",
        "17:57",
        "18:52",
        "19:32"
    ],
    "saturday": [
        "9:02",
        "10:03",
        "11:42",
        "12:33",
        "13:27",
        "14:27",
        "15:25",
        "16:57",
        "17:37",
        "18:27",
        "19:22"
    ],
    "holiday": [
        "9:02",
        "10:03",
        "11:42",
        "12:33",
        "13:27",
        "14:27",
        "15:25",
        "16:57",
        "17:37",
        "18:27",
        "19:22"
    ],
    "url": "https://www.kanachu.co.jp/dia/diagram/timetable01_js/course:0000800453-5/node:00126861/kt:0/lname:/"
}
