{
    "date": "2025/11/16",
    "name": "下宿(厚木市)",
    "position": "-",
    "system": "厚11",
    "destinations": [
        "富士見町(厚木市)",
        "岡田一本杉",
        "岡田(厚木市)",
        "下岡田(厚木市)",
        "リバーサイド前(厚木市)",
        "酒井(厚木市)",
        "下酒井",
        "愛坪",
        "相川中学校前",
        "戸田(厚木市)",
        "中戸田",
        "下戸田(厚木市)",
        "大神(平塚市)",
        "ツインシティ大神"
    ],
    "weekday": [
        "9:50",
        "10:57",
        "11:57",
        "12:57",
        "13:57",
        "14:57",
        "15:57",
        "16:51",
        "17:53",
        "18:54",
        "19:54"
    ],
    "saturday": [],
    "holiday": [],
    "url": "https://www.kanachu.co.jp/dia/diagram/timetable01_js/course:0000803314-3/node:00128635/kt:0/lname:/"
}
