{
    "date": "2025/11/16",
    "name": "岡田(厚木市)",
    "position": "-",
    "system": "厚11",
    "destinations": [
        "下岡田(厚木市)",
        "リバーサイド前(厚木市)",
        "酒井(厚木市)",
        "下酒井",
        "愛坪",
        "相川中学校前",
        "戸田(厚木市)",
        "中戸田",
        "下戸田(厚木市)",
        "大神(平塚市)",
        "ツインシティ大神"
    ],
    "weekday": [
        "9:53",
        "11:00",
        "12:00",
        "13:00",
        "14:00",
        "15:00",
        "16:00",
        "16:54",
        "17:56",
        "18:57",
        "19:57"
    ],
    "saturday": [],
    "holiday": [],
    "url": "https://www.kanachu.co.jp/dia/diagram/timetable01_js/course:0000803314-6/node:00128641/kt:0/lname:/"
}
