{
    "date": "2025/11/16",
    "name": "下岡田(厚木市)",
    "position": "-",
    "system": "厚110",
    "destinations": [
        "リバーサイド前(厚木市)",
        "酒井(厚木市)",
        "下酒井",
        "愛坪",
        "相川中学校前",
        "戸田(厚木市)",
        "中戸田",
        "下戸田(厚木市)",
        "大神(平塚市)",
        "ツインシティ大神"
    ],
    "weekday": [
        "9:54",
        "11:01",
        "12:01",
        "13:01",
        "14:01",
        "15:01",
        "16:01",
        "16:55",
        "17:57",
        "18:58",
        "19:58"
    ],
    "saturday": [],
    "holiday": [],
    "url": "https://www.kanachu.co.jp/dia/diagram/timetable01_js/course:0000803314-7/node:00128640/kt:0/lname:/"
}
