{
    "date": "2025/11/16",
    "name": "リバーサイド前(厚木市)",
    "position": "-",
    "system": "厚11",
    "destinations": [
        "酒井(厚木市)",
        "下酒井",
        "愛坪",
        "相川中学校前",
        "戸田(厚木市)",
        "中戸田",
        "下戸田(厚木市)",
        "大神(平塚市)",
        "ツインシティ大神"
    ],
    "weekday": [
        "9:57",
        "11:04",
        "12:04",
        "13:04",
        "14:04",
        "15:04",
        "16:04",
        "16:59",
        "18:01",
        "19:02",
        "20:01"
    ],
    "saturday": [],
    "holiday": [],
    "url": "https://www.kanachu.co.jp/dia/diagram/timetable01_js/course:0000803314-8/node:00127685/kt:0/lname:/"
}
