{
    "date": "2025/11/16",
    "name": "下酒井",
    "position": "-",
    "system": "厚11",
    "destinations": [
        "愛坪",
        "相川中学校前",
        "戸田(厚木市)",
        "中戸田",
        "下戸田(厚木市)",
        "大神(平塚市)",
        "ツインシティ大神"
    ],
    "weekday": [
        "9:59",
        "11:06",
        "12:06",
        "13:06",
        "14:06",
        "15:06",
        "16:06",
        "17:01",
        "18:03",
        "19:04",
        "20:03"
    ],
    "saturday": [],
    "holiday": [],
    "url": "https://www.kanachu.co.jp/dia/diagram/timetable01_js/course:0000803314-10/node:00128626/kt:0/lname:/"
}
