{
    "date": "2025/11/16",
    "name": "戸田(厚木市)",
    "position": "-",
    "system": "厚11",
    "destinations": [
        "中戸田",
        "下戸田(厚木市)",
        "大神(平塚市)",
        "ツインシティ大神"
    ],
    "weekday": [
        "10:02",
        "11:09",
        "12:09",
        "13:09",
        "14:09",
        "15:09",
        "16:09",
        "17:04",
        "18:06",
        "19:07",
        "20:06"
    ],
    "saturday": [],
    "holiday": [],
    "url": "https://www.kanachu.co.jp/dia/diagram/timetable01_js/course:0000803314-13/node:00128628/kt:0/lname:/"
}
