{
    "date": "2025/11/16",
    "name": "中戸田",
    "position": "-",
    "system": "厚11",
    "destinations": [
        "下戸田(厚木市)",
        "大神(平塚市)",
        "ツインシティ大神"
    ],
    "weekday": [
        "10:03",
        "11:10",
        "12:10",
        "13:10",
        "14:10",
        "15:10",
        "16:10",
        "17:05",
        "18:07",
        "19:08",
        "20:07"
    ],
    "saturday": [],
    "holiday": [],
    "url": "https://www.kanachu.co.jp/dia/diagram/timetable01_js/course:0000803314-14/node:00128629/kt:0/lname:/"
}
