{
    "date": "2025/11/16",
    "name": "下戸田(厚木市)",
    "position": "-",
    "system": "厚11",
    "destinations": [
        "大神(平塚市)",
        "ツインシティ大神"
    ],
    "weekday": [
        "10:04",
        "11:11",
        "12:11",
        "13:11",
        "14:11",
        "15:11",
        "16:11",
        "17:06",
        "18:08",
        "19:09",
        "20:08"
    ],
    "saturday": [],
    "holiday": [],
    "url": "https://www.kanachu.co.jp/dia/diagram/timetable01_js/course:0000803314-15/node:00128630/kt:0/lname:/"
}
