{
    "date": "2021/04/01",
    "name": "相原台",
    "position": "-",
    "system": "橋05",
    "destinations": [
        "大西(相模原市緑区)",
        "上町(相模原市緑区)",
        "緑区合同庁舎前(相模原市緑区)",
        "橋本二丁目",
        "橋本駅南口"
    ],
    "weekday": [
        "8:05"
    ],
    "saturday": [],
    "holiday": [],
    "url": "https://www.kanachu.co.jp/dia/diagram/timetable01_js/course:0000802403-21/node:00128966/kt:0/lname:/"
}
