{
    "date": "2026/01/16",
    "name": "ラムーナ横浜戸塚",
    "position": "-",
    "system": "戸97",
    "destinations": [
        "第二工業団地中央",
        "第二工業団地",
        "諏訪久保",
        "領家一丁目(横浜市泉区)",
        "領家三丁目(横浜市泉区)",
        "領家中学校前",
        "鳥が丘第一公園",
        "鳥が丘中央",
        "道祖神前(横浜市戸塚区)",
        "谷矢部中央",
        "来迎寺(横浜市戸塚区)",
        "柳作東",
        "蔵坪",
        "戸塚駅"
    ],
    "weekday": [
        "5:52",
        "6:16",
        "6:39",
        "6:51",
        "7:04",
        "7:27",
        "7:53"
    ],
    "saturday": [],
    "holiday": [],
    "url": "https://www.kanachu.co.jp/dia/diagram/timetable01_js/course:0000804096-1/node:00126915/kt:0/lname:/"
}
