{
    "date": "2026/01/16",
    "name": "領家中学校前",
    "position": "-",
    "system": "戸97",
    "destinations": [
        "鳥が丘第一公園",
        "鳥が丘中央",
        "道祖神前(横浜市戸塚区)",
        "谷矢部中央",
        "来迎寺(横浜市戸塚区)",
        "柳作東",
        "蔵坪",
        "戸塚駅"
    ],
    "weekday": [
        "6:01",
        "6:25",
        "6:48",
        "7:00",
        "7:13",
        "7:36",
        "8:02"
    ],
    "saturday": [],
    "holiday": [],
    "url": "https://www.kanachu.co.jp/dia/diagram/timetable01_js/course:0000804096-7/node:00126710/kt:0/lname:/"
}
