{
    "date": "2022/02/05",
    "name": "町屋(茅ケ崎市)",
    "position": "-",
    "system": "茅31",
    "destinations": [
        "茶屋町(茅ケ崎市)",
        "十間坂",
        "茅ヶ崎四ツ角",
        "茅ヶ崎駅"
    ],
    "weekday": [
        "6:04",
        "6:23",
        "6:42",
        "7:04",
        "7:25",
        "7:40",
        "7:55",
        "8:09",
        "8:25",
        "8:40",
        "8:55",
        "9:09",
        "10:06",
        "11:06",
        "12:06",
        "13:06",
        "14:06",
        "15:06",
        "16:06",
        "17:06",
        "17:36",
        "18:06",
        "18:36",
        "19:06",
        "19:41",
        "20:06",
        "20:39",
        "21:09",
        "21:39",
        "22:09",
        "22:24"
    ],
    "saturday": [
        "7:56",
        "8:56",
        "9:56",
        "10:56",
        "11:56",
        "12:56",
        "13:56",
        "14:56",
        "15:56",
        "16:56"
    ],
    "holiday": [
        "7:56",
        "8:56",
        "9:56",
        "10:56",
        "11:56",
        "12:56",
        "13:56",
        "14:56",
        "15:56",
        "16:56"
    ],
    "url": "https://www.kanachu.co.jp/dia/diagram/timetable01_js/course:0000802115-12/node:00127183/kt:0/lname:/"
}
