{
    "date": "2025/08/30",
    "name": "慰霊堂入口",
    "position": "-",
    "system": "",
    "destinations": [
        "桜岡小学校前",
        "最戸町",
        "南が丘中学校前",
        "別所宮下",
        "普門院前",
        "水道橋下",
        "芹が谷山谷",
        "芹が谷"
    ],
    "weekday": [
        "8:57",
        "10:52",
        "12:17",
        "13:07",
        "13:17",
        "13:37",
        "14:17",
        "14:37",
        "15:17",
        "15:37",
        "16:32"
    ],
    "saturday": [
        "8:32",
        "10:07",
        "10:16",
        "12:57",
        "13:26"
    ],
    "holiday": [
        "12:37",
        "12:47",
        "15:24"
    ],
    "url": "https://www.kanachu.co.jp/dia/diagram/timetable01_js/course:0000801425-2/node:00113522/kt:0/lname:/"
}
