{
    "date": "2025/08/30",
    "name": "桜岡小学校前",
    "position": "-",
    "system": "",
    "destinations": [
        "最戸町",
        "南が丘中学校前",
        "別所宮下",
        "普門院前",
        "水道橋下",
        "芹が谷山谷",
        "芹が谷"
    ],
    "weekday": [
        "8:58",
        "10:53",
        "12:18",
        "13:08",
        "13:18",
        "13:38",
        "14:18",
        "14:38",
        "15:18",
        "15:38",
        "16:33"
    ],
    "saturday": [
        "8:33",
        "10:08",
        "10:17",
        "12:58",
        "13:27"
    ],
    "holiday": [
        "12:38",
        "12:48",
        "15:25"
    ],
    "url": "https://www.kanachu.co.jp/dia/diagram/timetable01_js/course:0000801425-3/node:00126560/kt:0/lname:/"
}
