{
    "date": "2025/08/30",
    "name": "最戸町",
    "position": "-",
    "system": "",
    "destinations": [
        "南が丘中学校前",
        "別所宮下",
        "普門院前",
        "水道橋下",
        "芹が谷山谷",
        "芹が谷"
    ],
    "weekday": [
        "9:00",
        "10:55",
        "12:20",
        "13:10",
        "13:20",
        "13:40",
        "14:20",
        "14:40",
        "15:20",
        "15:40",
        "16:35"
    ],
    "saturday": [
        "8:35",
        "10:10",
        "10:19",
        "13:00",
        "13:29"
    ],
    "holiday": [
        "12:40",
        "12:50",
        "15:27"
    ],
    "url": "https://www.kanachu.co.jp/dia/diagram/timetable01_js/course:0000801425-4/node:00126561/kt:0/lname:/"
}
