{
    "date": "2025/08/30",
    "name": "別所宮下",
    "position": "-",
    "system": "71",
    "destinations": [
        "普門院前",
        "水道橋下",
        "芹が谷山谷",
        "芹が谷"
    ],
    "weekday": [
        "9:03",
        "10:58",
        "12:23",
        "13:13",
        "13:23",
        "13:43",
        "14:23",
        "14:43",
        "15:23",
        "15:43",
        "16:38"
    ],
    "saturday": [
        "8:38",
        "10:13",
        "10:22",
        "13:03",
        "13:32"
    ],
    "holiday": [
        "12:43",
        "12:53",
        "15:30"
    ],
    "url": "https://www.kanachu.co.jp/dia/diagram/timetable01_js/course:0000801425-6/node:00126563/kt:0/lname:/"
}
