{
    "date": "2025/08/30",
    "name": "芹が谷山谷",
    "position": "-",
    "system": "",
    "destinations": [
        "芹が谷"
    ],
    "weekday": [
        "9:08",
        "11:03",
        "12:28",
        "13:18",
        "13:28",
        "13:48",
        "14:28",
        "14:48",
        "15:28",
        "15:48",
        "16:43"
    ],
    "saturday": [
        "8:43",
        "10:18",
        "10:27",
        "13:08",
        "13:37"
    ],
    "holiday": [
        "12:48",
        "12:58",
        "15:35"
    ],
    "url": "https://www.kanachu.co.jp/dia/diagram/timetable01_js/course:0000801425-9/node:00126566/kt:0/lname:/"
}
