{
    "system": "",
    "busstops": [
        {
            "index": "1",
            "id": "00102366",
            "name": "上大岡駅",
            "lat": "35.408906",
            "lng": "139.595838"
        },
        {
            "index": "2",
            "id": "00113522",
            "name": "慰霊堂入口",
            "lat": "35.410846",
            "lng": "139.593851"
        },
        {
            "index": "3",
            "id": "00126560",
            "name": "桜岡小学校前",
            "lat": "35.413889",
            "lng": "139.594929"
        },
        {
            "index": "4",
            "id": "00126561",
            "name": "最戸町",
            "lat": "35.415371",
            "lng": "139.593974"
        },
        {
            "index": "5",
            "id": "00126562",
            "name": "南が丘中学校前",
            "lat": "35.414807",
            "lng": "139.590458"
        },
        {
            "index": "6",
            "id": "00126563",
            "name": "別所宮下",
            "lat": "35.413321",
            "lng": "139.587649"
        },
        {
            "index": "7",
            "id": "00126564",
            "name": "普門院前",
            "lat": "35.412794",
            "lng": "139.586145"
        },
        {
            "index": "8",
            "id": "00126565",
            "name": "水道橋下",
            "lat": "35.413605",
            "lng": "139.581593"
        },
        {
            "index": "9",
            "id": "00126566",
            "name": "芹が谷山谷",
            "lat": "35.414401",
            "lng": "139.577897"
        },
        {
            "index": "10",
            "id": "00126567",
            "name": "芹が谷",
            "lat": "35.416202",
            "lng": "139.573997"
        }
    ],
    "route_url": "https://www.kanachu.co.jp/dia/route/index/cid:0000801425/"
}
