{
    "date": "2012/09/01",
    "name": "中愛名",
    "position": "-",
    "system": "愛24",
    "destinations": [
        "愛名",
        "八ツ橋",
        "白山(厚木市)",
        "六堂辻",
        "古松台入口",
        "千頭坂下",
        "千頭",
        "及川富士塚",
        "小山(厚木市)",
        "荻野新宿",
        "宿原入口",
        "糀屋前(厚木市)",
        "松蓮寺"
    ],
    "weekday": [
        "6:34",
        "8:00",
        "17:25",
        "19:00"
    ],
    "saturday": [
        "6:34",
        "8:00",
        "17:25",
        "19:00"
    ],
    "holiday": [
        "6:34",
        "7:59",
        "17:25",
        "19:00"
    ],
    "url": "https://www.kanachu.co.jp/dia/diagram/timetable01_js/course:0000800811-14/node:00128513/kt:0/lname:/"
}
