{
    "date": "2025/11/16",
    "name": "比々多神社",
    "position": "-",
    "system": "伊16",
    "destinations": [
        "中谷(伊勢原市)",
        "伯母様",
        "原田(伊勢原市)",
        "三の宮(伊勢原市)",
        "向原(伊勢原市)",
        "団地北(伊勢原市)",
        "伊勢原車庫",
        "鈴川会館前",
        "団地西(伊勢原市)",
        "団地南(伊勢原市)",
        "関台",
        "中央公民館前(伊勢原市)",
        "本町(伊勢原市)",
        "伊勢原駅北口"
    ],
    "weekday": [
        "7:02",
        "8:02",
        "9:12",
        "10:07",
        "15:07",
        "16:07",
        "17:07",
        "18:07"
    ],
    "saturday": [
        "7:02",
        "8:02",
        "9:02",
        "10:02",
        "17:02",
        "18:02"
    ],
    "holiday": [
        "7:02",
        "8:02",
        "9:02",
        "10:02",
        "17:02",
        "18:02"
    ],
    "url": "https://www.kanachu.co.jp/dia/diagram/timetable01_js/course:0000801094-4/node:00128168/kt:0/lname:/"
}
