{
    "date": "2025/11/16",
    "name": "伯母様",
    "position": "-",
    "system": "伊16",
    "destinations": [
        "原田(伊勢原市)",
        "三の宮(伊勢原市)",
        "向原(伊勢原市)",
        "団地北(伊勢原市)",
        "伊勢原車庫",
        "鈴川会館前",
        "団地西(伊勢原市)",
        "団地南(伊勢原市)",
        "関台",
        "中央公民館前(伊勢原市)",
        "本町(伊勢原市)",
        "伊勢原駅北口"
    ],
    "weekday": [
        "7:04",
        "8:04",
        "9:14",
        "10:09",
        "15:09",
        "16:09",
        "17:09",
        "18:09"
    ],
    "saturday": [
        "7:04",
        "8:04",
        "9:04",
        "10:04",
        "17:04",
        "18:04"
    ],
    "holiday": [
        "7:04",
        "8:04",
        "9:04",
        "10:04",
        "17:04",
        "18:04"
    ],
    "url": "https://www.kanachu.co.jp/dia/diagram/timetable01_js/course:0000801094-6/node:00128166/kt:0/lname:/"
}
