{
    "date": "2025/11/16",
    "name": "団地北(伊勢原市)",
    "position": "-",
    "system": "伊16",
    "destinations": [
        "伊勢原車庫",
        "鈴川会館前",
        "団地西(伊勢原市)",
        "団地南(伊勢原市)",
        "関台",
        "中央公民館前(伊勢原市)",
        "本町(伊勢原市)",
        "伊勢原駅北口"
    ],
    "weekday": [
        "7:09",
        "8:09",
        "9:19",
        "10:14",
        "15:14",
        "16:14",
        "17:14",
        "18:14"
    ],
    "saturday": [
        "7:09",
        "8:09",
        "9:09",
        "10:09",
        "17:09",
        "18:09"
    ],
    "holiday": [
        "7:09",
        "8:09",
        "9:09",
        "10:09",
        "17:09",
        "18:09"
    ],
    "url": "https://www.kanachu.co.jp/dia/diagram/timetable01_js/course:0000801094-10/node:00128142/kt:0/lname:/"
}
