{
    "date": "2025/11/16",
    "name": "団地南(伊勢原市)",
    "position": "-",
    "system": "伊16",
    "destinations": [
        "関台",
        "中央公民館前(伊勢原市)",
        "本町(伊勢原市)",
        "伊勢原駅北口"
    ],
    "weekday": [
        "7:13",
        "8:13",
        "9:23",
        "10:18",
        "15:18",
        "16:18",
        "17:18",
        "18:18"
    ],
    "saturday": [
        "7:12",
        "8:13",
        "9:13",
        "10:13",
        "17:13",
        "18:12"
    ],
    "holiday": [
        "7:12",
        "8:13",
        "9:13",
        "10:13",
        "17:13",
        "18:12"
    ],
    "url": "https://www.kanachu.co.jp/dia/diagram/timetable01_js/course:0000801094-14/node:00128138/kt:0/lname:/"
}
