{
    "date": "2025/11/16",
    "name": "中央公民館前(伊勢原市)",
    "position": "-",
    "system": "伊16",
    "destinations": [
        "本町(伊勢原市)",
        "伊勢原駅北口"
    ],
    "weekday": [
        "7:16",
        "8:16",
        "9:26",
        "10:21",
        "15:21",
        "16:21",
        "17:22",
        "18:22"
    ],
    "saturday": [
        "7:15",
        "8:16",
        "9:16",
        "10:16",
        "17:16",
        "18:15"
    ],
    "holiday": [
        "7:15",
        "8:16",
        "9:16",
        "10:16",
        "17:16",
        "18:15"
    ],
    "url": "https://www.kanachu.co.jp/dia/diagram/timetable01_js/course:0000801094-16/node:00128224/kt:0/lname:/"
}
