{
    "date": "2025/11/16",
    "name": "本町(伊勢原市)",
    "position": "-",
    "system": "伊16",
    "destinations": [
        "伊勢原駅北口"
    ],
    "weekday": [
        "7:17",
        "8:17",
        "9:27",
        "10:22",
        "15:22",
        "16:22",
        "17:23",
        "18:23"
    ],
    "saturday": [
        "7:16",
        "8:17",
        "9:17",
        "10:17",
        "17:17",
        "18:16"
    ],
    "holiday": [
        "7:16",
        "8:17",
        "9:17",
        "10:17",
        "17:17",
        "18:16"
    ],
    "url": "https://www.kanachu.co.jp/dia/diagram/timetable01_js/course:0000801094-17/node:00128128/kt:0/lname:/"
}
