{
    "date": "2024/12/16",
    "name": "諏訪二丁目(多摩市)",
    "position": "-",
    "system": "桜22",
    "destinations": [
        "永山駅",
        "消防署前(多摩市)",
        "諏訪下橋(多摩市)",
        "車橋",
        "新大栗橋",
        "聖蹟桜ヶ丘駅"
    ],
    "weekday": [
        "6:41",
        "7:05",
        "7:29",
        "7:53",
        "8:21",
        "8:41",
        "9:04",
        "9:37",
        "10:04",
        "10:36",
        "11:04",
        "11:36",
        "12:04",
        "12:36",
        "13:04",
        "13:36",
        "14:04",
        "14:36",
        "15:04",
        "15:32",
        "16:04",
        "16:32",
        "17:04",
        "17:37",
        "18:04",
        "18:37",
        "19:04",
        "19:34",
        "20:04",
        "20:34",
        "21:34"
    ],
    "saturday": [
        "7:04",
        "7:34",
        "8:04",
        "8:34",
        "9:04",
        "9:34",
        "10:04",
        "10:35",
        "11:04",
        "11:35",
        "12:04",
        "12:35",
        "13:04",
        "13:35",
        "14:04",
        "14:35",
        "15:04",
        "15:35",
        "16:04",
        "16:36",
        "17:04",
        "17:36",
        "18:04",
        "18:36",
        "19:04",
        "19:33",
        "20:04",
        "20:33",
        "21:33"
    ],
    "holiday": [
        "7:04",
        "7:34",
        "8:04",
        "8:34",
        "9:04",
        "9:34",
        "10:04",
        "10:34",
        "11:04",
        "11:34",
        "12:04",
        "12:35",
        "13:04",
        "13:35",
        "14:04",
        "14:35",
        "15:04",
        "15:35",
        "16:04",
        "16:36",
        "17:04",
        "17:36",
        "18:04",
        "18:34",
        "19:04",
        "19:34",
        "20:04",
        "20:33"
    ],
    "url": "https://www.kanachu.co.jp/dia/diagram/timetable01_js/course:0000801721-14/node:00020624/kt:0/lname:/"
}
