{
    "date": "2024/12/16",
    "name": "永山駅",
    "position": "-",
    "system": "桜22",
    "destinations": [
        "消防署前(多摩市)",
        "諏訪下橋(多摩市)",
        "車橋",
        "新大栗橋",
        "聖蹟桜ヶ丘駅"
    ],
    "weekday": [
        "6:44",
        "7:09",
        "7:32",
        "7:57",
        "8:24",
        "8:45",
        "9:08",
        "9:41",
        "10:08",
        "10:40",
        "11:08",
        "11:40",
        "12:08",
        "12:40",
        "13:08",
        "13:40",
        "14:08",
        "14:39",
        "15:08",
        "15:35",
        "16:08",
        "16:35",
        "17:08",
        "17:41",
        "18:08",
        "18:41",
        "19:08",
        "19:37",
        "20:08",
        "20:37",
        "21:37"
    ],
    "saturday": [
        "7:07",
        "7:38",
        "8:07",
        "8:38",
        "9:07",
        "9:38",
        "10:08",
        "10:39",
        "11:08",
        "11:39",
        "12:08",
        "12:39",
        "13:08",
        "13:39",
        "14:08",
        "14:39",
        "15:08",
        "15:39",
        "16:08",
        "16:40",
        "17:08",
        "17:40",
        "18:08",
        "18:40",
        "19:08",
        "19:36",
        "20:07",
        "20:36",
        "21:36"
    ],
    "holiday": [
        "7:07",
        "7:38",
        "8:07",
        "8:38",
        "9:07",
        "9:38",
        "10:08",
        "10:38",
        "11:08",
        "11:38",
        "12:08",
        "12:39",
        "13:08",
        "13:39",
        "14:08",
        "14:39",
        "15:08",
        "15:39",
        "16:08",
        "16:40",
        "17:08",
        "17:40",
        "18:08",
        "18:38",
        "19:08",
        "19:38",
        "20:07",
        "20:36"
    ],
    "url": "https://www.kanachu.co.jp/dia/diagram/timetable01_js/course:0000801721-15/node:00020143/kt:0/lname:/"
}
