{
    "date": "2024/12/16",
    "name": "車橋",
    "position": "-",
    "system": "桜22",
    "destinations": [
        "新大栗橋",
        "聖蹟桜ヶ丘駅"
    ],
    "weekday": [
        "6:48",
        "7:12",
        "7:36",
        "8:00",
        "8:28",
        "8:48",
        "9:12",
        "9:44",
        "10:12",
        "10:43",
        "11:12",
        "11:43",
        "12:12",
        "12:43",
        "13:12",
        "13:43",
        "14:12",
        "14:42",
        "15:12",
        "15:38",
        "16:12",
        "16:38",
        "17:12",
        "17:44",
        "18:12",
        "18:44",
        "19:12",
        "19:40",
        "20:12",
        "20:40",
        "21:40"
    ],
    "saturday": [
        "7:11",
        "7:41",
        "8:11",
        "8:41",
        "9:11",
        "9:41",
        "10:12",
        "10:42",
        "11:12",
        "11:42",
        "12:12",
        "12:42",
        "13:12",
        "13:42",
        "14:12",
        "14:42",
        "15:12",
        "15:42",
        "16:12",
        "16:43",
        "17:12",
        "17:43",
        "18:12",
        "18:43",
        "19:12",
        "19:39",
        "20:11",
        "20:39",
        "21:39"
    ],
    "holiday": [
        "7:11",
        "7:41",
        "8:11",
        "8:41",
        "9:11",
        "9:41",
        "10:12",
        "10:41",
        "11:12",
        "11:41",
        "12:12",
        "12:42",
        "13:12",
        "13:42",
        "14:12",
        "14:42",
        "15:12",
        "15:42",
        "16:12",
        "16:43",
        "17:12",
        "17:43",
        "18:12",
        "18:41",
        "19:12",
        "19:41",
        "20:11",
        "20:39"
    ],
    "url": "https://www.kanachu.co.jp/dia/diagram/timetable01_js/course:0000801721-18/node:00020463/kt:0/lname:/"
}
