{
    "date": "2025/10/20",
    "name": "高瀬橋(町田市)",
    "position": "-",
    "system": "町75",
    "destinations": [
        "熊野神社前(成瀬街道側/町田市)",
        "三塚",
        "町田ターミナル前",
        "町田バスセンター"
    ],
    "weekday": [
        "6:03",
        "6:48",
        "7:18",
        "7:30",
        "7:55",
        "8:23",
        "9:38",
        "10:08",
        "11:13",
        "11:33",
        "12:13",
        "13:13",
        "14:33",
        "15:13",
        "16:13",
        "17:13",
        "17:33",
        "18:13",
        "19:13",
        "19:33",
        "20:13",
        "21:16",
        "22:06"
    ],
    "saturday": [
        "6:53",
        "7:53",
        "8:13",
        "8:53",
        "9:08",
        "10:08",
        "10:38",
        "11:13",
        "12:13",
        "13:13",
        "14:13",
        "15:13",
        "16:13",
        "17:13",
        "18:13",
        "19:13",
        "20:18"
    ],
    "holiday": [
        "6:53",
        "7:53",
        "8:53",
        "9:13",
        "10:13",
        "11:13",
        "12:13",
        "13:13",
        "14:13",
        "15:13",
        "16:13",
        "17:13",
        "18:13",
        "19:13",
        "20:13"
    ],
    "url": "https://www.kanachu.co.jp/dia/diagram/timetable01_js/course:0000803165-7/node:00129582/kt:0/lname:/"
}
