{
    "date": "2025/10/20",
    "name": "三塚",
    "position": "-",
    "system": "町75",
    "destinations": [
        "町田ターミナル前",
        "町田バスセンター"
    ],
    "weekday": [
        "6:06",
        "6:51",
        "7:21",
        "7:33",
        "7:58",
        "8:26",
        "9:41",
        "10:11",
        "11:16",
        "11:36",
        "12:16",
        "13:16",
        "14:36",
        "15:16",
        "16:16",
        "17:16",
        "17:36",
        "18:16",
        "19:16",
        "19:36",
        "20:16",
        "21:19",
        "22:09"
    ],
    "saturday": [
        "6:55",
        "7:55",
        "8:15",
        "8:55",
        "9:11",
        "10:11",
        "10:41",
        "11:16",
        "12:16",
        "13:16",
        "14:16",
        "15:16",
        "16:16",
        "17:16",
        "18:16",
        "19:15",
        "20:20"
    ],
    "holiday": [
        "6:55",
        "7:55",
        "8:55",
        "9:16",
        "10:16",
        "11:16",
        "12:16",
        "13:16",
        "14:16",
        "15:16",
        "16:16",
        "17:16",
        "18:16",
        "19:15",
        "20:15"
    ],
    "url": "https://www.kanachu.co.jp/dia/diagram/timetable01_js/course:0000803165-9/node:00129543/kt:0/lname:/"
}
