{
    "date": "2025/01/14",
    "name": "温水",
    "position": "-",
    "system": "厚48",
    "destinations": [
        "高坪入口",
        "温水幼稚園前",
        "スポーツセンター入口(厚木市)",
        "高坪",
        "上高坪",
        "権現堂(厚木市)",
        "毛利台入口",
        "毛利台一丁目",
        "毛利台団地"
    ],
    "weekday": [
        "6:53",
        "7:23",
        "7:50",
        "8:15",
        "8:50",
        "9:19",
        "9:49",
        "10:19",
        "10:49",
        "11:19",
        "11:49",
        "12:19",
        "12:49",
        "13:19",
        "13:49",
        "14:19",
        "14:49",
        "15:19",
        "15:49",
        "16:20",
        "16:50",
        "17:20",
        "17:50",
        "18:20",
        "18:50",
        "19:18",
        "19:58",
        "20:53",
        "21:58",
        "22:43"
    ],
    "saturday": [
        "8:23",
        "9:19",
        "10:19",
        "11:29",
        "12:29",
        "13:29",
        "14:29",
        "15:30",
        "16:30",
        "17:30",
        "18:30",
        "19:28",
        "20:28",
        "21:08",
        "21:48",
        "22:33"
    ],
    "holiday": [
        "8:23",
        "9:23",
        "10:24",
        "11:29",
        "12:29",
        "13:29",
        "14:29",
        "15:30",
        "16:30",
        "17:30",
        "18:30",
        "19:28",
        "20:28",
        "21:18",
        "22:18"
    ],
    "url": "https://www.kanachu.co.jp/dia/diagram/timetable01_js/course:0000800258-8/node:00128443/kt:0/lname:/"
}
