{
    "date": "2025/01/14",
    "name": "温水幼稚園前",
    "position": "-",
    "system": "厚48",
    "destinations": [
        "スポーツセンター入口(厚木市)",
        "高坪",
        "上高坪",
        "権現堂(厚木市)",
        "毛利台入口",
        "毛利台一丁目",
        "毛利台団地"
    ],
    "weekday": [
        "6:54",
        "7:24",
        "7:51",
        "8:16",
        "8:51",
        "9:20",
        "9:50",
        "10:20",
        "10:50",
        "11:20",
        "11:50",
        "12:20",
        "12:50",
        "13:20",
        "13:50",
        "14:20",
        "14:50",
        "15:20",
        "15:50",
        "16:21",
        "16:51",
        "17:21",
        "17:51",
        "18:21",
        "18:51",
        "19:19",
        "19:59",
        "20:54",
        "21:59",
        "22:44"
    ],
    "saturday": [
        "8:24",
        "9:20",
        "10:20",
        "11:30",
        "12:30",
        "13:30",
        "14:30",
        "15:31",
        "16:31",
        "17:31",
        "18:31",
        "19:29",
        "20:29",
        "21:09",
        "21:49",
        "22:34"
    ],
    "holiday": [
        "8:24",
        "9:24",
        "10:25",
        "11:30",
        "12:30",
        "13:30",
        "14:30",
        "15:31",
        "16:31",
        "17:31",
        "18:31",
        "19:29",
        "20:29",
        "21:19",
        "22:19"
    ],
    "url": "https://www.kanachu.co.jp/dia/diagram/timetable01_js/course:0000800258-10/node:00128490/kt:0/lname:/"
}
