{
    "date": "2025/01/14",
    "name": "上高坪",
    "position": "-",
    "system": "厚48",
    "destinations": [
        "権現堂(厚木市)",
        "毛利台入口",
        "毛利台一丁目",
        "毛利台団地"
    ],
    "weekday": [
        "6:57",
        "7:27",
        "7:54",
        "8:19",
        "8:54",
        "9:23",
        "9:53",
        "10:23",
        "10:53",
        "11:23",
        "11:53",
        "12:23",
        "12:53",
        "13:23",
        "13:53",
        "14:23",
        "14:53",
        "15:23",
        "15:53",
        "16:24",
        "16:54",
        "17:24",
        "17:54",
        "18:24",
        "18:54",
        "19:22",
        "20:02",
        "20:57",
        "22:02",
        "22:47"
    ],
    "saturday": [
        "8:27",
        "9:23",
        "10:23",
        "11:33",
        "12:33",
        "13:33",
        "14:33",
        "15:34",
        "16:34",
        "17:34",
        "18:34",
        "19:32",
        "20:32",
        "21:12",
        "21:52",
        "22:37"
    ],
    "holiday": [
        "8:27",
        "9:27",
        "10:28",
        "11:33",
        "12:33",
        "13:33",
        "14:33",
        "15:34",
        "16:34",
        "17:34",
        "18:34",
        "19:32",
        "20:32",
        "21:22",
        "22:22"
    ],
    "url": "https://www.kanachu.co.jp/dia/diagram/timetable01_js/course:0000800258-13/node:00128493/kt:0/lname:/"
}
