{
    "date": "2024/09/02",
    "name": "諏訪久保",
    "position": "-",
    "system": "戸98",
    "destinations": [
        "第二工業団地",
        "第二工業団地中央",
        "ラムーナ横浜戸塚",
        "第二工業団地中央",
        "第二工業団地",
        "上矢部地区センター前",
        "戸塚工業団地",
        "上矢部高校",
        "鳥が丘第一公園",
        "鳥が丘中央",
        "道祖神前(横浜市戸塚区)",
        "谷矢部中央",
        "来迎寺(横浜市戸塚区)",
        "柳作東",
        "蔵坪",
        "戸塚駅"
    ],
    "weekday": [
        "14:14",
        "14:38",
        "15:02",
        "15:26",
        "15:50",
        "16:14",
        "16:33",
        "19:02",
        "19:36",
        "20:32",
        "21:08",
        "22:21"
    ],
    "saturday": [
        "14:44",
        "15:14",
        "15:44",
        "16:14",
        "16:50",
        "17:14",
        "17:50",
        "18:14",
        "19:34",
        "20:39",
        "21:40",
        "22:03"
    ],
    "holiday": [
        "14:44",
        "15:14",
        "15:44",
        "16:14",
        "16:44",
        "17:14",
        "17:44",
        "18:29",
        "18:59",
        "19:34",
        "20:39",
        "21:40"
    ],
    "url": "https://www.kanachu.co.jp/dia/diagram/timetable01_js/course:0000800245-12/node:00126903/kt:0/lname:/"
}
