{
    "date": "2024/09/02",
    "name": "上矢部地区センター前",
    "position": "-",
    "system": "戸98",
    "destinations": [
        "戸塚工業団地",
        "上矢部高校",
        "鳥が丘第一公園",
        "鳥が丘中央",
        "道祖神前(横浜市戸塚区)",
        "谷矢部中央",
        "来迎寺(横浜市戸塚区)",
        "柳作東",
        "蔵坪",
        "戸塚駅"
    ],
    "weekday": [
        "14:21",
        "14:45",
        "15:09",
        "15:33",
        "15:57",
        "16:21",
        "16:40",
        "19:09",
        "19:43",
        "20:39",
        "21:15",
        "22:28"
    ],
    "saturday": [
        "14:51",
        "15:21",
        "15:51",
        "16:21",
        "16:57",
        "17:21",
        "17:57",
        "18:21",
        "19:41",
        "20:46",
        "21:47",
        "22:10"
    ],
    "holiday": [
        "14:51",
        "15:21",
        "15:51",
        "16:21",
        "16:51",
        "17:21",
        "17:51",
        "18:36",
        "19:06",
        "19:41",
        "20:46",
        "21:47"
    ],
    "url": "https://www.kanachu.co.jp/dia/diagram/timetable01_js/course:0000800245-18/node:00126708/kt:0/lname:/"
}
