{
    "date": "2025/01/14",
    "name": "矢崎(厚木市)",
    "position": "-",
    "system": "厚32",
    "destinations": [
        "打越(厚木市)",
        "局前(厚木市)",
        "学校前(厚木市)",
        "台ノ上",
        "小鮎公民館前",
        "旗谷入口",
        "白山(厚木市)",
        "八ツ橋",
        "愛名",
        "権現堂(厚木市)",
        "上高坪",
        "高坪",
        "スポーツセンター入口(厚木市)",
        "温水幼稚園前",
        "高坪入口",
        "温水",
        "片岸(厚木市)",
        "日立アステモ前",
        "厚木高校前",
        "合同庁舎前(厚木市)",
        "市役所入口(厚木市)",
        "本厚木駅",
        "厚木バスセンター"
    ],
    "weekday": [
        "6:17",
        "6:47",
        "7:12",
        "14:17"
    ],
    "saturday": [],
    "holiday": [],
    "url": "https://www.kanachu.co.jp/dia/diagram/timetable01_js/course:0000801649-6/node:00128483/kt:0/lname:/"
}
