{
    "date": "2025/01/14",
    "name": "白山(厚木市)",
    "position": "-",
    "system": "厚32",
    "destinations": [
        "八ツ橋",
        "愛名",
        "権現堂(厚木市)",
        "上高坪",
        "高坪",
        "スポーツセンター入口(厚木市)",
        "温水幼稚園前",
        "高坪入口",
        "温水",
        "片岸(厚木市)",
        "日立アステモ前",
        "厚木高校前",
        "合同庁舎前(厚木市)",
        "市役所入口(厚木市)",
        "本厚木駅",
        "厚木バスセンター"
    ],
    "weekday": [
        "6:23",
        "6:53",
        "7:18",
        "14:23"
    ],
    "saturday": [],
    "holiday": [],
    "url": "https://www.kanachu.co.jp/dia/diagram/timetable01_js/course:0000801649-13/node:00128476/kt:0/lname:/"
}
