{
    "date": "2025/01/14",
    "name": "日立アステモ前",
    "position": "-",
    "system": "厚32",
    "destinations": [
        "厚木高校前",
        "合同庁舎前(厚木市)",
        "市役所入口(厚木市)",
        "本厚木駅",
        "厚木バスセンター"
    ],
    "weekday": [
        "6:37",
        "7:07",
        "7:32",
        "14:37"
    ],
    "saturday": [],
    "holiday": [],
    "url": "https://www.kanachu.co.jp/dia/diagram/timetable01_js/course:0000801649-24/node:00128441/kt:0/lname:/"
}
