{
    "system": "厚32",
    "busstops": [
        {
            "index": "1",
            "id": "00128487",
            "name": "旗谷下",
            "lat": "35.457173",
            "lng": "139.322791"
        },
        {
            "index": "2",
            "id": "00128488",
            "name": "上分",
            "lat": "35.458101",
            "lng": "139.318922"
        },
        {
            "index": "3",
            "id": "00128489",
            "name": "ネポン入口",
            "lat": "35.458652",
            "lng": "139.312811"
        },
        {
            "index": "4",
            "id": "00128485",
            "name": "上古沢",
            "lat": "35.459531",
            "lng": "139.311114"
        },
        {
            "index": "5",
            "id": "00128484",
            "name": "古沢(厚木市)",
            "lat": "35.460744",
            "lng": "139.31243"
        },
        {
            "index": "6",
            "id": "00128483",
            "name": "矢崎(厚木市)",
            "lat": "35.462447",
            "lng": "139.314076"
        },
        {
            "index": "7",
            "id": "00128482",
            "name": "打越(厚木市)",
            "lat": "35.464716",
            "lng": "139.316489"
        },
        {
            "index": "8",
            "id": "00128481",
            "name": "局前(厚木市)",
            "lat": "35.464646",
            "lng": "139.321758"
        },
        {
            "index": "9",
            "id": "00128480",
            "name": "学校前(厚木市)",
            "lat": "35.463212",
            "lng": "139.323819"
        },
        {
            "index": "10",
            "id": "00128479",
            "name": "台ノ上",
            "lat": "35.461994",
            "lng": "139.326127"
        },
        {
            "index": "11",
            "id": "00128697",
            "name": "小鮎公民館前",
            "lat": "35.459597",
            "lng": "139.324607"
        },
        {
            "index": "12",
            "id": "00128486",
            "name": "旗谷入口",
            "lat": "35.456701",
            "lng": "139.326808"
        },
        {
            "index": "13",
            "id": "00128476",
            "name": "白山(厚木市)",
            "lat": "35.453801",
            "lng": "139.329217"
        },
        {
            "index": "14",
            "id": "00128511",
            "name": "八ツ橋",
            "lat": "35.449826",
            "lng": "139.32888"
        },
        {
            "index": "15",
            "id": "00128512",
            "name": "愛名",
            "lat": "35.448445",
            "lng": "139.328384"
        },
        {
            "index": "16",
            "id": "00128494",
            "name": "権現堂(厚木市)",
            "lat": "35.446167",
            "lng": "139.331124"
        },
        {
            "index": "17",
            "id": "00128493",
            "name": "上高坪",
            "lat": "35.444621",
            "lng": "139.333176"
        },
        {
            "index": "18",
            "id": "00128492",
            "name": "高坪",
            "lat": "35.443067",
            "lng": "139.335161"
        },
        {
            "index": "19",
            "id": "00128491",
            "name": "スポーツセンター入口(厚木市)",
            "lat": "35.440921",
            "lng": "139.337552"
        },
        {
            "index": "20",
            "id": "00128490",
            "name": "温水幼稚園前",
            "lat": "35.440036",
            "lng": "139.339401"
        },
        {
            "index": "21",
            "id": "00128444",
            "name": "高坪入口",
            "lat": "35.438713",
            "lng": "139.342518"
        },
        {
            "index": "22",
            "id": "00128443",
            "name": "温水",
            "lat": "35.440121",
            "lng": "139.343765"
        },
        {
            "index": "23",
            "id": "00128442",
            "name": "片岸(厚木市)",
            "lat": "35.441248",
            "lng": "139.347184"
        },
        {
            "index": "24",
            "id": "00128441",
            "name": "アステモ[Astemo]前〔旧:日立アステモ前〕",
            "lat": "35.4434",
            "lng": "139.348771"
        },
        {
            "index": "25",
            "id": "00128440",
            "name": "厚木高校前",
            "lat": "35.444806",
            "lng": "139.352161"
        },
        {
            "index": "26",
            "id": "00128439",
            "name": "合同庁舎前(厚木市)",
            "lat": "35.443887",
            "lng": "139.356824"
        },
        {
            "index": "27",
            "id": "00128396",
            "name": "市役所入口(厚木市)",
            "lat": "35.442124",
            "lng": "139.361848"
        },
        {
            "index": "28",
            "id": "00025684",
            "name": "本厚木駅",
            "lat": "35.440542",
            "lng": "139.363859"
        },
        {
            "index": "29",
            "id": "00128256",
            "name": "厚木バスセンター",
            "lat": "35.441107",
            "lng": "139.36685"
        }
    ],
    "route_url": "https://www.kanachu.co.jp/dia/route/index/cid:0000801649/"
}
