{
    "date": "2024/03/16",
    "name": "五間道路",
    "position": "",
    "system": "町18",
    "destinations": [
        "図書館前(町田市)",
        "中町一丁目(町田市)",
        "原町田五丁目",
        "原町田四丁目",
        "町田ターミナル前",
        "町田バスセンター"
    ],
    "weekday": [
        "7:58",
        "8:38",
        "9:18",
        "9:53",
        "10:33",
        "11:08",
        "11:43",
        "12:18",
        "12:58",
        "13:33",
        "14:08",
        "14:43",
        "15:18",
        "15:58",
        "16:38"
    ],
    "saturday": [],
    "holiday": [],
    "url": "https://www.kanachu.co.jp/dia/diagram/timetable01_js/course:0000803493-7/node:00129482/kt:0/lname:/"
}
