{
    "date": "2023/04/25",
    "name": "平塚駅北口",
    "position": "-",
    "system": "平158",
    "destinations": [
        "四ツ角(平塚市)",
        "市役所前(平塚市)",
        "コンフォール平塚前",
        "八幡入口",
        "八幡(平塚市)",
        "八幡公民館入口",
        "古河電工入口",
        "泉蔵院前",
        "四ノ宮(平塚市)",
        "大念寺前",
        "前鳥神社前",
        "ふじみ園前",
        "大江工業前",
        "平塚市リサイクルプラザ",
        "鹿見堂橋",
        "駒返橋",
        "田村十字路",
        "相模神田",
        "農協神田支所前",
        "柳の内",
        "寄木神社前",
        "真芳寺",
        "ツインシティ大神"
    ],
    "weekday": [
        "10:02",
        "11:02",
        "12:02",
        "13:02",
        "14:02",
        "15:02",
        "16:00",
        "17:00",
        "18:00",
        "19:00"
    ],
    "saturday": [],
    "holiday": [],
    "url": "https://www.kanachu.co.jp/dia/diagram/timetable01_js/course:0000803309-1/node:00127464/kt:0/lname:/"
}
