{
    "date": "2023/04/25",
    "name": "四ノ宮(平塚市)",
    "position": "-",
    "system": "平15",
    "destinations": [
        "大念寺前",
        "前鳥神社前",
        "ふじみ園前",
        "大江工業前",
        "平塚市リサイクルプラザ",
        "鹿見堂橋",
        "駒返橋",
        "田村十字路",
        "相模神田",
        "農協神田支所前",
        "柳の内",
        "寄木神社前",
        "真芳寺",
        "ツインシティ大神"
    ],
    "weekday": [
        "10:10",
        "11:10",
        "12:10",
        "13:10",
        "14:10",
        "15:10",
        "16:08",
        "17:10",
        "18:10",
        "19:10"
    ],
    "saturday": [],
    "holiday": [],
    "url": "https://www.kanachu.co.jp/dia/diagram/timetable01_js/course:0000803309-10/node:00127656/kt:0/lname:/"
}
