{
    "date": "2023/04/25",
    "name": "平塚市リサイクルプラザ",
    "position": "-",
    "system": "平158",
    "destinations": [
        "鹿見堂橋",
        "駒返橋",
        "田村十字路",
        "相模神田",
        "農協神田支所前",
        "柳の内",
        "寄木神社前",
        "真芳寺",
        "ツインシティ大神"
    ],
    "weekday": [
        "10:17",
        "11:17",
        "12:17",
        "13:17",
        "14:17",
        "15:17",
        "16:15",
        "17:17",
        "18:17",
        "19:17"
    ],
    "saturday": [],
    "holiday": [],
    "url": "https://www.kanachu.co.jp/dia/diagram/timetable01_js/course:0000803309-15/node:00127711/kt:0/lname:/"
}
