{
    "date": "2023/04/25",
    "name": "駒返橋",
    "position": "-",
    "system": "平15",
    "destinations": [
        "田村十字路",
        "相模神田",
        "農協神田支所前",
        "柳の内",
        "寄木神社前",
        "真芳寺",
        "ツインシティ大神"
    ],
    "weekday": [
        "10:19",
        "11:19",
        "12:19",
        "13:19",
        "14:19",
        "15:19",
        "16:17",
        "17:19",
        "18:19",
        "19:19"
    ],
    "saturday": [],
    "holiday": [],
    "url": "https://www.kanachu.co.jp/dia/diagram/timetable01_js/course:0000803309-17/node:00127661/kt:0/lname:/"
}
