{
    "date": "2023/04/25",
    "name": "相模神田",
    "position": "-",
    "system": "平15",
    "destinations": [
        "農協神田支所前",
        "柳の内",
        "寄木神社前",
        "真芳寺",
        "ツインシティ大神"
    ],
    "weekday": [
        "10:22",
        "11:22",
        "12:22",
        "13:22",
        "14:22",
        "15:22",
        "16:20",
        "17:22",
        "18:22",
        "19:22"
    ],
    "saturday": [],
    "holiday": [],
    "url": "https://www.kanachu.co.jp/dia/diagram/timetable01_js/course:0000803309-19/node:00127663/kt:0/lname:/"
}
