{
    "date": "2025/11/16",
    "name": "南原土手",
    "position": "-",
    "system": "平32",
    "destinations": [
        "南原(平塚市)",
        "向原(平塚市)",
        "江南高校前",
        "追分(平塚市)",
        "立野町(平塚市)",
        "横浜ゴム前",
        "市役所前(ゴム前/平塚市)",
        "四ツ角(平塚市)",
        "平塚駅北口"
    ],
    "weekday": [
        "7:23",
        "8:17",
        "9:05",
        "9:40",
        "10:40",
        "11:40",
        "12:40",
        "13:40",
        "14:40",
        "15:40",
        "16:40",
        "17:45",
        "18:44"
    ],
    "saturday": [
        "8:30",
        "9:36",
        "10:36",
        "11:36",
        "12:36",
        "13:36",
        "14:36",
        "15:36",
        "16:35",
        "17:40",
        "18:45"
    ],
    "holiday": [
        "8:30",
        "9:36",
        "10:36",
        "11:36",
        "12:36",
        "13:36",
        "14:36",
        "15:36",
        "16:35",
        "17:40",
        "18:45"
    ],
    "url": "https://www.kanachu.co.jp/dia/diagram/timetable01_js/course:0000802272-29/node:00127560/kt:0/lname:/"
}
