{
    "system": "平32",
    "busstops": [
        {
            "index": "1",
            "id": "00127489",
            "name": "二宮駅南口",
            "lat": "35.298655",
            "lng": "139.258528"
        },
        {
            "index": "2",
            "id": "00127488",
            "name": "秦野道",
            "lat": "35.298349",
            "lng": "139.259524"
        },
        {
            "index": "3",
            "id": "00127487",
            "name": "塩海橋",
            "lat": "35.29981",
            "lng": "139.263095"
        },
        {
            "index": "4",
            "id": "00127486",
            "name": "下町(中郡二宮町)",
            "lat": "35.301029",
            "lng": "139.266358"
        },
        {
            "index": "5",
            "id": "00127485",
            "name": "変電所前(中郡大磯町)",
            "lat": "35.302202",
            "lng": "139.26884"
        },
        {
            "index": "6",
            "id": "00127484",
            "name": "槇の木",
            "lat": "35.303376",
            "lng": "139.271573"
        },
        {
            "index": "7",
            "id": "00127483",
            "name": "国府新宿",
            "lat": "35.304269",
            "lng": "139.275972"
        },
        {
            "index": "8",
            "id": "00127505",
            "name": "天の杜",
            "lat": "35.307427",
            "lng": "139.277489"
        },
        {
            "index": "9",
            "id": "00127549",
            "name": "月京",
            "lat": "35.310018",
            "lng": "139.277436"
        },
        {
            "index": "10",
            "id": "00127548",
            "name": "おおいそ学園入口",
            "lat": "35.314422",
            "lng": "139.277764"
        },
        {
            "index": "11",
            "id": "00127547",
            "name": "西生沢",
            "lat": "35.3189",
            "lng": "139.278249"
        },
        {
            "index": "12",
            "id": "00127546",
            "name": "生沢",
            "lat": "35.321443",
            "lng": "139.280274"
        },
        {
            "index": "13",
            "id": "00127545",
            "name": "普門寺入口",
            "lat": "35.32273",
            "lng": "139.283819"
        },
        {
            "index": "14",
            "id": "00127544",
            "name": "寺坂宮前",
            "lat": "35.324249",
            "lng": "139.285314"
        },
        {
            "index": "15",
            "id": "00127543",
            "name": "王福寺",
            "lat": "35.325266",
            "lng": "139.288186"
        },
        {
            "index": "16",
            "id": "00127542",
            "name": "上寺坂",
            "lat": "35.327166",
            "lng": "139.289687"
        },
        {
            "index": "17",
            "id": "00127550",
            "name": "境橋(中郡大磯町)",
            "lat": "35.330374",
            "lng": "139.293078"
        },
        {
            "index": "18",
            "id": "00127551",
            "name": "弁天通り(平塚市)",
            "lat": "35.335711",
            "lng": "139.293009"
        },
        {
            "index": "19",
            "id": "00127552",
            "name": "松岩寺",
            "lat": "35.338293",
            "lng": "139.292757"
        },
        {
            "index": "20",
            "id": "00127569",
            "name": "中沢橋",
            "lat": "35.342602",
            "lng": "139.294344"
        },
        {
            "index": "21",
            "id": "00127568",
            "name": "長久保(平塚市)",
            "lat": "35.344732",
            "lng": "139.298277"
        },
        {
            "index": "22",
            "id": "00127567",
            "name": "公所(平塚市)",
            "lat": "35.34596",
            "lng": "139.301981"
        },
        {
            "index": "23",
            "id": "00127566",
            "name": "堀の内(平塚市)",
            "lat": "35.345228",
            "lng": "139.304188"
        },
        {
            "index": "24",
            "id": "00127565",
            "name": "大町(平塚市)",
            "lat": "35.341313",
            "lng": "139.304521"
        },
        {
            "index": "25",
            "id": "00127564",
            "name": "坂間",
            "lat": "35.338298",
            "lng": "139.304588"
        },
        {
            "index": "26",
            "id": "00127563",
            "name": "河内(平塚市)",
            "lat": "35.337215",
            "lng": "139.310481"
        },
        {
            "index": "27",
            "id": "00127562",
            "name": "徳延",
            "lat": "35.337519",
            "lng": "139.314777"
        },
        {
            "index": "28",
            "id": "00127561",
            "name": "徳延神社前",
            "lat": "35.338193",
            "lng": "139.318468"
        },
        {
            "index": "29",
            "id": "00127560",
            "name": "南原土手",
            "lat": "35.340116",
            "lng": "139.323452"
        },
        {
            "index": "30",
            "id": "00127559",
            "name": "南原(平塚市)",
            "lat": "35.33909",
            "lng": "139.328274"
        },
        {
            "index": "31",
            "id": "00127558",
            "name": "向原(平塚市)",
            "lat": "35.338081",
            "lng": "139.33083"
        },
        {
            "index": "32",
            "id": "00127557",
            "name": "江南高校前",
            "lat": "35.337154",
            "lng": "139.334505"
        },
        {
            "index": "33",
            "id": "00127556",
            "name": "追分(平塚市)",
            "lat": "35.336297",
            "lng": "139.339242"
        },
        {
            "index": "34",
            "id": "00127555",
            "name": "立野町(平塚市)",
            "lat": "35.335858",
            "lng": "139.341498"
        },
        {
            "index": "35",
            "id": "00127554",
            "name": "横浜ゴム前",
            "lat": "35.335093",
            "lng": "139.344896"
        },
        {
            "index": "36",
            "id": "00127553",
            "name": "市役所前(ゴム前/平塚市)",
            "lat": "35.333646",
            "lng": "139.347366"
        },
        {
            "index": "37",
            "id": "00127190",
            "name": "四ツ角(平塚市)",
            "lat": "35.330399",
            "lng": "139.350432"
        },
        {
            "index": "38",
            "id": "00127464",
            "name": "平塚駅北口",
            "lat": "35.329356",
            "lng": "139.350577"
        }
    ],
    "route_url": "https://www.kanachu.co.jp/dia/route/index/cid:0000802272/"
}
