{
    "date": "2025/11/16",
    "name": "大磯駅",
    "position": "-",
    "system": "磯14",
    "destinations": [
        "大磯小学校前",
        "統監道",
        "白岩大門",
        "八坂神社(中郡大磯町)",
        "城山公園前(中郡大磯町)",
        "本郷橋(中郡大磯町)",
        "城の下",
        "馬場(中郡大磯町)",
        "馬場公園",
        "月京",
        "湘南大磯病院",
        "石神台東公園前",
        "南公園前(中郡大磯町)",
        "西公園前(中郡大磯町)",
        "富士見が丘2丁目",
        "富士見が丘3丁目",
        "向山橋",
        "元町(中郡二宮町)",
        "二宮駅北口"
    ],
    "weekday": [
        "5:55",
        "6:34",
        "7:00",
        "7:35",
        "8:25",
        "9:00",
        "9:35",
        "10:35",
        "11:40",
        "12:35",
        "13:40",
        "14:35",
        "15:40",
        "16:35",
        "17:40",
        "18:25",
        "19:10",
        "20:15",
        "21:48"
    ],
    "saturday": [
        "6:20",
        "7:20",
        "8:15",
        "9:15",
        "10:20",
        "11:15",
        "12:20",
        "13:15",
        "14:20",
        "15:15",
        "16:20",
        "17:15",
        "18:20",
        "19:15",
        "20:20",
        "21:22"
    ],
    "holiday": [
        "6:20",
        "7:20",
        "8:15",
        "9:15",
        "10:20",
        "11:15",
        "12:20",
        "13:15",
        "14:20",
        "15:15",
        "16:20",
        "17:15",
        "18:20",
        "19:15",
        "20:20",
        "21:22"
    ],
    "url": "https://www.kanachu.co.jp/dia/diagram/timetable01_js/course:0000803714-1/node:00127455/kt:0/lname:/"
}
