{
    "date": "2025/11/16",
    "name": "月京",
    "position": "-",
    "system": "磯14",
    "destinations": [
        "湘南大磯病院",
        "石神台東公園前",
        "南公園前(中郡大磯町)",
        "西公園前(中郡大磯町)",
        "富士見が丘2丁目",
        "富士見が丘3丁目",
        "向山橋",
        "元町(中郡二宮町)",
        "二宮駅北口"
    ],
    "weekday": [
        "6:07",
        "6:46",
        "7:12",
        "7:47",
        "8:37",
        "9:11",
        "9:46",
        "10:46",
        "11:51",
        "12:46",
        "13:51",
        "14:46",
        "15:51",
        "16:46",
        "17:52",
        "18:37",
        "19:21",
        "20:26",
        "21:59"
    ],
    "saturday": [
        "6:31",
        "7:31",
        "8:26",
        "9:26",
        "10:31",
        "11:26",
        "12:31",
        "13:26",
        "14:31",
        "15:26",
        "16:31",
        "17:26",
        "18:31",
        "19:26",
        "20:31",
        "21:33"
    ],
    "holiday": [
        "6:31",
        "7:31",
        "8:26",
        "9:26",
        "10:31",
        "11:26",
        "12:31",
        "13:26",
        "14:31",
        "15:26",
        "16:31",
        "17:26",
        "18:31",
        "19:26",
        "20:31",
        "21:33"
    ],
    "url": "https://www.kanachu.co.jp/dia/diagram/timetable01_js/course:0000803714-11/node:00127549/kt:0/lname:/"
}
