{
    "date": "2025/11/16",
    "name": "西公園前(中郡大磯町)",
    "position": "-",
    "system": "磯14",
    "destinations": [
        "富士見が丘2丁目",
        "富士見が丘3丁目",
        "向山橋",
        "元町(中郡二宮町)",
        "二宮駅北口"
    ],
    "weekday": [
        "6:14",
        "6:53",
        "7:19",
        "7:54",
        "8:44",
        "9:18",
        "9:53",
        "10:53",
        "11:58",
        "12:53",
        "13:58",
        "14:53",
        "15:58",
        "16:53",
        "17:59",
        "18:44",
        "19:28",
        "20:33",
        "22:06"
    ],
    "saturday": [
        "6:38",
        "7:38",
        "8:33",
        "9:33",
        "10:38",
        "11:33",
        "12:38",
        "13:33",
        "14:38",
        "15:33",
        "16:38",
        "17:33",
        "18:38",
        "19:33",
        "20:38",
        "21:40"
    ],
    "holiday": [
        "6:38",
        "7:38",
        "8:33",
        "9:33",
        "10:38",
        "11:33",
        "12:38",
        "13:33",
        "14:38",
        "15:33",
        "16:38",
        "17:33",
        "18:38",
        "19:33",
        "20:38",
        "21:40"
    ],
    "url": "https://www.kanachu.co.jp/dia/diagram/timetable01_js/course:0000803714-15/node:00127509/kt:0/lname:/"
}
