{
    "date": "2025/11/16",
    "name": "向山橋",
    "position": "-",
    "system": "磯14",
    "destinations": [
        "元町(中郡二宮町)",
        "二宮駅北口"
    ],
    "weekday": [
        "6:17",
        "6:56",
        "7:22",
        "7:57",
        "8:47",
        "9:21",
        "9:56",
        "10:56",
        "12:01",
        "12:56",
        "14:01",
        "14:56",
        "16:01",
        "16:56",
        "18:02",
        "18:47",
        "19:31",
        "20:36",
        "22:09"
    ],
    "saturday": [
        "6:41",
        "7:41",
        "8:36",
        "9:36",
        "10:41",
        "11:36",
        "12:41",
        "13:36",
        "14:41",
        "15:36",
        "16:41",
        "17:36",
        "18:41",
        "19:36",
        "20:41",
        "21:43"
    ],
    "holiday": [
        "6:41",
        "7:41",
        "8:36",
        "9:36",
        "10:41",
        "11:36",
        "12:41",
        "13:36",
        "14:41",
        "15:36",
        "16:41",
        "17:36",
        "18:41",
        "19:36",
        "20:41",
        "21:43"
    ],
    "url": "https://www.kanachu.co.jp/dia/diagram/timetable01_js/course:0000803714-18/node:00127524/kt:0/lname:/"
}
