{
    "system": "磯14",
    "busstops": [
        {
            "index": "1",
            "id": "00127455",
            "name": "大磯駅",
            "lat": "35.310657",
            "lng": "139.313269"
        },
        {
            "index": "2",
            "id": "00127456",
            "name": "大磯小学校前",
            "lat": "35.308319",
            "lng": "139.312302"
        },
        {
            "index": "3",
            "id": "00127478",
            "name": "統監道",
            "lat": "35.307851",
            "lng": "139.309179"
        },
        {
            "index": "4",
            "id": "00127479",
            "name": "白岩大門",
            "lat": "35.306636",
            "lng": "139.30177"
        },
        {
            "index": "5",
            "id": "00127480",
            "name": "八坂神社(中郡大磯町)",
            "lat": "35.305564",
            "lng": "139.297263"
        },
        {
            "index": "6",
            "id": "00127687",
            "name": "城山公園前(中郡大磯町)",
            "lat": "35.303783",
            "lng": "139.291389"
        },
        {
            "index": "7",
            "id": "00127694",
            "name": "本郷橋(中郡大磯町)",
            "lat": "35.305388",
            "lng": "139.289051"
        },
        {
            "index": "8",
            "id": "00127695",
            "name": "城の下",
            "lat": "35.308408",
            "lng": "139.28729"
        },
        {
            "index": "9",
            "id": "00127696",
            "name": "馬場(中郡大磯町)",
            "lat": "35.309539",
            "lng": "139.283384"
        },
        {
            "index": "10",
            "id": "00127697",
            "name": "馬場公園",
            "lat": "35.309734",
            "lng": "139.280673"
        },
        {
            "index": "11",
            "id": "00127549",
            "name": "月京",
            "lat": "35.310206",
            "lng": "139.278428"
        },
        {
            "index": "12",
            "id": "00127506",
            "name": "湘南大磯病院",
            "lat": "35.309474",
            "lng": "139.277029"
        },
        {
            "index": "13",
            "id": "00127507",
            "name": "石神台東公園前",
            "lat": "35.310452",
            "lng": "139.271996"
        },
        {
            "index": "14",
            "id": "00127508",
            "name": "南公園前(中郡大磯町)",
            "lat": "35.309228",
            "lng": "139.268713"
        },
        {
            "index": "15",
            "id": "00127509",
            "name": "西公園前(中郡大磯町)",
            "lat": "35.311424",
            "lng": "139.266892"
        },
        {
            "index": "16",
            "id": "00127512",
            "name": "富士見が丘2丁目",
            "lat": "35.310322",
            "lng": "139.262998"
        },
        {
            "index": "17",
            "id": "00127513",
            "name": "富士見が丘3丁目",
            "lat": "35.309387",
            "lng": "139.260514"
        },
        {
            "index": "18",
            "id": "00127524",
            "name": "向山橋",
            "lat": "35.306766",
            "lng": "139.258878"
        },
        {
            "index": "19",
            "id": "00127791",
            "name": "元町(中郡二宮町)",
            "lat": "35.301529",
            "lng": "139.257673"
        },
        {
            "index": "20",
            "id": "00127683",
            "name": "二宮駅北口",
            "lat": "35.29915",
            "lng": "139.257459"
        }
    ],
    "route_url": "https://www.kanachu.co.jp/dia/route/index/cid:0000803714/"
}
