{
    "date": "2025/08/30",
    "name": "品濃口",
    "position": "-",
    "system": "戸25",
    "destinations": [
        "赤関橋",
        "柏尾(横浜市戸塚区)",
        "ポーラ前(横浜市戸塚区)",
        "不動坂(横浜市戸塚区)",
        "ブリヂストン前",
        "元町(横浜市戸塚区)",
        "矢部町",
        "戸塚駅東口"
    ],
    "weekday": [
        "6:08",
        "6:24",
        "6:40"
    ],
    "saturday": [
        "6:29"
    ],
    "holiday": [
        "6:35"
    ],
    "url": "https://www.kanachu.co.jp/dia/diagram/timetable01_js/course:0000800089-6/node:00126617/kt:0/lname:/"
}
