{
    "date": "2025/08/30",
    "name": "柏尾(横浜市戸塚区)",
    "position": "-",
    "system": "戸25",
    "destinations": [
        "ポーラ前(横浜市戸塚区)",
        "不動坂(横浜市戸塚区)",
        "ブリヂストン前",
        "元町(横浜市戸塚区)",
        "矢部町",
        "戸塚駅東口"
    ],
    "weekday": [
        "6:11",
        "6:27",
        "6:43"
    ],
    "saturday": [
        "6:32"
    ],
    "holiday": [
        "6:38"
    ],
    "url": "https://www.kanachu.co.jp/dia/diagram/timetable01_js/course:0000800089-8/node:00126615/kt:0/lname:/"
}
