{
    "system": "戸25",
    "busstops": [
        {
            "index": "1",
            "id": "00126623",
            "name": "こども医療センター",
            "lat": "35.421862",
            "lng": "139.578235"
        },
        {
            "index": "2",
            "id": "00126622",
            "name": "六ツ川四丁目",
            "lat": "35.424233",
            "lng": "139.573668"
        },
        {
            "index": "3",
            "id": "00126620",
            "name": "山谷(横浜市戸塚区)",
            "lat": "35.425433",
            "lng": "139.568921"
        },
        {
            "index": "4",
            "id": "00126619",
            "name": "坂下口",
            "lat": "35.422381",
            "lng": "139.565142"
        },
        {
            "index": "5",
            "id": "00126618",
            "name": "国道平戸",
            "lat": "35.420252",
            "lng": "139.560743"
        },
        {
            "index": "6",
            "id": "00126617",
            "name": "品濃口",
            "lat": "35.421223",
            "lng": "139.55584"
        },
        {
            "index": "7",
            "id": "00126616",
            "name": "赤関橋",
            "lat": "35.420687",
            "lng": "139.552806"
        },
        {
            "index": "8",
            "id": "00126615",
            "name": "柏尾(横浜市戸塚区)",
            "lat": "35.417918",
            "lng": "139.548279"
        },
        {
            "index": "9",
            "id": "00126614",
            "name": "ポーラ前(横浜市戸塚区)",
            "lat": "35.416766",
            "lng": "139.54639"
        },
        {
            "index": "10",
            "id": "00126613",
            "name": "不動坂(横浜市戸塚区)",
            "lat": "35.413425",
            "lng": "139.541594"
        },
        {
            "index": "11",
            "id": "00126612",
            "name": "ブリヂストン前",
            "lat": "35.409557",
            "lng": "139.5396"
        },
        {
            "index": "12",
            "id": "00126611",
            "name": "元町(横浜市戸塚区)",
            "lat": "35.40689",
            "lng": "139.538133"
        },
        {
            "index": "13",
            "id": "00126610",
            "name": "矢部町",
            "lat": "35.403663",
            "lng": "139.537012"
        },
        {
            "index": "14",
            "id": "00080742",
            "name": "戸塚駅東口",
            "lat": "35.400883",
            "lng": "139.534505"
        }
    ],
    "route_url": "https://www.kanachu.co.jp/dia/route/index/cid:0000800089/"
}
