{
    "date": "2025/03/15",
    "name": "西高校前(藤沢市)",
    "position": "-",
    "system": "辻26",
    "destinations": [
        "南センター前(藤沢市)",
        "小糸",
        "大庭小学校",
        "ライフタウン中央(藤沢市)",
        "二番構保健医療センター",
        "駒寄",
        "滝の沢(藤沢市)",
        "滝の沢不動前",
        "湘南ライフタウン",
        "南原(藤沢市)",
        "矢尻(藤沢市)",
        "田方(藤沢市)",
        "寿照寺前",
        "和泉橋",
        "石川山田",
        "南桐原",
        "桐ヶ谷(藤沢市)",
        "湘南台住宅前",
        "湘南台駅西口"
    ],
    "weekday": [
        "5:52",
        "6:04",
        "6:14",
        "6:24",
        "6:34",
        "6:44",
        "6:51",
        "6:58",
        "7:04",
        "7:09",
        "7:14",
        "7:19",
        "7:24",
        "7:29",
        "7:36",
        "7:42",
        "7:48",
        "7:54",
        "8:00",
        "8:06",
        "8:18",
        "8:24",
        "8:34",
        "8:44",
        "8:54",
        "9:04",
        "9:14",
        "9:24",
        "9:34",
        "9:49",
        "10:04",
        "10:17",
        "10:42",
        "11:02",
        "11:19",
        "11:42",
        "12:02",
        "12:19",
        "12:42",
        "13:02",
        "13:19",
        "13:42",
        "14:02",
        "14:19",
        "14:42",
        "15:02",
        "15:19",
        "15:42",
        "16:02",
        "16:20",
        "16:42",
        "17:02",
        "17:16",
        "17:31",
        "17:46",
        "17:58",
        "18:10",
        "18:22",
        "18:34",
        "18:46",
        "18:58",
        "19:10",
        "19:22",
        "19:34",
        "19:44",
        "19:57",
        "20:14",
        "20:27",
        "20:39",
        "20:54",
        "21:26",
        "21:46",
        "22:11",
        "22:51"
    ],
    "saturday": [
        "5:56",
        "6:22",
        "6:44",
        "7:06",
        "7:26",
        "7:46",
        "8:06",
        "8:26",
        "8:46",
        "9:10",
        "9:26",
        "9:46",
        "10:10",
        "10:26",
        "10:46",
        "11:10",
        "11:26",
        "11:46",
        "12:10",
        "12:26",
        "12:46",
        "13:10",
        "13:26",
        "13:46",
        "14:10",
        "14:26",
        "14:46",
        "15:10",
        "15:26",
        "15:46",
        "16:10",
        "16:26",
        "16:46",
        "17:10",
        "17:26",
        "17:46",
        "18:10",
        "18:26",
        "18:46",
        "19:10",
        "19:26",
        "19:46",
        "20:10",
        "20:46",
        "21:26",
        "22:06"
    ],
    "holiday": [
        "6:21",
        "6:44",
        "7:06",
        "7:26",
        "7:46",
        "8:06",
        "8:26",
        "8:46",
        "9:10",
        "9:26",
        "9:46",
        "10:10",
        "10:26",
        "10:46",
        "11:10",
        "11:26",
        "11:46",
        "12:10",
        "12:26",
        "12:46",
        "13:10",
        "13:26",
        "13:46",
        "14:10",
        "14:26",
        "14:46",
        "15:10",
        "15:26",
        "15:46",
        "16:10",
        "16:26",
        "16:46",
        "17:10",
        "17:26",
        "17:46",
        "18:10",
        "18:26",
        "18:46",
        "19:10",
        "19:26",
        "19:46",
        "20:10",
        "20:46",
        "21:21"
    ],
    "url": "https://www.kanachu.co.jp/dia/diagram/timetable01_js/course:0000802709-7/node:00129939/kt:0/lname:/"
}
