{
    "date": "2025/03/15",
    "name": "南原(藤沢市)",
    "position": "-",
    "system": "辻26",
    "destinations": [
        "矢尻(藤沢市)",
        "田方(藤沢市)",
        "寿照寺前",
        "和泉橋",
        "石川山田",
        "南桐原",
        "桐ヶ谷(藤沢市)",
        "湘南台住宅前",
        "湘南台駅西口"
    ],
    "weekday": [
        "6:06",
        "6:18",
        "6:28",
        "6:38",
        "6:48",
        "6:58",
        "7:05",
        "7:12",
        "7:18",
        "7:23",
        "7:28",
        "7:33",
        "7:38",
        "7:43",
        "7:50",
        "7:56",
        "8:02",
        "8:08",
        "8:14",
        "8:20",
        "8:32",
        "8:38",
        "8:48",
        "8:58",
        "9:08",
        "9:18",
        "9:28",
        "9:38",
        "9:48",
        "10:03",
        "10:18",
        "10:31",
        "10:56",
        "11:16",
        "11:33",
        "11:56",
        "12:16",
        "12:33",
        "12:56",
        "13:16",
        "13:33",
        "13:56",
        "14:19",
        "14:36",
        "14:59",
        "15:19",
        "15:36",
        "15:59",
        "16:19",
        "16:37",
        "16:59",
        "17:19",
        "17:33",
        "17:48",
        "18:03",
        "18:15",
        "18:27",
        "18:39",
        "18:51",
        "19:03",
        "19:15",
        "19:27",
        "19:36",
        "19:48",
        "19:58",
        "20:11",
        "20:28",
        "20:41",
        "20:53",
        "21:08",
        "21:40",
        "22:00",
        "22:25",
        "23:05"
    ],
    "saturday": [
        "6:10",
        "6:37",
        "6:59",
        "7:21",
        "7:41",
        "8:01",
        "8:21",
        "8:41",
        "9:01",
        "9:25",
        "9:41",
        "10:01",
        "10:25",
        "10:41",
        "11:01",
        "11:25",
        "11:41",
        "12:01",
        "12:25",
        "12:41",
        "13:01",
        "13:25",
        "13:41",
        "14:01",
        "14:25",
        "14:41",
        "15:01",
        "15:27",
        "15:43",
        "16:03",
        "16:27",
        "16:43",
        "17:03",
        "17:27",
        "17:43",
        "18:03",
        "18:27",
        "18:43",
        "19:03",
        "19:27",
        "19:40",
        "20:00",
        "20:24",
        "21:00",
        "21:40",
        "22:20"
    ],
    "holiday": [
        "6:34",
        "6:59",
        "7:21",
        "7:41",
        "8:01",
        "8:21",
        "8:41",
        "9:01",
        "9:25",
        "9:41",
        "10:01",
        "10:25",
        "10:41",
        "11:01",
        "11:25",
        "11:41",
        "12:01",
        "12:25",
        "12:41",
        "13:01",
        "13:25",
        "13:41",
        "14:01",
        "14:25",
        "14:41",
        "15:01",
        "15:27",
        "15:43",
        "16:03",
        "16:27",
        "16:43",
        "17:03",
        "17:27",
        "17:43",
        "18:03",
        "18:27",
        "18:43",
        "19:03",
        "19:27",
        "19:40",
        "20:00",
        "20:24",
        "21:00",
        "21:35"
    ],
    "url": "https://www.kanachu.co.jp/dia/diagram/timetable01_js/course:0000802709-17/node:00129949/kt:0/lname:/"
}
