{
    "date": "2025/03/15",
    "name": "矢尻(藤沢市)",
    "position": "-",
    "system": "辻26",
    "destinations": [
        "田方(藤沢市)",
        "寿照寺前",
        "和泉橋",
        "石川山田",
        "南桐原",
        "桐ヶ谷(藤沢市)",
        "湘南台住宅前",
        "湘南台駅西口"
    ],
    "weekday": [
        "6:07",
        "6:19",
        "6:29",
        "6:39",
        "6:49",
        "6:59",
        "7:06",
        "7:13",
        "7:19",
        "7:24",
        "7:29",
        "7:34",
        "7:39",
        "7:44",
        "7:51",
        "7:57",
        "8:03",
        "8:09",
        "8:15",
        "8:21",
        "8:33",
        "8:39",
        "8:49",
        "8:59",
        "9:09",
        "9:19",
        "9:29",
        "9:39",
        "9:49",
        "10:04",
        "10:19",
        "10:32",
        "10:57",
        "11:17",
        "11:34",
        "11:57",
        "12:17",
        "12:34",
        "12:57",
        "13:17",
        "13:34",
        "13:57",
        "14:20",
        "14:37",
        "15:00",
        "15:20",
        "15:37",
        "16:00",
        "16:20",
        "16:38",
        "17:00",
        "17:20",
        "17:34",
        "17:49",
        "18:04",
        "18:16",
        "18:28",
        "18:40",
        "18:52",
        "19:04",
        "19:16",
        "19:28",
        "19:37",
        "19:49",
        "19:59",
        "20:12",
        "20:29",
        "20:42",
        "20:54",
        "21:09",
        "21:41",
        "22:01",
        "22:26",
        "23:06"
    ],
    "saturday": [
        "6:11",
        "6:38",
        "7:00",
        "7:22",
        "7:42",
        "8:02",
        "8:22",
        "8:42",
        "9:02",
        "9:26",
        "9:42",
        "10:02",
        "10:26",
        "10:42",
        "11:02",
        "11:26",
        "11:42",
        "12:02",
        "12:26",
        "12:42",
        "13:02",
        "13:26",
        "13:42",
        "14:02",
        "14:26",
        "14:42",
        "15:02",
        "15:28",
        "15:44",
        "16:04",
        "16:28",
        "16:44",
        "17:04",
        "17:28",
        "17:44",
        "18:04",
        "18:28",
        "18:44",
        "19:04",
        "19:28",
        "19:41",
        "20:01",
        "20:25",
        "21:01",
        "21:41",
        "22:21"
    ],
    "holiday": [
        "6:35",
        "7:00",
        "7:22",
        "7:42",
        "8:02",
        "8:22",
        "8:42",
        "9:02",
        "9:26",
        "9:42",
        "10:02",
        "10:26",
        "10:42",
        "11:02",
        "11:26",
        "11:42",
        "12:02",
        "12:26",
        "12:42",
        "13:02",
        "13:26",
        "13:42",
        "14:02",
        "14:26",
        "14:42",
        "15:02",
        "15:28",
        "15:44",
        "16:04",
        "16:28",
        "16:44",
        "17:04",
        "17:28",
        "17:44",
        "18:04",
        "18:28",
        "18:44",
        "19:04",
        "19:28",
        "19:41",
        "20:01",
        "20:25",
        "21:01",
        "21:36"
    ],
    "url": "https://www.kanachu.co.jp/dia/diagram/timetable01_js/course:0000802709-18/node:00129950/kt:0/lname:/"
}
