{
    "date": "2025/03/15",
    "name": "寿照寺前",
    "position": "-",
    "system": "辻26",
    "destinations": [
        "和泉橋",
        "石川山田",
        "南桐原",
        "桐ヶ谷(藤沢市)",
        "湘南台住宅前",
        "湘南台駅西口"
    ],
    "weekday": [
        "6:09",
        "6:21",
        "6:31",
        "6:41",
        "6:51",
        "7:01",
        "7:08",
        "7:15",
        "7:21",
        "7:26",
        "7:31",
        "7:36",
        "7:41",
        "7:46",
        "7:53",
        "7:59",
        "8:05",
        "8:11",
        "8:17",
        "8:23",
        "8:35",
        "8:41",
        "8:51",
        "9:01",
        "9:11",
        "9:21",
        "9:31",
        "9:41",
        "9:51",
        "10:06",
        "10:21",
        "10:34",
        "10:59",
        "11:19",
        "11:36",
        "11:59",
        "12:19",
        "12:36",
        "12:59",
        "13:19",
        "13:36",
        "13:59",
        "14:22",
        "14:39",
        "15:02",
        "15:22",
        "15:39",
        "16:02",
        "16:22",
        "16:40",
        "17:02",
        "17:22",
        "17:36",
        "17:51",
        "18:06",
        "18:18",
        "18:30",
        "18:42",
        "18:54",
        "19:06",
        "19:18",
        "19:30",
        "19:39",
        "19:51",
        "20:01",
        "20:14",
        "20:31",
        "20:44",
        "20:56",
        "21:11",
        "21:43",
        "22:03",
        "22:28",
        "23:08"
    ],
    "saturday": [
        "6:13",
        "6:40",
        "7:02",
        "7:24",
        "7:44",
        "8:04",
        "8:24",
        "8:44",
        "9:04",
        "9:28",
        "9:44",
        "10:04",
        "10:28",
        "10:44",
        "11:04",
        "11:28",
        "11:44",
        "12:04",
        "12:28",
        "12:44",
        "13:04",
        "13:28",
        "13:44",
        "14:04",
        "14:28",
        "14:44",
        "15:04",
        "15:30",
        "15:46",
        "16:06",
        "16:30",
        "16:46",
        "17:06",
        "17:30",
        "17:46",
        "18:06",
        "18:30",
        "18:46",
        "19:06",
        "19:30",
        "19:43",
        "20:03",
        "20:27",
        "21:03",
        "21:43",
        "22:23"
    ],
    "holiday": [
        "6:37",
        "7:02",
        "7:24",
        "7:44",
        "8:04",
        "8:24",
        "8:44",
        "9:04",
        "9:28",
        "9:44",
        "10:04",
        "10:28",
        "10:44",
        "11:04",
        "11:28",
        "11:44",
        "12:04",
        "12:28",
        "12:44",
        "13:04",
        "13:28",
        "13:44",
        "14:04",
        "14:28",
        "14:44",
        "15:04",
        "15:30",
        "15:46",
        "16:06",
        "16:30",
        "16:46",
        "17:06",
        "17:30",
        "17:46",
        "18:06",
        "18:30",
        "18:46",
        "19:06",
        "19:30",
        "19:43",
        "20:03",
        "20:27",
        "21:03",
        "21:38"
    ],
    "url": "https://www.kanachu.co.jp/dia/diagram/timetable01_js/course:0000802709-20/node:00129952/kt:0/lname:/"
}
