{
    "date": "2025/10/20",
    "name": "熊野神社前(成瀬街道側/町田市)",
    "position": "-",
    "system": "町92",
    "destinations": [
        "高ヶ坂センター前",
        "高ヶ坂",
        "団地入口(町田市)",
        "高ヶ坂団地"
    ],
    "weekday": [
        "6:51",
        "7:24",
        "7:47",
        "8:07",
        "8:52"
    ],
    "saturday": [
        "7:34",
        "8:04",
        "8:44"
    ],
    "holiday": [
        "7:46",
        "8:23",
        "8:53"
    ],
    "url": "https://www.kanachu.co.jp/dia/diagram/timetable01_js/course:0000801243-5/node:00129581/kt:0/lname:/"
}
