{
    "system": "町92",
    "busstops": [
        {
            "index": "1",
            "id": "00025625",
            "name": "町田バスセンター",
            "lat": "35.542997",
            "lng": "139.446447"
        },
        {
            "index": "2",
            "id": "00129465",
            "name": "原町田四丁目",
            "lat": "35.54358",
            "lng": "139.451946"
        },
        {
            "index": "3",
            "id": "00129546",
            "name": "原町田三丁目",
            "lat": "35.540625",
            "lng": "139.453244"
        },
        {
            "index": "4",
            "id": "00129543",
            "name": "三塚",
            "lat": "35.539165",
            "lng": "139.453609"
        },
        {
            "index": "5",
            "id": "00129581",
            "name": "熊野神社前(成瀬街道側/町田市)",
            "lat": "35.540945",
            "lng": "139.458555"
        },
        {
            "index": "6",
            "id": "00129577",
            "name": "高ヶ坂センター前",
            "lat": "35.542253",
            "lng": "139.459089"
        },
        {
            "index": "7",
            "id": "00129578",
            "name": "高ヶ坂",
            "lat": "35.544357",
            "lng": "139.458563"
        },
        {
            "index": "8",
            "id": "00129579",
            "name": "団地入口(町田市)",
            "lat": "35.545981",
            "lng": "139.457854"
        },
        {
            "index": "9",
            "id": "00129580",
            "name": "高ヶ坂団地",
            "lat": "35.546483",
            "lng": "139.460467"
        }
    ],
    "route_url": "https://www.kanachu.co.jp/dia/route/index/cid:0000801243/"
}
