{
    "date": "2025/07/12",
    "name": "茅山(藤沢市)",
    "position": "-",
    "system": "善03",
    "destinations": [
        "石原谷",
        "関東航空前",
        "中郷(藤沢市)",
        "卸売市場前(藤沢市)",
        "大六天(藤沢市)",
        "舟地蔵",
        "天神社前",
        "弁天前(藤沢市)",
        "北の谷",
        "駒寄小学校前",
        "二番構保健医療センター",
        "駒寄",
        "滝の沢(藤沢市)",
        "滝の沢不動前",
        "湘南ライフタウン"
    ],
    "weekday": [
        "6:30",
        "7:30",
        "8:25",
        "17:22",
        "18:22"
    ],
    "saturday": [
        "7:30",
        "8:30",
        "17:12",
        "18:12"
    ],
    "holiday": [
        "7:30",
        "8:30",
        "17:12",
        "18:12"
    ],
    "url": "https://www.kanachu.co.jp/dia/diagram/timetable01_js/course:0000802713-3/node:00127101/kt:0/lname:/"
}
