{
    "date": "2025/07/12",
    "name": "駒寄",
    "position": "-",
    "system": "善03",
    "destinations": [
        "滝の沢(藤沢市)",
        "滝の沢不動前",
        "湘南ライフタウン"
    ],
    "weekday": [
        "6:42",
        "7:42",
        "8:37",
        "17:34",
        "18:34"
    ],
    "saturday": [
        "7:42",
        "8:42",
        "17:24",
        "18:24"
    ],
    "holiday": [
        "7:42",
        "8:42",
        "17:24",
        "18:24"
    ],
    "url": "https://www.kanachu.co.jp/dia/diagram/timetable01_js/course:0000802713-15/node:00129945/kt:0/lname:/"
}
