{
    "system": "善03",
    "busstops": [
        {
            "index": "1",
            "id": "00127073",
            "name": "善行駅",
            "lat": "35.363136",
            "lng": "139.47303"
        },
        {
            "index": "2",
            "id": "00127072",
            "name": "善行二丁目",
            "lat": "35.364167",
            "lng": "139.470654"
        },
        {
            "index": "3",
            "id": "00127101",
            "name": "茅山(藤沢市)",
            "lat": "35.361081",
            "lng": "139.468012"
        },
        {
            "index": "4",
            "id": "00127102",
            "name": "石原谷",
            "lat": "35.357716",
            "lng": "139.467753"
        },
        {
            "index": "5",
            "id": "00127066",
            "name": "関東航空前",
            "lat": "35.356101",
            "lng": "139.467604"
        },
        {
            "index": "6",
            "id": "00127103",
            "name": "中郷(藤沢市)",
            "lat": "35.354368",
            "lng": "139.465721"
        },
        {
            "index": "7",
            "id": "00127104",
            "name": "卸売市場前(藤沢市)",
            "lat": "35.354581",
            "lng": "139.463217"
        },
        {
            "index": "8",
            "id": "00127056",
            "name": "大六天(藤沢市)",
            "lat": "35.353384",
            "lng": "139.454339"
        },
        {
            "index": "9",
            "id": "00127057",
            "name": "舟地蔵",
            "lat": "35.359127",
            "lng": "139.453088"
        },
        {
            "index": "10",
            "id": "00127058",
            "name": "天神社前",
            "lat": "35.362125",
            "lng": "139.454208"
        },
        {
            "index": "11",
            "id": "00127059",
            "name": "弁天前(藤沢市)",
            "lat": "35.364533",
            "lng": "139.453755"
        },
        {
            "index": "12",
            "id": "00127060",
            "name": "北の谷",
            "lat": "35.367666",
            "lng": "139.452472"
        },
        {
            "index": "13",
            "id": "00129966",
            "name": "駒寄小学校前",
            "lat": "35.368949",
            "lng": "139.448155"
        },
        {
            "index": "14",
            "id": "00129944",
            "name": "二番構保健医療センター",
            "lat": "35.368671",
            "lng": "139.446386"
        },
        {
            "index": "15",
            "id": "00129945",
            "name": "駒寄",
            "lat": "35.37043",
            "lng": "139.442853"
        },
        {
            "index": "16",
            "id": "00129946",
            "name": "滝の沢(藤沢市)",
            "lat": "35.371557",
            "lng": "139.439634"
        },
        {
            "index": "17",
            "id": "00129947",
            "name": "滝の沢不動前",
            "lat": "35.372666",
            "lng": "139.436223"
        },
        {
            "index": "18",
            "id": "00129948",
            "name": "湘南ライフタウン",
            "lat": "35.375208",
            "lng": "139.433763"
        }
    ],
    "route_url": "https://www.kanachu.co.jp/dia/route/index/cid:0000802713/"
}
