{
    "date": "2025/07/27",
    "name": "四ツ谷(中郡二宮町)",
    "position": "-",
    "system": "二33",
    "destinations": [
        "谷屋津",
        "南5号前",
        "南2号前",
        "南1号前",
        "中2号前",
        "北5号前",
        "北4号前",
        "北3号前",
        "北2号前",
        "北1号前",
        "団地中央(中郡二宮町)"
    ],
    "weekday": [
        "8:17",
        "8:48",
        "17:37",
        "18:12",
        "18:52",
        "19:32",
        "20:19",
        "21:19"
    ],
    "saturday": [
        "17:13",
        "18:13",
        "19:13",
        "20:13",
        "21:13"
    ],
    "holiday": [
        "17:13",
        "18:13",
        "19:13",
        "20:13",
        "21:13"
    ],
    "url": "https://www.kanachu.co.jp/dia/diagram/timetable01_js/course:0000801997-6/node:00127792/kt:0/lname:/"
}
