{
    "date": "2025/07/27",
    "name": "南5号前",
    "position": "-",
    "system": "二33",
    "destinations": [
        "南2号前",
        "南1号前",
        "中2号前",
        "北5号前",
        "北4号前",
        "北3号前",
        "北2号前",
        "北1号前",
        "団地中央(中郡二宮町)"
    ],
    "weekday": [
        "8:18",
        "8:49",
        "17:38",
        "18:13",
        "18:53",
        "19:33",
        "20:20",
        "21:20"
    ],
    "saturday": [
        "17:14",
        "18:14",
        "19:14",
        "20:14",
        "21:14"
    ],
    "holiday": [
        "17:14",
        "18:14",
        "19:14",
        "20:14",
        "21:14"
    ],
    "url": "https://www.kanachu.co.jp/dia/diagram/timetable01_js/course:0000801997-8/node:00127794/kt:0/lname:/"
}
