{
    "date": "2025/07/27",
    "name": "北5号前",
    "position": "-",
    "system": "二33",
    "destinations": [
        "北4号前",
        "北3号前",
        "北2号前",
        "北1号前",
        "団地中央(中郡二宮町)"
    ],
    "weekday": [
        "8:23",
        "8:54",
        "17:43",
        "18:18",
        "18:58",
        "19:38",
        "20:25",
        "21:25"
    ],
    "saturday": [
        "17:19",
        "18:19",
        "19:19",
        "20:19",
        "21:19"
    ],
    "holiday": [
        "17:19",
        "18:19",
        "19:19",
        "20:19",
        "21:19"
    ],
    "url": "https://www.kanachu.co.jp/dia/diagram/timetable01_js/course:0000801997-12/node:00127800/kt:0/lname:/"
}
