{
    "date": "2025/03/15",
    "name": "矢尻(藤沢市)",
    "position": "-",
    "system": "湘17",
    "destinations": [
        "南原(藤沢市)",
        "湘南ライフタウン",
        "小出一本松",
        "大辻(藤沢市)",
        "小出小学校前",
        "芹沢入口",
        "文教大学"
    ],
    "weekday": [
        "7:44",
        "8:14",
        "8:24",
        "8:34",
        "8:46",
        "8:51",
        "9:01",
        "9:16",
        "9:31",
        "9:51",
        "10:11",
        "10:16",
        "10:21",
        "10:26",
        "10:46",
        "11:16",
        "11:46",
        "12:16",
        "12:36",
        "12:46",
        "13:16",
        "13:46",
        "14:16",
        "14:46",
        "15:16",
        "15:46",
        "16:16",
        "16:46",
        "17:16",
        "17:31",
        "17:46",
        "18:04",
        "18:16",
        "18:31",
        "18:46",
        "19:01",
        "19:34",
        "20:04"
    ],
    "saturday": [
        "7:44",
        "8:36",
        "8:45",
        "8:53",
        "9:19",
        "9:39",
        "9:59",
        "10:19",
        "10:33",
        "10:59",
        "11:19",
        "11:44",
        "12:19",
        "12:44",
        "13:19",
        "13:44",
        "14:19",
        "14:44",
        "15:19",
        "15:44",
        "16:19",
        "16:44",
        "17:19",
        "17:39",
        "18:19",
        "18:39",
        "19:19"
    ],
    "holiday": [
        "7:39",
        "8:39",
        "9:19",
        "9:44",
        "10:19",
        "10:44",
        "11:19",
        "11:44",
        "12:19",
        "12:44",
        "13:19",
        "13:44",
        "14:19",
        "14:44",
        "15:19",
        "15:44",
        "16:19",
        "16:44",
        "17:19",
        "17:39",
        "18:19",
        "18:39"
    ],
    "url": "https://www.kanachu.co.jp/dia/diagram/timetable01_js/course:0000800799-9/node:00129950/kt:0/lname:/"
}
