{
    "system": "湘17",
    "busstops": [
        {
            "index": "1",
            "id": "00129893",
            "name": "湘南台駅西口",
            "lat": "35.395968",
            "lng": "139.465354"
        },
        {
            "index": "2",
            "id": "00129894",
            "name": "湘南台住宅前",
            "lat": "35.392564",
            "lng": "139.464106"
        },
        {
            "index": "3",
            "id": "00129956",
            "name": "桐ヶ谷(藤沢市)",
            "lat": "35.390264",
            "lng": "139.459887"
        },
        {
            "index": "4",
            "id": "00129955",
            "name": "南桐原",
            "lat": "35.388547",
            "lng": "139.457489"
        },
        {
            "index": "5",
            "id": "00129954",
            "name": "石川山田",
            "lat": "35.384579",
            "lng": "139.456867"
        },
        {
            "index": "6",
            "id": "00129953",
            "name": "和泉橋",
            "lat": "35.382117",
            "lng": "139.453152"
        },
        {
            "index": "7",
            "id": "00129952",
            "name": "寿照寺前",
            "lat": "35.380515",
            "lng": "139.448072"
        },
        {
            "index": "8",
            "id": "00129951",
            "name": "田方(藤沢市)",
            "lat": "35.379031",
            "lng": "139.443405"
        },
        {
            "index": "9",
            "id": "00129950",
            "name": "矢尻(藤沢市)",
            "lat": "35.37759",
            "lng": "139.438878"
        },
        {
            "index": "10",
            "id": "00129949",
            "name": "南原(藤沢市)",
            "lat": "35.376781",
            "lng": "139.436539"
        },
        {
            "index": "11",
            "id": "00129948",
            "name": "湘南ライフタウン",
            "lat": "35.375056",
            "lng": "139.43284"
        },
        {
            "index": "12",
            "id": "00129957",
            "name": "小出一本松",
            "lat": "35.372898",
            "lng": "139.42994"
        },
        {
            "index": "13",
            "id": "00129958",
            "name": "大辻(藤沢市)",
            "lat": "35.371017",
            "lng": "139.42868"
        },
        {
            "index": "14",
            "id": "00127147",
            "name": "小出小学校前",
            "lat": "35.370862",
            "lng": "139.423624"
        },
        {
            "index": "15",
            "id": "00127278",
            "name": "芹沢入口",
            "lat": "35.370979",
            "lng": "139.420766"
        },
        {
            "index": "16",
            "id": "00127148",
            "name": "文教大学",
            "lat": "35.368558",
            "lng": "139.415519"
        }
    ],
    "route_url": "https://www.kanachu.co.jp/dia/route/index/cid:0000800799/"
}
