{
    "date": "2025/03/15",
    "name": "小糸",
    "position": "-",
    "system": "辻23",
    "destinations": [
        "ライフタウン中央(藤沢市)",
        "二番構保健医療センター",
        "駒寄",
        "滝の沢(藤沢市)",
        "滝の沢不動前",
        "湘南ライフタウン"
    ],
    "weekday": [
        "8:10",
        "8:17",
        "18:08",
        "18:58",
        "19:43"
    ],
    "saturday": [],
    "holiday": [],
    "url": "https://www.kanachu.co.jp/dia/diagram/timetable01_js/course:0000802698-3/node:00129941/kt:0/lname:/"
}
