{
    "date": "2012/09/01",
    "name": "厚木警察署前",
    "position": "-",
    "system": "厚95",
    "destinations": [
        "愛光病院前",
        "戸室",
        "林(厚木市)",
        "王子入口",
        "高校入口(厚木市)",
        "王子(厚木市)"
    ],
    "weekday": [
        "7:47",
        "7:57",
        "8:07",
        "8:12",
        "8:18"
    ],
    "saturday": [],
    "holiday": [],
    "url": "https://www.kanachu.co.jp/dia/diagram/timetable01_js/course:0000801693-5/node:00128669/kt:0/lname:/"
}
