{
    "date": "2024/03/16",
    "name": "本郷車庫前(横浜市栄区)",
    "position": "-",
    "system": "港35",
    "destinations": [
        "紅葉橋(横浜市栄区)",
        "光明寺(横浜市栄区)",
        "庄戸(横浜市栄区)",
        "庄戸五丁目",
        "庄戸三丁目南",
        "庄戸一丁目",
        "庄戸(横浜市栄区)"
    ],
    "weekday": [
        "19:17",
        "19:37",
        "19:57",
        "20:17"
    ],
    "saturday": [
        "19:20"
    ],
    "holiday": [
        "19:20"
    ],
    "url": "https://www.kanachu.co.jp/dia/diagram/timetable01_js/course:0000803325-10/node:00025683/kt:0/lname:/"
}
