{
    "date": "2025/04/01",
    "name": "妙行寺前",
    "position": "-",
    "system": "鶴10",
    "destinations": [
        "藤の木(町田市)",
        "悠々園前",
        "千都の杜中央",
        "能ヶ谷神社下",
        "能ヶ谷二丁目",
        "鶴川駅"
    ],
    "weekday": [
        "6:14",
        "7:14",
        "8:14",
        "9:14",
        "10:14",
        "11:14",
        "12:14",
        "13:14",
        "14:14",
        "15:14",
        "16:17",
        "17:17",
        "18:17",
        "19:17",
        "20:17",
        "21:17"
    ],
    "saturday": [
        "7:05",
        "8:05",
        "9:05",
        "10:05",
        "11:05",
        "12:05",
        "13:05",
        "14:05",
        "15:05",
        "16:05",
        "17:05",
        "18:05",
        "19:05",
        "20:05"
    ],
    "holiday": [
        "7:05",
        "8:05",
        "9:05",
        "10:05",
        "11:05",
        "12:05",
        "13:05",
        "14:05",
        "15:05",
        "16:05",
        "17:05",
        "18:05",
        "19:05",
        "20:05"
    ],
    "url": "https://www.kanachu.co.jp/dia/diagram/timetable01_js/course:0000803453-2/node:00049310/kt:0/lname:/"
}
