{
    "date": "2024/03/16",
    "name": "滝の沢(町田市)",
    "position": "-",
    "system": "町27",
    "destinations": [
        "木曽住宅",
        "三家(町田市)",
        "木曽(町田市)",
        "忠生公園入口",
        "上宿(町田市)",
        "下根岸(町田市)",
        "根岸(根岸町/町田市)",
        "馬駈",
        "図師大橋",
        "日影橋",
        "日大三高入口",
        "桜橋(町田市)",
        "大泉寺",
        "山の端",
        "小山田小学校前",
        "押越",
        "小山田(町田市)"
    ],
    "weekday": [
        "7:01",
        "7:31",
        "8:01",
        "9:01",
        "22:00"
    ],
    "saturday": [
        "7:01",
        "8:01",
        "9:01",
        "21:30"
    ],
    "holiday": [
        "7:00",
        "8:01",
        "9:00",
        "21:30"
    ],
    "url": "https://www.kanachu.co.jp/dia/diagram/timetable01_js/course:0000802475-7/node:00129361/kt:0/lname:/"
}
