{
    "date": "2024/03/16",
    "name": "忠生公園入口",
    "position": "-",
    "system": "町27",
    "destinations": [
        "上宿(町田市)",
        "下根岸(町田市)",
        "根岸(根岸町/町田市)",
        "馬駈",
        "図師大橋",
        "日影橋",
        "日大三高入口",
        "桜橋(町田市)",
        "大泉寺",
        "山の端",
        "小山田小学校前",
        "押越",
        "小山田(町田市)"
    ],
    "weekday": [
        "7:05",
        "7:35",
        "8:05",
        "9:06",
        "22:05"
    ],
    "saturday": [
        "7:05",
        "8:05",
        "9:05",
        "21:35"
    ],
    "holiday": [
        "7:05",
        "8:05",
        "9:05",
        "21:35"
    ],
    "url": "https://www.kanachu.co.jp/dia/diagram/timetable01_js/course:0000802475-11/node:00129494/kt:0/lname:/"
}
