{
    "date": "2024/03/16",
    "name": "下根岸(町田市)",
    "position": "-",
    "system": "町27",
    "destinations": [
        "根岸(根岸町/町田市)",
        "馬駈",
        "図師大橋",
        "日影橋",
        "日大三高入口",
        "桜橋(町田市)",
        "大泉寺",
        "山の端",
        "小山田小学校前",
        "押越",
        "小山田(町田市)"
    ],
    "weekday": [
        "7:07",
        "7:37",
        "8:07",
        "9:08",
        "22:07"
    ],
    "saturday": [
        "7:07",
        "8:07",
        "9:07",
        "21:37"
    ],
    "holiday": [
        "7:07",
        "8:07",
        "9:07",
        "21:37"
    ],
    "url": "https://www.kanachu.co.jp/dia/diagram/timetable01_js/course:0000802475-13/node:00129366/kt:0/lname:/"
}
