{
    "date": "2024/03/16",
    "name": "桜橋(町田市)",
    "position": "-",
    "system": "町27",
    "destinations": [
        "大泉寺",
        "山の端",
        "小山田小学校前",
        "押越",
        "小山田(町田市)"
    ],
    "weekday": [
        "7:14",
        "7:44",
        "8:14",
        "9:15",
        "22:15"
    ],
    "saturday": [
        "7:14",
        "8:14",
        "9:14",
        "21:44"
    ],
    "holiday": [
        "7:14",
        "8:14",
        "9:15",
        "21:44"
    ],
    "url": "https://www.kanachu.co.jp/dia/diagram/timetable01_js/course:0000802475-19/node:00129409/kt:0/lname:/"
}
