{
    "date": "2024/03/16",
    "name": "大泉寺",
    "position": "-",
    "system": "町27",
    "destinations": [
        "山の端",
        "小山田小学校前",
        "押越",
        "小山田(町田市)"
    ],
    "weekday": [
        "7:15",
        "7:45",
        "8:15",
        "9:16",
        "22:16"
    ],
    "saturday": [
        "7:15",
        "8:15",
        "9:15",
        "21:45"
    ],
    "holiday": [
        "7:15",
        "8:15",
        "9:16",
        "21:45"
    ],
    "url": "https://www.kanachu.co.jp/dia/diagram/timetable01_js/course:0000802475-20/node:00129410/kt:0/lname:/"
}
