{
    "date": "2025/04/01",
    "name": "桧台入口",
    "position": "-",
    "system": "町12",
    "destinations": [
        "木曽都営入口",
        "境川団地入口",
        "境川団地中央",
        "境川団地",
        "横町(町田市)",
        "木曽南団地"
    ],
    "weekday": [
        "17:53",
        "19:35",
        "20:25",
        "21:04"
    ],
    "saturday": [
        "10:00",
        "11:00",
        "20:49"
    ],
    "holiday": [],
    "url": "https://www.kanachu.co.jp/dia/diagram/timetable01_js/course:0000800088-7/node:00129378/kt:0/lname:/"
}
