{
    "date": "2025/09/18",
    "name": "あじさい通り中央",
    "position": "-",
    "system": "橋58",
    "destinations": [
        "日電寮前",
        "下九沢団地"
    ],
    "weekday": [
        "6:44",
        "7:15",
        "7:45",
        "8:15",
        "9:14",
        "10:14",
        "11:14",
        "12:14",
        "13:14",
        "14:14",
        "15:14",
        "16:14",
        "17:15",
        "18:15",
        "19:15",
        "20:14",
        "21:04"
    ],
    "saturday": [
        "8:09",
        "9:04",
        "10:04",
        "11:04",
        "12:04",
        "13:04",
        "14:04",
        "15:04",
        "16:04",
        "17:04",
        "18:04",
        "19:04",
        "20:04"
    ],
    "holiday": [
        "8:09",
        "9:04",
        "10:04",
        "11:04",
        "12:04",
        "13:04",
        "14:04",
        "15:04",
        "16:04",
        "17:04",
        "18:04",
        "19:04",
        "20:04"
    ],
    "url": "https://www.kanachu.co.jp/dia/diagram/timetable01_js/course:0000802399-7/node:00130363/kt:0/lname:/"
}
