{
  "date": "2024/03/16",
  "name": "町田バスセンター",
  "position": "14番のりば",
  "system": "町38",
  "destinations": [
    "町田市役所市民ホール前",
    "第四小学校前(町田市)",
    "森野三丁目",
    "市民病院前(町田市)",
    "浄水場前(町田市)",
    "滝の沢(町田市)",
    "木曽住宅",
    "三家(町田市)",
    "木曽(町田市)",
    "忠生公園入口",
    "上宿(町田市)",
    "下根岸(町田市)",
    "根岸(根岸町/町田市)",
    "忠生都営住宅前",
    "桜美林学園東",
    "尾根緑道入口",
    "市立室内プール"
  ],
  "weekday": [
    "7:25"
  ],
  "saturday": [
  ],
  "holiday": [
  ]
}
