{
    "date": "2024/03/16",
    "name": "横浜女子短期大学前",
    "position": "-",
    "system": "港93",
    "destinations": [
        "港南台西公園",
        "元大橋公園前",
        "若竹町(横浜市栄区)",
        "元大橋",
        "中野町",
        "稲荷森",
        "山手学院入口",
        "本郷車庫前(横浜市栄区)",
        "紅葉橋(横浜市栄区)",
        "光明寺(横浜市栄区)",
        "みどりが丘南",
        "みどりが丘(横浜市栄区)",
        "みどりが丘東"
    ],
    "weekday": [
        "8:15",
        "10:56",
        "11:51",
        "12:50",
        "13:50",
        "14:47",
        "15:47",
        "16:42",
        "17:42",
        "18:42",
        "19:42",
        "20:32"
    ],
    "saturday": [
        "9:36",
        "10:36",
        "11:36",
        "12:36",
        "13:36",
        "14:36",
        "15:36",
        "16:36",
        "17:36",
        "18:36"
    ],
    "holiday": [
        "9:36",
        "10:36",
        "11:36",
        "12:36",
        "13:36",
        "14:36",
        "15:36",
        "16:36",
        "17:36",
        "18:36"
    ],
    "url": "https://www.kanachu.co.jp/dia/diagram/timetable01_js/course:0000800930-2/node:00103234/kt:0/lname:/"
}
