{
    "date": "2024/03/16",
    "name": "港南台西公園",
    "position": "-",
    "system": "港93",
    "destinations": [
        "元大橋公園前",
        "若竹町(横浜市栄区)",
        "元大橋",
        "中野町",
        "稲荷森",
        "山手学院入口",
        "本郷車庫前(横浜市栄区)",
        "紅葉橋(横浜市栄区)",
        "光明寺(横浜市栄区)",
        "みどりが丘南",
        "みどりが丘(横浜市栄区)",
        "みどりが丘東"
    ],
    "weekday": [
        "8:16",
        "10:57",
        "11:52",
        "12:51",
        "13:51",
        "14:48",
        "15:48",
        "16:43",
        "17:43",
        "18:43",
        "19:43",
        "20:33"
    ],
    "saturday": [
        "9:37",
        "10:37",
        "11:37",
        "12:37",
        "13:37",
        "14:37",
        "15:37",
        "16:37",
        "17:37",
        "18:37"
    ],
    "holiday": [
        "9:37",
        "10:37",
        "11:37",
        "12:37",
        "13:37",
        "14:37",
        "15:37",
        "16:37",
        "17:37",
        "18:37"
    ],
    "url": "https://www.kanachu.co.jp/dia/diagram/timetable01_js/course:0000800930-3/node:00126549/kt:0/lname:/"
}
