{
    "date": "2024/03/16",
    "name": "元大橋公園前",
    "position": "-",
    "system": "港93",
    "destinations": [
        "若竹町(横浜市栄区)",
        "元大橋",
        "中野町",
        "稲荷森",
        "山手学院入口",
        "本郷車庫前(横浜市栄区)",
        "紅葉橋(横浜市栄区)",
        "光明寺(横浜市栄区)",
        "みどりが丘南",
        "みどりが丘(横浜市栄区)",
        "みどりが丘東"
    ],
    "weekday": [
        "8:17",
        "10:58",
        "11:53",
        "12:52",
        "13:52",
        "14:49",
        "15:49",
        "16:44",
        "17:44",
        "18:44",
        "19:44",
        "20:34"
    ],
    "saturday": [
        "9:38",
        "10:38",
        "11:38",
        "12:38",
        "13:38",
        "14:38",
        "15:38",
        "16:38",
        "17:38",
        "18:38"
    ],
    "holiday": [
        "9:38",
        "10:38",
        "11:38",
        "12:38",
        "13:38",
        "14:38",
        "15:38",
        "16:38",
        "17:38",
        "18:38"
    ],
    "url": "https://www.kanachu.co.jp/dia/diagram/timetable01_js/course:0000800930-4/node:00126548/kt:0/lname:/"
}
