{
    "date": "2024/04/01",
    "name": "四ツ角(平塚市)",
    "position": "-",
    "system": "平34",
    "destinations": [
        "市役所前(ゴム前/平塚市)",
        "横浜ゴム前",
        "立野町(平塚市)",
        "追分(平塚市)",
        "江南高校前",
        "向原(平塚市)",
        "南原(平塚市)",
        "南原土手",
        "纒入口",
        "川井(平塚市)",
        "纒公民館前",
        "河内富士見",
        "堀の内(平塚市)",
        "公所(平塚市)",
        "長久保(平塚市)",
        "中沢橋",
        "松岩寺"
    ],
    "weekday": [
        "9:42",
        "10:42",
        "11:42",
        "12:42",
        "13:42",
        "14:42",
        "15:37",
        "16:35",
        "17:15",
        "18:15",
        "21:10"
    ],
    "saturday": [
        "9:30"
    ],
    "holiday": [
        "9:30"
    ],
    "url": "https://www.kanachu.co.jp/dia/diagram/timetable01_js/course:0000801058-2/node:00127190/kt:0/lname:/"
}
