{
    "date": "2024/04/01",
    "name": "川井(平塚市)",
    "position": "-",
    "system": "平34",
    "destinations": [
        "纒公民館前",
        "河内富士見",
        "堀の内(平塚市)",
        "公所(平塚市)",
        "長久保(平塚市)",
        "中沢橋",
        "松岩寺"
    ],
    "weekday": [
        "9:55",
        "10:55",
        "11:55",
        "12:55",
        "13:55",
        "14:55",
        "15:50",
        "16:50",
        "17:30",
        "18:30",
        "21:24"
    ],
    "saturday": [
        "9:43"
    ],
    "holiday": [
        "9:43"
    ],
    "url": "https://www.kanachu.co.jp/dia/diagram/timetable01_js/course:0000801058-12/node:00127742/kt:0/lname:/"
}
