{
    "date": "2024/04/01",
    "name": "中沢橋",
    "position": "-",
    "system": "平34",
    "destinations": [
        "松岩寺"
    ],
    "weekday": [
        "10:03",
        "11:03",
        "12:03",
        "13:03",
        "14:03",
        "15:03",
        "15:58",
        "16:59",
        "17:39",
        "18:39",
        "21:32"
    ],
    "saturday": [
        "9:51"
    ],
    "holiday": [
        "9:51"
    ],
    "url": "https://www.kanachu.co.jp/dia/diagram/timetable01_js/course:0000801058-18/node:00127569/kt:0/lname:/"
}
