{
    "date": "2024/07/01",
    "name": "赤坂橋(横浜市泉区)",
    "position": "-",
    "system": "下15",
    "destinations": [
        "密蔵院前",
        "いずみ台",
        "アカシア公園入口",
        "深谷消防出張所西側",
        "俣野公園・横浜薬大前"
    ],
    "weekday": [
        "7:01",
        "8:01",
        "11:01",
        "12:01",
        "13:01",
        "16:01",
        "17:01",
        "18:01"
    ],
    "saturday": [
        "8:01",
        "11:01",
        "12:01",
        "13:01",
        "16:01",
        "17:01",
        "18:01"
    ],
    "holiday": [
        "8:01",
        "11:01",
        "12:01",
        "13:01",
        "16:01",
        "17:01",
        "18:01"
    ],
    "url": "https://www.kanachu.co.jp/dia/diagram/timetable01_js/course:0000803568-2/node:00126959/kt:0/lname:/"
}
