{
    "date": "2024/12/16",
    "name": "東海大学北門",
    "position": "-",
    "system": "学04",
    "destinations": [
        "東海大学前駅入口",
        "東海大学前駅南口"
    ],
    "weekday": [
        "6:36",
        "7:09",
        "7:54",
        "9:35",
        "9:59",
        "10:37",
        "10:57",
        "11:54",
        "12:34",
        "12:54",
        "13:34",
        "14:34",
        "15:34",
        "15:54",
        "16:54",
        "17:54",
        "18:34",
        "18:54",
        "19:14",
        "19:44",
        "20:14",
        "21:19",
        "21:47",
        "22:19",
        "22:46"
    ],
    "saturday": [
        "6:29",
        "6:59",
        "7:29",
        "7:59",
        "8:29",
        "8:59",
        "9:54",
        "10:34",
        "10:54",
        "11:34",
        "11:54",
        "12:54",
        "13:34",
        "13:54",
        "14:34",
        "14:54",
        "15:34",
        "15:54",
        "16:34",
        "16:54",
        "17:44",
        "18:14",
        "19:14",
        "19:44",
        "20:14",
        "21:14",
        "21:44",
        "22:14"
    ],
    "holiday": [
        "6:29",
        "6:59",
        "7:29",
        "7:59",
        "8:29",
        "8:59",
        "9:54",
        "10:34",
        "10:54",
        "11:34",
        "11:54",
        "12:54",
        "13:34",
        "13:54",
        "14:34",
        "14:54",
        "15:34",
        "15:54",
        "16:34",
        "16:54",
        "17:44",
        "18:14",
        "19:14",
        "19:44",
        "20:14",
        "21:14",
        "21:44",
        "22:14"
    ],
    "url": "https://www.kanachu.co.jp/dia/diagram/timetable01_js/course:0000803659-6/node:00127759/kt:0/lname:/"
}
