{
    "date": "2025/11/16",
    "name": "王福寺",
    "position": "-",
    "system": "二05",
    "destinations": [
        "上寺坂",
        "境橋(中郡大磯町)",
        "弁天通り(平塚市)",
        "松岩寺"
    ],
    "weekday": [
        "19:26",
        "20:41"
    ],
    "saturday": [
        "19:26"
    ],
    "holiday": [
        "19:26"
    ],
    "url": "https://www.kanachu.co.jp/dia/diagram/timetable01_js/course:0000802258-15/node:00127543/kt:0/lname:/"
}
