{
    "date": "2025/03/15",
    "name": "滝の沢不動前",
    "position": "-",
    "system": "辻28",
    "destinations": [
        "滝の沢小学校前",
        "南大平",
        "堤羽根沢",
        "湘南カントリークラブ前",
        "羽根沢",
        "大庭小学校",
        "小糸",
        "城下(藤沢市)",
        "舟地蔵",
        "大六天(藤沢市)",
        "城(藤沢市)",
        "神台公園前",
        "辻堂駅北口"
    ],
    "weekday": [],
    "saturday": [
        "6:41",
        "7:41",
        "9:36",
        "11:38",
        "12:28",
        "13:38",
        "14:28",
        "15:38",
        "17:36",
        "18:41",
        "19:41",
        "20:41"
    ],
    "holiday": [
        "6:41",
        "7:41",
        "9:36",
        "11:38",
        "12:28",
        "13:38",
        "14:28",
        "15:38",
        "17:36",
        "18:41",
        "19:41",
        "20:41"
    ],
    "url": "https://www.kanachu.co.jp/dia/diagram/timetable01_js/course:0000802315-2/node:00129947/kt:0/lname:/"
}
