{
    "date": "2025/03/15",
    "name": "羽根沢",
    "position": "-",
    "system": "辻28",
    "destinations": [
        "大庭小学校",
        "小糸",
        "城下(藤沢市)",
        "舟地蔵",
        "大六天(藤沢市)",
        "城(藤沢市)",
        "神台公園前",
        "辻堂駅北口"
    ],
    "weekday": [],
    "saturday": [
        "6:46",
        "7:46",
        "9:41",
        "11:43",
        "12:33",
        "13:43",
        "14:33",
        "15:43",
        "17:41",
        "18:46",
        "19:46",
        "20:46"
    ],
    "holiday": [
        "6:46",
        "7:46",
        "9:41",
        "11:43",
        "12:33",
        "13:43",
        "14:33",
        "15:43",
        "17:41",
        "18:46",
        "19:46",
        "20:46"
    ],
    "url": "https://www.kanachu.co.jp/dia/diagram/timetable01_js/course:0000802315-7/node:00129961/kt:0/lname:/"
}
