{
    "date": "2025/03/15",
    "name": "大庭小学校",
    "position": "-",
    "system": "辻28",
    "destinations": [
        "小糸",
        "城下(藤沢市)",
        "舟地蔵",
        "大六天(藤沢市)",
        "城(藤沢市)",
        "神台公園前",
        "辻堂駅北口"
    ],
    "weekday": [],
    "saturday": [
        "6:48",
        "7:48",
        "9:42",
        "11:44",
        "12:34",
        "13:44",
        "14:34",
        "15:44",
        "17:42",
        "18:47",
        "19:47",
        "20:47"
    ],
    "holiday": [
        "6:48",
        "7:48",
        "9:42",
        "11:44",
        "12:34",
        "13:44",
        "14:34",
        "15:44",
        "17:42",
        "18:47",
        "19:47",
        "20:47"
    ],
    "url": "https://www.kanachu.co.jp/dia/diagram/timetable01_js/course:0000802315-8/node:00129942/kt:0/lname:/"
}
