{
    "date": "2025/08/30",
    "name": "戸塚駅東口",
    "position": "-",
    "system": "戸09",
    "destinations": [
        "矢部町",
        "元町(横浜市戸塚区)",
        "ブリヂストン前",
        "不動坂(横浜市戸塚区)",
        "ポーラ前(横浜市戸塚区)",
        "柏尾(横浜市戸塚区)",
        "秋葉三叉路",
        "秋葉",
        "富士山下",
        "妙法寺(横浜市戸塚区)",
        "中村(横浜市戸塚区)",
        "さかえ橋",
        "横浜緑園高校入口",
        "西蓮寺(横浜市戸塚区)",
        "名瀬",
        "フェリス女学院",
        "緑園都市駅"
    ],
    "weekday": [
        "6:06",
        "7:07",
        "8:10",
        "9:05",
        "10:05",
        "11:05",
        "12:05",
        "13:05",
        "14:05",
        "15:05",
        "16:05",
        "17:05",
        "18:05",
        "19:35"
    ],
    "saturday": [
        "8:05",
        "9:05",
        "10:05",
        "11:05",
        "12:05",
        "13:05",
        "14:05",
        "15:05",
        "16:05",
        "17:05",
        "18:05",
        "19:35"
    ],
    "holiday": [
        "8:05",
        "9:05",
        "10:05",
        "11:05",
        "12:05",
        "13:05",
        "14:05",
        "15:05",
        "16:05",
        "17:05",
        "18:05",
        "19:35"
    ],
    "url": "https://www.kanachu.co.jp/dia/diagram/timetable01_js/course:0000802049-1/node:00080742/kt:0/lname:/"
}
