{
    "date": "2025/08/30",
    "name": "妙法寺(横浜市戸塚区)",
    "position": "-",
    "system": "戸09",
    "destinations": [
        "中村(横浜市戸塚区)",
        "さかえ橋",
        "横浜緑園高校入口",
        "西蓮寺(横浜市戸塚区)",
        "名瀬",
        "フェリス女学院",
        "緑園都市駅"
    ],
    "weekday": [
        "6:25",
        "7:27",
        "8:30",
        "9:25",
        "10:25",
        "11:25",
        "12:25",
        "13:25",
        "14:25",
        "15:25",
        "16:25",
        "17:25",
        "18:25",
        "19:54"
    ],
    "saturday": [
        "8:25",
        "9:25",
        "10:25",
        "11:25",
        "12:25",
        "13:25",
        "14:25",
        "15:25",
        "16:25",
        "17:25",
        "18:25",
        "19:54"
    ],
    "holiday": [
        "8:25",
        "9:25",
        "10:25",
        "11:25",
        "12:25",
        "13:25",
        "14:25",
        "15:25",
        "16:25",
        "17:25",
        "18:25",
        "19:54"
    ],
    "url": "https://www.kanachu.co.jp/dia/diagram/timetable01_js/course:0000802049-11/node:00126652/kt:0/lname:/"
}
