{
    "date": "2025/08/30",
    "name": "西蓮寺(横浜市戸塚区)",
    "position": "-",
    "system": "戸09",
    "destinations": [
        "名瀬",
        "フェリス女学院",
        "緑園都市駅"
    ],
    "weekday": [
        "6:29",
        "7:33",
        "8:36",
        "9:29",
        "10:29",
        "11:29",
        "12:29",
        "13:29",
        "14:29",
        "15:29",
        "16:29",
        "17:31",
        "18:31",
        "19:58"
    ],
    "saturday": [
        "8:29",
        "9:29",
        "10:29",
        "11:29",
        "12:29",
        "13:31",
        "14:31",
        "15:31",
        "16:31",
        "17:31",
        "18:31",
        "19:58"
    ],
    "holiday": [
        "8:29",
        "9:29",
        "10:29",
        "11:29",
        "12:29",
        "13:31",
        "14:31",
        "15:31",
        "16:31",
        "17:31",
        "18:31",
        "19:58"
    ],
    "url": "https://www.kanachu.co.jp/dia/diagram/timetable01_js/course:0000802049-15/node:00126656/kt:0/lname:/"
}
