{
    "date": "2025/08/30",
    "name": "フェリス女学院",
    "position": "-",
    "system": "戸09",
    "destinations": [
        "緑園都市駅"
    ],
    "weekday": [
        "6:31",
        "7:35",
        "8:38",
        "9:31",
        "10:31",
        "11:31",
        "12:31",
        "13:31",
        "14:31",
        "15:31",
        "16:31",
        "17:33",
        "18:33",
        "20:00"
    ],
    "saturday": [
        "8:31",
        "9:31",
        "10:31",
        "11:31",
        "12:31",
        "13:33",
        "14:33",
        "15:33",
        "16:33",
        "17:33",
        "18:33",
        "20:00"
    ],
    "holiday": [
        "8:31",
        "9:31",
        "10:31",
        "11:31",
        "12:31",
        "13:33",
        "14:33",
        "15:33",
        "16:33",
        "17:33",
        "18:33",
        "20:00"
    ],
    "url": "https://www.kanachu.co.jp/dia/diagram/timetable01_js/course:0000802049-17/node:00126658/kt:0/lname:/"
}
