{
    "system": "戸09",
    "busstops": [
        {
            "index": "1",
            "id": "00080742",
            "name": "戸塚駅東口",
            "lat": "35.400672",
            "lng": "139.53458"
        },
        {
            "index": "2",
            "id": "00126610",
            "name": "矢部町",
            "lat": "35.404104",
            "lng": "139.536753"
        },
        {
            "index": "3",
            "id": "00126611",
            "name": "元町(横浜市戸塚区)",
            "lat": "35.407364",
            "lng": "139.5381"
        },
        {
            "index": "4",
            "id": "00126612",
            "name": "ブリヂストン前",
            "lat": "35.410558",
            "lng": "139.539749"
        },
        {
            "index": "5",
            "id": "00126613",
            "name": "不動坂(横浜市戸塚区)",
            "lat": "35.412538",
            "lng": "139.540797"
        },
        {
            "index": "6",
            "id": "00126614",
            "name": "ポーラ前(横浜市戸塚区)",
            "lat": "35.416473",
            "lng": "139.545757"
        },
        {
            "index": "7",
            "id": "00126615",
            "name": "柏尾(横浜市戸塚区)",
            "lat": "35.418818",
            "lng": "139.54911"
        },
        {
            "index": "8",
            "id": "00126661",
            "name": "秋葉三叉路",
            "lat": "35.421421",
            "lng": "139.54787"
        },
        {
            "index": "9",
            "id": "00126662",
            "name": "秋葉",
            "lat": "35.423212",
            "lng": "139.545252"
        },
        {
            "index": "10",
            "id": "00126663",
            "name": "富士山下",
            "lat": "35.426036",
            "lng": "139.541306"
        },
        {
            "index": "11",
            "id": "00126652",
            "name": "妙法寺(横浜市戸塚区)",
            "lat": "35.429178",
            "lng": "139.540147"
        },
        {
            "index": "12",
            "id": "00126653",
            "name": "中村(横浜市戸塚区)",
            "lat": "35.430866",
            "lng": "139.535883"
        },
        {
            "index": "13",
            "id": "00126654",
            "name": "さかえ橋",
            "lat": "35.43207",
            "lng": "139.53227"
        },
        {
            "index": "14",
            "id": "00126655",
            "name": "横浜緑園高校入口",
            "lat": "35.434391",
            "lng": "139.529277"
        },
        {
            "index": "15",
            "id": "00126656",
            "name": "西蓮寺(横浜市戸塚区)",
            "lat": "35.436797",
            "lng": "139.529475"
        },
        {
            "index": "16",
            "id": "00126657",
            "name": "名瀬",
            "lat": "35.439138",
            "lng": "139.529609"
        },
        {
            "index": "17",
            "id": "00126658",
            "name": "フェリス女学院",
            "lat": "35.439828",
            "lng": "139.526519"
        },
        {
            "index": "18",
            "id": "00126659",
            "name": "緑園都市駅",
            "lat": "35.439424",
            "lng": "139.522209"
        }
    ],
    "route_url": "https://www.kanachu.co.jp/dia/route/index/cid:0000802049/"
}
