{
    "date": "2025/01/14",
    "name": "春日台団地",
    "position": "-",
    "system": "厚61",
    "destinations": [
        "春日台三丁目(愛甲郡愛川町)",
        "春日台一丁目",
        "春日台入口",
        "西四丁目(愛甲郡愛川町)",
        "西三丁目(愛甲郡愛川町)",
        "西二丁目(愛甲郡愛川町)",
        "西一丁目(厚木市)",
        "南中央通り",
        "東一丁目(厚木市)",
        "団地入口(厚木市)",
        "藤塚(厚木市)",
        "山際",
        "中平(厚木市)",
        "依知小学校前",
        "関口(厚木市)",
        "蓮生寺(厚木市)",
        "追分(厚木市)",
        "下依知入口",
        "金田神社前",
        "金田(厚木市)",
        "金田下宿",
        "積水ソフランウイズ前",
        "鮎津橋",
        "元町(厚木市)",
        "小田急通り",
        "厚木バスセンター"
    ],
    "weekday": [
        "6:05",
        "6:45",
        "7:04",
        "7:40",
        "8:00",
        "8:20",
        "18:00",
        "18:30",
        "19:00",
        "19:35",
        "20:25",
        "20:50",
        "21:25"
    ],
    "saturday": [
        "6:00",
        "6:20",
        "7:02",
        "7:38",
        "8:02",
        "8:38",
        "9:02",
        "9:26",
        "10:02",
        "10:26",
        "11:05",
        "11:35",
        "12:20",
        "13:05",
        "13:35",
        "14:20",
        "15:05",
        "15:35",
        "16:20",
        "17:05",
        "17:35",
        "18:21",
        "19:01",
        "20:06",
        "20:51"
    ],
    "holiday": [
        "6:10",
        "7:05",
        "8:05",
        "9:05",
        "10:05",
        "11:05",
        "12:05",
        "13:05",
        "14:05",
        "15:05",
        "16:05",
        "17:05",
        "18:05",
        "19:06",
        "19:56",
        "20:51"
    ],
    "url": "https://www.kanachu.co.jp/dia/diagram/timetable01_js/course:0000801023-1/node:00128375/kt:0/lname:/"
}
