{
    "date": "2025/01/14",
    "name": "関口(厚木市)",
    "position": "-",
    "system": "厚61",
    "destinations": [
        "蓮生寺(厚木市)",
        "追分(厚木市)",
        "下依知入口",
        "金田神社前",
        "金田(厚木市)",
        "金田下宿",
        "積水ソフランウイズ前",
        "鮎津橋",
        "元町(厚木市)",
        "小田急通り",
        "厚木バスセンター"
    ],
    "weekday": [
        "6:23",
        "7:03",
        "7:24",
        "8:01",
        "8:21",
        "8:41",
        "18:21",
        "18:51",
        "19:20",
        "19:55",
        "20:45",
        "21:10",
        "21:45"
    ],
    "saturday": [
        "6:18",
        "6:38",
        "7:20",
        "7:56",
        "8:20",
        "8:56",
        "9:20",
        "9:44",
        "10:20",
        "10:44",
        "11:23",
        "11:53",
        "12:38",
        "13:23",
        "13:53",
        "14:38",
        "15:23",
        "15:53",
        "16:38",
        "17:23",
        "17:53",
        "18:38",
        "19:18",
        "20:23",
        "21:08"
    ],
    "holiday": [
        "6:27",
        "7:22",
        "8:23",
        "9:23",
        "10:23",
        "11:23",
        "12:23",
        "13:23",
        "14:23",
        "15:23",
        "16:23",
        "17:23",
        "18:23",
        "19:23",
        "20:13",
        "21:08"
    ],
    "url": "https://www.kanachu.co.jp/dia/diagram/timetable01_js/course:0000801023-16/node:00128352/kt:0/lname:/"
}
