{
    "date": "2025/01/14",
    "name": "小田急通り",
    "position": "-",
    "system": "厚61",
    "destinations": [
        "厚木バスセンター"
    ],
    "weekday": [
        "6:37",
        "7:23",
        "7:44",
        "8:20",
        "8:40",
        "9:00",
        "18:37",
        "19:05",
        "19:32",
        "20:07",
        "20:57",
        "21:22",
        "21:57"
    ],
    "saturday": [
        "6:31",
        "6:51",
        "7:33",
        "8:11",
        "8:35",
        "9:11",
        "9:35",
        "9:59",
        "10:34",
        "10:58",
        "11:37",
        "12:07",
        "12:52",
        "13:37",
        "14:07",
        "14:52",
        "15:37",
        "16:07",
        "16:52",
        "17:37",
        "18:07",
        "18:50",
        "19:30",
        "20:35",
        "21:20"
    ],
    "holiday": [
        "6:40",
        "7:35",
        "8:36",
        "9:36",
        "10:36",
        "11:36",
        "12:36",
        "13:36",
        "14:36",
        "15:36",
        "16:36",
        "17:36",
        "18:36",
        "19:35",
        "20:25",
        "21:20"
    ],
    "url": "https://www.kanachu.co.jp/dia/diagram/timetable01_js/course:0000801023-26/node:00128340/kt:0/lname:/"
}
