{
    "date": "2025/01/14",
    "name": "玉川農協前",
    "position": "-",
    "system": "厚34",
    "destinations": [
        "玉川公民館前",
        "日向川",
        "馬場リハビリ入口",
        "七沢温泉入口",
        "七沢病院入口",
        "広沢寺温泉入口",
        "七沢"
    ],
    "weekday": [
        "21:16",
        "22:26"
    ],
    "saturday": [
        "20:16",
        "21:36"
    ],
    "holiday": [
        "20:16"
    ],
    "url": "https://www.kanachu.co.jp/dia/diagram/timetable01_js/course:0000800517-18/node:00128452/kt:0/lname:/"
}
