{
    "date": "2024/03/16",
    "name": "荻野新宿",
    "position": "-",
    "system": "厚01",
    "destinations": [
        "子合",
        "桝割",
        "公所(厚木市)",
        "稲荷木",
        "鳶尾山前",
        "荻野神社入口",
        "東谷戸入口",
        "久保(厚木市)",
        "泉(厚木市)",
        "源氏河原",
        "相州病院",
        "新道橋(厚木市)",
        "上荻野",
        "上荻野車庫前",
        "平山坂上",
        "半僧坊前",
        "清雲寺入口",
        "細野橋",
        "原臼",
        "野外センター前",
        "馬場(愛甲郡愛川町)",
        "愛川大橋",
        "川北(愛甲郡愛川町)",
        "半原"
    ],
    "weekday": [
        "7:12",
        "7:45",
        "8:16",
        "8:58",
        "9:37"
    ],
    "saturday": [
        "7:38",
        "8:35",
        "9:34"
    ],
    "holiday": [
        "7:37",
        "8:34",
        "9:33"
    ],
    "url": "https://www.kanachu.co.jp/dia/diagram/timetable01_js/course:0000801700-14/node:00128268/kt:0/lname:/"
}
