{
    "date": "2024/03/16",
    "name": "泉(厚木市)",
    "position": "-",
    "system": "厚01",
    "destinations": [
        "源氏河原",
        "相州病院",
        "新道橋(厚木市)",
        "上荻野",
        "上荻野車庫前",
        "平山坂上",
        "半僧坊前",
        "清雲寺入口",
        "細野橋",
        "原臼",
        "野外センター前",
        "馬場(愛甲郡愛川町)",
        "愛川大橋",
        "川北(愛甲郡愛川町)",
        "半原"
    ],
    "weekday": [
        "7:20",
        "7:53",
        "8:24",
        "9:06",
        "9:45"
    ],
    "saturday": [
        "7:46",
        "8:43",
        "9:42"
    ],
    "holiday": [
        "7:45",
        "8:42",
        "9:41"
    ],
    "url": "https://www.kanachu.co.jp/dia/diagram/timetable01_js/course:0000801700-23/node:00128277/kt:0/lname:/"
}
