{
    "date": "2026/01/16",
    "name": "秦野駅",
    "position": "-",
    "system": "平74",
    "destinations": [
        "大川橋(秦野市)",
        "上宿通り",
        "片町通り",
        "河原町(秦野市)",
        "室川橋(下大槻団地線)",
        "才ヶ分",
        "才ヶ分踏切",
        "瓜生野入口",
        "秦野高校前",
        "広畑ふれあいプラザ前",
        "下大槻団地",
        "欠ノ上(下大槻団地線)",
        "土屋橋",
        "東海大学正門前",
        "青柳(平塚市)",
        "北金目入口",
        "金目駅",
        "南金目",
        "片岡(平塚市)",
        "飯島(平塚市)",
        "平塚支援学校前",
        "水神橋(平塚市)",
        "長持",
        "長瀬(平塚市)",
        "南原土手",
        "南原(平塚市)",
        "向原(平塚市)",
        "江南高校前",
        "追分(平塚市)",
        "営林署前(平塚市)",
        "旭通り(平塚市)",
        "八間通り",
        "平塚文化芸術ホール前",
        "銀座通り(平塚市)",
        "平塚駅北口"
    ],
    "weekday": [
        "5:55",
        "6:20",
        "6:40",
        "6:53",
        "7:31",
        "8:08",
        "8:42",
        "9:19",
        "9:54",
        "10:34",
        "11:16",
        "11:54",
        "12:34",
        "13:09",
        "13:39",
        "14:09",
        "14:39",
        "15:08",
        "15:29",
        "15:52",
        "16:14",
        "16:46",
        "17:10",
        "17:34",
        "17:58",
        "18:26",
        "19:02",
        "19:31",
        "20:00",
        "21:08",
        "22:05"
    ],
    "saturday": [
        "6:19",
        "6:49",
        "7:25",
        "7:48",
        "8:18",
        "8:49",
        "9:18",
        "9:58",
        "10:38",
        "11:18",
        "11:58",
        "12:38",
        "13:18",
        "13:58",
        "14:38",
        "15:18",
        "15:57",
        "16:32",
        "17:12",
        "17:53",
        "18:40",
        "19:23",
        "20:15",
        "21:35"
    ],
    "holiday": [
        "6:19",
        "6:49",
        "7:25",
        "7:48",
        "8:18",
        "8:49",
        "9:18",
        "9:58",
        "10:38",
        "11:18",
        "11:58",
        "12:38",
        "13:18",
        "13:58",
        "14:38",
        "15:18",
        "15:57",
        "16:32",
        "17:12",
        "17:53",
        "18:40",
        "19:23",
        "20:15",
        "21:35"
    ],
    "url": "https://www.kanachu.co.jp/dia/diagram/timetable01_js/course:0000804033-1/node:00127715/kt:0/lname:/"
}
