{
    "date": "2026/01/16",
    "name": "才ヶ分",
    "position": "-",
    "system": "平74",
    "destinations": [
        "才ヶ分踏切",
        "瓜生野入口",
        "秦野高校前",
        "広畑ふれあいプラザ前",
        "下大槻団地",
        "欠ノ上(下大槻団地線)",
        "土屋橋",
        "東海大学正門前",
        "青柳(平塚市)",
        "北金目入口",
        "金目駅",
        "南金目",
        "片岡(平塚市)",
        "飯島(平塚市)",
        "平塚支援学校前",
        "水神橋(平塚市)",
        "長持",
        "長瀬(平塚市)",
        "南原土手",
        "南原(平塚市)",
        "向原(平塚市)",
        "江南高校前",
        "追分(平塚市)",
        "営林署前(平塚市)",
        "旭通り(平塚市)",
        "八間通り",
        "平塚文化芸術ホール前",
        "銀座通り(平塚市)",
        "平塚駅北口"
    ],
    "weekday": [
        "6:02",
        "6:28",
        "6:48",
        "7:01",
        "7:40",
        "8:17",
        "8:51",
        "9:27",
        "10:02",
        "10:42",
        "11:24",
        "12:02",
        "12:42",
        "13:17",
        "13:47",
        "14:17",
        "14:47",
        "15:16",
        "15:37",
        "16:00",
        "16:23",
        "16:55",
        "17:19",
        "17:43",
        "18:07",
        "18:35",
        "19:10",
        "19:39",
        "20:08",
        "21:16",
        "22:13"
    ],
    "saturday": [
        "6:26",
        "6:56",
        "7:32",
        "7:55",
        "8:25",
        "8:56",
        "9:26",
        "10:06",
        "10:46",
        "11:26",
        "12:06",
        "12:46",
        "13:26",
        "14:06",
        "14:46",
        "15:26",
        "16:05",
        "16:40",
        "17:20",
        "18:01",
        "18:49",
        "19:31",
        "20:23",
        "21:43"
    ],
    "holiday": [
        "6:26",
        "6:56",
        "7:32",
        "7:55",
        "8:25",
        "8:56",
        "9:25",
        "10:05",
        "10:45",
        "11:25",
        "12:06",
        "12:46",
        "13:26",
        "14:06",
        "14:46",
        "15:26",
        "16:05",
        "16:40",
        "17:20",
        "18:01",
        "18:48",
        "19:31",
        "20:23",
        "21:43"
    ],
    "url": "https://www.kanachu.co.jp/dia/diagram/timetable01_js/course:0000804033-7/node:00127750/kt:0/lname:/"
}
