{
    "date": "2026/01/16",
    "name": "瓜生野入口",
    "position": "-",
    "system": "平74",
    "destinations": [
        "秦野高校前",
        "広畑ふれあいプラザ前",
        "下大槻団地",
        "欠ノ上(下大槻団地線)",
        "土屋橋",
        "東海大学正門前",
        "青柳(平塚市)",
        "北金目入口",
        "金目駅",
        "南金目",
        "片岡(平塚市)",
        "飯島(平塚市)",
        "平塚支援学校前",
        "水神橋(平塚市)",
        "長持",
        "長瀬(平塚市)",
        "南原土手",
        "南原(平塚市)",
        "向原(平塚市)",
        "江南高校前",
        "追分(平塚市)",
        "営林署前(平塚市)",
        "旭通り(平塚市)",
        "八間通り",
        "平塚文化芸術ホール前",
        "銀座通り(平塚市)",
        "平塚駅北口"
    ],
    "weekday": [
        "6:04",
        "6:30",
        "6:50",
        "7:03",
        "7:42",
        "8:19",
        "8:53",
        "9:29",
        "10:04",
        "10:44",
        "11:26",
        "12:04",
        "12:44",
        "13:19",
        "13:49",
        "14:19",
        "14:49",
        "15:18",
        "15:39",
        "16:02",
        "16:25",
        "16:57",
        "17:21",
        "17:45",
        "18:09",
        "18:37",
        "19:12",
        "19:41",
        "20:10",
        "21:18",
        "22:15"
    ],
    "saturday": [
        "6:28",
        "6:58",
        "7:34",
        "7:57",
        "8:27",
        "8:58",
        "9:28",
        "10:08",
        "10:48",
        "11:28",
        "12:08",
        "12:48",
        "13:28",
        "14:08",
        "14:48",
        "15:28",
        "16:07",
        "16:42",
        "17:22",
        "18:03",
        "18:51",
        "19:33",
        "20:25",
        "21:45"
    ],
    "holiday": [
        "6:28",
        "6:58",
        "7:34",
        "7:57",
        "8:27",
        "8:58",
        "9:27",
        "10:07",
        "10:47",
        "11:27",
        "12:08",
        "12:48",
        "13:28",
        "14:08",
        "14:48",
        "15:28",
        "16:07",
        "16:42",
        "17:22",
        "18:03",
        "18:50",
        "19:33",
        "20:25",
        "21:45"
    ],
    "url": "https://www.kanachu.co.jp/dia/diagram/timetable01_js/course:0000804033-9/node:00127752/kt:0/lname:/"
}
