{
    "date": "2026/01/16",
    "name": "秦野高校前",
    "position": "-",
    "system": "平74",
    "destinations": [
        "広畑ふれあいプラザ前",
        "下大槻団地",
        "欠ノ上(下大槻団地線)",
        "土屋橋",
        "東海大学正門前",
        "青柳(平塚市)",
        "北金目入口",
        "金目駅",
        "南金目",
        "片岡(平塚市)",
        "飯島(平塚市)",
        "平塚支援学校前",
        "水神橋(平塚市)",
        "長持",
        "長瀬(平塚市)",
        "南原土手",
        "南原(平塚市)",
        "向原(平塚市)",
        "江南高校前",
        "追分(平塚市)",
        "営林署前(平塚市)",
        "旭通り(平塚市)",
        "八間通り",
        "平塚文化芸術ホール前",
        "銀座通り(平塚市)",
        "平塚駅北口"
    ],
    "weekday": [
        "6:05",
        "6:31",
        "6:51",
        "7:04",
        "7:43",
        "8:20",
        "8:54",
        "9:30",
        "10:05",
        "10:45",
        "11:27",
        "12:05",
        "12:45",
        "13:20",
        "13:50",
        "14:20",
        "14:50",
        "15:19",
        "15:40",
        "16:03",
        "16:26",
        "16:58",
        "17:22",
        "17:46",
        "18:10",
        "18:38",
        "19:13",
        "19:42",
        "20:11",
        "21:19",
        "22:16"
    ],
    "saturday": [
        "6:29",
        "6:59",
        "7:35",
        "7:58",
        "8:28",
        "8:59",
        "9:29",
        "10:09",
        "10:49",
        "11:29",
        "12:09",
        "12:49",
        "13:29",
        "14:09",
        "14:49",
        "15:29",
        "16:08",
        "16:43",
        "17:23",
        "18:04",
        "18:52",
        "19:34",
        "20:26",
        "21:46"
    ],
    "holiday": [
        "6:29",
        "6:59",
        "7:35",
        "7:58",
        "8:28",
        "8:59",
        "9:28",
        "10:08",
        "10:48",
        "11:28",
        "12:09",
        "12:49",
        "13:29",
        "14:09",
        "14:49",
        "15:29",
        "16:08",
        "16:43",
        "17:23",
        "18:04",
        "18:51",
        "19:34",
        "20:26",
        "21:46"
    ],
    "url": "https://www.kanachu.co.jp/dia/diagram/timetable01_js/course:0000804033-10/node:00127753/kt:0/lname:/"
}
