{
    "date": "2026/01/16",
    "name": "広畑ふれあいプラザ前",
    "position": "-",
    "system": "平74",
    "destinations": [
        "下大槻団地",
        "欠ノ上(下大槻団地線)",
        "土屋橋",
        "東海大学正門前",
        "青柳(平塚市)",
        "北金目入口",
        "金目駅",
        "南金目",
        "片岡(平塚市)",
        "飯島(平塚市)",
        "平塚支援学校前",
        "水神橋(平塚市)",
        "長持",
        "長瀬(平塚市)",
        "南原土手",
        "南原(平塚市)",
        "向原(平塚市)",
        "江南高校前",
        "追分(平塚市)",
        "営林署前(平塚市)",
        "旭通り(平塚市)",
        "八間通り",
        "平塚文化芸術ホール前",
        "銀座通り(平塚市)",
        "平塚駅北口"
    ],
    "weekday": [
        "6:06",
        "6:32",
        "6:52",
        "7:05",
        "7:44",
        "8:21",
        "8:55",
        "9:31",
        "10:06",
        "10:46",
        "11:28",
        "12:06",
        "12:46",
        "13:21",
        "13:51",
        "14:21",
        "14:51",
        "15:20",
        "15:41",
        "16:04",
        "16:27",
        "16:59",
        "17:23",
        "17:47",
        "18:11",
        "18:39",
        "19:14",
        "19:43",
        "20:12",
        "21:20",
        "22:17"
    ],
    "saturday": [
        "6:30",
        "7:00",
        "7:36",
        "7:59",
        "8:29",
        "9:00",
        "9:30",
        "10:10",
        "10:50",
        "11:30",
        "12:10",
        "12:50",
        "13:30",
        "14:10",
        "14:50",
        "15:30",
        "16:09",
        "16:44",
        "17:24",
        "18:05",
        "18:53",
        "19:35",
        "20:27",
        "21:47"
    ],
    "holiday": [
        "6:30",
        "7:00",
        "7:36",
        "7:59",
        "8:29",
        "9:00",
        "9:29",
        "10:09",
        "10:49",
        "11:29",
        "12:10",
        "12:50",
        "13:30",
        "14:10",
        "14:50",
        "15:30",
        "16:09",
        "16:44",
        "17:24",
        "18:05",
        "18:52",
        "19:35",
        "20:27",
        "21:47"
    ],
    "url": "https://www.kanachu.co.jp/dia/diagram/timetable01_js/course:0000804033-11/node:00127754/kt:0/lname:/"
}
