{
    "date": "2026/01/16",
    "name": "下大槻団地",
    "position": "-",
    "system": "平74",
    "destinations": [
        "欠ノ上(下大槻団地線)",
        "土屋橋",
        "東海大学正門前",
        "青柳(平塚市)",
        "北金目入口",
        "金目駅",
        "南金目",
        "片岡(平塚市)",
        "飯島(平塚市)",
        "平塚支援学校前",
        "水神橋(平塚市)",
        "長持",
        "長瀬(平塚市)",
        "南原土手",
        "南原(平塚市)",
        "向原(平塚市)",
        "江南高校前",
        "追分(平塚市)",
        "営林署前(平塚市)",
        "旭通り(平塚市)",
        "八間通り",
        "平塚文化芸術ホール前",
        "銀座通り(平塚市)",
        "平塚駅北口"
    ],
    "weekday": [
        "6:09",
        "6:35",
        "6:55",
        "7:09",
        "7:48",
        "8:25",
        "8:59",
        "9:34",
        "10:09",
        "10:49",
        "11:31",
        "12:09",
        "12:49",
        "13:24",
        "13:54",
        "14:24",
        "14:54",
        "15:23",
        "15:44",
        "16:08",
        "16:31",
        "17:03",
        "17:27",
        "17:51",
        "18:15",
        "18:43",
        "19:17",
        "19:46",
        "20:15",
        "21:23",
        "22:20"
    ],
    "saturday": [
        "6:33",
        "7:03",
        "7:39",
        "8:02",
        "8:32",
        "9:03",
        "9:34",
        "10:14",
        "10:54",
        "11:34",
        "12:14",
        "12:54",
        "13:34",
        "14:14",
        "14:54",
        "15:34",
        "16:13",
        "16:48",
        "17:28",
        "18:09",
        "18:57",
        "19:38",
        "20:30",
        "21:50"
    ],
    "holiday": [
        "6:33",
        "7:03",
        "7:39",
        "8:02",
        "8:32",
        "9:03",
        "9:32",
        "10:12",
        "10:52",
        "11:32",
        "12:14",
        "12:54",
        "13:34",
        "14:14",
        "14:54",
        "15:34",
        "16:12",
        "16:47",
        "17:27",
        "18:08",
        "18:55",
        "19:38",
        "20:30",
        "21:50"
    ],
    "url": "https://www.kanachu.co.jp/dia/diagram/timetable01_js/course:0000804033-12/node:00127755/kt:0/lname:/"
}
