{
    "date": "2026/01/16",
    "name": "北金目入口",
    "position": "-",
    "system": "平74",
    "destinations": [
        "金目駅",
        "南金目",
        "片岡(平塚市)",
        "飯島(平塚市)",
        "平塚支援学校前",
        "水神橋(平塚市)",
        "長持",
        "長瀬(平塚市)",
        "南原土手",
        "南原(平塚市)",
        "向原(平塚市)",
        "江南高校前",
        "追分(平塚市)",
        "営林署前(平塚市)",
        "旭通り(平塚市)",
        "八間通り",
        "平塚文化芸術ホール前",
        "銀座通り(平塚市)",
        "平塚駅北口"
    ],
    "weekday": [
        "6:15",
        "6:41",
        "7:01",
        "7:18",
        "7:57",
        "8:34",
        "9:07",
        "9:41",
        "10:16",
        "10:56",
        "11:38",
        "12:16",
        "12:56",
        "13:31",
        "14:01",
        "14:31",
        "15:01",
        "15:30",
        "15:51",
        "16:16",
        "16:39",
        "17:11",
        "17:35",
        "17:59",
        "18:23",
        "18:51",
        "19:22",
        "19:51",
        "20:20",
        "21:28",
        "22:25"
    ],
    "saturday": [
        "6:39",
        "7:09",
        "7:45",
        "8:09",
        "8:39",
        "9:09",
        "9:40",
        "10:20",
        "11:00",
        "11:40",
        "12:20",
        "13:00",
        "13:40",
        "14:20",
        "15:00",
        "15:40",
        "16:20",
        "16:55",
        "17:35",
        "18:15",
        "19:03",
        "19:43",
        "20:35",
        "21:55"
    ],
    "holiday": [
        "6:38",
        "7:08",
        "7:44",
        "8:08",
        "8:38",
        "9:09",
        "9:38",
        "10:18",
        "10:58",
        "11:38",
        "12:20",
        "13:00",
        "13:40",
        "14:20",
        "15:00",
        "15:40",
        "16:18",
        "16:53",
        "17:33",
        "18:14",
        "19:01",
        "19:44",
        "20:35",
        "21:55"
    ],
    "url": "https://www.kanachu.co.jp/dia/diagram/timetable01_js/course:0000804033-17/node:00127730/kt:0/lname:/"
}
