{
    "date": "2026/01/16",
    "name": "水神橋(平塚市)",
    "position": "-",
    "system": "平74",
    "destinations": [
        "長持",
        "長瀬(平塚市)",
        "南原土手",
        "南原(平塚市)",
        "向原(平塚市)",
        "江南高校前",
        "追分(平塚市)",
        "営林署前(平塚市)",
        "旭通り(平塚市)",
        "八間通り",
        "平塚文化芸術ホール前",
        "銀座通り(平塚市)",
        "平塚駅北口"
    ],
    "weekday": [
        "6:23",
        "6:49",
        "7:11",
        "7:28",
        "8:07",
        "8:44",
        "9:16",
        "9:50",
        "10:25",
        "11:05",
        "11:47",
        "12:25",
        "13:05",
        "13:40",
        "14:10",
        "14:40",
        "15:10",
        "15:39",
        "16:00",
        "16:25",
        "16:48",
        "17:20",
        "17:44",
        "18:08",
        "18:32",
        "19:00",
        "19:29",
        "19:58",
        "20:27",
        "21:35",
        "22:32"
    ],
    "saturday": [
        "6:45",
        "7:15",
        "7:51",
        "8:17",
        "8:47",
        "9:18",
        "9:49",
        "10:29",
        "11:09",
        "11:49",
        "12:29",
        "13:09",
        "13:49",
        "14:29",
        "15:09",
        "15:49",
        "16:31",
        "17:06",
        "17:46",
        "18:25",
        "19:10",
        "19:50",
        "20:42",
        "22:02"
    ],
    "holiday": [
        "6:45",
        "7:15",
        "7:51",
        "8:16",
        "8:46",
        "9:17",
        "9:46",
        "10:26",
        "11:06",
        "11:46",
        "12:28",
        "13:08",
        "13:48",
        "14:28",
        "15:08",
        "15:48",
        "16:27",
        "17:02",
        "17:42",
        "18:23",
        "19:10",
        "19:53",
        "20:42",
        "22:02"
    ],
    "url": "https://www.kanachu.co.jp/dia/diagram/timetable01_js/course:0000804033-23/node:00127736/kt:0/lname:/"
}
