{
    "date": "2026/01/16",
    "name": "長瀬(平塚市)",
    "position": "-",
    "system": "平74",
    "destinations": [
        "南原土手",
        "南原(平塚市)",
        "向原(平塚市)",
        "江南高校前",
        "追分(平塚市)",
        "営林署前(平塚市)",
        "旭通り(平塚市)",
        "八間通り",
        "平塚文化芸術ホール前",
        "銀座通り(平塚市)",
        "平塚駅北口"
    ],
    "weekday": [
        "6:25",
        "6:51",
        "7:13",
        "7:30",
        "8:09",
        "8:46",
        "9:18",
        "9:52",
        "10:27",
        "11:07",
        "11:49",
        "12:27",
        "13:07",
        "13:42",
        "14:12",
        "14:42",
        "15:12",
        "15:41",
        "16:02",
        "16:27",
        "16:50",
        "17:22",
        "17:46",
        "18:10",
        "18:34",
        "19:02",
        "19:31",
        "20:00",
        "20:29",
        "21:37",
        "22:34"
    ],
    "saturday": [
        "6:47",
        "7:17",
        "7:53",
        "8:19",
        "8:49",
        "9:20",
        "9:51",
        "10:31",
        "11:11",
        "11:51",
        "12:31",
        "13:11",
        "13:51",
        "14:31",
        "15:11",
        "15:51",
        "16:34",
        "17:09",
        "17:49",
        "18:27",
        "19:12",
        "19:52",
        "20:44",
        "22:04"
    ],
    "holiday": [
        "6:47",
        "7:17",
        "7:53",
        "8:18",
        "8:48",
        "9:19",
        "9:48",
        "10:28",
        "11:08",
        "11:48",
        "12:30",
        "13:10",
        "13:50",
        "14:30",
        "15:10",
        "15:50",
        "16:29",
        "17:04",
        "17:44",
        "18:25",
        "19:12",
        "19:55",
        "20:44",
        "22:04"
    ],
    "url": "https://www.kanachu.co.jp/dia/diagram/timetable01_js/course:0000804033-25/node:00127738/kt:0/lname:/"
}
