{
    "date": "2026/01/16",
    "name": "江南高校前",
    "position": "-",
    "system": "平74",
    "destinations": [
        "追分(平塚市)",
        "営林署前(平塚市)",
        "旭通り(平塚市)",
        "八間通り",
        "平塚文化芸術ホール前",
        "銀座通り(平塚市)",
        "平塚駅北口"
    ],
    "weekday": [
        "6:30",
        "6:56",
        "7:18",
        "7:35",
        "8:14",
        "8:51",
        "9:24",
        "9:58",
        "10:33",
        "11:13",
        "11:55",
        "12:33",
        "13:13",
        "13:48",
        "14:18",
        "14:48",
        "15:18",
        "15:47",
        "16:08",
        "16:33",
        "16:56",
        "17:28",
        "17:52",
        "18:16",
        "18:40",
        "19:07",
        "19:36",
        "20:05",
        "20:34",
        "21:42",
        "22:39"
    ],
    "saturday": [
        "6:52",
        "7:22",
        "7:58",
        "8:25",
        "8:55",
        "9:26",
        "9:57",
        "10:37",
        "11:17",
        "11:57",
        "12:37",
        "13:17",
        "13:57",
        "14:37",
        "15:17",
        "15:57",
        "16:40",
        "17:15",
        "17:55",
        "18:32",
        "19:17",
        "19:57",
        "20:49",
        "22:09"
    ],
    "holiday": [
        "6:52",
        "7:22",
        "7:58",
        "8:23",
        "8:53",
        "9:24",
        "9:53",
        "10:33",
        "11:13",
        "11:53",
        "12:36",
        "13:16",
        "13:56",
        "14:36",
        "15:16",
        "15:56",
        "16:34",
        "17:09",
        "17:49",
        "18:30",
        "19:17",
        "20:00",
        "20:49",
        "22:09"
    ],
    "url": "https://www.kanachu.co.jp/dia/diagram/timetable01_js/course:0000804033-29/node:00127557/kt:0/lname:/"
}
