{
    "date": "2025/04/01",
    "name": "町田市役所市民ホール前",
    "position": "-",
    "system": "町32",
    "destinations": [
        "妙延寺(町田市)",
        "森野五丁目",
        "森野六丁目",
        "桧台入口",
        "木曽都営入口",
        "境川団地入口",
        "境川団地中央",
        "境川団地",
        "上横町",
        "木曽(町田市)",
        "忠生公園入口",
        "忠生公園前",
        "忠生二丁目",
        "町田工業高校前",
        "忠生三丁目",
        "忠霊塔前",
        "忠生四丁目",
        "桜美林学園",
        "唐沢(町田市)",
        "桜台入口(町田市)",
        "桜台一丁目(町田市)",
        "桜台センター前",
        "桜台二丁目(町田市)",
        "小山田桜台"
    ],
    "weekday": [
        "6:12",
        "6:40",
        "7:07",
        "7:19",
        "7:31",
        "7:44",
        "7:59",
        "8:17",
        "8:40",
        "8:59",
        "9:36",
        "9:54",
        "10:36",
        "10:54",
        "11:36",
        "11:54",
        "12:36",
        "12:54",
        "13:36",
        "13:54",
        "14:36",
        "14:54",
        "15:36",
        "15:54",
        "16:34",
        "16:56",
        "17:12",
        "17:39",
        "17:55",
        "18:09",
        "18:24",
        "18:39",
        "18:55",
        "19:09",
        "19:29",
        "19:55",
        "20:12",
        "20:27",
        "20:52",
        "21:22",
        "21:52",
        "22:14",
        "22:42",
        "23:12"
    ],
    "saturday": [
        "6:24",
        "6:44",
        "6:59",
        "7:19",
        "7:39",
        "7:59",
        "8:17",
        "8:32",
        "8:47",
        "9:36",
        "9:59",
        "10:27",
        "10:44",
        "10:59",
        "11:27",
        "11:44",
        "11:59",
        "12:36",
        "12:56",
        "13:36",
        "13:56",
        "14:36",
        "14:56",
        "15:36",
        "15:56",
        "16:36",
        "16:56",
        "17:36",
        "17:56",
        "18:14",
        "18:34",
        "18:56",
        "19:14",
        "19:44",
        "20:14",
        "20:44",
        "21:14",
        "21:42",
        "22:07",
        "22:37",
        "23:07"
    ],
    "holiday": [
        "6:42",
        "7:02",
        "7:32",
        "8:02",
        "8:32",
        "9:02",
        "9:22",
        "9:42",
        "10:02",
        "10:22",
        "10:42",
        "11:02",
        "11:22",
        "11:42",
        "12:02",
        "12:22",
        "12:42",
        "13:02",
        "13:22",
        "13:42",
        "14:02",
        "14:22",
        "14:42",
        "15:02",
        "15:22",
        "15:42",
        "16:02",
        "16:22",
        "16:42",
        "17:02",
        "17:22",
        "17:42",
        "18:02",
        "18:37",
        "19:02",
        "19:32",
        "20:02",
        "20:32",
        "21:02",
        "21:32",
        "22:02",
        "22:32",
        "23:02"
    ],
    "url": "https://www.kanachu.co.jp/dia/diagram/timetable01_js/course:0000803111-2/node:00129356/kt:0/lname:/"
}
