{
    "date": "2025/04/01",
    "name": "上横町",
    "position": "-",
    "system": "町32",
    "destinations": [
        "木曽(町田市)",
        "忠生公園入口",
        "忠生公園前",
        "忠生二丁目",
        "町田工業高校前",
        "忠生三丁目",
        "忠霊塔前",
        "忠生四丁目",
        "桜美林学園",
        "唐沢(町田市)",
        "桜台入口(町田市)",
        "桜台一丁目(町田市)",
        "桜台センター前",
        "桜台二丁目(町田市)",
        "小山田桜台"
    ],
    "weekday": [
        "6:19",
        "6:47",
        "7:14",
        "7:26",
        "7:39",
        "7:52",
        "8:07",
        "8:25",
        "8:48",
        "9:08",
        "9:45",
        "10:03",
        "10:45",
        "11:03",
        "11:45",
        "12:03",
        "12:45",
        "13:03",
        "13:45",
        "14:03",
        "14:45",
        "15:04",
        "15:46",
        "16:04",
        "16:44",
        "17:06",
        "17:22",
        "17:49",
        "18:05",
        "18:19",
        "18:34",
        "18:49",
        "19:04",
        "19:16",
        "19:36",
        "20:02",
        "20:19",
        "20:34",
        "20:59",
        "21:29",
        "21:59",
        "22:21",
        "22:49",
        "23:19"
    ],
    "saturday": [
        "6:31",
        "6:51",
        "7:06",
        "7:26",
        "7:46",
        "8:06",
        "8:24",
        "8:39",
        "8:54",
        "9:43",
        "10:06",
        "10:34",
        "10:51",
        "11:09",
        "11:37",
        "11:54",
        "12:09",
        "12:46",
        "13:06",
        "13:46",
        "14:06",
        "14:46",
        "15:06",
        "15:46",
        "16:06",
        "16:46",
        "17:06",
        "17:46",
        "18:06",
        "18:24",
        "18:44",
        "19:06",
        "19:24",
        "19:51",
        "20:21",
        "20:51",
        "21:21",
        "21:49",
        "22:14",
        "22:44",
        "23:14"
    ],
    "holiday": [
        "6:49",
        "7:09",
        "7:39",
        "8:09",
        "8:39",
        "9:09",
        "9:29",
        "9:49",
        "10:09",
        "10:29",
        "10:49",
        "11:11",
        "11:31",
        "11:51",
        "12:11",
        "12:31",
        "12:51",
        "13:11",
        "13:31",
        "13:51",
        "14:11",
        "14:31",
        "14:51",
        "15:11",
        "15:31",
        "15:51",
        "16:12",
        "16:32",
        "16:52",
        "17:12",
        "17:32",
        "17:52",
        "18:12",
        "18:47",
        "19:09",
        "19:39",
        "20:09",
        "20:39",
        "21:09",
        "21:39",
        "22:09",
        "22:39",
        "23:09"
    ],
    "url": "https://www.kanachu.co.jp/dia/diagram/timetable01_js/course:0000803111-11/node:00129385/kt:0/lname:/"
}
