{
    "date": "2025/04/01",
    "name": "木曽(町田市)",
    "position": "-",
    "system": "町32",
    "destinations": [
        "忠生公園入口",
        "忠生公園前",
        "忠生二丁目",
        "町田工業高校前",
        "忠生三丁目",
        "忠霊塔前",
        "忠生四丁目",
        "桜美林学園",
        "唐沢(町田市)",
        "桜台入口(町田市)",
        "桜台一丁目(町田市)",
        "桜台センター前",
        "桜台二丁目(町田市)",
        "小山田桜台"
    ],
    "weekday": [
        "6:20",
        "6:48",
        "7:15",
        "7:27",
        "7:41",
        "7:54",
        "8:09",
        "8:27",
        "8:50",
        "9:10",
        "9:47",
        "10:05",
        "10:47",
        "11:05",
        "11:47",
        "12:05",
        "12:47",
        "13:05",
        "13:47",
        "14:05",
        "14:47",
        "15:06",
        "15:48",
        "16:06",
        "16:46",
        "17:08",
        "17:24",
        "17:51",
        "18:07",
        "18:21",
        "18:36",
        "18:51",
        "19:06",
        "19:18",
        "19:38",
        "20:04",
        "20:21",
        "20:36",
        "21:01",
        "21:30",
        "22:00",
        "22:22",
        "22:50",
        "23:20"
    ],
    "saturday": [
        "6:32",
        "6:52",
        "7:07",
        "7:27",
        "7:47",
        "8:07",
        "8:25",
        "8:40",
        "8:55",
        "9:45",
        "10:08",
        "10:36",
        "10:53",
        "11:11",
        "11:39",
        "11:56",
        "12:11",
        "12:48",
        "13:08",
        "13:48",
        "14:08",
        "14:48",
        "15:08",
        "15:48",
        "16:08",
        "16:48",
        "17:08",
        "17:48",
        "18:08",
        "18:26",
        "18:46",
        "19:08",
        "19:26",
        "19:52",
        "20:22",
        "20:52",
        "21:22",
        "21:50",
        "22:15",
        "22:45",
        "23:15"
    ],
    "holiday": [
        "6:50",
        "7:10",
        "7:40",
        "8:10",
        "8:40",
        "9:11",
        "9:31",
        "9:51",
        "10:11",
        "10:31",
        "10:51",
        "11:13",
        "11:33",
        "11:53",
        "12:13",
        "12:33",
        "12:53",
        "13:13",
        "13:33",
        "13:53",
        "14:13",
        "14:33",
        "14:53",
        "15:13",
        "15:33",
        "15:53",
        "16:14",
        "16:34",
        "16:54",
        "17:14",
        "17:34",
        "17:54",
        "18:14",
        "18:49",
        "19:10",
        "19:40",
        "20:10",
        "20:40",
        "21:10",
        "21:40",
        "22:10",
        "22:40",
        "23:10"
    ],
    "url": "https://www.kanachu.co.jp/dia/diagram/timetable01_js/course:0000803111-12/node:00129364/kt:0/lname:/"
}
