{
    "date": "2025/04/01",
    "name": "忠霊塔前",
    "position": "-",
    "system": "町32",
    "destinations": [
        "忠生四丁目",
        "桜美林学園",
        "唐沢(町田市)",
        "桜台入口(町田市)",
        "桜台一丁目(町田市)",
        "桜台センター前",
        "桜台二丁目(町田市)",
        "小山田桜台"
    ],
    "weekday": [
        "6:26",
        "6:54",
        "7:21",
        "7:33",
        "7:48",
        "8:01",
        "8:16",
        "8:34",
        "8:57",
        "9:17",
        "9:54",
        "10:12",
        "10:54",
        "11:12",
        "11:54",
        "12:12",
        "12:54",
        "13:12",
        "13:54",
        "14:12",
        "14:54",
        "15:13",
        "15:55",
        "16:13",
        "16:53",
        "17:15",
        "17:31",
        "17:58",
        "18:14",
        "18:28",
        "18:43",
        "18:58",
        "19:13",
        "19:25",
        "19:45",
        "20:11",
        "20:28",
        "20:43",
        "21:07",
        "21:36",
        "22:06",
        "22:28",
        "22:56",
        "23:26"
    ],
    "saturday": [
        "6:38",
        "6:58",
        "7:13",
        "7:33",
        "7:53",
        "8:14",
        "8:32",
        "8:47",
        "9:02",
        "9:52",
        "10:15",
        "10:43",
        "11:00",
        "11:18",
        "11:46",
        "12:03",
        "12:18",
        "12:55",
        "13:15",
        "13:55",
        "14:15",
        "14:55",
        "15:15",
        "15:55",
        "16:15",
        "16:55",
        "17:15",
        "17:55",
        "18:15",
        "18:33",
        "18:53",
        "19:15",
        "19:33",
        "19:59",
        "20:29",
        "20:58",
        "21:28",
        "21:56",
        "22:21",
        "22:51",
        "23:21"
    ],
    "holiday": [
        "6:56",
        "7:16",
        "7:46",
        "8:17",
        "8:47",
        "9:18",
        "9:38",
        "9:58",
        "10:18",
        "10:38",
        "10:58",
        "11:20",
        "11:40",
        "12:00",
        "12:20",
        "12:40",
        "13:00",
        "13:20",
        "13:40",
        "14:00",
        "14:20",
        "14:40",
        "15:00",
        "15:20",
        "15:40",
        "16:00",
        "16:21",
        "16:41",
        "17:01",
        "17:21",
        "17:41",
        "18:01",
        "18:21",
        "18:56",
        "19:17",
        "19:47",
        "20:16",
        "20:46",
        "21:16",
        "21:46",
        "22:16",
        "22:46",
        "23:16"
    ],
    "url": "https://www.kanachu.co.jp/dia/diagram/timetable01_js/course:0000803111-18/node:00130511/kt:0/lname:/"
}
