{
    "date": "2025/04/01",
    "name": "桜台一丁目(町田市)",
    "position": "-",
    "system": "町32",
    "destinations": [
        "桜台センター前",
        "桜台二丁目(町田市)",
        "小山田桜台"
    ],
    "weekday": [
        "6:31",
        "6:59",
        "7:26",
        "7:38",
        "7:53",
        "8:06",
        "8:21",
        "8:39",
        "9:02",
        "9:23",
        "10:00",
        "10:18",
        "11:00",
        "11:18",
        "12:00",
        "12:18",
        "13:00",
        "13:18",
        "14:00",
        "14:18",
        "15:00",
        "15:19",
        "16:01",
        "16:19",
        "16:59",
        "17:21",
        "17:37",
        "18:04",
        "18:20",
        "18:34",
        "18:49",
        "19:04",
        "19:18",
        "19:30",
        "19:50",
        "20:16",
        "20:33",
        "20:48",
        "21:12",
        "21:41",
        "22:11",
        "22:33",
        "23:01",
        "23:31"
    ],
    "saturday": [
        "6:43",
        "7:03",
        "7:18",
        "7:38",
        "7:58",
        "8:19",
        "8:37",
        "8:52",
        "9:07",
        "9:57",
        "10:20",
        "10:48",
        "11:06",
        "11:24",
        "11:52",
        "12:09",
        "12:24",
        "13:01",
        "13:21",
        "14:01",
        "14:21",
        "15:01",
        "15:21",
        "16:01",
        "16:21",
        "17:01",
        "17:21",
        "18:01",
        "18:21",
        "18:39",
        "18:59",
        "19:21",
        "19:38",
        "20:04",
        "20:34",
        "21:03",
        "21:33",
        "22:01",
        "22:26",
        "22:56",
        "23:26"
    ],
    "holiday": [
        "7:01",
        "7:21",
        "7:51",
        "8:22",
        "8:52",
        "9:23",
        "9:43",
        "10:03",
        "10:23",
        "10:43",
        "11:03",
        "11:26",
        "11:46",
        "12:06",
        "12:26",
        "12:46",
        "13:06",
        "13:26",
        "13:46",
        "14:06",
        "14:26",
        "14:46",
        "15:06",
        "15:26",
        "15:46",
        "16:06",
        "16:27",
        "16:47",
        "17:07",
        "17:27",
        "17:47",
        "18:07",
        "18:27",
        "19:02",
        "19:22",
        "19:52",
        "20:21",
        "20:51",
        "21:21",
        "21:51",
        "22:21",
        "22:51",
        "23:21"
    ],
    "url": "https://www.kanachu.co.jp/dia/diagram/timetable01_js/course:0000803111-23/node:00129403/kt:0/lname:/"
}
