{
    "date": "2021/10/16",
    "name": "神田小学校前(平塚市)",
    "position": "-",
    "system": "平57",
    "destinations": [
        "大神(新道/平塚市)",
        "戸田(新道/厚木市)",
        "酒井(新道/厚木市)",
        "岡田電話局前",
        "岡田一本杉(新道/厚木市)",
        "本厚木駅南口"
    ],
    "weekday": [
        "7:31",
        "7:48",
        "8:38"
    ],
    "saturday": [],
    "holiday": [],
    "url": "https://www.kanachu.co.jp/dia/diagram/timetable01_js/course:0000800532-6/node:00127654/kt:0/lname:/"
}
