{
    "date": "2025/09/08",
    "name": "慶応大学",
    "position": "-",
    "system": "湘25",
    "destinations": [
        "南大山",
        "湘南台駅西口"
    ],
    "weekday": [
        "14:30",
        "14:50",
        "15:17",
        "15:25",
        "15:32",
        "15:39",
        "15:46",
        "16:05",
        "16:15",
        "16:25",
        "16:32",
        "16:40",
        "16:48",
        "16:56",
        "17:06",
        "17:16",
        "17:24",
        "17:31",
        "17:38",
        "17:46",
        "17:54",
        "18:02",
        "18:10",
        "18:17",
        "18:24",
        "18:31",
        "18:38",
        "18:51",
        "19:06",
        "19:31"
    ],
    "saturday": [
        "12:49",
        "12:56",
        "13:03",
        "13:10",
        "13:28",
        "13:36",
        "13:44",
        "13:52",
        "14:01",
        "14:11",
        "14:28",
        "14:48",
        "15:08",
        "15:41",
        "15:56",
        "16:11",
        "16:41",
        "16:56",
        "17:11",
        "17:36",
        "17:51",
        "18:06",
        "18:41",
        "18:56"
    ],
    "holiday": [],
    "url": "https://www.kanachu.co.jp/dia/diagram/timetable01_js/course:0000802871-2/node:00129985/kt:0/lname:/"
}
