{
    "date": "2025/07/12",
    "name": "南仲通り",
    "position": "-",
    "system": "戸81",
    "destinations": [
        "藤沢小学校前",
        "藤沢橋",
        "遊行寺坂上",
        "緑ヶ丘(藤沢市)",
        "鉄砲宿",
        "諏訪神社前(横浜市戸塚区)",
        "影取",
        "聖母の園前",
        "原宿(横浜市戸塚区)",
        "大運寺",
        "吹上(横浜市戸塚区)",
        "西横浜国際総合病院前",
        "新道大坂上",
        "大坂上(横浜市戸塚区)",
        "大坂台",
        "大坂下",
        "八坂神社前",
        "消防署前(横浜市戸塚区)",
        "戸塚駅西口",
        "戸塚バスセンター"
    ],
    "weekday": [
        "5:32",
        "5:47",
        "6:03",
        "6:16",
        "6:33",
        "6:48",
        "7:08",
        "7:28",
        "7:48",
        "8:08",
        "8:28",
        "8:46",
        "9:08",
        "9:28",
        "9:48",
        "10:08",
        "10:28",
        "10:48",
        "11:08",
        "11:28",
        "11:48",
        "12:08",
        "12:28",
        "12:48",
        "13:08",
        "13:28",
        "13:48",
        "14:08",
        "14:28",
        "14:48",
        "15:08",
        "15:28",
        "15:48",
        "16:08",
        "16:28",
        "16:43",
        "17:03",
        "17:23",
        "17:43",
        "18:03",
        "18:23",
        "18:40",
        "19:03",
        "19:23",
        "19:43",
        "20:03",
        "20:28",
        "20:43",
        "20:58",
        "21:38",
        "22:18",
        "22:43"
    ],
    "saturday": [
        "5:52",
        "6:27",
        "6:52",
        "7:22",
        "7:52",
        "8:22",
        "8:52",
        "9:22",
        "9:52",
        "10:22",
        "10:52",
        "11:22",
        "11:52",
        "12:22",
        "12:52",
        "13:22",
        "13:52",
        "14:22",
        "14:52",
        "15:22",
        "15:53",
        "16:22",
        "16:52",
        "17:22",
        "17:52",
        "18:22",
        "18:52",
        "19:22",
        "19:52",
        "20:32",
        "21:12",
        "21:52"
    ],
    "holiday": [
        "5:52",
        "6:27",
        "6:52",
        "7:22",
        "7:52",
        "8:22",
        "8:52",
        "9:22",
        "9:52",
        "10:22",
        "10:52",
        "11:22",
        "11:52",
        "12:22",
        "12:52",
        "13:22",
        "13:52",
        "14:22",
        "14:52",
        "15:22",
        "15:53",
        "16:22",
        "16:52",
        "17:22",
        "17:52",
        "18:22",
        "18:52",
        "19:22",
        "19:52",
        "20:32",
        "21:12",
        "21:52"
    ],
    "url": "https://www.kanachu.co.jp/dia/diagram/timetable01_js/course:0000803600-4/node:00126973/kt:0/lname:/"
}
