{
    "date": "2025/07/12",
    "name": "鉄砲宿",
    "position": "-",
    "system": "戸81",
    "destinations": [
        "諏訪神社前(横浜市戸塚区)",
        "影取",
        "聖母の園前",
        "原宿(横浜市戸塚区)",
        "大運寺",
        "吹上(横浜市戸塚区)",
        "西横浜国際総合病院前",
        "新道大坂上",
        "大坂上(横浜市戸塚区)",
        "大坂台",
        "大坂下",
        "八坂神社前",
        "消防署前(横浜市戸塚区)",
        "戸塚駅西口",
        "戸塚バスセンター"
    ],
    "weekday": [
        "5:39",
        "5:54",
        "6:10",
        "6:24",
        "6:42",
        "6:57",
        "7:19",
        "7:39",
        "7:59",
        "8:19",
        "8:39",
        "8:57",
        "9:18",
        "9:38",
        "9:58",
        "10:18",
        "10:38",
        "10:58",
        "11:18",
        "11:38",
        "11:58",
        "12:18",
        "12:38",
        "12:58",
        "13:18",
        "13:38",
        "13:58",
        "14:18",
        "14:38",
        "14:58",
        "15:18",
        "15:38",
        "15:58",
        "16:18",
        "16:38",
        "16:53",
        "17:14",
        "17:34",
        "17:54",
        "18:14",
        "18:34",
        "18:51",
        "19:12",
        "19:32",
        "19:52",
        "20:12",
        "20:37",
        "20:52",
        "21:07",
        "21:47",
        "22:27",
        "22:52"
    ],
    "saturday": [
        "6:00",
        "6:35",
        "7:00",
        "7:30",
        "8:00",
        "8:30",
        "9:00",
        "9:30",
        "10:02",
        "10:32",
        "11:02",
        "11:32",
        "12:02",
        "12:32",
        "13:02",
        "13:32",
        "14:02",
        "14:32",
        "15:02",
        "15:32",
        "16:03",
        "16:33",
        "17:03",
        "17:33",
        "18:03",
        "18:33",
        "19:01",
        "19:31",
        "20:01",
        "20:41",
        "21:21",
        "22:01"
    ],
    "holiday": [
        "6:00",
        "6:35",
        "7:00",
        "7:30",
        "8:00",
        "8:30",
        "9:00",
        "9:30",
        "10:02",
        "10:32",
        "11:02",
        "11:32",
        "12:02",
        "12:32",
        "13:02",
        "13:32",
        "14:02",
        "14:32",
        "15:02",
        "15:32",
        "16:03",
        "16:33",
        "17:03",
        "17:33",
        "18:03",
        "18:33",
        "19:01",
        "19:31",
        "20:01",
        "20:41",
        "21:21",
        "22:01"
    ],
    "url": "https://www.kanachu.co.jp/dia/diagram/timetable01_js/course:0000803600-9/node:00126978/kt:0/lname:/"
}
