{
    "date": "2023/03/18",
    "name": "押切(中郡二宮町)",
    "position": "-",
    "system": "国06",
    "destinations": [
        "橘中学校入口(小田原市)",
        "下原(小田原市)",
        "中村原",
        "テクノパーク中央",
        "テクノパーク北",
        "上町入口(小田原市)",
        "診療所前(小田原市)",
        "鐘藪",
        "中村原",
        "下原(小田原市)",
        "橘中学校入口(小田原市)",
        "押切(中郡二宮町)",
        "押切・塔台橋",
        "橘インター入口",
        "町屋(小田原市)",
        "小学校前(小田原市)",
        "近戸神社",
        "前川(小田原市)",
        "西前川",
        "国府津駅"
    ],
    "weekday": [
        "6:58",
        "7:47",
        "8:34",
        "17:20",
        "18:02",
        "18:53"
    ],
    "saturday": [
        "6:58",
        "7:43",
        "8:30",
        "17:20",
        "18:02",
        "18:47"
    ],
    "holiday": [
        "6:58",
        "7:43",
        "8:30",
        "17:20",
        "18:02",
        "18:47"
    ],
    "url": "https://www.kanachu.co.jp/dia/diagram/timetable01_js/course:0000802547-9/node:00127495/kt:0/lname:/"
}
