{
    "date": "2023/03/18",
    "name": "テクノパーク北",
    "position": "-",
    "system": "国06",
    "destinations": [
        "上町入口(小田原市)",
        "診療所前(小田原市)",
        "鐘藪",
        "中村原",
        "下原(小田原市)",
        "橘中学校入口(小田原市)",
        "押切(中郡二宮町)",
        "押切・塔台橋",
        "橘インター入口",
        "町屋(小田原市)",
        "小学校前(小田原市)",
        "近戸神社",
        "前川(小田原市)",
        "西前川",
        "国府津駅"
    ],
    "weekday": [
        "7:05",
        "7:54",
        "8:39",
        "17:26",
        "18:08",
        "18:59"
    ],
    "saturday": [
        "7:02",
        "7:47",
        "8:34",
        "17:24",
        "18:06",
        "18:51"
    ],
    "holiday": [
        "7:02",
        "7:47",
        "8:34",
        "17:24",
        "18:06",
        "18:51"
    ],
    "url": "https://www.kanachu.co.jp/dia/diagram/timetable01_js/course:0000802547-14/node:00130388/kt:0/lname:/"
}
