{
    "date": "2023/03/18",
    "name": "近戸神社",
    "position": "-",
    "system": "国06",
    "destinations": [
        "前川(小田原市)",
        "西前川",
        "国府津駅"
    ],
    "weekday": [
        "7:14",
        "8:03",
        "8:48",
        "17:35",
        "18:17",
        "19:08"
    ],
    "saturday": [
        "7:11",
        "7:56",
        "8:43",
        "17:33",
        "18:15",
        "19:00"
    ],
    "holiday": [
        "7:11",
        "7:56",
        "8:43",
        "17:33",
        "18:15",
        "19:00"
    ],
    "url": "https://www.kanachu.co.jp/dia/diagram/timetable01_js/course:0000802547-26/node:00127499/kt:0/lname:/"
}
