{
    "date": "2025/04/01",
    "name": "三家(町田市)",
    "position": "-",
    "system": "町27",
    "destinations": [
        "木曽住宅",
        "滝の沢(町田市)",
        "浄水場前(町田市)",
        "市民病院前(町田市)",
        "森野三丁目",
        "第四小学校前(町田市)",
        "町田市役所市民ホール前",
        "町田バスセンター",
        "町田ターミナル"
    ],
    "weekday": [
        "9:10",
        "10:00",
        "10:50",
        "11:40",
        "12:28",
        "13:17",
        "14:10",
        "15:01",
        "15:30",
        "16:00",
        "16:40",
        "17:11",
        "17:46",
        "18:18",
        "18:51",
        "19:24",
        "19:54",
        "20:24"
    ],
    "saturday": [
        "9:08",
        "9:58",
        "10:48",
        "11:38",
        "12:28",
        "14:10",
        "15:00",
        "15:55",
        "16:15",
        "16:35",
        "17:30",
        "18:20",
        "19:09",
        "19:59"
    ],
    "holiday": [
        "9:08",
        "9:58",
        "10:48",
        "11:38",
        "12:33",
        "14:10",
        "15:00",
        "15:50",
        "16:40",
        "17:30",
        "19:09",
        "19:59"
    ],
    "url": "https://www.kanachu.co.jp/dia/diagram/timetable01_js/course:0000803208-16/node:00129363/kt:0/lname:/"
}
