{
    "date": "2025/10/20",
    "name": "下鶴間",
    "position": "-",
    "system": "町88",
    "destinations": [
        "観音寺前(大和市)",
        "坂下(鶴間/町田市)",
        "円成寺前",
        "大ヶ谷戸(町田市)",
        "町田辻",
        "小川原",
        "南町谷原",
        "町谷原",
        "南農協前",
        "金森四丁目",
        "南中学校前(町田市)",
        "市営住宅入口(町田市)",
        "金森",
        "金森郵便局前",
        "南橋(町田市)",
        "三塚",
        "町田ターミナル前",
        "町田バスセンター"
    ],
    "weekday": [
        "5:23",
        "5:37",
        "6:05",
        "6:17",
        "6:43",
        "7:13",
        "7:35"
    ],
    "saturday": [
        "5:38",
        "6:03",
        "6:47",
        "7:16",
        "8:05",
        "20:29"
    ],
    "holiday": [
        "5:38",
        "6:03",
        "6:28",
        "7:28",
        "10:20",
        "20:30"
    ],
    "url": "https://www.kanachu.co.jp/dia/diagram/timetable01_js/course:0000803907-5/node:00129528/kt:0/lname:/"
}
