{
    "date": "2025/10/20",
    "name": "観音寺前(大和市)",
    "position": "-",
    "system": "町88",
    "destinations": [
        "坂下(鶴間/町田市)",
        "円成寺前",
        "大ヶ谷戸(町田市)",
        "町田辻",
        "小川原",
        "南町谷原",
        "町谷原",
        "南農協前",
        "金森四丁目",
        "南中学校前(町田市)",
        "市営住宅入口(町田市)",
        "金森",
        "金森郵便局前",
        "南橋(町田市)",
        "三塚",
        "町田ターミナル前",
        "町田バスセンター"
    ],
    "weekday": [
        "5:24",
        "5:38",
        "6:06",
        "6:18",
        "6:44",
        "7:14",
        "7:36"
    ],
    "saturday": [
        "5:39",
        "6:04",
        "6:48",
        "7:17",
        "8:06",
        "20:30"
    ],
    "holiday": [
        "5:39",
        "6:04",
        "6:29",
        "7:29",
        "10:21",
        "20:31"
    ],
    "url": "https://www.kanachu.co.jp/dia/diagram/timetable01_js/course:0000803907-6/node:00129529/kt:0/lname:/"
}
