{
    "date": "2025/10/20",
    "name": "坂下(鶴間/町田市)",
    "position": "-",
    "system": "町88",
    "destinations": [
        "円成寺前",
        "大ヶ谷戸(町田市)",
        "町田辻",
        "小川原",
        "南町谷原",
        "町谷原",
        "南農協前",
        "金森四丁目",
        "南中学校前(町田市)",
        "市営住宅入口(町田市)",
        "金森",
        "金森郵便局前",
        "南橋(町田市)",
        "三塚",
        "町田ターミナル前",
        "町田バスセンター"
    ],
    "weekday": [
        "5:28",
        "5:42",
        "6:10",
        "6:22",
        "6:48",
        "7:18",
        "7:40"
    ],
    "saturday": [
        "5:43",
        "6:08",
        "6:52",
        "7:21",
        "8:10",
        "20:34"
    ],
    "holiday": [
        "5:43",
        "6:08",
        "6:33",
        "7:33",
        "10:25",
        "20:34"
    ],
    "url": "https://www.kanachu.co.jp/dia/diagram/timetable01_js/course:0000803907-7/node:00130194/kt:0/lname:/"
}
