{
    "date": "2025/10/20",
    "name": "三塚",
    "position": "-",
    "system": "町88",
    "destinations": [
        "町田ターミナル前",
        "町田バスセンター"
    ],
    "weekday": [
        "5:47",
        "6:01",
        "6:29",
        "6:41",
        "7:08",
        "7:43",
        "8:05"
    ],
    "saturday": [
        "6:00",
        "6:25",
        "7:10",
        "7:40",
        "8:29",
        "20:51"
    ],
    "holiday": [
        "6:00",
        "6:25",
        "6:50",
        "7:50",
        "10:46",
        "20:50"
    ],
    "url": "https://www.kanachu.co.jp/dia/diagram/timetable01_js/course:0000803907-21/node:00129543/kt:0/lname:/"
}
