{
    "date": "2025/11/16",
    "name": "四ツ角(平塚市)",
    "position": "-",
    "system": "茅06",
    "destinations": [
        "松原(平塚市)",
        "蔵屋敷",
        "馬入橋",
        "新田入口(茅ケ崎市)",
        "中島(茅ケ崎市)",
        "今宿(茅ケ崎市)",
        "町屋(茅ケ崎市)",
        "茶屋町(茅ケ崎市)",
        "十間坂",
        "茅ヶ崎四ツ角",
        "茅ヶ崎駅"
    ],
    "weekday": [
        "5:37",
        "5:54",
        "6:11",
        "6:28",
        "6:45",
        "7:01",
        "7:16",
        "7:31",
        "7:51",
        "8:11",
        "8:41",
        "9:11",
        "9:41",
        "10:11",
        "10:41",
        "11:11",
        "11:41",
        "12:11",
        "12:41",
        "13:11",
        "13:41",
        "14:11",
        "14:41",
        "15:11",
        "15:41",
        "16:11",
        "16:41",
        "17:01",
        "17:22",
        "17:42",
        "18:01",
        "18:21",
        "18:42",
        "18:56",
        "19:16",
        "19:31",
        "19:50",
        "20:08",
        "20:31",
        "20:54",
        "21:25",
        "22:03",
        "23:11"
    ],
    "saturday": [
        "6:21",
        "6:51",
        "7:24",
        "7:49",
        "8:11",
        "8:31",
        "8:51",
        "9:16",
        "9:46",
        "10:16",
        "10:46",
        "11:16",
        "11:46",
        "12:16",
        "12:46",
        "13:16",
        "13:46",
        "14:16",
        "14:46",
        "15:16",
        "15:46",
        "16:16",
        "16:46",
        "17:16",
        "17:46",
        "18:16",
        "18:46",
        "19:16",
        "19:46",
        "20:16",
        "20:46",
        "21:16",
        "21:46"
    ],
    "holiday": [
        "6:21",
        "6:51",
        "7:24",
        "7:49",
        "8:11",
        "8:31",
        "8:51",
        "9:16",
        "9:46",
        "10:16",
        "10:46",
        "11:16",
        "11:46",
        "12:16",
        "12:46",
        "13:16",
        "13:46",
        "14:16",
        "14:46",
        "15:16",
        "15:46",
        "16:16",
        "16:46",
        "17:16",
        "17:46",
        "18:16",
        "18:46",
        "19:16",
        "19:46",
        "20:16",
        "20:46",
        "21:16",
        "21:46"
    ],
    "url": "https://www.kanachu.co.jp/dia/diagram/timetable01_js/course:0000800924-2/node:00127190/kt:0/lname:/"
}
