{
    "date": "2025/11/16",
    "name": "茶屋町(茅ケ崎市)",
    "position": "-",
    "system": "茅06",
    "destinations": [
        "十間坂",
        "茅ヶ崎四ツ角",
        "茅ヶ崎駅"
    ],
    "weekday": [
        "5:48",
        "6:05",
        "6:22",
        "6:39",
        "6:56",
        "7:14",
        "7:29",
        "7:44",
        "8:04",
        "8:24",
        "8:54",
        "9:24",
        "9:54",
        "10:24",
        "10:54",
        "11:24",
        "11:54",
        "12:24",
        "12:54",
        "13:24",
        "13:54",
        "14:24",
        "14:54",
        "15:24",
        "15:54",
        "16:24",
        "16:54",
        "17:14",
        "17:35",
        "17:55",
        "18:14",
        "18:34",
        "18:55",
        "19:09",
        "19:29",
        "19:41",
        "20:00",
        "20:18",
        "20:41",
        "21:04",
        "21:35",
        "22:13",
        "23:21"
    ],
    "saturday": [
        "6:31",
        "7:01",
        "7:34",
        "7:59",
        "8:21",
        "8:41",
        "9:01",
        "9:28",
        "9:58",
        "10:28",
        "10:58",
        "11:28",
        "11:58",
        "12:28",
        "12:58",
        "13:28",
        "13:58",
        "14:28",
        "14:58",
        "15:28",
        "15:58",
        "16:28",
        "16:58",
        "17:28",
        "17:58",
        "18:28",
        "18:58",
        "19:28",
        "19:56",
        "20:26",
        "20:56",
        "21:26",
        "21:56"
    ],
    "holiday": [
        "6:31",
        "7:01",
        "7:34",
        "7:59",
        "8:21",
        "8:41",
        "9:01",
        "9:28",
        "9:58",
        "10:28",
        "10:58",
        "11:28",
        "11:58",
        "12:28",
        "12:58",
        "13:28",
        "13:58",
        "14:28",
        "14:58",
        "15:28",
        "15:58",
        "16:28",
        "16:58",
        "17:28",
        "17:58",
        "18:28",
        "18:58",
        "19:28",
        "19:56",
        "20:26",
        "20:56",
        "21:26",
        "21:56"
    ],
    "url": "https://www.kanachu.co.jp/dia/diagram/timetable01_js/course:0000800924-10/node:00127182/kt:0/lname:/"
}
