{
    "date": "2025/04/19",
    "name": "橋本二丁目",
    "position": "-",
    "system": "橋58",
    "destinations": [
        "橋本駅南口"
    ],
    "weekday": [
        "6:16",
        "6:51",
        "7:18",
        "7:48",
        "8:48",
        "9:47",
        "10:47",
        "11:47",
        "12:47",
        "13:47",
        "14:47",
        "15:47",
        "16:47",
        "17:48",
        "18:48",
        "19:48"
    ],
    "saturday": [
        "7:36",
        "8:36",
        "9:41",
        "10:42",
        "11:42",
        "12:42",
        "13:42",
        "14:42",
        "15:42",
        "16:42",
        "17:42",
        "18:32",
        "19:41"
    ],
    "holiday": [
        "7:36",
        "8:36",
        "9:41",
        "10:42",
        "11:42",
        "12:42",
        "13:42",
        "14:42",
        "15:42",
        "16:42",
        "17:42",
        "18:32",
        "19:41"
    ],
    "url": "https://www.kanachu.co.jp/dia/diagram/timetable01_js/course:0000802358-8/node:00128971/kt:0/lname:/"
}
